bias,std,lcl,ucl,cover,cld
-0.019365886988439593,0.022364839562285712,-0.17135177253051959,-0.08368160144635961,1,0.08767017108415998
0.016416925922313128,0.019474915191312555,-0.12990470785265948,-0.05356304030271427,1,0.0763416675499452
-0.03173434034074803,0.020195827501563478,-0.17946896224381245,-0.10030131843768361,1,0.07916764380612884
0.00379587724508533,0.019052215420241374,-0.14169726497858776,-0.06701258053124158,1,0.07468468444734618
0.03329017009755296,0.021115705773718314,-0.11624741321893495,-0.03347384658595915,1,0.0827735666329758
-0.023137875521752407,0.0177108328998862,-0.16600190800552936,-0.09657544303797547,1,0.06942646496755389
-0.006325270626575924,0.018885378418631263,-0.1514914123270932,-0.07746072892605865,1,0.07403068340103455
0.05732845377905164,0.02544364786816663,-0.10069189604255496,-0.0009527963993417737,0,0.09973909964321319
0.010040296186087663,0.020484436217992976,-0.13825999880117856,-0.05796100882664611,1,0.08029898997453246
0.031417502928253974,0.019424982219266355,-0.11480626222150808,-0.038660331921983974,1,0.0761459302995241
-0.009103135418148514,0.021189220417095946,-0.15878480743565657,-0.07572306340064047,1,0.0830617440350161
-0.008221552642642946,0.019450764458325654,-0.15449585098096125,-0.07824885430432467,1,0.07624699667663658
-0.04409137182638566,0.017205126184900273,-0.1859642191487902,-0.11852012450398114,0,0.06744409464480905
0.02246055048596554,0.018747378857961745,-0.12243511207563948,-0.04894538695242944,1,0.07348972512321003
0.02236991467587421,0.019894447158210687,-0.12477400175421874,-0.04678776889403285,1,0.07798623286018588
0.015177897383184022,0.018660116469487276,-0.12954673089701105,-0.05639907433662092,1,0.07314765656039013
0.016662774670243796,0.021461865784307862,-0.1335532822669996,-0.0494227683925128,1,0.0841305138744868
-0.0034423258356949815,0.019183670162723234,-0.14919311935463253,-0.07399313231675744,1,0.07519998703787509
0.01397040236714156,0.021157466897943324,-0.13564903275282736,-0.05271176251288953,1,0.08293727023993783
0.03295919025432896,0.019487285601167408,-0.11338668952395917,-0.036996529967382924,1,0.07639015955657624
-0.0322086806402478,0.019544834652038084,-0.17866735655824245,-0.10205160472225316,1,0.07661575183598929
0.0030249990344806688,0.020522365065834,-0.14534963649455396,-0.0649019654364847,1,0.08044767105806926
-0.0018440590653320543,0.019784936689751387,-0.14877333497724476,-0.07121638315341934,1,0.07755695182382542
-0.0035944030682631967,0.02406899109690856,-0.15892042561820396,-0.06456998051832243,1,0.09435044509988154
-0.0033371796725784053,0.025918024924034014,-0.1622873085236851,-0.06068865082147174,1,0.10159865770221335
0.010650357060596555,0.019651200008198245,-0.136016794955472,-0.05898409092333489,1,0.0770327040321371
0.0160396298129611,0.02316136117878851,-0.13750743809746438,-0.04671490227661342,1,0.09079253582085095
0.0587689891283656,0.022232221290530683,-0.09295696460107455,-0.00580665714219427,0,0.08715030745888028
0.009102579060971103,0.020822913135187037,-0.1398611306839955,-0.05823531119406231,1,0.0816258194899332
0.030087125056223615,0.020457241526933765,-0.11815986833656657,-0.03796748155098621,1,0.08019238678558036
-0.015184552999380707,0.019209698936359584,-0.1609863629146455,-0.08568434308411593,1,0.07530201983052956
-0.020683673594473637,0.017832526491493195,-0.1637862255178003,-0.09388272167114697,1,0.06990350384665334
0.00322143241280215,0.01975861415612982,-0.1436562513332123,-0.06620248384118341,1,0.0774537674920289
-0.006274514511426715,0.018502130807785212,-0.15068949089468575,-0.0781611381281677,1,0.07252835276651805
0.02261990718852519,0.019681585506528355,-0.12410680040427038,-0.04695498521867924,1,0.07715181518559114
-0.016064339556981888,0.019258818337259766,-0.16196242349801104,-0.08646785561595274,1,0.0754945678820583
0.014200548563147591,0.025255251353103934,-0.14345054408893612,-0.044449958784768706,1,0.09900058530416742
0.019240940343883794,0.02978197203579342,-0.1472825248462713,-0.030537194465961107,1,0.1167453303803102
0.014260602297162542,0.022682457552318055,-0.13834781450538086,-0.04943258090029407,1,0.0889152336050868
0.017246787986387152,0.019741451853895385,-0.1295972576472478,-0.0522107663799779,1,0.0773864912672699
-0.0015031339488596335,0.020410491614652623,-0.1496584975135788,-0.0696493703841405,1,0.08000912712943829
0.058235447919503205,0.022960959986501932,-0.09491883365404058,-0.004911870506953013,0,0.09000696314708756
-0.0008386356277231971,0.01771887276279199,-0.14371842624279552,-0.0742604450126509,1,0.06945798123014461
0.014050810163131089,0.019080199617648518,-0.13149718108746,-0.056702798586277824,1,0.07479438250118217
0.015547660543866762,0.018969295053188964,-0.12978295776038362,-0.05542332115188287,1,0.07435963660850076
0.007126798009882668,0.02008460344235415,-0.14038982473713146,-0.061658179243103205,1,0.07873164549402825
-0.007493046937225203,0.02005848529824061,-0.1549584781217768,-0.07632921575267362,1,0.07862926236910317
-0.006640046471472219,0.020102446076211124,-0.15419164078084602,-0.07539005216209843,1,0.07880158861874759
0.011449081749675946,0.0207783221787748,-0.13742722972072266,-0.05597620677992545,1,0.0814510229407972
0.016439056781858016,0.021912619604855462,-0.13466047764365868,-0.04876300879262528,1,0.0858974688510334
-0.008088830656317825,0.01927992390086364,-0.15402828150201056,-0.0784509798106251,1,0.07557730169138546
-0.00575284221509266,0.019609647878165107,-0.15233855205629626,-0.07546873237388906,1,0.0768698196824072
0.00025155334860975376,0.019664230656590134,-0.14644113873830691,-0.06935735456447359,1,0.07708378417383333
0.0029750112398538586,0.02002543767395665,-0.1444256466011012,-0.0659259309191911,1,0.07849971568191008
0.025080499783929067,0.019197756055366885,-0.12069790208459003,-0.045442698347551845,1,0.07525520373703817
-0.03571543713429608,0.0190961459771037,-0.18129468324941933,-0.10643779101917283,1,0.0748568922302465
-0.009602236320494895,0.017586275279557174,-0.15222213586842698,-0.08328393677256284,1,0.06893819909586414
0.0031504135711610537,0.020798475692524562,-0.1457653987861871,-0.06423537407149081,1,0.0815300247146963
0.0076662990059211955,0.018378131452921654,-0.13650563864180526,-0.06446336334635236,1,0.0720422752954529
0.01214196279098527,0.022569086254582923,-0.14024424626799725,-0.051773428150032205,1,0.08847081811796505
-0.014382169605349493,0.018693636682001757,-0.15917249750207293,-0.08589344170862606,1,0.07327905579344687
-0.01555119840984756,0.018238985974463436,-0.1594504109197959,-0.08795358589989924,1,0.07149682501989665
-0.004510715066862014,0.020733720411204654,-0.15329960707282314,-0.0720234230609009,1,0.08127618401192224
-0.0015169691047463713,0.018362365084763216,-0.14565800467088227,-0.07367753353861048,1,0.0719804711322718
0.014676572305851274,0.019420691432186752,-0.13153878290123477,-0.055409672487062696,1,0.07612911041417209
0.0017916859188007728,0.019240819322065537,-0.14407111995244767,-0.06864710820995079,1,0.07542401174249688
-0.00822564574533978,0.02032648050987096,-0.15621634754468686,-0.07653654394599271,1,0.07967980359869414
0.01829906063037927,0.019770259330523725,-0.12860144765744724,-0.05110203108179424,1,0.07749941657565301
0.008625394516517698,0.019821258731621178,-0.13837507259745982,-0.0606757383695048,1,0.07769933422795502
0.009488495166710118,0.019984594144178726,-0.1378321093558802,-0.05949250031069959,1,0.07833960904518061
0.010883902784655605,0.020192865912202845,-0.13684491440326196,-0.05768888002742682,1,0.07915603437583514
-0.03154565867490465,0.018920513330095475,-0.17678066480189178,-0.10261225254791753,1,0.07416841225397425
-0.0170165949808974,0.017123233781440258,-0.1587289331925203,-0.0916058567692745,1,0.06712307642324579
0.04446699136593456,0.022677593626727544,-0.10813189214245143,-0.019235725125679462,0,0.08889616701677197
-0.00967964447074185,0.01908700393594576,-0.15524097218519556,-0.08041991675628817,1,0.0748210554289074
-0.01550032962655315,0.01861132766283723,-0.16012933184571412,-0.08717292740739219,1,0.07295640443832194
-0.005779948737734422,0.02103368532821916,-0.155156771981044,-0.07270472549442487,1,0.08245204648661912
-0.0048025430822730975,0.01924842792872767,-0.15068026182257932,-0.07522642434196687,1,0.07545383748061245
-0.002828665804262012,0.018582940552195455,-0.1474020292865651,-0.07455690232195893,1,0.07284512696460617
-0.012039055191200132,0.01913903828004162,-0.1577023702200817,-0.08267734016231856,1,0.07502503005776315
-0.03137119699369491,0.018883595727134217,-0.17653384461887797,-0.10251014936851185,1,0.07402369525036612
-0.01289163788593449,0.02537501170185205,-0.17077746082156453,-0.07130741495030447,1,0.09947004587126006
-0.023615795807673548,0.021472940096614695,-0.17385355839703837,-0.08967963321830875,1,0.08417392517872961
-0.007837608489674158,0.020091641869023506,-0.15536802655296023,-0.0766087904263881,1,0.07875923612657212
-0.0028062690252087935,0.018274149256646933,-0.1467744015682368,-0.07513973648218081,1,0.07163466508605598
0.013278968895697033,0.018687482713899067,-0.13149929722354514,-0.058244364985060804,1,0.07325493223848434
0.01716090674493717,0.02091085546311482,-0.13197516996276787,-0.050004616547357786,1,0.08197055341541008
-0.02650089091605591,0.01788562353157265,-0.1697075130379383,-0.09959586879417352,1,0.07011164424376477
0.013839597083748573,0.019653139794286997,-0.13283135691305395,-0.055791048919448916,1,0.07704030799360503
0.018450773464529766,0.018888021383878267,-0.12672054844787164,-0.052679504623068835,1,0.07404104382480281
0.0054980176234021155,0.020706372859988123,-0.1432372731821746,-0.06206829157102117,1,0.08116898161115343
0.02568610015144579,0.01968515011022857,-0.12104759406460222,-0.04388180563250622,1,0.07716578843209601
0.0022284127948695026,0.02080844972107875,-0.14670694865844486,-0.06513782575181615,1,0.08156912290662871
-0.002384329200082372,0.018874637366971342,-0.1475294184393462,-0.07354083996081855,1,0.07398857847852765
-0.018611153430735564,0.021921119839522846,-0.16972734831620034,-0.0837965585452708,1,0.08593078977092955
-0.028655401331609723,0.017465652907402374,-0.17103888103011838,-0.10257352163310107,1,0.06846535939701731
-0.009180022644458247,0.019472348790693705,-0.1554966262742179,-0.07916501901469859,1,0.0763316072595193
-0.06590050083085537,0.01656492791671,-0.20651855954760698,-0.14158404211410378,0,0.0649345174335032
0.027239526273638598,0.019321827186911427,-0.1187820550127078,-0.04304049244001501,1,0.0757415625726928
0.018294790379261905,0.019835041127420384,-0.12873269023048206,-0.05097932901099415,1,0.07775336121948792
0.006209610994751688,0.020336802346626274,-0.14180132160463582,-0.06208105640586082,1,0.07972026519877501
0.024598845152187715,0.022799000789254703,-0.1282379963947515,-0.03886591330087307,1,0.08937208309387842
0.008119024070736489,0.01961820190773388,-0.1384834516684219,-0.06158010019010511,1,0.0769033514783168
0.02544322722379172,0.019229251468927306,-0.12039690565530581,-0.04501823989711077,1,0.07537866575819505
-0.0022839491903754033,0.018112757574344995,-0.1459357540360916,-0.07493374434465921,1,0.07100200969143239
-0.018589908336813413,0.017509715447797388,-0.1610597506144963,-0.09242166605913055,1,0.06863808455536574
0.004676301418240991,0.019317273410441413,-0.14133635446622417,-0.06561264269729385,1,0.07572371176893032
0.003140606220312328,0.01830475001350418,-0.14088750380615586,-0.06913288375321949,1,0.07175462005293637
-0.007547671490458652,0.01840443540590491,-0.1517711648860323,-0.07962577809488502,1,0.07214538679114726
0.006680388349778757,0.0190184113280941,-0.1387464978532857,-0.06419432544715681,1,0.07455217240612888
-0.010817091140617283,0.019784973801617894,-0.15774643979178837,-0.08018934248944622,1,0.07755709730234216
-0.03402236466786811,0.017578948610435127,-0.17662790394432096,-0.10771842539141527,1,0.06890947855290569
-0.0040859300645915975,0.026602732210386802,-0.16437808519694974,-0.06009537493223347,1,0.10428271026471628
-0.007952339100868816,0.018932664265673645,-0.15321116106158916,-0.07899511714014848,1,0.07421604392144068
0.04389312544646454,0.020002851234691324,-0.10346326297353046,-0.02505208613354047,0,0.07841117683999
0.01160335488386384,0.021482482909691233,-0.13865311161913096,-0.05444177861314135,1,0.08421133300598961
-0.012263437834738128,0.019855118049866324,-0.15933026921247612,-0.08149820645700014,1,0.07783206275547598
-0.018674997532695622,0.019436147050177318,-0.16492064575104318,-0.08873094931434808,1,0.0761896964366951
-0.012972389448232965,0.022512493099871047,-0.1652476759239802,-0.07699870297248572,1,0.08824897295149449
0.015624790432685526,0.02028435142855214,-0.13228333836727668,-0.052768680767352284,1,0.0795146575999244
0.011120603433770429,0.020685267264167494,-0.13757332040399786,-0.05648707272846129,1,0.08108624767553657
0.02713189470776746,0.020791708727581664,-0.1217706543982926,-0.040267156186172486,1,0.0815034982121201
-0.01904897035312432,0.018844719044258197,-0.1641354196798704,-0.09026412102637826,1,0.07387129865349212
0.044648354824289124,0.02028995425699611,-0.10327075551942326,-0.023734134831998502,0,0.07953662068742476
0.04995803342439958,0.020859875627960028,-0.09907812280640207,-0.017307410344798775,0,0.0817707124616033
0.0013026916828997037,0.019488986028474715,-0.14504652093291073,-0.06864969570128987,1,0.07639682523162086
0.019990284929585073,0.0200507305226536,-0.127459946894816,-0.048861083246013876,1,0.07859886364880211
-0.005777910013908719,0.01687412991436921,-0.14700200464607238,-0.08085541538174507,1,0.06614658926432732
-0.006952597787098808,0.018371952042024804,-0.15111242378946743,-0.0790943717847302,1,0.07201805200473724
-0.015178846308349689,0.01695346197186193,-0.15655843177319909,-0.0901008608435003,1,0.06645757092969878
-0.016001340615688295,0.019838953296131057,-0.16303648907610518,-0.08526779215527143,1,0.07776869692083375
-0.0170101690033342,0.01720994908132289,-0.15889246920272707,-0.09142946880394134,1,0.06746300039878572
-0.00871999892871432,0.01913043446624932,-0.15436645048256298,-0.07937514737486566,1,0.07499130310769732
0.001136669023411363,0.019073983060718995,-0.14439913777559787,-0.06962912417757941,1,0.07477001359801846
0.004397845813987333,0.02013261334231946,-0.1432128763369588,-0.06429303203506653,1,0.07891984430189228
-0.02028798166196237,0.01998644570372369,-0.1676122152412608,-0.08926534808266395,1,0.07834686715859684
-0.03919783144823248,0.01777614590558989,-0.18218987742318868,-0.1125073854732763,0,0.06968249194991238
-0.03644070519609506,0.0180413613193389,-0.17995257338199933,-0.10923043701019082,0,0.0707221363718085
-0.013303161953603898,0.018105868619700666,-0.15694146444821722,-0.08596645945899059,1,0.07097500498922663
0.010354181454103578,0.01951834333729411,-0.13605257148699287,-0.059540665604799974,1,0.0765119058821929
0.025208343992764712,0.019586585648080215,-0.1213321638774725,-0.044552748136998076,1,0.07677941574047442
-0.015354151136330152,0.019338290586145186,-0.16140800068517472,-0.0856019015874856,1,0.07580609909768912
-0.007340499126379393,0.02162694821113445,-0.15788011762020293,-0.07310248063255588,1,0.08477763698764705
0.02073185803451509,0.020033000964393612,-0.1266836238556964,-0.04815426007527344,1,0.07852936378042297
-0.005095852454860619,0.019829723327911383,-0.15211291017756692,-0.07438039473215433,1,0.0777325154454126
-0.01857324644248061,0.018598367206126787,-0.16317684616648911,-0.09027124671847211,1,0.072905599448017
0.002413788141287024,0.01830455716221501,-0.1416139438966544,-0.06986007982077155,1,0.07175386407588286
-0.01177472567495047,0.020536844077234755,-0.1601777400663306,-0.07967331128357036,1,0.08050442878276023
-0.00955680387058909,0.018018267200395604,-0.15302340758336447,-0.08239180015781372,1,0.07063160742555075
0.030388637994917547,0.020227684660356626,-0.11740842393938145,-0.03811590007078347,1,0.07929252386859797
0.018777982160238987,0.019331964742248343,-0.1272634687345678,-0.051482166944954263,1,0.07578130178961352
-0.01695442320054781,0.016972731954969407,-0.15837177783228784,-0.09183866856880778,1,0.06653310926348006
0.004011614147298545,0.01766903730310804,-0.13877049896679322,-0.0695078727386097,1,0.06926262622818352
0.00029782642168296736,0.018101262527758767,-0.14333144813272422,-0.07237449902390986,1,0.07095694910881437
-0.03262127974185651,0.024276846515373856,-0.18835469891198928,-0.09318946057172375,1,0.09516523834026552
0.015479448697476375,0.018402225243996373,-0.12873971278075652,-0.05660298982429074,1,0.07213672295646578
-0.0232321454553676,0.018565617494840057,-0.16777155574525413,-0.09499433516548109,1,0.07277722057977304
-0.013637974557506594,0.018503979539010312,-0.1580565744539668,-0.08552097466104638,1,0.07253559979292043
0.006781680227268799,0.020762471110358515,-0.1420635631490339,-0.06067467639642852,1,0.08138888675260539
0.021687232126942693,0.020533506289039934,-0.12670924019957558,-0.04621789554653904,1,0.08049134465303653
-0.014188371448626738,0.016972770163571654,-0.1556058009692272,-0.0890725419280263,1,0.06653325904120089
0.041511284537257165,0.021387345076832907,-0.10855871181333535,-0.024720319112150342,1,0.08383839270118501
0.00038358822899425826,0.0218578931511241,-0.15060868234720898,-0.06492574119480252,1,0.08568294115240646
0.014916072513673828,0.01979272715630253,-0.13202847271267915,-0.05444098225997322,1,0.07758749045270592
0.014895972813883204,0.01934398905985925,-0.13116904574344093,-0.05534060862879268,1,0.07582843711464826
-0.012160960355757325,0.01920276933929567,-0.15794918826077683,-0.08267433245073783,1,0.07527485581003901
0.0035295813979756563,0.020556134912060643,-0.1449112430296632,-0.06433119417438549,1,0.08058004885527772
-0.005759370900230848,0.02033115305279671,-0.1537592308837124,-0.0740611109167493,1,0.0796981199669631
-0.014364738187812767,0.018509682823379014,-0.15879451652163565,-0.0862365598539899,1,0.07255795666764575
0.00401390569602042,0.018787075097720464,-0.1409595614955117,-0.06731422711244747,1,0.07364533438306423
-0.0012644788732873863,0.018883957252573105,-0.14642783508833068,-0.0724027226582441,1,0.07402511243008658
-0.00548544151581308,0.021056463615269742,-0.15490691020174177,-0.0723655728298844,1,0.08254133737185737
-0.012020118818999184,0.01812267015710748,-0.15569135232692985,-0.08465048531106853,1,0.07104086701586132
0.009813286374543206,0.018970236539640698,-0.13551917724315257,-0.06115585000776103,1,0.07436332723539155
-0.013253699099204666,0.01810618546749035,-0.15689262261548576,-0.08591637558292359,1,0.07097624703256217
0.024068113220696172,0.022661014244346404,-0.12849827469822278,-0.03966709886038488,1,0.0888311758378379
-0.012462488091233806,0.01904876431562373,-0.15794886614985632,-0.08327771003261131,1,0.07467115611724501
-0.01570510834684978,0.018627680268501156,-0.16036616167311205,-0.08734565502058753,1,0.07302050665252452
-0.0007755134235047922,0.019712832721724933,-0.14756346555808567,-0.07028916128892393,1,0.07727430426916174
-0.01890256870393929,0.021005864833678663,-0.16822486377794948,-0.0858818736299291,1,0.08234299014802038
0.022185566259079678,0.02301277378723857,-0.13107027036390792,-0.040860197117932734,1,0.09021007324597519
-0.00317198018562824,0.020293563501520506,-0.15109816464860842,-0.07154739572264805,1,0.07955076892596037
-0.0367297590004398,0.018932704302388734,-0.18198865943312173,-0.10777245856775788,1,0.07421620086536385
-0.02485609223215561,0.017306046787897822,-0.16692674393643536,-0.09908704052787588,1,0.06783970340855948
-0.015426460375308829,0.018620294393787144,-0.16007303738713163,-0.08708148336348603,1,0.0729915540236456
-0.0280617345126961,0.019802087523979387,-0.1750246260596957,-0.0974004429656965,1,0.07762418309399921
0.015627687162629633,0.019533743720993788,-0.1308092505305182,-0.05423697514422255,1,0.07657227538629566
0.013704895826635033,0.019435287933557754,-0.13253906852313818,-0.05635273982359178,1,0.0761863286995464
-0.01884806756881345,0.020613573484046074,-0.16740147159754376,-0.08659626354008315,1,0.08080520805746061
-0.004492212395344072,0.01987975795166683,-0.15160733798061107,-0.07367868681007708,1,0.07792865117053399
0.041054239582647686,0.02068715420210877,-0.1076433826534855,-0.026549738181219133,0,0.08109364447226636
0.000695396678834781,0.02161467082047102,-0.14982015812928842,-0.06509064851304203,1,0.0847295096162464
-0.027244015406236985,0.018440151032053476,-0.17153751142906182,-0.09925211938341218,1,0.07228539204564964
-0.022995249451093755,0.01870158539725434,-0.16780115682971225,-0.09449094207247526,1,0.073310214757237
0.030086844003970353,0.02253620568372615,-0.12223491913613291,-0.0338929928559264,1,0.08834192628020651
-0.003982538325124935,0.020024496764953954,-0.1513813519844347,-0.07288532466581518,1,0.07849602731861952
-0.016851321088971458,0.017971051171255643,-0.16022538138463252,-0.0897788607933104,1,0.07044652059132211
-0.014359465674968416,0.020264783432461023,-0.16222924120259202,-0.08279129014734482,1,0.0794379510552472
0.013284639362045061,0.020042314437594088,-0.13414909693563937,-0.055583224340270534,1,0.07856587259536883
-0.008203074165802293,0.035417170042484625,-0.18577152744907216,-0.04693622088253244,1,0.13883530656653972
-0.011241655777357432,0.020391477639859455,-0.15935975195148197,-0.0794251596032329,1,0.07993459234824907
0.0057563086047728446,0.021650141749168326,-0.14482876922359708,-0.05996021356685724,1,0.08486855565673984
-0.02975506836886256,0.021107825062229454,-0.1792772054908323,-0.09653453124689285,1,0.08274267424393944
0.022125539641552852,0.021356188938311666,-0.127883390677538,-0.04416713003935629,1,0.08371626063818172
0.0028505159065433244,0.019241893444932906,-0.14301439524552517,-0.06758617294138819,1,0.07542822230413698
-0.010428526453637482,0.017939080198579396,-0.1537399236428531,-0.08341872926442187,1,0.07032119437843123
-0.00041649773857715955,0.020391217975442834,-0.14853408497044512,-0.0686005105067092,1,0.07993357446373592
-0.02858333488809016,0.018011897962133,-0.17203745489387084,-0.10143081488230948,1,0.07060664001156136
-0.0012852844442348826,0.019370600235555646,-0.14740246090592396,-0.07146970798254582,1,0.07593275292337814
0.012256210259791414,0.018893517169377996,-0.13292588339218947,-0.05886329608822772,1,0.07406258730396176
-0.005571954018289235,0.018717333701591964,-0.1504087280734095,-0.07703677996316899,1,0.0733719481102405
0.05805542651050496,0.02089534688072985,-0.09105025337572556,-0.009140493603264542,0,0.08190975977246101
0.006806271586769622,0.018547145942254758,-0.1376969344600497,-0.06499212236641105,1,0.07270481209363866
0.029646516797918243,0.01828679063151892,-0.11434639283985884,-0.04266217356430468,1,0.07168421927555416
0.0046991741420651795,0.019245859032142838,-0.14117350956093477,-0.06572974215493486,1,0.07544376740599991
0.011138637302579135,0.018536623693892133,-0.13334394513744946,-0.06068038025739229,1,0.07266356488005718
0.01831169095936999,0.019763225429977316,-0.12857503088338557,-0.051103187197874475,1,0.07747184368551109
-0.04673820550297152,0.017428804129009462,-0.18904946159583008,-0.12072854941011298,0,0.0683209121857171
-0.0011769880499642726,0.01905207701356006,-0.146669858996542,-0.07198571710338655,1,0.07468414189315545
0.012199748420920059,0.02262332400317938,-0.14029276662531154,-0.05160933653284836,1,0.08868343009246318
0.049907470785156186,0.020734064031014916,-0.09888209471563306,-0.017604563714054583,0,0.08127753100157847
-0.01907332509889499,0.01853955638174069,-0.16356165560710675,-0.09088659459068324,1,0.07267506101642351
0.022212492377344156,0.019603629144841414,-0.12436142074654502,-0.04751519449876668,1,0.07684622624777834
0.014825251114949353,0.01962487061662571,-0.13179029529363706,-0.05486080247646426,1,0.0769294928171728
-0.0005343955924652088,0.030378574259638618,-0.16822720114135692,-0.04914319004357352,1,0.1190840110977834
0.00814345554301453,0.020266321052592105,-0.139729333720066,-0.06028535519390495,1,0.07944397852616103
-0.026385062502054676,0.03500702052130641,-0.20314962272381526,-0.06592210228029412,1,0.13722752044352116
0.011437715977257235,0.018613208932255744,-0.133194973529964,-0.060231194515521516,1,0.0729637790144425
0.042470595326806485,0.01985028272610375,-0.10458675881635687,-0.02677365053003017,0,0.0778131082863267
-0.016740454404067462,0.019522696834233955,-0.163155740199166,-0.08662676860896892,1,0.07652897159019709
-0.004457937075188281,0.01817158699493241,-0.14822504758525581,-0.07699242656512076,1,0.07123262102013506
0.02426901686519399,0.01954304003215778,-0.12218614159783527,-0.045577424671776764,1,0.0766087169260585
-0.019475325891611453,0.01979063346948082,-0.16641576749179388,-0.08883648429142904,1,0.07757928320036483
-0.024714671672986507,0.01784544857752468,-0.16784255088493488,-0.09788839246103814,1,0.06995415842389674
-0.0583219451765372,0.017313265613075512,-0.2004067457781652,-0.13253874457490922,0,0.06786800120325598
0.021891963534900055,0.019845791865200364,-0.12515658852089268,-0.04736108440930724,1,0.07779550411158544
-0.022708354851856224,0.017486819247390324,-0.16513332057674127,-0.0965849891269712,1,0.06854833144977007
0.012887467579366027,0.018426216401326988,-0.13137871656723488,-0.05914794827403308,1,0.0722307682932018
0.029044756212753445,0.020770499197163075,-0.11981622221368618,-0.038395865360806934,1,0.08142035685287924
0.0383196650750106,0.020163655687341693,-0.10935190007217913,-0.03031036977779969,1,0.07904153029437944
-0.009717870753094826,0.02023742385216186,-0.15753402150333207,-0.0782033200028576,1,0.07933070150047447
0.04810975039630402,0.022770927935829806,-0.10467206835792241,-0.01541003084946957,0,0.08926203750845284
0.0005767346158471603,0.01894457076279312,-0.14470542407922737,-0.07044270668907833,1,0.07426271739014904
0.03939448993370112,0.018871785957349417,-0.10574501054270374,-0.031767609589894025,0,0.07397740095280972
-0.018179795848015948,0.018930689963541854,-0.16343474817655798,-0.08922644351947392,1,0.07420830465708406
0.02561846330458485,0.019964980523377834,-0.12166369852123571,-0.0434009748695946,1,0.07826272365164111
0.028340090170594537,0.020170005160169917,-0.11934391994333851,-0.04027749971547243,1,0.07906642022786609
-0.008850721325785224,0.018581472107317507,-0.15342120665612755,-0.08058183599544291,1,0.07283937066068463
0.008938622426353293,0.018432579896611682,-0.1353400341710056,-0.06308432097628781,1,0.07225571319471778
0.020069809039940767,0.02036559991247174,-0.12799756678850385,-0.04816441513161463,1,0.07983315165688923
-0.006961922524161765,0.01892416966809086,-0.15220409507361987,-0.07802134997470368,1,0.07418274509891619
-0.021162770119403138,0.02013299932708948,-0.16877424880049852,-0.08985289143830777,1,0.07892135736219075
-0.0051727331791902725,0.019414411003577766,-0.1513757787462027,-0.07527128761217786,1,0.07610449113402484
-0.001840381833581789,0.01876426345307162,-0.14676913820160217,-0.07321322546556142,1,0.07355591273604076
0.019430841724208475,0.02153961975082367,-0.13093761298740592,-0.04650230356417714,1,0.08443530942322877
-0.006167966150866053,0.020523496060684588,-0.15454481842980786,-0.07409271387192426,1,0.0804521045578836
0.01626311490460358,0.022312160991078907,-0.13561952063791108,-0.04815584955288177,1,0.08746367108502931
-0.04454881855275113,0.017380478430296456,-0.1867653562761322,-0.11863388082937007,0,0.06813147544676212
0.01656458044128395,0.018603346572049782,-0.12804877883993362,-0.05512366027749848,1,0.07292511856243514
-0.0037834815607535877,0.018636552470707852,-0.148461924403341,-0.0754066387181662,1,0.07305528568517479
0.028421782273456195,0.018840928066387562,-0.11665723673666342,-0.04280079871642419,1,0.07385643802023922
-0.0013719913431121666,0.01923173449174649,-0.1472169909469353,-0.07182859173928904,1,0.07538839920764626
0.008067020490351073,0.018025459451252144,-0.13541368003410315,-0.06475387898519473,1,0.07065980104890841
0.006274488027776484,0.01958391365389774,-0.14026078273386308,-0.06349184121058396,1,0.07676894152327912
-0.011750220276296963,0.01976592604278553,-0.15864223532015662,-0.08115980523243732,1,0.0774824300877193
-0.019172132356861313,0.01884065446032036,-0.16425061509908923,-0.09039524961463341,1,0.07385536548445581
0.008985808251016414,0.01982870992616479,-0.1380292632042666,-0.0603007202937006,1,0.077728542910566
-0.05841333351851484,0.017109996311692424,-0.200099726289432,-0.13302854074759768,0,0.06707118554183433
0.008750293330738373,0.02007755469070915,-0.13875251386305157,-0.060048499475471695,1,0.07870401438757987
-0.01836553951692481,0.01800547470796584,-0.16180706994453786,-0.09122560908931177,1,0.0705814608552261
0.003257471924350455,0.019498195649160215,-0.14310979154800357,-0.06667686460329553,1,0.07643292694470805
0.017842971139063163,0.021586453044331672,-0.13261727682782692,-0.04799838089404677,1,0.08461889593378016
0.031478720516877653,0.021098134436883593,-0.11802442297941419,-0.03531973598683051,1,0.08270468699258368
-0.002589750151832576,0.019804587510090486,-0.14955754167160992,-0.07192355863205524,1,0.07763398303955468
0.01693160427394387,0.021040056966967674,-0.13245770738131277,-0.049980684070799496,1,0.08247702331051326
-0.014916462209510345,0.019778303931934596,-0.16183273791610214,-0.08430178650291854,1,0.0775309514131836
-0.030380273523372123,0.0195902347904462,-0.17692793371264667,-0.10013421333409758,1,0.07679372037854909
0.023746938373643736,0.018364076096329448,-0.12039745077516198,-0.04841027247755055,1,0.07198717829761142
-0.01374219088969876,0.020750491927859393,-0.16256395506830318,-0.08122202671109435,1,0.08134192835720883
0.029484450033878604,0.023186786733057664,-0.12411245196291443,-0.03322024796932838,1,0.09089220399358605
-0.031490473900243385,0.018626306622217252,-0.17614883487978922,-0.10313371292069758,1,0.07301512195909164
-0.005523094053839328,0.02056154826677773,-0.15397452865672367,-0.07337325945095499,1,0.08060126920576868
-0.013495053818764952,0.020982932105082522,-0.1627724007447267,-0.0805193068928032,1,0.0822530938519235
0.02612498718171448,0.02056487606303617,-0.12233296990183642,-0.041718655734734635,1,0.0806143141671018
0.03293802628463946,0.01973284179201964,-0.11388914362771904,-0.036536403803002056,1,0.07735273982471699
0.010450230056838844,0.019002372688145235,-0.13494522041192583,-0.0604559194743965,1,0.07448930093752934
-0.02000799469253918,0.019310262807232813,-0.1660069097947155,-0.09031067959036287,1,0.07569623020435262
-0.007563445450428918,0.018504856948300785,-0.15198376506909847,-0.07944472583175938,1,0.07253903923733909
-0.01014192013941105,0.018663603454236545,-0.1548733829097147,-0.08171205736910743,1,0.07316132554060727
0.022968103422243036,0.021950972681349823,-0.12820660303320264,-0.042158790122311315,1,0.08604781291089132
0.023824290168156403,0.019104849345623367,-0.1217720145492654,-0.0468810051144218,1,0.07489100943484359
-0.000300292990937312,0.020618962063963932,-0.14886425863630662,-0.06803792734556802,1,0.0808263312907386
0.003889535037902833,0.018999414813337712,-0.14150011799623907,-0.06702241192795526,1,0.07447770606828381
0.025657605110538675,0.036957935098928266,-0.15493074768336074,-0.010055642095561937,1,0.1448751055877988
0.0077841378982932835,0.022177752535332888,-0.14383505707095917,-0.056898267132454265,1,0.0869367899385049
-0.0014994066035386167,0.018958048247243273,-0.14680798116813543,-0.07249243203894182,1,0.07431554912919361
-0.004466256747123476,0.018995008589221266,-0.14984727358199718,-0.0753868399122498,1,0.07446043366974738
-0.004107152953134879,0.02200125909239318,-0.1553804207742255,-0.06913548513204426,1,0.08624493564218125
0.06322284355007038,0.033326502211848845,-0.11024790078515334,0.02039198788529411,1,0.13063988867044746
0.017760528238459472,0.022642624287619574,-0.13476981536527488,-0.04601072815780617,1,0.08875908720746871
0.02151934282689698,0.021616584088103203,-0.1289999619857853,-0.04426295236042075,1,0.08473700962536457
0.01622988123471722,0.019013579047256816,-0.12918753369790614,-0.05465430383265943,1,0.07453322986524671
-0.008312843104060691,0.018564771258635183,-0.15285059477098567,-0.08007669143713574,1,0.07277390333384993
0.002691831712181472,0.01828432070254692,-0.1412962368648105,-0.06962169971082657,1,0.07167453715398392
-0.001323446251502089,0.017868387926812977,-0.14449628658805552,-0.07445220591494867,1,0.07004408067310686
-0.023576181386867054,0.01854631350250718,-0.16807775585178114,-0.09537620692195298,1,0.07270154892982816
0.04008126757241451,0.020204964698962696,-0.10767126323755238,-0.028467801617618617,0,0.07920346161993377
-0.006686694532856544,0.017871206760987825,-0.14986505978439268,-0.07980992928132041,1,0.07005513050307227
-0.021575578463168613,0.018609592625159946,-0.1662011800084821,-0.09325157691785513,1,0.07294960309062698
-0.012130312000641158,0.018298766577130154,-0.15614669449181626,-0.08441552950946607,1,0.07173116498235019
0.016776317482531167,0.019543641165823716,-0.12968001920248332,-0.053068945832454355,1,0.07661107337002895
0.01164247454474751,0.018870551683742007,-0.13349460675538682,-0.059522044155118164,1,0.07397256260026866
0.005460568730939863,0.018653392878621,-0.13925088131115732,-0.06612958122696298,1,0.07312130008419433
0.04114760425687715,0.02180192346359617,-0.10973496573177136,-0.024271425754474364,1,0.085463539977297
-0.032509069916807395,0.019326296275884027,-0.17853941061754008,-0.10278032921607472,1,0.07575908140146537
-0.01394857832918836,0.018556194575460212,-0.1584695196970904,-0.08572923696128634,1,0.07274028273580405
-0.001826151699088993,0.019112055167447177,-0.14743657982728547,-0.07251732357089252,1,0.07491925625639295
0.028025058473870212,0.020091648257389804,-0.11950537211061381,-0.04074611094164578,1,0.07875926116896803
-0.0026205950781365006,0.01988785332274974,-0.149751587590726,-0.07179120256554702,1,0.07796038502517896
-0.01628828039698703,0.0229697397861765,-0.16945977037789298,-0.07941839041608109,1,0.09004137996181188
0.00905666847636942,0.019329258064116825,-0.13697947732929955,-0.06120878571796161,1,0.07577069161133794
0.013326539670281343,0.021201218714464534,-0.13637864901006913,-0.05326987164936818,1,0.08310877736070095
-0.004323306279741923,0.019811576852138014,-0.15130479690993243,-0.07364341564955143,1,0.077661381260381
-0.05126263416675077,0.016977993722586463,-0.19269030186302025,-0.1261365664704813,0,0.06655373539253895
0.017228133464945117,0.023565456117368606,-0.13711096052509736,-0.04473437254501242,1,0.09237658798008494
0.0009484915311924608,0.018740808719633056,-0.14393429355928833,-0.07047032337832676,1,0.07346397018096157
-0.007850746517045787,0.022043987947343368,-0.15920776289383878,-0.0727953301402528,1,0.08641243275358598
-0.0026873873752088356,0.019176509267366432,-0.14842414553924704,-0.07325222921117064,1,0.0751719163280764
-0.005738889144967188,0.018825432368828294,-0.15078753658787064,-0.07699184170206375,1,0.0737956948858069
0.026686201164518045,0.018816454582785413,-0.11834484981774138,-0.04458434785322255,1,0.07376050196451883
0.023155076218258033,0.021118480656530214,-0.12638794586854118,-0.04360350169494275,1,0.08278444417359843
0.028904797181592612,0.019634820675495785,-0.11773025134237913,-0.040761754294435654,1,0.07696849704794348
0.018746406929928003,0.019442858584191043,-0.12751239589508645,-0.05129639024505756,1,0.0762160056500289
0.0035932110777545517,0.01992357079814373,-0.14360778768660715,-0.06550739015788375,1,0.0781003975287234
0.013125952840835717,0.01869482677319515,-0.1316667076346268,-0.058382986683701794,1,0.073283720950925
0.004131631460974561,0.018996085935620632,-0.1412514969728419,-0.06678684010520901,1,0.07446465686763289
0.02349686624797874,0.019234499178691574,-0.12235355214225675,-0.04695431536178578,1,0.07539923678047097
0.017687321957075425,0.021329626994758242,-0.13226954695265072,-0.04865740913319843,1,0.08361213781945229
-0.01148824758768563,0.018635749289923696,-0.1561651161959361,-0.08311297897943519,1,0.0730521372165009
0.040105788630591666,0.020542876762764593,-0.10830904982442693,-0.02778097291438974,1,0.08052807691003719
-0.015538918448436675,0.01924258145451597,-0.16140517809928798,-0.08597425879758538,1,0.07543091930170259
0.033564211649239936,0.021567925692574107,-0.11685972270820533,-0.03231345399331482,1,0.08454626871489052
-0.020997228484192734,0.019882958754509787,-0.16811862764303193,-0.09017742932535355,1,0.07794119831767837
-0.022455879025064338,0.018498102158700316,-0.16686295925611697,-0.09435039879401172,1,0.07251256046210525
0.005086078748944373,0.019442725873563157,-0.1411724639632394,-0.06495697853887185,1,0.07621548542436755
0.033161698275599616,0.02025004496558657,-0.11467918985695007,-0.03529901359185071,1,0.07938017626509936
-0.017110808374514938,0.021208994984542033,-0.16683123854421733,-0.08369197820481256,1,0.08313926033940477
-0.005725368199974171,0.020568596834995855,-0.15419061799656605,-0.0735617184033823,1,0.08062889959318376
0.022598950451448357,0.018959679736796662,-0.1227128218326731,-0.04839087726443019,1,0.0743219445682429
-0.031150238016568507,0.01767795416590737,-0.17394982818174695,-0.10465224785139007,1,0.06929758033035688
-0.018830646837239715,0.019534751998832766,-0.16526956075495194,-0.0886933329195275,1,0.07657622783542445
0.008780120329843821,0.02023697322767127,-0.13903514719639187,-0.059706212143920495,1,0.07932893505247138
0.007689288195037586,0.019475667179835992,-0.13863381947744097,-0.06228920413248388,1,0.0763446153449571
0.01159472675007836,0.021043242253557824,-0.13780082806689498,-0.05531131843294831,1,0.08248950963394666
0.003929342895807722,0.018697261824764944,-0.14086809028073158,-0.06757482392765299,1,0.07329326635307859
-0.004253582982988557,0.018409162485291262,-0.14848634145415943,-0.0763224245118177,1,0.07216391694234173
-0.005304004190304079,0.017616772269484268,-0.14798367783849325,-0.07892593054211491,1,0.06905774729637834
-0.019627795556506775,0.018604828829529033,-0.16424406006238368,-0.09131313105062988,1,0.0729309290117538
0.010741749711243226,0.019413198129808122,-0.1354589186231807,-0.05935918195433286,1,0.07609973666884785
-0.02184494184272738,0.018230327113854573,-0.16572718298588235,-0.09426430069957242,1,0.07146288228630993
0.04583164764351949,0.020028087151301218,-0.1015742031730309,-0.023064101539930125,0,0.07851010163310077
-0.007690385746727368,0.017930187475396556,-0.15098435319850462,-0.08069801829495013,1,0.07028633490355449
-0.007744341170335664,0.01974868135612576,-0.15460255662834216,-0.07718772571232918,1,0.07741483091601298
0.010953149229951498,0.01838131871890167,-0.13322503545909578,-0.061170266081001234,1,0.07205476937809455
0.00913102466940971,0.019639719889631924,-0.13751362631426886,-0.06052592434691172,1,0.07698770196735713
-0.00643346370677407,0.01847680855890185,-0.1507988084822217,-0.07836971893132645,1,0.07242908955089526
-0.00950028613880892,0.01825032483266089,-0.15342172281082428,-0.08188044946679358,1,0.0715412733440307
0.005152974159403703,0.021958087649848704,-0.14603567763429975,-0.05995997404689284,1,0.0860757035874069
-0.006726290777745669,0.01949749920682422,-0.15309218922312115,-0.0766619923323702,1,0.07643019689075095
-0.014761545849637472,0.019164117368112688,-0.16047401589113836,-0.08535067580813661,1,0.07512334008300174
-0.011613003236809735,0.018434421412738166,-0.15589526920577654,-0.08363233726784294,1,0.0722629319379336
-0.018417190877966907,0.018774832738245616,-0.1633666630449283,-0.0897693187110055,1,0.0735973443339228
0.008427981705961304,0.02107983721404,-0.1410392992335571,-0.0584063373545203,1,0.08263296187903679
0.018811491683175655,0.018474803351892752,-0.12554992288653416,-0.053128693747114555,1,0.0724212291394196
0.012685925429730016,0.019740225579290394,-0.13415571670567916,-0.056774032434860816,1,0.07738168427081835
-0.050031796729221936,0.01758283912157868,-0.19264496140751616,-0.12372023205092772,0,0.06892472935658844
-0.006019507814722658,0.018431931457849108,-0.15029689347210692,-0.0780437221573384,1,0.07225317131476852
0.04944547007223983,0.02162050810676584,-0.10108152581702122,-0.01632913403849913,0,0.08475239177852209
0.018984364490785458,0.020124830978097637,-0.1286111042262859,-0.04972176679214318,1,0.07888933743414273
0.009571140876520223,0.018578426300184962,-0.1349933746718423,-0.062165943575117254,1,0.07282743109672504
-0.01322717378980083,0.018407923256701018,-0.15745750337293482,-0.08529844420666685,1,0.07215905916626797
0.013572871842485332,0.02098439682567572,-0.13570734593583908,-0.05344851037919026,1,0.08225883555664881
-0.013532182645719634,0.019221224393311476,-0.15935658245661014,-0.08400938283482914,1,0.07534719962178099
0.02067807836697888,0.026025620312126872,-0.1384829374447898,-0.036462505821252454,1,0.10202043162353733
0.005105444781375146,0.017915313796625587,-0.13815937026001102,-0.0679313401772387,1,0.07022803008277231
0.0043310406745832725,0.01792985939837527,-0.13896228374623226,-0.0686772349046012,1,0.07028504884163106
-0.03285877286726864,0.017699918737677532,-0.1757014135931166,-0.10631773214142068,1,0.06938368145169593
0.021070984286384334,0.023455795790496555,-0.13305317546298892,-0.04110645596424242,1,0.0919467194987465
0.006428984059220072,0.018769003574573076,-0.13850906294694315,-0.0649345689346167,1,0.07357449401232645
0.01817603559088224,0.019529385813458942,-0.1282523606034973,-0.05169716821473824,1,0.07655519238875905
-0.005560290082498295,0.01969742796929612,-0.1523180489023187,-0.0751041312626779,1,0.0772139176396408
-0.01282066881202229,0.01853871176465459,-0.1573073438707453,-0.08463559375329929,1,0.072671750117446
-0.017330002788858892,0.021255607323432634,-0.16714179314278688,-0.08381981243493093,1,0.08332198070785594
-0.021216100384815792,0.019589516930493125,-0.16776235356858232,-0.09097144720104927,1,0.07679090636753305
-0.014884317559308663,0.019706727977020687,-0.1616603043942692,-0.08440993072434813,1,0.07725037366992107
-0.026043855513322958,0.01761640401860696,-0.16872280738979262,-0.09966650363685332,1,0.0690563037529393
0.04095610850530387,0.019168473520492963,-0.10476489959486235,-0.029624483394529923,0,0.07514041620033243
0.026400924935763334,0.020481283553012517,-0.1218931908281412,-0.041606559300332135,1,0.08028663152780907
0.004201835101310586,0.020370399943186852,-0.14387494878733564,-0.0640229810100432,1,0.07985196777729245
-0.04067865349720594,0.020223845363606257,-0.1884681904098742,-0.10919071658453769,0,0.07927747382533651
-0.00904048745878401,0.019233242888518354,-0.15488844352027997,-0.07949413139728805,1,0.07539431212299193
-0.016237102292633324,0.01844061702944832,-0.16053151167035204,-0.08824429291491462,1,0.07228721875543742
0.006363615408304865,0.019772874754434677,-0.1405420191103871,-0.06303235007300317,1,0.07750966903738393
0.0009828640947985579,0.019406147704979008,-0.1452039854069603,-0.06913188640344259,1,0.07607209900351772
0.018969959446650628,0.020676150858211964,-0.12970609623544482,-0.04865558487125393,1,0.08105051136419089
0.031053347022808764,0.023716230434884987,-0.12358126462956581,-0.03061364132481667,1,0.09296762330474914
0.016269185366703895,0.021888197584598597,-0.13478248189910935,-0.04898074736748286,1,0.08580173453162648
0.014122514129908226,0.020596293802678935,-0.1343970217233425,-0.053659550016841064,1,0.08073747170650145
-0.008294906867092888,0.01790535166399029,-0.15154019612851385,-0.08135121760567193,1,0.07018897852284192
0.02304918782337867,0.019514044870839097,-0.12334914012346596,-0.04685408422977671,1,0.07649505589368924
-0.005821242874354371,0.019919394166457775,-0.1530140554406116,-0.07493003030809714,1,0.07808402513251447
-0.014915352624266645,0.018555794238213227,-0.15943550933116457,-0.08669679591736873,1,0.07273871341379584
0.04593183308691089,0.020145525667824363,-0.10170419722202487,-0.022733736604153364,0,0.0789704606178715
0.006795672935975328,0.019266346646328827,-0.13911716649082917,-0.06359308763722019,1,0.07552407885360898
0.008158695992889611,0.021096420512432972,-0.141341088211479,-0.05864311980274177,1,0.08269796840873724
-0.033455855629059325,0.021259216431034678,-0.1832747198338873,-0.09993859142423137,1,0.08333612840965593
0.0013053912936298179,0.01906237733922174,-0.1442076682912448,-0.06948314912149559,1,0.0747245191697492
0.00513477942157245,0.019937692403918055,-0.14209389769010694,-0.06393814346674817,1,0.07815575422335877
-0.01960197929634651,0.018569707013482567,-0.16414940504277234,-0.09135615354992069,1,0.07279325149285165
-0.028626675245426655,0.019838826061347636,-0.17566157432566804,-0.09789337616518529,1,0.07776819816048275
-0.006695546725564286,0.0187969120580558,-0.15168829435935366,-0.07800439909177492,1,0.07368389526757874
0.022852468519357683,0.020230542910794548,-0.12495019558579964,-0.04564646737548501,1,0.07930372821031464
-0.006716320444129523,0.01812252201629836,-0.15038726359607432,-0.07934697729218473,1,0.07104028630388959
0.0133324519050802,0.019359127051446764,-0.13276223711575547,-0.05687445907408415,1,0.07588777804167132
0.017015885368705297,0.020821624286324825,-0.13194529823249135,-0.050324531030098055,1,0.0816207672023933
-0.019147177487945657,0.021713623990553238,-0.16985668050943,-0.08473927446646132,1,0.08511740604296869
-0.0011325691934555432,0.019988172612095477,-0.14846018751316267,-0.07010655087374842,1,0.07835363663941425
0.004070067712523134,0.01892063403310889,-0.1411651749923703,-0.06699628958258344,1,0.07416888540978686
0.004487410879938661,0.0187708209202125,-0.14045419812367785,-0.06687258011644484,1,0.07358161800723301
-0.01285076557353955,0.018075398424398325,-0.15642934648536028,-0.08557378466171883,1,0.07085556182364144
-0.0020956689991600275,0.018889172708992843,-0.147269247508786,-0.07322369048953406,1,0.07404555701925195
0.003554851637262671,0.01943642529071415,-0.14269134193253707,-0.0665005547929376,1,0.07619078713959948
3.888496454264312e-05,0.01922767583279831,-0.14579815966774204,-0.07042567040317269,1,0.07537248926456935
-0.020309741153324665,0.018125626810876757,-0.16398676970264311,-0.09293431260400623,1,0.07105245709863689
0.02106661168083694,0.02000180750641221,-0.126287731031731,-0.047880645606595135,1,0.07840708542513586
-0.008156008137034668,0.018077219939828974,-0.15173815921909944,-0.08087545705496989,1,0.07086270216412956
-0.026733778848273396,0.01803824647427069,-0.17023954193784396,-0.09952961575870285,1,0.07070992617914111
0.005129377447848846,0.019280817247192928,-0.1408118243566493,-0.06523102074765302,1,0.07558080360899627
0.016496506955401738,0.01860200402684915,-0.1281142209372226,-0.055194365151973936,1,0.07291985578524868
-0.010392738670946616,0.020351406204511223,-0.1584322948317886,-0.07865478251010463,1,0.07977751232168398
0.015141809733919487,0.01882942432248211,-0.12991466193814546,-0.05610331859401558,1,0.07381134334412989
-0.025019167662332573,0.01708119987737768,-0.16664911942199284,-0.09969081590267233,1,0.06695830351932051
0.008489686247090622,0.019512671375773658,-0.13790594964942576,-0.06141627785639302,1,0.07648967179303275
0.006569888610521865,0.02054435846083017,-0.14184785397270527,-0.06131396880625101,1,0.08053388516645427
-0.028944391028431007,0.020562436601197113,-0.17739756676677737,-0.09679281529008467,1,0.0806047514766927
0.0535321109581673,0.019906248371824687,-0.09363493585060909,-0.015602442233056318,0,0.07803249361755277
-0.020625636709810977,0.01783740241706369,-0.16373774544725583,-0.09381512797236614,1,0.06992261747488969
0.01139587828690522,0.02041467465910874,-0.1367676840449479,-0.05674215938124166,1,0.08002552466370624
-0.010325835370681297,0.018653497431964722,-0.15503749033733216,-0.08191578040403044,1,0.07312170993330172
-0.006077005969451418,0.01926822596401095,-0.15199352885891287,-0.07646208307998996,1,0.07553144577892291
0.02869029026285143,0.02680231645590801,-0.13199304999072828,-0.026927969483568882,1,0.1050650805071594
0.0503266235719961,0.018924284822796646,-0.09491577468068534,-0.02073257817532248,0,0.07418319650536286
-0.009028550302077498,0.01786552532212246,-0.15219577993343752,-0.08216292067071748,1,0.07003285926272004
-0.015070127321685042,0.01841917148836941,-0.1593225034388891,-0.087119351204481,1,0.0722031522344081
0.008843055247088713,0.01832860921878144,-0.13523181882172292,-0.06338367068409967,1,0.07184814813762325
-0.028234831352990195,0.019510441765400652,-0.17462609721317549,-0.09814516549280491,1,0.07648093172037057
0.020219369292858863,0.02061047262581756,-0.12832795705374356,-0.04753490436053873,1,0.08079305269320483
-0.04000469573012193,0.01851841095997781,-0.18445158121167843,-0.11185941024856542,0,0.072592170963113
0.011505663084558637,0.018773648087396927,-0.13344148716673934,-0.059848786664143394,1,0.07359270050259595
-0.04714624986710862,0.018167300418284724,-0.19090495868694668,-0.11968914104727058,0,0.0712158176396761
0.013249914739638005,0.01897199202321645,-0.13208598962586623,-0.05771578089485776,1,0.07437020873100847
-0.00047632414698610404,0.017370796196875506,-0.1426738846928621,-0.07458036360111012,1,0.06809352109175199
0.021512356044864817,0.019213374520089997,-0.12429665801451159,-0.048980229895758794,1,0.0753164281187528
0.015409070011597276,0.019073612827200857,-0.13012601112971642,-0.05535744884708905,1,0.07476856228262738
-0.011894403264657932,0.01767536860934134,-0.15468892573896698,-0.0854014807903489,1,0.06928744494861808
-0.030357774551862157,0.01810596788547694,-0.17399627160739695,-0.10302087749632736,1,0.07097539411106958
-0.009335466524038924,0.020926935332326535,-0.15850305977539894,-0.07646947327267892,1,0.08203358650272002
-0.004037616755661846,0.020097106266346948,-0.15157874503770186,-0.07279808847362183,1,0.07878065656408002
0.006854430937856551,0.01817666950234816,-0.13692264128674586,-0.06567009683754106,1,0.0712525444492048
0.02782351741918916,0.01858492099957652,-0.11675372773998083,-0.043900837421640866,1,0.07285289031833997
0.004640998484234049,0.021417541974920365,-0.14548818378660988,-0.061531419244922045,1,0.08395676454168784
0.005848582115861464,0.01900695262857892,-0.13955584503615323,-0.06504859073212385,1,0.07450725430402938
0.0180799436230199,0.020613953991586064,-0.13047420620048877,-0.04966750655347142,1,0.08080669964701735
-0.053955090262730696,0.017845212304358624,-0.1970825063792736,-0.1271292741461878,0,0.0699532322330858
0.008459734105689981,0.02024610735632687,-0.13937343631271068,-0.06000869547590936,1,0.07936474083680131
0.003654443942992469,0.020228115601636884,-0.14414346263621583,-0.06484924947779924,1,0.07929421315841659
0.025292572766696525,0.02045273121865562,-0.1229455804218685,-0.04277087404473846,1,0.08017470637713003
-0.013970422002115568,0.01980685752600445,-0.16094266275308428,-0.08329978125114686,1,0.07764288150193742
-0.017417943112201142,0.019437042756304524,-0.16366534691455803,-0.08747213930984428,1,0.07619320760471375
-0.002225913203729571,0.018678318252335714,-0.14698621697830758,-0.07376720942915158,1,0.073219007549156
-0.019533785446463378,0.02092311366817702,-0.16869388823609033,-0.08667528265683642,1,0.0820186055792539
-0.01667549985483817,0.01926584012906753,-0.16258734650781054,-0.08706525320186581,1,0.07552209330594473
0.01659754548773519,0.019256135196485294,-0.129295279497376,-0.05381122952715364,1,0.07548404997022234
-0.022533485603664985,0.018289847412906932,-0.16653238653296257,-0.09483618467436741,1,0.07169620185859515
-0.020890743699274558,0.019297528606820217,-0.16686469976864218,-0.09121838762990694,1,0.07564631213873524
0.03455545349823759,0.02440873784794545,-0.1214364726837355,-0.025754220319789335,1,0.09568225236394617
0.014919368604170757,0.018330486151591118,-0.12915918425294784,-0.057303678538710656,1,0.07185550571423718
-0.012299717955367995,0.018856314498076315,-0.15740889437159758,-0.08349214153913842,1,0.07391675283245916
-0.0025668375153221207,0.019350331551977292,-0.14864428735719762,-0.07279098767344663,1,0.07585329968375099
-0.008241996393678772,0.01892387738884754,-0.15348359607581996,-0.07930199671153759,1,0.07418159936428237
-0.023471295705230058,0.0176618396085321,-0.16623930133795298,-0.09700489007250715,1,0.06923441126544583
0.0019484268196676285,0.021626078518609076,-0.14858948707680616,-0.06381525928385859,1,0.08477422779294758
-0.02017847970257687,0.019075083101992733,-0.16571644258248264,-0.09094211682267112,1,0.07477432575981152
-0.020252265222096624,0.018694467803838436,-0.16504422211761996,-0.0917619083265733,1,0.07328231379104666
-0.020726989208293703,0.01801520260506259,-0.16418758631421637,-0.09356799210237103,1,0.07061959421184534
-0.029389541807298206,0.022125350706803684,-0.18090602919263343,-0.09417465442196299,1,0.08673137477067044
-0.04094698778737248,0.01744035182685823,-0.18328087736801463,-0.11491469820673035,0,0.06836617916128428
-0.011294478382890716,0.01940282228166099,-0.15747481005494626,-0.08141574671083518,1,0.07605906334411108
0.006092166798499402,0.017937830679837646,-0.1372167813339824,-0.06690048506901881,1,0.0703162962649636
-0.012731076770994929,0.019399471817312854,-0.15890484153292814,-0.08285891200906173,1,0.0760459295238664
-0.008156666212975963,0.02215773827737267,-0.1597366332366264,-0.07287829918932553,1,0.08685833404730087
-0.003305260161978102,0.017931872645789118,-0.14660253054772476,-0.07630958977623144,1,0.07029294077149333
-0.0057732282573711435,0.0193687051688417,-0.15188669038830088,-0.07596136612644142,1,0.07592532426185947
0.02833980481025418,0.02095677496968577,-0.12088627413032993,-0.038735716249161715,1,0.0821505578811682
0.022215697708873702,0.019313155758270185,-0.12378888757733586,-0.04808131700491674,1,0.07570757057241911
-0.008331196841480953,0.02037425625580261,-0.15641553910285408,-0.07654845458010784,1,0.07986708452274624
0.027279567655745282,0.0198174577210766,-0.11971344947756486,-0.042029015210944584,1,0.07768443426662028
0.0059940655296964185,0.019936235558386705,-0.14123175616474154,-0.06308171277586565,1,0.07815004338887589
-0.035614088294846205,0.019234668338659715,-0.18146483823861925,-0.10606493835107317,1,0.07539989988754608
0.03503692558224704,0.022266596575612006,-0.1167564037059525,-0.029471345129553433,1,0.08728505857639907
-0.00047648177199473285,0.018772623737241718,-0.14542162429698852,-0.07183293924700097,1,0.07358868504998754
-0.015371560954002425,0.020098796358737393,-0.16291600181712773,-0.08412872009087714,1,0.07878728172625059
-0.0382898782333987,0.016840474929380424,-0.17944800909498435,-0.11343334737181307,0,0.06601466172317128
-0.04239511269119291,0.01974639384770688,-0.1892488446326984,-0.11184298074968743,0,0.07740586388301096
0.035912879216030966,0.02147375256948327,-0.11432647582015625,-0.030149365747781834,1,0.08417711007237441
-0.023097666103445783,0.018928183776922257,-0.1683477063062134,-0.09414922590067817,1,0.07419848040553523
-0.019812970092075374,0.01940563624424727,-0.16599881713080003,-0.08992872305335073,1,0.0760700940774493
-0.02458823160801475,0.019203996004351968,-0.1703788637765446,-0.0950991994394849,1,0.0752796643370597
0.02429842344793208,0.02458560910475161,-0.13204017039738108,-0.035664582706754766,1,0.09637558769062632
0.011154263078392637,0.021042045721682664,-0.13823894653610538,-0.055754127307109345,1,0.08248481922899603
-0.002810754489852643,0.020064709342152258,-0.15028838480047108,-0.07163472417923422,1,0.07865366062123685
-0.00389905155087282,0.01923093082854705,-0.14974247597482504,-0.07435722712692061,1,0.07538524884790443
0.01549338707538539,0.020298529629242786,-0.13244253099793046,-0.052872294851298754,1,0.07957023614663171
-0.00580748566681899,0.018248083906824232,-0.14972453012419448,-0.07819204120944351,1,0.07153248891475097
-0.014232216380723306,0.019478724522793287,-0.16056131644539814,-0.08420471631604848,1,0.07635660012934967
0.02367941955358449,0.01897691404366781,-0.12166613197200442,-0.04727662892082661,1,0.07438950305117781
-0.005095754468466315,0.01848950368884459,-0.14948598169860172,-0.07700712723833092,1,0.0724788544602708
-0.01436686307983838,0.01827025600625193,-0.15832736485209217,-0.0867079613075846,1,0.07161940354450758
0.010155811054449335,0.018749743871568084,-0.13474448693382413,-0.06124549095727723,1,0.0734989959765469
-0.006351071897804733,0.019682625187684176,-0.15307981726566572,-0.07592392652994376,1,0.07715589073572196
-0.0010689256818031678,0.01981011846753814,-0.14804755787817792,-0.07039189348542842,1,0.0776556643927495
0.0036184139661065706,0.019162221520957756,-0.14209034021497063,-0.06697443185281624,1,0.0751159083621544
0.01877101408540667,0.0205207829184045,-0.12960052043466616,-0.049159051394520516,1,0.08044146904014565
-0.00794249327185495,0.018828710401450528,-0.152997565658698,-0.07918902088501192,1,0.07380854477368606
0.00829049112934549,0.026831139959716012,-0.1524493431916979,-0.047271274549611136,1,0.10517806864208676
-0.013838855199172898,0.01818906716797799,-0.15764022684840975,-0.08633908354993605,1,0.0713011432984737
0.004779650774442909,0.01752486095884712,-0.13771987670489744,-0.06902242174621674,1,0.0686974549586807
0.02233191897911621,0.02029930550655455,-0.1256055198137307,-0.04603224222803688,1,0.07957327758569381
-0.02171010734863492,0.018394937799696604,-0.16591498543604027,-0.09380682926122957,1,0.0721081561748107
0.013857806582325535,0.01899494197506658,-0.13152307968880497,-0.057062907146543974,1,0.074460172542261
-0.012064894536511148,0.019404923717294256,-0.1582493450224079,-0.08218204405061441,1,0.07606730097179348
-0.01454562729041868,0.019066819163295244,-0.16006739285047736,-0.08532546173036001,1,0.07474193112011734
0.00737101209684865,0.020653770973970625,-0.14126117901213378,-0.06029839679416893,1,0.08096278221796485
0.007468849134802669,0.020216234257941654,-0.14030577001076297,-0.061058131719631696,1,0.07924763829113127
-0.0063089875787474825,0.01834343452506761,-0.15041291924788,-0.07850665590961498,1,0.07190626333826503
0.024638032969207566,0.020147892523605368,-0.12300263637705897,-0.04402289768452592,1,0.07897973869253305
-0.017399556333039787,0.01938431155826777,-0.16354360698724463,-0.08755710567883496,1,0.07598650130840967
-0.0150577550856342,0.02101422194777478,-0.16439643010327276,-0.08202068006799565,1,0.08237575003527711
0.03769414239618531,0.019225544142784146,-0.10813872412367162,-0.03277459108395777,0,0.07536413303971384
0.0031431764958539526,0.0183159666927888,-0.1409069182220121,-0.06910832878628001,1,0.07179858943573209
-0.00071758359819174,0.02342699573901662,-0.15478529524666432,-0.06295147194971917,1,0.09183382329694514
0.0159933100281527,0.018932888243674676,-0.12926595092944967,-0.055049029014244945,1,0.07421692191520474
-0.002257297785883905,0.01945796785910791,-0.1485457147897354,-0.07227048078203241,1,0.076275234007703
-0.010892202322973651,0.0178914522902853,-0.15411024881193286,-0.08397575583401447,1,0.07013449297791839
0.03354649664019603,0.019758163052770904,-0.11333030294323496,-0.035878303776373,1,0.07745199916686196
0.0004450366103775083,0.01943652176175967,-0.14580134604267145,-0.06961018073657355,1,0.0761911653060979
-0.007509655124753559,0.019461624175596277,-0.15380523850892228,-0.07751567174058485,1,0.07628956676833742
-0.04148642698071649,0.017014910744997055,-0.1829864520409107,-0.11628800192052227,0,0.06669845012038844
-0.01472993980788341,0.020427530370057845,-0.1629186993331968,-0.08284278028257004,1,0.08007591905062676
-0.015403809333373375,0.01869105605527632,-0.16018907920171496,-0.0869201394650318,1,0.07326893973668316
-0.021414861194566495,0.017974173440448504,-0.16479504113784557,-0.09433628125128743,1,0.07045875988655814
-0.032269559365145264,0.017992132481812875,-0.1756849390294985,-0.10515577970079204,1,0.07052915932870646
-0.0002169453648754316,0.01905480797124516,-0.14571516898851594,-0.07102032174123493,1,0.07469484724728101
0.03777179971064301,0.01964246609452258,-0.10887823383462125,-0.031879766744092736,1,0.07699846709052852
0.023284966851079947,0.020619165557616923,-0.12527939764184923,-0.04445226865599089,1,0.08082712898585834
-6.375347768503015e-05,0.019305029783403975,-0.14605241185315682,-0.07037669510221325,1,0.07567571675094356
0.028199873986769874,0.019714607635671816,-0.11859155697914689,-0.04131029504731337,1,0.07728126193183352
-0.0006519278299658704,0.019864874826741367,-0.14773788249037895,-0.0698675731695528,1,0.07787030932082614
0.019265081468246445,0.01864511151806925,-0.1254301371071693,-0.05234129995633783,1,0.07308883715083148
-0.03159765293841933,0.01736213968638462,-0.1737782467237332,-0.10571865915310548,1,0.06805958757062773
0.03855925431982064,0.01990089298576517,-0.1085972959322791,-0.030585795428079626,1,0.07801150050419947
-0.0018860597031966075,0.018690032911714952,-0.1466693242101579,-0.07340439519623532,1,0.07326492901392259
0.024174704574394246,0.020413060796010178,-0.1239856945857857,-0.043966496265425814,1,0.08001919832035989
0.01385314007330006,0.018976401493092387,-0.13149140685316102,-0.05710391300023887,1,0.07438749385292215
-0.011013624683999981,0.019604064952770252,-0.15758839199142968,-0.08074045737657029,1,0.07684793461485939
0.025230333654486986,0.019454849744050314,-0.12105197184385164,-0.0447889608471744,1,0.07626301099667723
0.041236150510611705,0.021466246510605858,-0.10898849265017578,-0.02484080632860082,1,0.08414768632157496
0.0009762981418239558,0.01850386787100641,-0.1434420828853486,-0.07090692083100349,1,0.07253516205434511
-0.019579245288925115,0.019100996511996513,-0.1651679984524383,-0.09029209212541195,1,0.07487590632702634
-0.02911323878906001,0.018214231831697316,-0.17296393317918676,-0.10156414439893327,1,0.07139978878025349
-0.01614188423099805,0.019939552522340986,-0.1633742071747864,-0.08521116128720972,1,0.07816304588757668
0.002063994846857445,0.018052804542958167,-0.14147030205734057,-0.07070330824894455,1,0.07076699380839602
-0.016071935876754276,0.017291548325656002,-0.15811417059504004,-0.09033130115846852,1,0.06778286943657152
0.013339923231354703,0.020856704783526806,-0.13569001814435783,-0.053931735392932764,1,0.08175828275142506
-0.02614606604937704,0.018868982423153685,-0.17128007159875827,-0.09731366049999582,1,0.07396641109876245
0.0029471188560837303,0.02089147755616841,-0.14615097715400635,-0.0642563851338262,1,0.08189459202018015
0.009843113947444568,0.018517135488080066,-0.13460127160919236,-0.06201410049591851,1,0.07258717111327384
-0.019478949242136737,0.017759940619971226,-0.16243923285728035,-0.09282026562699314,1,0.06961896723028721
-0.02614995918646361,0.01928758023287466,-0.17210441644289795,-0.09649710193002928,1,0.07560731451286867
-0.008947976364748228,0.020279973633912048,-0.15684752468721586,-0.07735002804228061,1,0.07949749664493524
-0.0032550940097973297,0.01790552692310456,-0.14650072677908227,-0.0763110612405124,1,0.07018966553856987
-0.004514641424285204,0.019389785579403896,-0.15066942115991683,-0.07466146168865358,1,0.07600795947126325
0.012847044422657772,0.021091135727939064,-0.1366423816041028,-0.05396512955058167,1,0.08267725205352114
0.002366193052780602,0.020672791517302058,-0.14630327832113144,-0.06526593557330737,1,0.08103734274782406
-0.015279626766562762,0.020397026561308776,-0.16340859882672798,-0.08345225470639757,1,0.07995634412033041
0.0008442868253262098,0.018160591867586992,-0.1429012732351443,-0.07171175311420329,1,0.071189520120941
-0.028971205208888975,0.018592306321314384,-0.17356292559866518,-0.10068108481911278,1,0.0728818407795524
-0.04377879374656278,0.0180008432388101,-0.18721124649463058,-0.11664794099849499,0,0.0705633054961356
0.03253621628786858,0.019448050047303413,-0.11373276180484611,-0.03749640561941674,1,0.07623635618542937
0.004579497765972107,0.021303638818596465,-0.14532643431847697,-0.061816170149578825,1,0.08351026416889815
-0.00545679462957184,0.01941789423601745,-0.15166666733216605,-0.07554852192697764,1,0.07611814540518841
0.02500430939422163,0.020905118840447923,-0.1241205235330563,-0.04217245767850045,1,0.08194806585455586
-0.0009304682111550139,0.018641406256924453,-0.14561842447472695,-0.07254411194758309,1,0.07307431252714386
0.02104722331585568,0.020045334273609643,-0.12639243186041924,-0.047814721507869425,1,0.07857771035254982
0.011963629893783606,0.020752328317743724,-0.1368617336089941,-0.0555126066034387,1,0.08134912700555538
-0.006937138927421885,0.020299084028601165,-0.15487414362348018,-0.0753017342313636,1,0.07957240939211657
-0.02191051471041479,0.019908866260321883,-0.16908269258064568,-0.09103993684018391,1,0.07804275574046177
-0.013052883065878748,0.01957120681720333,-0.15956324842759728,-0.08284411770416023,1,0.07671913072343706
0.008239435213262258,0.01939360489731414,-0.13792283038547345,-0.06189989918800203,1,0.07602293119747142
4.220217716413566e-06,0.01866536539881019,-0.14473069596395155,-0.07156246360061562,1,0.07316823236333593
0.013868821869136322,0.021078444624668537,-0.13559572959521402,-0.05296822666651335,1,0.08262750292870066
0.012452345224231526,0.0185883831503156,-0.13213168575038706,-0.0592652238011499,1,0.07286646194923715
-0.013602386839397698,0.019233477493857926,-0.15945080272735923,-0.08405557095143618,1,0.07539523177592306
-0.025244739461717555,0.01801230751500255,-0.16869966219112256,-0.09809141673231256,1,0.07060824545881
-0.004550890124815285,0.01922040310529494,-0.15037368021119338,-0.0750297000384372,1,0.07534398017275618
-0.021107645572214992,0.018734281602990722,-0.16597763751407682,-0.09253925363035317,1,0.07343838388372365
-0.011170071144470467,0.01794208634944409,-0.15448736038938088,-0.08415438189956005,1,0.07033297848982083
-0.020682294687495148,0.01805615966742475,-0.16422316763564765,-0.09344302173934264,1,0.070780145896305
0.015889080731412986,0.01854868697826635,-0.12861714574598906,-0.05590629279118497,1,0.07271085295480409
0.008350802398582463,0.018262866702152134,-0.13559521633763572,-0.06400477886519937,1,0.07159043747243635
-0.009756471842801678,0.021875483302499166,-0.16078321911570004,-0.07503132456990333,1,0.08575189454579671
-0.0010611648021479486,0.01839480948935613,-0.14526579140128598,-0.07315813820300994,1,0.07210765319827604
-0.0019563026847590204,0.01898831316926536,-0.14732419649651912,-0.07289000887299893,1,0.07443418762352019
-0.0023417432583196784,0.021336010905108463,-0.15231112463233226,-0.0686739618843071,1,0.08363716274802516
-0.007906264841631983,0.019749218639354367,-0.15476553337476656,-0.07734859630849743,1,0.07741693706626913
-0.006945144994756375,0.019851221639508226,-0.1540043394081925,-0.07618755058132026,1,0.07781678882687224
-0.02125801910280785,0.02036664330522523,-0.16932743998104932,-0.0894901982245664,1,0.07983724175648292
-0.004678113062053554,0.017452025395874073,-0.14703488283796673,-0.07862294328614038,1,0.06841193955182635
0.017087929738930252,0.020447319956461672,-0.13113961737573462,-0.050986123146404876,1,0.08015349422932974
-0.0001176781622830303,0.020190169352515587,-0.14784121009321358,-0.0686957462313525,1,0.07914546386186108
-0.011839674260762795,0.01843763193217778,-0.15612823284783126,-0.08385271567369434,1,0.07227551717413691
0.003179648213244818,0.018745329977515136,-0.14171199854268485,-0.06823030503082553,1,0.07348169351185932
0.004443807766654706,0.020296771924428556,-0.14348866520522527,-0.06392531926146533,1,0.07956334594375994
-0.029646133116722026,0.017824588017357573,-0.1727331256307429,-0.10286074060270119,1,0.0698723850280417
0.004463787136715039,0.019869920686317696,-0.14263205740846766,-0.06474196831810228,1,0.07789008909036538
-0.004377416603650472,0.01807251031229902,-0.14795033681575656,-0.0771060963915444,1,0.07084424042421217
0.02175861020633517,0.020334262738005766,-0.12624734476015614,-0.046537034827173536,1,0.07971030993298261
0.020661282701692735,0.020940499269943826,-0.12853289586739716,-0.04644613872921737,1,0.08208675713817978
0.011490848661943998,0.020441292043261238,-0.13672488374284802,-0.056595018933263984,1,0.08012986480958403
-0.006332328493304756,0.018003949839376535,-0.14977087017848278,-0.07919538680812675,1,0.07057548337035603
0.01710677839399602,0.02060768611134688,-0.13143508638424387,-0.0506529568277641,1,0.08078212955647976
-0.02461299144758232,0.017778126221416033,-0.16760891884155776,-0.0979186640536069,1,0.06969025478795086
-0.014480214263537447,0.018083816025461438,-0.15807529367344186,-0.08718673485363304,1,0.07088855881980882
0.0140935350152461,0.019021060223051757,-0.13133854302193534,-0.05677598694757246,1,0.07456255607436288
0.015206370477574463,0.021679974257009054,-0.1354371790661633,-0.0504516799786878,1,0.08498549908747549
0.01598308730118994,0.018825362418245523,-0.1290654230385713,-0.05527000235904884,1,0.07379542067952247
-0.0018498724579719822,0.01909402795039176,-0.14742496724073983,-0.07257637767520414,1,0.0748485895655357
0.020737915971571305,0.01866805416645867,-0.1240022701946877,-0.050823497862169706,1,0.07317877233251799
-0.03582451375386471,0.017668154632350254,-0.17860489683327122,-0.10934573067445821,0,0.069259166158813
0.020832269199953304,0.02232617552205549,-0.13107783482327545,-0.04355922677681794,1,0.0875186080464575
-0.03131431713085177,0.022450524487256606,-0.18346814512587473,-0.09546208913582882,1,0.0880060559900459
0.029639671213651506,0.022820029277430494,-0.12323838617011226,-0.03378387140258473,1,0.08945451476752753
0.022617482231891875,0.01980674762994195,-0.12435454312279434,-0.04671209241342191,1,0.07764245070937242
0.02220703414728037,0.02081081704246806,-0.12673296725595704,-0.045154564449482244,1,0.0815784028064748
0.004657613299337185,0.0210947563851672,-0.14483890921559053,-0.06214746418573511,1,0.08269144502985543
0.016161137851703297,0.020080310637588833,-0.13134707099797083,-0.052632253298622596,1,0.07871481769934824
-0.010284384392074838,0.01661687111103576,-0.15100425176970494,-0.08586611701444476,1,0.06513813475526019
0.025462764396456575,0.02047925978306258,-0.1228273847783461,-0.042548686428740774,1,0.08027869834960533
-0.013001392696243258,0.01980507437955628,-0.15997013848017358,-0.08233424691231295,1,0.07763589156786063
0.02789362328606612,0.021646482619614077,-0.12268428264837747,-0.03783007077949029,1,0.08485421186888717
0.03068385594055892,0.022732457110756103,-0.12202255999652305,-0.032911328122359126,1,0.08911123187416392
-0.026559064941863317,0.01923004827407975,-0.17240075955905965,-0.09701897032466701,1,0.07538178923439263
0.012390185075971602,0.020147251886844877,-0.13524922862224437,-0.05627200122581245,1,0.07897722739643193
-0.033732152907664834,0.02011516010074472,-0.1813086667051245,-0.10245723911020518,1,0.07885142759491931
-0.02049219063520054,0.017648275084204506,-0.16323360980024137,-0.09405237147015971,1,0.06918123833008166
0.018983058344339138,0.01972872365522416,-0.12783604001990023,-0.05049944329142152,1,0.07733659672847872
-0.019923646387159946,0.017215450871555828,-0.16181673009540937,-0.09433216267891054,1,0.06748456741649883
0.007793117804397731,0.020191858740124337,-0.13993372532624598,-0.06078163906495857,1,0.07915208626128742
-0.006606347354750741,0.018596560468853225,-0.15120640587370307,-0.07830788883579842,1,0.07289851703790465
-0.0022427572778615235,0.01833008557890184,-0.14632052501250914,-0.07446658954321392,1,0.07185393546929522
0.00010949679480569408,0.019844113104544998,-0.14693576489010252,-0.0691468415202861,1,0.07778892336981641
0.005753114214340063,0.01971483264227332,-0.14103875776451563,-0.06375661380680424,1,0.0772821439577114
-0.002930267393994504,0.016488826894526,-0.14339916810726547,-0.07876296668072355,1,0.06463620142654192
0.013902144702174796,0.022105976346460568,-0.1375763689368879,-0.0509209416587625,1,0.0866554272781254
0.011716625219689816,0.01766211110956997,-0.13105191255506732,-0.06181643700555305,1,0.06923547554951426
0.028868609235782952,0.022793412427119852,-0.12395727912137197,-0.03460710240706214,1,0.08935017671430984
0.029552700975922844,0.02237184531490747,-0.1224469158412958,-0.03474928220685852,1,0.08769763363443728
0.02649659461523589,0.018634735824352412,-0.11817828760049484,-0.04513012316903339,1,0.07304816443146145
-0.029568818994157683,0.01777724082530902,-0.17256301101176336,-0.10287622697655202,1,0.06968678403521134
0.01605521195921679,0.020868637848348644,-0.13299811822354657,-0.05119305785801988,1,0.08180506036552669
-0.01179183547021713,0.019239596849404288,-0.15765224529504954,-0.08223302564538473,1,0.0754192196496648
0.0017771281845918724,0.01924107109109556,-0.14408617115395544,-0.06866117247686084,1,0.07542499867709461
0.00010401076375000928,0.019541938956472243,-0.1463489895909356,-0.0697445888815644,1,0.07660440070937119
-0.008031415847227774,0.01858275337805672,-0.15260441246821893,-0.07976001922623661,1,0.07284439324198232
0.0841886748227259,0.03190783130885413,-0.08650147454262819,0.03857722418807999,0,0.12507869873070818
0.010224285282653553,0.02090622219707786,-0.13890271022361905,-0.056950319211073845,1,0.0819523910125452
0.008257322322275745,0.018852150067850675,-0.1368436918107116,-0.06294326354473694,1,0.07390042826597466
0.025498992801896825,0.019768792061178674,-0.12139863963801338,-0.04390497475819298,1,0.0774936648798204
0.012990276302129247,0.019580073633024407,-0.1335374680185986,-0.05678357937714292,1,0.07675388864145566
-0.021730240262174946,0.018952176196963842,-0.1670273056082241,-0.09273477491612582,1,0.07429253069209828
-0.002319430116012461,0.01830744775485217,-0.14635282771552272,-0.07458763251650222,1,0.0717651951990205
0.005555880622907405,0.020077964788464853,-0.1419477303624837,-0.0632421083917015,1,0.07870562197078221
-0.011304793832073737,0.019535400308045327,-0.15774497843584256,-0.0811662092283049,1,0.07657876920753766
-0.00898418580608859,0.02954038970646835,-0.17503414963076655,-0.059235821981410634,1,0.11579832764935591
0.011963321322522383,0.018641805093505583,-0.13272541666074855,-0.05964954069420668,1,0.07307587596654187
0.013555005719125102,0.019726536743448233,-0.13325980629803344,-0.05593178226371637,1,0.07732802403431707
0.014713127789115793,0.019486625838056455,-0.13163145885347485,-0.055243885568293565,1,0.07638757328518128
0.014909520664454556,0.020027987792915654,-0.13249613540966013,-0.05398642326143077,1,0.07850971214822935
-0.01684364631220471,0.019663170863979926,-0.16353426120560538,-0.08645463141880405,1,0.07707962978680133
-0.023436610760435003,0.02016409420552744,-0.17110903540326877,-0.09206578611760123,1,0.07904324928566754
0.004519661324595747,0.01850633022045892,-0.13990354590750376,-0.06735873144330477,1,0.07254481446419898
-0.03316759712280136,0.018377086423424758,-0.1773374865127139,-0.10529930773288884,1,0.07203817877982505
-0.02403700713699085,0.018725695894007972,-0.16889017108924648,-0.09548544318473523,1,0.07340472790451125
-0.0076326146816956125,0.018547339439876753,-0.15213619998385405,-0.07943062937953718,1,0.07270557060431687
-0.01143331883579446,0.01764286740473593,-0.15416413894907688,-0.08500409872251205,1,0.06916004022656483
-0.024862422386384184,0.01786699980499515,-0.16803254200417467,-0.0979939027685937,1,0.07003863923558097
0.0032297321359392867,0.01943570880338813,-0.14301505711870144,-0.06682707860941998,1,0.07618797850928145
0.019853731052364237,0.021022960271444697,-0.12950207107966738,-0.04709206681560416,1,0.08241000426406322
0.00583656871318218,0.019407310473211228,-0.14035255981431183,-0.06427590275932382,1,0.076076657054988
-0.04002057824834605,0.017861433059703863,-0.18317978704536564,-0.11316296945132648,0,0.07001681759403916
0.051226697143037694,0.036073209912737325,-0.12762759428592746,0.013779388572002851,1,0.1414069828579303
-0.004471630708504273,0.01993609994973772,-0.1516971866099902,-0.07354767480701835,1,0.07814951180297186
0.023845768892878372,0.020419148651311506,-0.12432656246369218,-0.044283499750551084,1,0.0800430627131411
0.005269562523500929,0.02074426017559461,-0.1435399874206645,-0.06222248753233364,1,0.08131749988833087
-0.004875483291167243,0.018253466006643897,-0.1488030766641893,-0.0772494899181452,1,0.07155358674604409
0.017665792081740864,0.036423170831775695,-0.1618744227485395,-0.019095593087978785,1,0.1427788296605607
0.008135574644675708,0.01948099647989053,-0.13819797845590975,-0.061832472254738854,1,0.0763655062011709
-0.018748290532800263,0.018881165716822773,-0.1639061753377729,-0.08989200572782763,1,0.07401416960994528
-0.0011077072665370141,0.021550808298082657,-0.15149809153077903,-0.067018923002295,1,0.08447916852848403
0.02005658504937685,0.01935327359705768,-0.1260266312008562,-0.05016179870039011,1,0.07586483250046608
-0.02582068221948751,0.01848317887044427,-0.17019851280555828,-0.09774445163341675,1,0.07245406117214154
0.02556050604147017,0.022384686944376002,-0.1264642803695068,-0.03871630754755287,1,0.08774797282195393
-0.008020446376758777,0.019381642466360708,-0.15415926561082577,-0.0781832271426918,1,0.07597603846813397
0.007818443072551945,0.020147466553110394,-0.13982139137154442,-0.06084332248335169,1,0.07897806888819273
-0.014106236036179512,0.020860547470818173,-0.16314370907898312,-0.0813703629933759,1,0.08177334608560723
0.006646724913635618,0.019239510131523238,-0.13921351494414994,-0.06379463522857884,1,0.0754188797155711
0.0362898295762801,0.01976829657277029,-0.11060683170634966,-0.033115109141090136,1,0.07749172256525952
0.03548725169358201,0.02399452155819801,-0.11969281056048608,-0.0256342860523499,1,0.09405852450813618
-0.05990781091667656,0.01746082503894073,-0.2022818279930004,-0.13383539384035273,0,0.06844643415264767
-0.011256820377121002,0.019525208146369936,-0.15767702834400607,-0.08113821241023594,1,0.07653881593377013
-0.031065245977260167,0.018410008813637413,-0.1752996632519895,-0.10313242870253084,1,0.07216723454945867
-0.026553313623489214,0.018830407679138916,-0.17161171267460149,-0.09779651457237695,1,0.07381519810222453
0.008865719484871123,0.017880161744930526,-0.1343301975351927,-0.06423996349506506,1,0.07009023404012765
0.0017901866759336832,0.01829297662710272,-0.14221484751318764,-0.070506379134945,1,0.07170846837824264
0.033405297909792825,0.02149305486009692,-0.11687188961599715,-0.03261911456441722,1,0.08425277505157994
0.012910348562301222,0.020258557729473513,-0.13494722458746689,-0.055533678287930696,1,0.07941354629953619
-0.0034279468848992106,0.018923529613445594,-0.14866886492725256,-0.07448862884254585,1,0.07418023608470671
0.008082983791335097,0.018693735230267548,-0.1367075372599893,-0.06342809515734052,1,0.07327944210264878
-0.019342513773262307,0.018866930642329426,-0.164472497832228,-0.09051412971429663,1,0.07395836811793137
-0.013673236776871489,0.01814728434966647,-0.15739271410221778,-0.08625535945152521,1,0.07113735465069257
-0.028308962231186383,0.018088927701831375,-0.17191406052677588,-0.1010054639355969,1,0.07090859659117899
-0.042457365827275675,0.01803864240877252,-0.18596390494846982,-0.11525242670608155,0,0.07071147824238827
0.011835345935938463,0.02169248111466207,-0.1388327170487992,-0.05379819107932388,1,0.08503452596947533
0.020353558338104982,0.022395309955758204,-0.1316920491751811,-0.04390243414860894,1,0.08778961502657215
-0.00027002196446282434,0.018619678846232966,-0.14491539250307944,-0.07192625142584622,1,0.07298914107723323
-0.0013790904173164864,0.018404696195725597,-0.14560309496093865,-0.07345668587369432,1,0.07214640908724433
0.010242862283109555,0.019488288359122044,-0.13610498290076967,-0.05971089253301125,1,0.07639409036775842
0.014879809140314892,0.020039328694759204,-0.13254807510141314,-0.053993906617957076,1,0.07855416848345606
0.009393000813287075,0.0222226361016865,-0.14231416594601848,-0.05520143242740739,1,0.0871127335186111
-0.04958814192094578,0.017236153808274354,-0.1915218033851635,-0.12395608045672805,0,0.06756572292843545
-0.007996408792525361,0.01861674792220751,-0.1526360347200521,-0.07965838286499864,1,0.07297765185505346
-0.0039049654142838397,0.01773342018356377,-0.14681326897406882,-0.07729826185449885,1,0.06951500711956997
0.007793711727340988,0.02113103518115928,-0.1417739172277312,-0.05894025931758683,1,0.08283365791014437
0.0019339875054464883,0.017591296611945,-0.1406957538539657,-0.07173787113514132,1,0.06895788271882439
0.02298751624399549,0.01878672490906688,-0.12198526457777559,-0.048341302934233436,1,0.07364396164354214
0.01806486940561873,0.019785245030434436,-0.12886501085403276,-0.05130685033472978,1,0.07755816051930298
-0.008376804795144188,0.016508710252353002,-0.14888467688975607,-0.08417053270053232,1,0.06471414418922375
-0.03290191270712621,0.017545143212912586,-0.17544119340443487,-0.10666423200981755,1,0.06877696139461732
-0.00958772768080629,0.018910628029160926,-0.1548033586179617,-0.08067369674365088,1,0.07412966187431083
-0.028464718975275513,0.018233894861493193,-0.17235395290380218,-0.10087708504674886,1,0.07147686785705332
0.0014662678972357929,0.01886995870496943,-0.1436696511645043,-0.06969941304102413,1,0.07397023812348018
0.022050576517844242,0.018766719499769234,-0.12288299370170347,-0.049317453262608064,1,0.07356554043909541
-0.008481625612557192,0.019489981159109986,-0.15483278868441278,-0.07843206254070162,1,0.07640072614371116
-0.012270885749105273,0.0261497217997186,-0.17167514047655374,-0.06916823102165681,1,0.10250690945489693
-0.005493776978695908,0.017050761597678273,-0.14706406971014532,-0.0802250842472465,1,0.06683898546289882
0.007098692113020166,0.01929307599919296,-0.13886653684539804,-0.06323767892856164,1,0.0756288579168364
0.014193580398862704,0.019394676921111572,-0.131970786366516,-0.05594365283575862,1,0.07602713353075738
0.0015381904464962098,0.019311236638394104,-0.14446263336475623,-0.06876258574225136,1,0.07570004762250487
-0.004959984108515475,0.019641505914156622,-0.15160813570026246,-0.0746134325167685,1,0.07699470318349397
-0.02275203392918039,0.018335057304087694,-0.16683954624519226,-0.09496612161316852,1,0.07187342463202374
0.015053079507110434,0.01931810669105727,-0.13096120960736182,-0.05523423137841733,1,0.0757269782289445
0.0012930413154692844,0.01870675635195625,-0.14352300113436497,-0.07019251623469647,1,0.07333048489966851
-0.013359806824137302,0.0182298045991892,-0.15724102383854816,-0.08578018980972647,1,0.07146083402882168
-0.029624422728331976,0.018115632374503303,-0.17328186218235847,-0.1022685832743055,1,0.07101327890805297
-0.012234449000118913,0.018897736219241883,-0.15742481198983302,-0.08334568601040482,1,0.0740791259794282
0.007254200768913019,0.017932946111577634,-0.13604517360977914,-0.06574802485239482,1,0.07029714875738431
-0.02916316109782914,0.01858638893516415,-0.17374328341075088,-0.10088463878490742,1,0.07285864462584346
-0.04029499934278703,0.01702223500518373,-0.18180937995294716,-0.11508221873262693,0,0.06672716122032023
0.0004089518676900217,0.022315577463409828,-0.15148037996059324,-0.06400331630402673,1,0.08747706365656652
-0.006908342073053214,0.020768749199031714,-0.15576589050315537,-0.07435239364295107,1,0.0814134968602043
-0.020556802762629542,0.01751729650928823,-0.1630415039208345,-0.09437370160442461,1,0.06866780231640988
-0.0014065261858022815,0.01994028887506027,-0.1486402923809204,-0.07047435999068416,1,0.07816593239023625
0.004748236666312036,0.019174148250754856,-0.1409838939051675,-0.06582123276220844,1,0.07516266114295905
-0.004439863638769109,0.018647403961367152,-0.14913957540304873,-0.0760417518744895,1,0.07309782352855923
-0.01683882358419879,0.018233820827308417,-0.1607279124057233,-0.0892513347626743,1,0.07147657764304899
-0.0036783673560468466,0.0185434806694744,-0.14817438946821668,-0.07548394524387703,1,0.07269044422433965
0.0028129275820084343,0.019811102425937782,-0.14416763317282963,-0.06650811166315351,1,0.07765952150967612
-0.03829726083557482,0.01885012787109065,-0.1833943114629125,-0.10950181020823715,0,0.07389250125467534
-0.015752903319784003,0.01870609450543856,-0.1605676485504436,-0.08723975808912443,1,0.07332789046131916
0.03235797414519037,0.020461415016893764,-0.11589719928792142,-0.03568845242169786,1,0.08020874686622356
0.015766038958984763,0.017471675928883563,-0.12662924586162702,-0.05814027622040346,1,0.06848896964122356
0.023738511260764955,0.02122837113311557,-0.12601989616014156,-0.042804681318328534,1,0.08321521484181302
-0.019723149674699694,0.0184195626905782,-0.16397629254823298,-0.09177160680116643,1,0.07220468574706655
0.011512895356046146,0.02049842682888839,-0.1368148212285751,-0.05646098805933262,1,0.0803538331692425
-0.038550786397634415,0.017822788755332636,-0.1816342523580864,-0.11176892043718245,0,0.06986533192090394
-0.0028355076218292002,0.018006419012053368,-0.14627888888545382,-0.07569372635820461,1,0.07058516252724921
-0.009682033616589023,0.018669915395231208,-0.15442586779124218,-0.08123979944193586,1,0.07318606834930631
0.0018921629910890608,0.01995538855228542,-0.14537119857139036,-0.06714607544643153,1,0.07822512312495883
-0.004919338823165614,0.01882330314852423,-0.1499638129942731,-0.07617646465205813,1,0.07378734834221498
0.038549687537816554,0.01975118659488808,-0.10831343818816408,-0.030888786736202815,1,0.07742465145196126
0.015480556734857154,0.02534677689215913,-0.14234992597377474,-0.04299056055651096,1,0.09935936541726378
-0.012972354302792047,0.0188316148597979,-0.15803311942799594,-0.08421318917758816,1,0.07381993025040778
-0.008395718410245362,0.020790930389722528,-0.1572967419741015,-0.07579629484638922,1,0.08150044712771229
0.013754924100885996,0.02088083622824337,-0.135322314906471,-0.05346943689175701,1,0.081852878014714
-0.013579025659210042,0.020718833303779608,-0.1623387389346181,-0.08112091238380201,1,0.08121782655081608
-0.029899375475486697,0.016609237852031836,-0.1706042816654691,-0.10549606928550431,1,0.06510821237996478
-0.030657721892782056,0.017141161232647254,-0.17240519790877068,-0.10521184587679344,1,0.06719335203197724
0.0032482272924203998,0.01913084639011145,-0.14239903163219805,-0.06740611378296116,1,0.0749929178492369
-0.020240122348461634,0.018317490890346358,-0.1642932044935405,-0.09248864020338278,1,0.07180456429015773
-0.0015515291210485144,0.02080033118116358,-0.15047097823612915,-0.0689336800059679,1,0.08153729823016125
-0.018976778226574106,0.01844133055898629,-0.16327258612218723,-0.090982570330961,1,0.07229001579122624
0.0010727998724076315,0.01929344391072128,-0.14489315019260607,-0.06926285006257867,1,0.0756303001300274
0.028663827599890376,0.019481859179079568,-0.11767141639110558,-0.04130252840911368,1,0.0763688879819919
-0.0015050526240492773,0.020231244200661018,-0.14930909125734487,-0.07000261399075369,1,0.07930647726659118
-0.01628131271087252,0.019174001144258372,-0.16201315495361893,-0.08685107046812612,1,0.0751620844854928
0.0057529909772897625,0.020342930348161314,-0.14226995250510643,-0.06252566554031407,1,0.07974428696479237
0.020364908987721378,0.018969097851720036,-0.1249653228016499,-0.05060645922290736,1,0.07435886357874255
0.012036088303111842,0.019794267454564612,-0.1349114759078348,-0.057317947485941524,1,0.07759352842189329
-0.02124508795865372,0.018506246719186,-0.1656681315282583,-0.09312364438904916,1,0.07254448713920914
0.023953612149784878,0.020201574931794152,-0.12379227471653168,-0.044602100983898586,1,0.0791901737326331
-0.00971144085124856,0.019269509204753163,-0.15563047889256476,-0.08009400280993237,1,0.07553647608263239
0.020530312842628032,0.020683163960951656,-0.12815948852083722,-0.04708148579390673,1,0.0810780027269305
-0.001596669553995747,0.018570921599279776,-0.14614647588858412,-0.07334846321940738,1,0.07279801266917674
-0.004928711724725712,0.020248689906326285,-0.15276694394112522,-0.0733920795083262,1,0.07937486443279902
0.022244656668573157,0.01899108546590624,-0.12312867084460308,-0.04868361581825062,1,0.07444505502635246
-0.024542053681410422,0.01826890190294906,-0.1684999014111906,-0.09688580595163027,1,0.07161409545956032
-0.008315495579028734,0.01901413376025787,-0.15373399774913415,-0.07919859340892332,1,0.07453540434021083
-0.015406433956409893,0.01912373154196793,-0.16103974777866703,-0.08607472013415277,1,0.07496502764451426
-0.008096194623877673,0.01882839887132688,-0.15315065641167835,-0.079343332836077,1,0.07380732357560135
-0.001256573889469148,0.018519749426670718,-0.14570608276574376,-0.07310866501319455,1,0.07259741775254921
0.04657189472816119,0.022884755342580033,-0.10643302574329569,-0.016724784800381955,0,0.08970824094291374
-0.022986248952906782,0.018158734100423783,-0.1667281677897374,-0.09554593011607618,1,0.07118223767366122
-0.003810017918253375,0.02698909415816602,-0.1648594424682588,-0.05906219336824798,1,0.10579724910001082
0.026776800162545286,0.01970625020897288,-0.11999825024704155,-0.04274974942786788,1,0.07724850081917367
0.021281540826528125,0.018290879776970685,-0.12271938353633442,-0.05101913481060934,1,0.07170024872572509
-0.0267460469514786,0.021290561427599365,-0.17662634734957336,-0.09316734655338385,1,0.08345900079618951
0.003935316043408993,0.019199104925618448,-0.14184572961080316,-0.06658523830237886,1,0.0752604913084243
0.019102063166841737,0.0197104177358056,-0.12768115559533724,-0.05041631807097929,1,0.07726483752435795
-0.038752791874031314,0.018542552179092186,-0.183246994145052,-0.11056018960301064,0,0.07268680454204135
0.027874762530714428,0.0208709172424188,-0.12118303526442642,-0.03936903967414473,1,0.08181399559028169
0.0038011942804595245,0.019081835515472753,-0.1417500033298671,-0.06694920810921388,1,0.07480079522065321
0.010953686965654547,0.019991045563122353,-0.13637956233806528,-0.058014663730625644,1,0.07836489860743964
0.03234002049213697,0.022860049166243093,-0.1206164758736995,-0.03100508314202658,1,0.08961139273167293
0.013670714156607727,0.023186178646010577,-0.139924995989573,-0.049035175697211546,1,0.09088982029236145
0.009598882082814161,0.01825993963837916,-0.134341399608409,-0.0627624362259627,1,0.07157896338244629
-0.027699018144085305,0.018266255897417975,-0.17165167970302453,-0.10004795658514608,1,0.07160372311787845
-0.033135475175826754,0.017671306972888542,-0.1759220368426883,-0.10665051350896522,1,0.06927152333372309
0.0006600389394749717,0.01953381099665123,-0.14577703061396144,-0.06920449150708863,1,0.07657253910687281
-0.04017864282186652,0.018455933644327464,-0.18450307276474837,-0.1121558128789847,0,0.07234725988576367
-0.0021303021621615625,0.02006752373317852,-0.14961344867919146,-0.07094875564513167,1,0.07866469303405979
-0.011560298875368039,0.018672955777985674,-0.15631009220021996,-0.08311210555051612,1,0.07319798664970384
-0.00475579697999956,0.018729132965341358,-0.14961569759206864,-0.0761974963679305,1,0.07341820122413814
0.025178278282345784,0.02284778106123179,-0.12775417259766852,-0.03819087083763991,1,0.08956330176002861
-0.0009329136531703586,0.01923635160663379,-0.1467869628021726,-0.07138046450416813,1,0.07540649829800447
0.01909288672031903,0.02093305676062325,-0.13008670453050253,-0.04802912202885941,1,0.08205758250164312
-0.035977746671404146,0.01806960988385537,-0.17954498204376068,-0.10871211129904762,0,0.07083287074471306
-0.04301444929658911,0.022526590327848928,-0.19531736633917302,-0.10701313225400522,1,0.0883042340851678
5.317945563286519e-05,0.02143673901877297,-0.15011362902116215,-0.06608161206757213,1,0.08403201695359003
0.002178973238100901,0.018972170140158246,-0.14315728023660926,-0.06878637328718895,1,0.0743709069494203
-0.02230168220285987,0.019097499769145543,-0.16788358175038515,-0.0930213826553346,1,0.07486219909505054
0.026538321502627638,0.01944041455849357,-0.11971569103201976,-0.04350926596272497,1,0.07620642506929479
0.008675724612323146,0.019336592886133548,-0.1373747974444986,-0.06157535333085511,1,0.07579944411364349
-0.00968781948182286,0.01755228141094766,-0.15224109104728029,-0.08343614791636544,1,0.06880494313091484
0.007332756191203146,0.01958519265662652,-0.13920502141578484,-0.06243106620180888,1,0.07677395521397595
-0.0386000404715421,0.017737139202261103,-0.18151563330797388,-0.11198604763511034,0,0.06952958567286353
-0.002292519711250024,0.018987853218551384,-0.14765951201961075,-0.07322712740288931,1,0.07443238461672144
0.04080359101708658,0.023970409770314328,-0.11432921213272951,-0.02036520583309734,1,0.09396400629963217
-0.022017994282112388,0.018254990762708072,-0.16594857617702022,-0.09438901238720457,1,0.07155956378981565
0.044899025143637125,0.0374867843445369,-0.13672587217165522,0.010222322458929442,1,0.14694819463058467
0.006223199548826344,0.019303578207062865,-0.13976261373701687,-0.06409258716533045,1,0.07567002657168642
-0.0007583958059706603,0.018460441387108912,-0.14509166092470413,-0.0727267306872372,1,0.07236493023746693
0.01098644988098603,0.020211638501639734,-0.13677916158222786,-0.0575495386558001,1,0.07922962292642777
0.019292187470620017,0.018580858614967447,-0.12527709541471618,-0.05244012964404379,1,0.07283696577067239
-0.01272281764463308,0.019020009441850613,-0.15815283615066028,-0.08359439913860589,1,0.07455843701205439
-0.02069376098062621,0.01913064674764334,-0.16634062860600718,-0.09134849335524527,1,0.07499213525076191
-0.020769636749563627,0.019077226255529812,-0.16631180021040207,-0.0915290732887252,1,0.07478272692167687
-0.0021858689530658143,0.02037736285383408,-0.1502763001465806,-0.07039703775955103,1,0.07987926238702958
-0.02046434678198729,0.01883373196988701,-0.16552926144296584,-0.09170103212100875,1,0.0738282293219571
0.015037070594353927,0.019813390002923002,-0.13194797381137516,-0.05427948499991699,1,0.07766848881145816
0.021703903972389263,0.02064127297343882,-0.12690379105555083,-0.045990000999670655,1,0.08091379005588017
-0.01581222307502958,0.020425669354180012,-0.16399733500922242,-0.08392871114083676,1,0.08006862386838566
0.02563161165935321,0.023433663221293075,-0.1284491682543812,-0.03658920842691237,1,0.09185995982746883
0.01252982620266399,0.02154430614707732,-0.13784781384560757,-0.05339413374906447,1,0.08445368009654311
0.0013171891986811929,0.02151101576933432,-0.14899520170921407,-0.06467201989342355,1,0.08432318181579052
-0.027434249160670984,0.018518016402938133,-0.17188036131042972,-0.09928973701091226,1,0.07259062429951746
-0.00925665298936458,0.019084004728134436,-0.15481210225650807,-0.0800028037222211,1,0.07480929853428697
-0.0024254935089523255,0.021035834417544395,-0.15180652896733934,-0.06934605805056532,1,0.08246047091677403
0.01928838373372649,0.019008888649571325,-0.12611983801943333,-0.05160499451311372,1,0.07451484350631961
-0.023204820542974,0.019564376605049606,-0.16970179868887122,-0.09300944239707679,1,0.07669235629179444
-0.0169585164275962,0.018409773146873722,-0.1611924717954687,-0.08902616105972372,1,0.07216631073574498
-0.02850354251609301,0.019011075301060273,-0.17391605010617114,-0.09939263492601488,1,0.07452341518015626
0.004363818643846454,0.0202969914688439,-0.1435690846350876,-0.0640048780772195,1,0.07956420655786811
-0.02340986527148771,0.01930479836351569,-0.16939807006397847,-0.09372326047899696,1,0.07567480958498152
0.051088051405712216,0.02255500492788832,-0.1012705582529489,-0.012854938935626684,0,0.08841561931732221
0.03263921551979619,0.02027360114404501,-0.11524784272253204,-0.03577532623787559,1,0.07947251648465645
-0.0142855912123981,0.018552737548710844,-0.15879975680787137,-0.08607302561692484,1,0.07272673119094653
-0.005795131138879986,0.018961754636962747,-0.15111097022732697,-0.07678089205043301,1,0.07433007817689397
-0.012646237180623104,0.021224124168883696,-0.16239632055163516,-0.07919775380961107,1,0.0831985667420241
-0.005846144684844207,0.02057660570636239,-0.15432709186931448,-0.07366679750037393,1,0.08066029436894055
-0.022882714948974495,0.018205515011254236,-0.1667163243710328,-0.0953507055269162,1,0.07136561884411659
0.05738713884681973,0.029645081261705997,-0.10886802042612403,0.007340698119763477,1,0.11620871854588752
-0.018415601480756202,0.019055355760695624,-0.16391489877171964,-0.08921790418979278,1,0.07469699458192686
0.00507836888892306,0.018209938855727605,-0.13876391126830306,-0.06738095095385084,1,0.07138296031445222
-0.014625085611614796,0.019750570988707656,-0.1614870047494818,-0.0840647664737478,1,0.077422238275734
0.03215824037454555,0.02017210524623464,-0.11552988590807434,-0.03645523334283456,1,0.07907465256523977
-0.02089262413954883,0.018206480785500315,-0.16472812647912946,-0.09335872179996821,1,0.07136940467916125
-0.00821432155311691,0.018368639991101023,-0.15236765593567492,-0.08036258717055891,1,0.072005068765116
0.001337722430639482,0.018807147598452114,-0.14367508686232666,-0.06995106827639438,1,0.07372401858593228
0.006544256755494152,0.01815227622495538,-0.13718500464541838,-0.06602808184359331,1,0.07115692280182508
0.0071352737613778056,0.020175694540437262,-0.14055988753787924,-0.061471164939365164,1,0.07908872259851407
0.0019252510688781976,0.022320103923534007,-0.14997295262124846,-0.06247814524099515,1,0.08749480738025331
0.014207764024871075,0.025495143373718034,-0.14391351698761629,-0.04397255496264159,1,0.0999409620249747
0.050034783452618845,0.030228749856455142,-0.11736436626603323,0.0011323331712709134,1,0.11849669943730415
-0.015419566570060925,0.019276372807848937,-0.16135205727344484,-0.08578867586667702,1,0.07556338140676783
-0.0037230120613378076,0.018436718599860687,-0.14800978051706476,-0.07573784360561087,1,0.0722719369114539
-0.009737183538538391,0.019604432365847857,-0.1563126709756002,-0.0794632961014766,1,0.0768493748741236
0.03634764049647539,0.02126827661045314,-0.11348898166001277,-0.030117337347036463,1,0.0833716443129763
-0.007426638368573088,0.019762175562162015,-0.15431130247041064,-0.07684357426673555,1,0.07746772820367509
0.008054597190587598,0.01878226494602063,-0.13690944210361283,-0.06328296351521198,1,0.07362647858840085
-0.008251488872901627,0.018896978244948754,-0.1534403662330012,-0.07936421151280207,1,0.07407615472019913
-0.01417345468879641,0.018191906241833738,-0.15798039092279054,-0.0866681184548023,1,0.07131227246798824
0.015971100106086544,0.02028846355353645,-0.1319450884588449,-0.05241431132898202,1,0.07953077712986287
0.0012236986199698485,0.02055366605350271,-0.14721228684489546,-0.06664191591516484,1,0.08057037092973061
-0.001003867952546561,0.01935521925917191,-0.1470908977005235,-0.07121843820456963,1,0.07587245949595386
-0.00541535210280919,0.018797290694311547,-0.15040884186365983,-0.07672346234195856,1,0.07368537952170126
0.02343486348128064,0.022624126189055915,-0.12905922384926896,-0.040372649188169775,1,0.0886865746610992
0.003823214450078702,0.01886942354305798,-0.14131165569431495,-0.06734351540552766,1,0.07396814028878729
0.030075304329673244,0.020101260736422304,-0.11747396671371448,-0.03867702462693905,1,0.07879694208677543
-0.00618639023194377,0.018569803676593256,-0.15073400543806656,-0.07794037502582099,1,0.07279363041224557
0.0011777723875917856,0.019418917205979786,-0.1450341053361286,-0.06891194988868785,1,0.07612215544744075
-0.02147908651357404,0.018081820626407636,-0.165070254941333,-0.09418951808581508,1,0.07088073685551793
-0.04389431939262646,0.018583468431519444,-0.18846871751840458,-0.11562152126684835,0,0.07284719625155622
0.0005706274151670854,0.018497181206354484,-0.1438346477492877,-0.07132569742037814,1,0.07250895032890955
-0.02867479088120735,0.01741772560434095,-0.17096433306571562,-0.10268684869669908,1,0.06827748436901654
0.004122549004976425,0.0187818884895297,-0.14084075243450178,-0.06721574955554536,1,0.07362500287895642
0.01544909786565088,0.02044678732228463,-0.132777405286027,-0.05262599898267125,1,0.08015140630335574
0.0268697652040122,0.022135600692341283,-0.12466681215297673,-0.03789525743899889,1,0.08677155471397785
0.012951216248675887,0.019095019882334637,-0.1326258227207,-0.05777334478194823,1,0.07485247793875177
-0.0005154206583327936,0.018750309468975553,-0.14541682721752489,-0.07191561409914071,1,0.07350121311838417
-0.0010532485209304165,0.019863311267617235,-0.1481361386054602,-0.07027195843640063,1,0.07786418016905958
-0.0005315070858122467,0.019670712722079466,-0.147236904021088,-0.07012771015053651,1,0.07710919387055148
-0.04571031757454193,0.017424755419000258,-0.18801363819578243,-0.11970859695330144,0,0.06830504124248099
0.0064525037124263385,0.019244314579848487,-0.1394171528640767,-0.06397943971107063,1,0.07543771315300606
0.002998816516906422,0.020394459820675802,-0.14512512473161815,-0.06517884223456902,1,0.07994628249704913
0.010308269131237446,0.01826932983225009,-0.13365041733997274,-0.06203464439755239,1,0.07161577294242036
0.005374385782816363,0.01894921781745108,-0.13991688113938777,-0.06563594729497953,1,0.07428093384440825
0.004110017004030964,0.02075608832579281,-0.14472271611452295,-0.06335884987741514,1,0.08136386623710781
0.01069047868469375,0.01906603759348711,-0.134829754998541,-0.060090887632071516,1,0.07473886736646948
-0.017328388816396798,0.018733163234932033,-0.1621961887568636,-0.08876218887593001,1,0.07343399988093358
-0.013342040627464594,0.017834826921624185,-0.156449101393848,-0.0865365798610812,1,0.0699125215327668
0.008768573759147524,0.021033014666272387,-0.14060693498674637,-0.0581575174949586,1,0.08244941749178777
-0.014311064634607365,0.019174550171070674,-0.1600439829699059,-0.08487974629930885,1,0.07516423667059706
-0.014025901366237645,0.017325039370352163,-0.1561337785321279,-0.0882196242003474,1,0.0679141543317805
0.010991604863854448,0.0212070012671636,-0.13872491761978623,-0.0555934726525049,1,0.08313144496728132
-0.01684470553763409,0.01754801635090386,-0.15938961758540565,-0.09060139348986253,1,0.06878822409554312
0.002946561528839098,0.018196020449767113,-0.14086843855270445,-0.06954003838961736,1,0.07132840016308709
-0.03577873053999124,0.019646638597574866,-0.182436942191238,-0.1054221188887445,1,0.07701482330249348
-0.014339421116964124,0.018940495880877452,-0.15961359304348394,-0.08536684919044432,1,0.07424674385303962
0.026233577718991957,0.02045487056917642,-0.12200876859659383,-0.04182567596542226,1,0.08018309263117157
-0.02142768571595445,0.02023505406061732,-0.1692391916747644,-0.08991777975714452,1,0.07932141191761988
0.021041529569521378,0.021344315976563888,-0.12894412974454383,-0.04527441111641341,1,0.08366971862813043
0.00610975172816311,0.019724044648524577,-0.14070017578294508,-0.06338192076072872,1,0.07731825502221636
-0.0035202935440977745,0.02197253045078403,-0.15473725322763449,-0.06860493386056109,1,0.0861323193670734
-0.014780627703002244,0.019991151272281692,-0.16211408419667436,-0.08374877120933014,1,0.07836531298734423
0.010655327592479322,0.023828052750075004,-0.14419845579766769,-0.050792489017373675,1,0.093405966780294
-0.007058671775885872,0.019616595874423007,-0.15365799968975496,-0.07676094386201679,1,0.07689705582773818
0.018157115031061988,0.020313417655773977,-0.12980798357425502,-0.05017938636362102,1,0.079628597210634
-0.02560657138341775,0.02065182547075719,-0.17423494930610184,-0.09327979346073367,1,0.08095515584536817
0.009283663111690238,0.019082630222770187,-0.13626909212493932,-0.061465181651680204,1,0.07480391047325911
0.0024400092885268065,0.0197884206703473,-0.1444960952253539,-0.06692548619759249,1,0.0775706090277614
0.0065025072766395076,0.018293178107365395,-0.13750292181379667,-0.06579366363292433,1,0.07170925818087234
-0.01099891798717291,0.018295888711558003,-0.1550096598618266,-0.08328977611251923,1,0.07171988374930738
-0.013956730720668817,0.02222050293343343,-0.16565971647019834,-0.07855534497113931,1,0.08710437149905903
0.033674801402275786,0.02315128964743442,-0.11985252630669568,-0.029099470888752754,1,0.09075305541794293
0.029166845679527695,0.020151347408984475,-0.11848059524208188,-0.03948731339886274,1,0.07899328184321913
-0.011448653298623018,0.019208969173418546,-0.15724903287852338,-0.08194987371872267,1,0.0752991591598007
0.02294323260998432,0.02431398825870929,-0.13286298437708588,-0.03755215040294548,1,0.09531083397414039
0.04087933591113917,0.02229017891925134,-0.11096021477059347,-0.02358271340712821,1,0.08737750136346525
0.0375515449212314,0.018521275387542613,-0.10690095483835213,-0.03429755531918508,0,0.07260339951916706
-0.0020040587304570173,0.018555451799086138,-0.14652354425666586,-0.07378617320424818,1,0.07273737105241768
-0.015144032860823928,0.01669594836134418,-0.15601889164905852,-0.09057077407258934,1,0.06544811757646918
0.005041604759646823,0.019163017879696775,-0.14066871028455885,-0.06554968019614751,1,0.07511903008841134
-0.0312888734229982,0.018916433071936765,-0.17651588224399428,-0.10236346460200214,1,0.07415241764199214
0.0071885139972209244,0.021912213088398868,-0.14391022365604086,-0.0580143483495173,1,0.08589587530652357
0.04006886437021587,0.021321920008174684,-0.10987289884580652,-0.026290972413761757,1,0.08358192643204476
0.007796061937322088,0.02036906720589842,-0.14027810978623884,-0.06043136633911701,1,0.07984674344712182
-0.019897297906246877,0.01941219823024335,-0.16609600643752384,-0.09000018937496992,1,0.07609581706255392
-0.03648719379738198,0.018761224657795488,-0.18140999412666114,-0.10786599346810283,1,0.07354400065855832
-0.02493493350157193,0.017644849991685307,-0.16766963948527513,-0.09850182751786873,1,0.0691678119674064
-0.006299979560544386,0.02030162162647901,-0.15424195794844325,-0.07465960117264553,1,0.07958235677579772
-0.03245625504787937,0.020334377694973437,-0.18046243533002732,-0.10075167476573144,1,0.07971076056429588
0.038585826223143896,0.03142084090221125,-0.13114982194519015,-0.007980125608522064,1,0.12316969633666808
-0.024496781490831634,0.020132135372772645,-0.17210656682146602,-0.09318859616019726,1,0.07891797066126877
0.048216490235155854,0.019444001283261743,-0.09804455228003717,-0.021824067249651136,0,0.07622048503038603
0.01701789740534991,0.019588690868066055,-0.12952673669605957,-0.05273906849324063,1,0.07678766820281895
-4.1012450491109687e-05,0.018326114632469182,-0.1441109971301307,-0.07227262777085153,1,0.07183836935927917
-0.013381100202175991,0.018685665704595632,-0.15815580498318343,-0.08490799542116856,1,0.07324780956201488
0.024653939512633227,0.019806222990958716,-0.12231705754964586,-0.04467666342508769,1,0.07764039412455817
-0.01950993380034617,0.017051354424618845,-0.16108138847259912,-0.09424007912809323,1,0.06684130934450588
0.009549694531824957,0.021115667565418668,-0.13998781389639564,-0.057214397039954464,1,0.08277341685644118
-0.008690494324523582,0.019750111280382805,-0.1555515124340739,-0.07813107621497328,1,0.07742043621910061
0.022186282002744376,0.019672415902829032,-0.12452245316680052,-0.04740658282771073,1,0.07711587033908979
-0.010562378571317671,0.0171960519036934,-0.15241744030255674,-0.08500891684007861,1,0.06740852346247814
-0.03761970095237287,0.018288034608504655,-0.181615048785042,-0.10992595311970374,0,0.07168909566533826
-0.007994837957432346,0.020180716658476903,-0.1556998426080471,-0.07659143330681761,1,0.07910840930122948
-0.000963019508276583,0.0180153079508848,-0.1444238230920108,-0.07380381592454238,1,0.07062000716746841
-0.011310073011272542,0.022665265446759515,-0.16388479328692118,-0.0750369527356239,1,0.08884784055129728
0.028494506689549157,0.01939898112485812,-0.11767829631517276,-0.04163429030572893,1,0.07604400600944383
0.0323242677651302,0.020509164107432584,-0.11602449388543767,-0.035628570584301945,1,0.08039592330113574
-0.03012180314433098,0.018447688935962207,-0.17443007345881692,-0.10211513282984505,1,0.07231494062897187
0.016323789686956358,0.020047005052233852,-0.13111914021542198,-0.0525348804106653,1,0.07858425980475668
0.014917636011352792,0.01936959906768072,-0.13119757816130143,-0.055268749815993,1,0.07592882834530842
-0.03339514230726699,0.01779130587967575,-0.17641690183143147,-0.10667498278310253,1,0.06974191904832894
0.0025435497121963357,0.019490901850868173,-0.14380941791550528,-0.06740508266010206,1,0.07640433525540322
0.020312377174610943,0.020673544179677976,-0.1283585694175579,-0.04731827623322023,1,0.08104029318433768
-0.0032447644082192056,0.019311250561612443,-0.1492456155089796,-0.07354551330745882,1,0.07570010220152079
-0.024573905183948766,0.01759593069232857,-0.16721272934091277,-0.09823668102698477,1,0.068976048313928
0.0382325086257449,0.020672535624461585,-0.1104364611981998,-0.029400121550310403,1,0.0810363396478894
0.03054923200066373,0.020049839643736977,-0.11689925370106075,-0.0383038822976118,1,0.07859537140344894
0.02564640414620714,0.02420726758519922,-0.12995064032078335,-0.03505815138680239,1,0.09489248893398096
-0.0143489806381953,0.019981500534563518,-0.16166352168593978,-0.08333603959045081,1,0.07832748209548897
-0.016304845799301776,0.01837356359910586,-0.16046783045354926,-0.0884434611450543,1,0.07202436930849496
0.015698930495162022,0.021221626081393885,-0.13404625662437,-0.05085748238530597,1,0.08318877423906404
-0.008097767664543593,0.018448326985896612,-0.15240728855690094,-0.08008984677218624,1,0.0723174417847147
-0.03547613275720775,0.017279145539661398,-0.17749405801494408,-0.10975980749947142,0,0.06773425051547266
-0.011056332331419602,0.01859065710174077,-0.1556448202508315,-0.0827694444120077,1,0.07287537583882381
0.004941668771875837,0.018595250682228927,-0.13965582256529285,-0.06676243989095547,1,0.07289338267433738
-0.011901967100641134,0.020995890380803992,-0.16120471224701696,-0.07890082195426532,1,0.08230389029275165
0.013523168998717458,0.022607828647406614,-0.1389389751501995,-0.05031628685236558,1,0.08862268829783393
0.0015628551514468014,0.024438117617263104,-0.1544866553783889,-0.05868923431871752,1,0.09579742105967139
-0.023591273383760616,0.020011529608478587,-0.17096467141637867,-0.09251947535114259,1,0.07844519606523608
-0.011199088219922479,0.018883486573090285,-0.15636152190317945,-0.08233825453666552,1,0.07402326736651393
-0.010313470815459524,0.018950274909627387,-0.1556068096383292,-0.08132173199258985,1,0.07428507764573936
0.009345498847401781,0.019142880953651874,-0.1363253478217559,-0.06128525448344055,1,0.07504009333831535
-0.006857909594142286,0.020176788669574758,-0.15455521538650882,-0.07546220380177576,1,0.07909301158473306
-0.010787507723919357,0.019494383034591035,-0.1571472984717178,-0.08072931697612093,1,0.07641798149559687
-0.03438577367427477,0.018760106598103555,-0.17930638260655773,-0.10576676474199181,1,0.07353961786456592
0.05664554471464798,0.023315296976476954,-0.09720323735924685,-0.005807273211457201,0,0.09139596414778965
0.0009725101232987837,0.018533825279574333,-0.14350458742466693,-0.07085199232873553,1,0.0726525950959314
0.012885125538294726,0.019897910778234443,-0.1342655795870448,-0.05626576933636577,1,0.07799981025067904
-0.01914261393979856,0.016809299517474,-0.1602396409940476,-0.09434718688554952,1,0.06589245410849809
-0.008327335457987597,0.01970606839484593,-0.15510202951188562,-0.07785424140408959,1,0.07724778810779603
0.0060473124908962395,0.02074603618487954,-0.14276571843146768,-0.061441256586739865,1,0.08132446184472782
0.04030681751958204,0.023431800130091596,-0.11377031073539749,-0.02191765422543844,1,0.09185265650995905
-0.03067255556930916,0.017774690173051073,-0.17366174830848927,-0.10398496283012906,1,0.0696767854783602
0.017834543367902522,0.021394011518336552,-0.13224851920803712,-0.04838399405615784,1,0.08386452515187928
0.01007891563632586,0.01941553090046978,-0.13612632492859492,-0.06001744379875338,1,0.07610888112984154
0.012462069614828902,0.02219020272841604,-0.13918152773286654,-0.05219593303747567,1,0.08698559469539088
0.036586118550226435,0.027630153762094826,-0.12571978282347943,-0.017409580076067716,1,0.10831020274741171
0.022945785583099718,0.019350975964112994,-0.12313292730656175,-0.047277101527238824,1,0.07585582577932293
0.010198361829218003,0.02109239579952775,-0.1392935339378564,-0.05661134240370761,1,0.0826821915341488
0.004743184649701304,0.01895516623001694,-0.1405597411611319,-0.0662554895394655,1,0.0743042516216664
-0.01600065438289762,0.020124630354097152,-0.16359572987692805,-0.08470717888886721,1,0.07888855098806084
0.004370518543351451,0.02142925332344567,-0.14578161797060207,-0.06177894494269504,1,0.08400267302790704
-0.028372091843526168,0.017597474678085638,-0.17101394221257402,-0.10203184147447833,1,0.06898210073809569
0.021549418302376028,0.01964386509557733,-0.12510335728495553,-0.04809940611029241,1,0.07700395117466312
-0.015102517166578386,0.01897400440046106,-0.16044236579148208,-0.08606426854167472,1,0.07437809724980736
0.022988978580701258,0.020659416350691052,-0.1256542774666532,-0.044669365371944283,1,0.08098491209470891
-0.0008643099899753037,0.018899202729759552,-0.14605754734030402,-0.07197267263964659,1,0.07408487470065743
-0.0029773587468300555,0.019594254907947625,-0.1495328983664074,-0.07272341912725272,1,0.07680947923915468
0.016796962052312306,0.018227816975197552,-0.1270803592190749,-0.0556273166763005,1,0.0714530425427744
0.009753643479183255,0.020668702186572185,-0.13890781280649822,-0.057886500235135266,1,0.08102131257136296
-0.028719674206234905,0.01860149141934976,-0.17332939738816044,-0.10041155102430938,1,0.07291784636385107
0.034800649606127096,0.020565077398848886,-0.11365770209561672,-0.033042598692129097,1,0.08061510340348763
-0.0004041786141076309,0.02200691612214895,-0.15168853421351958,-0.0654214230146957,1,0.08626711119882388
-0.0014161634144342766,0.01731469170627933,-0.14350375915874178,-0.07563016767012679,1,0.06787359148861499
0.00011627369424195566,0.01953021075056187,-0.14631373937685932,-0.06975531323465678,1,0.07655842614220254
-0.0018562964650362807,0.0177883603939156,-0.14487228283711087,-0.0751419100929617,1,0.06973037274414917
0.01370291680153711,0.01825544083598509,-0.13022854723699367,-0.058667219159932116,1,0.07156132807706156
0.014980715258435168,0.020176521073589818,-0.13271606604580088,-0.0536241034373288,1,0.0790919626084721
0.022483926151196987,0.01830988612774138,-0.12155425065917613,-0.04977949703842991,1,0.07177475362074623
0.009459239115731488,0.0206222908972781,-0.1391112510429336,-0.05827187072560344,1,0.08083938031733015
-0.013676524657656342,0.01819847987387991,-0.15749634521046096,-0.08615830410485173,1,0.07133804110560923
0.055201830116248254,0.022407769539730008,-0.09686819818162257,-0.009029741585880935,0,0.08783845659574163
-0.010902167217901187,0.017979025154441382,-0.15429185652060629,-0.08381407791519609,1,0.0704777786054102
-0.020607540387270487,0.020489797876652713,-0.1689183442255098,-0.08859833654903118,1,0.08032000767647862
0.0164747750366135,0.01951699073481815,-0.12992932680363006,-0.05342272312314293,1,0.07650660368048713
-0.004417151397539912,0.018328958422457985,-0.14849270990555757,-0.07664319288952226,1,0.07184951701603531
0.024837846371180403,0.02081743143893452,-0.12411511924913127,-0.04251078800850794,1,0.08160433124062333
0.013879908265825996,0.02353297809761111,-0.14039552880549178,-0.048146254662856235,1,0.09224927414263553
-0.0008295110810958989,0.01892900555008056,-0.1460811619592538,-0.071879460202938,1,0.0742017017563158
0.024905864176875542,0.01936871157717555,-0.12120761051438854,-0.04528226113186039,1,0.07592534938252815
-0.0166539885020857,0.019676368098303688,-0.16337046997476093,-0.08623910702941048,1,0.07713136294535045
-0.03967871053624543,0.017976175923874585,-0.1830628153470396,-0.11259620572545125,0,0.07046660962158836
0.063447006149318,0.02070300681732134,-0.08528168721263182,-0.0041259004887321815,0,0.08115578672389964
-0.030283265752455837,0.01933691704384729,-0.17633442315839654,-0.10053370834651515,1,0.07580071481188139
0.02748860476516704,0.018781838750518417,-0.11747459918584907,-0.043849791283816865,1,0.07362480790203221
-0.010667587040311899,0.01785270502170398,-0.1538096888828517,-0.0838270851977721,1,0.06998260368507961
0.022708059899889166,0.017812900951879526,-0.12035602596579471,-0.050529454234426965,1,0.06982657173136775
0.0318896855296807,0.021117880643769623,-0.11765216053210775,-0.034870068408530845,1,0.0827820921235769
0.009344038554777875,0.01928144753672206,-0.13659839861719736,-0.061015124273246894,1,0.07558327434395046
-0.007798856511219504,0.01990176388788074,-0.15495711373146576,-0.07694219929097326,1,0.0780149144404925
-0.028535232833631005,0.01758037877163152,-0.1711435752260288,-0.10222849044123324,1,0.06891508478479556
-0.020378028325323358,0.018289288255969476,-0.16437583330702354,-0.09268182334362318,1,0.07169400996340036
0.00432891585289201,0.019433825787499703,-0.1419121826906074,-0.06573158560360859,1,0.07618059708699881
0.001694647784866679,0.018117181848196377,-0.1419658286375982,-0.07094647579266843,1,0.07101935284492979
0.010222323301393624,0.02012657868476078,-0.13737657092073752,-0.05848038247647526,1,0.07889618844426226
0.00294531417832114,0.01829341282600978,-0.14106057496065805,-0.0693503966826997,1,0.07171017827795835
0.04047518543035292,0.019895605645673737,-0.10667100163516761,-0.028680227504126563,0,0.07799077413104105
-0.019259408101735334,0.017659083824540733,-0.16202201239783517,-0.0927984038056355,1,0.06922360859219967
0.003986670896668709,0.02196582146088585,-0.14721713916666757,-0.061111119039995034,1,0.08610602012667254
-0.030179080087210278,0.01803766776255467,-0.17368370890181745,-0.10297605127260313,1,0.07070765762921431
0.019474388276224275,0.028827712410479295,-0.14517872804831516,-0.03217409539923631,1,0.11300463264907885
-0.009682411363791402,0.019506454493304414,-0.15606586217066806,-0.07960056055691475,1,0.07646530161375331
-0.03514915439411288,0.018017642674755422,-0.17861453403663352,-0.10798537475159226,1,0.07062915928504127
-0.015773232243390944,0.01796965339349155,-0.1591445528946344,-0.08870351159214751,1,0.07044104130248688
0.025474799035939646,0.025190760653913277,-0.13204989184573038,-0.033302110082390333,1,0.09874778176334004
-0.030284930926622197,0.018424667056678598,-0.17454807835771224,-0.10232338349553216,1,0.07222469486218008
0.00030751201825847396,0.02019740368668528,-0.1474301992076447,-0.06825637675583837,1,0.07917382245180632
0.017557313647746278,0.018509769624544373,-0.12687263481636069,-0.054314337888146755,1,0.07255829692821393
-0.022000886509803627,0.018225474511257302,-0.16587361655186794,-0.09442975646773932,1,0.07144386008412862
0.010770404669641784,0.018368511139450414,-0.13338267716368102,-0.06137811349703541,1,0.07200456366664561
-0.021801915654729484,0.026835135916292285,-0.18254958205066235,-0.07735584925879661,1,0.10519373279186574
-0.024911273592692948,0.018410363409800196,-0.16914638587590133,-0.09697776130948457,1,0.07216862456641676
-0.0036184195308774925,0.017899643566296593,-0.14685252092081882,-0.07668591814093617,1,0.07016660277988265
0.009032534763377273,0.021203221849410106,-0.14067658006146655,-0.05755995041177892,1,0.08311662964968763
-0.03865276029809504,0.01966111255468778,-0.1853393409052831,-0.108267779690907,0,0.07707156121437608
-0.020066303575142316,0.020694282198169565,-0.16877789668355467,-0.08765631046672998,1,0.08112158621682469
-0.024782755372956697,0.019360916330664255,-0.17088095138105863,-0.09498615936485477,1,0.07589479201620386
-0.012594739320614598,0.01827288668142931,-0.15656039721621606,-0.08493068142501316,1,0.0716297157912029
-0.010892593528852676,0.01950682826814884,-0.1572767769344244,-0.08081001012328096,1,0.07646676681114345
-0.007346953184099725,0.028722736766740458,-0.17179431724691102,-0.05920118912128843,1,0.11259312812562258
-0.0072285031463800165,0.018496422426294033,-0.15163229110191634,-0.07912631519084372,1,0.07250597591107262
-0.017775172117067736,0.017774068248670154,-0.16076314588446125,-0.09108879834967423,1,0.06967434753478702
-0.01442598381525674,0.017825766036265643,-0.1575152852463374,-0.08763828238417609,1,0.06987700286216131
0.0330652035379643,0.019164662148732713,-0.11264833427355182,-0.03752285865051959,1,0.07512547562303223
0.04709083065928121,0.020762793154492618,-0.10175504392352433,-0.02036489475791326,0,0.08139014916561108
0.004352038109871503,0.01999294568825396,-0.14298493543910626,-0.06461258834115075,1,0.07837234709795551
-0.014373693659215855,0.027439119363671917,-0.17630516761201281,-0.06874381970641891,1,0.10756134790559391
-0.01619597011914413,0.020658116486649048,-0.16483667843297628,-0.083856861805312,1,0.08097981662766428
0.0018626367067458155,0.020866748773743928,-0.14718699088979229,-0.0653893356967161,1,0.08179765519307619
0.04066920095832864,0.02378539629872431,-0.11410097578717102,-0.02086222229617172,1,0.0932387534909993
-0.002484342078774446,0.0196347982748207,-0.14911934669742302,-0.07215093746012588,1,0.07696840923729714
0.008030245016008644,0.020395319101387314,-0.1400953804227105,-0.060145729545272225,1,0.07994965087743827
-0.007450285091508094,0.01874699091705696,-0.15234518728893975,-0.07885698289407646,1,0.0734882043948633
0.014949254152870933,0.01889039022149838,-0.1302267106812659,-0.05617638101299225,1,0.07405032966827366
0.01828599509783073,0.021218608574315432,-0.13145327770782753,-0.04827633209651103,1,0.0831769456113165
0.0029025339527258137,0.02003231812202666,-0.14451160956644643,-0.06598492252810194,1,0.07852668703834449
0.006367386847347306,0.019924097440435124,-0.14083464413590555,-0.06273218216939985,1,0.07810246196650569
-0.005546710194710078,0.018548758882211747,-0.15005307760384512,-0.07734194278557506,1,0.07271113481827006
-0.02565904865697584,0.017182188670546043,-0.1674869384512461,-0.10013275886270559,1,0.06735417958854051
0.016971988798889226,0.019758526919259552,-0.1299055239628595,-0.052452098439362056,1,0.07745342552349746
-0.007267816663478671,0.020215206447681683,-0.15504042130093476,-0.07579681202602258,1,0.07924360927491218
0.013810781769119276,0.018564603204221125,-0.13072664051115412,-0.05795339595060733,1,0.07277324456054679
-0.01940619939140771,0.017801759612520743,-0.16244844823194837,-0.09266555055086706,1,0.06978289768108131
0.02509721391758335,0.022624479340354324,-0.12739756558951112,-0.03870960657532218,1,0.08868795901418894
-0.012579869042486716,0.018337555387749862,-0.15667227760247646,-0.08478906048249699,1,0.07188321711997947
0.026442265386977457,0.019151554234214205,-0.1192455809120824,-0.044171488313962705,1,0.0750740925981197
-0.014774734615139437,0.018962184041946956,-0.1600914153373555,-0.08575965389292341,1,0.07433176144443208
-0.014447666934325198,0.017902352928572274,-0.15768707867432685,-0.08750985519432355,1,0.0701772234800033
-0.02056767127198368,0.01762410166831412,-0.16326171054187935,-0.09417523200208802,1,0.06908647853979133
-0.009877085109615033,0.01898299067561637,-0.15523454683382312,-0.08082122338540695,1,0.07441332344841617
0.0025222333040616357,0.017902503020251946,-0.14071747261563217,-0.07053966077624456,1,0.07017781183938761
0.0006237314987684733,0.019190198177105263,-0.14513985692835785,-0.06991428007410522,1,0.07522557685425263
0.008851046736669338,0.021409230172597642,-0.14126184440162204,-0.05733766212503929,1,0.08392418227658274
-0.0012424679807921113,0.019238537867538943,-0.14710080220116845,-0.07168573376041579,1,0.07541506844075266
0.003579361537046591,0.018987776041407976,-0.14178747950411305,-0.06735539742179378,1,0.07443208208231927
-0.021793376708765896,0.018380926704895807,-0.1659707930503617,-0.09391756036717011,1,0.07205323268319158
-0.023714782878141896,0.0187989520252034,-0.16871152884754057,-0.09501963690874324,1,0.07369189193879733
-0.002950938545583384,0.019072619892405638,-0.14848407353469845,-0.07371940355646833,1,0.07476466997823011
0.006349590518292383,0.019196276353993385,-0.13942591113553465,-0.06417650782788059,1,0.07524940330765406
-0.02857071646762256,0.018929208281021816,-0.17382276469842534,-0.0996202682368198,1,0.07420249646160554
0.03621918999643026,0.02077199854699936,-0.11264472715568849,-0.031218492851451007,1,0.08142623430423748
-0.011033588316507345,0.02046159799183259,-0.15928912038049922,-0.07907965625251548,1,0.08020946412798374
-0.0036877256011104143,0.018804576950029146,-0.14869549642316754,-0.0749815547790533,1,0.07371394164411424
0.007136732429458489,0.0195810699440785,-0.13939296466093537,-0.06263517048014766,1,0.07675779418078771
0.048592444360378885,0.02037533290242202,-0.09949400812836828,-0.019622703150873964,0,0.07987130497749431
-0.015505306638251448,0.018791676037256115,-0.16048779167127344,-0.08682442160522946,1,0.07366337006604398
0.002544542745374842,0.019914424531197447,-0.14463852933577215,-0.06657398517347816,1,0.07806454416229398
-0.008146633972538342,0.019720470591354403,-0.15494955633159296,-0.07764531161348372,1,0.07730424471810925
0.029621995219378014,0.01836283964571911,-0.11451997048623144,-0.04253763907501254,1,0.0719823314112189
0.02196449151520087,0.0199122428003352,-0.12521430437345613,-0.04715831259614214,1,0.07805599177731398
0.0022026999176785744,0.018618108188198364,-0.14243959213119023,-0.06945660803345263,1,0.0729829840977376
-0.01595546967069994,0.019658257144700948,-0.16263645367431379,-0.08557608566708609,1,0.0770603680072277
-0.03268254173320599,0.017688435834882405,-0.1755026759695755,-0.1061640074968365,1,0.069338668472739
-0.0075679362641200565,0.019489989948481296,-0.1539191165631434,-0.07751835596509672,1,0.07640076059804667
0.013107480568016916,0.019663080066916666,-0.13358295636313977,-0.05650368250082642,1,0.07707927386231335
0.000266472389677086,0.020396153468902847,-0.1478607884093725,-0.06790786681127334,1,0.07995292159809916
-0.018797946490893377,0.01930633617970926,-0.16478916540312355,-0.08910832757866323,1,0.07568083782446032
0.02776148692365349,0.02068015238085291,-0.12092241174281822,-0.039856214409874816,1,0.0810661973329434
0.00470237078642155,0.02270533468702597,-0.14795088520014937,-0.05894597322700755,1,0.08900491197314182
0.013151542740434258,0.01835523637166341,-0.13097552054802603,-0.05902299397110547,1,0.07195252657692056
-0.045057836329511505,0.018480206586777383,-0.18942984123959516,-0.11698743141942784,0,0.07244240982016732
-0.01142140468093629,0.01807343806426831,-0.1549961432869022,-0.0841482660749704,1,0.0708478772119318
0.008406119723294025,0.019848932911544166,-0.13864858878333255,-0.06084077177007941,1,0.07780781701325315
0.01122520544285735,0.018240424098397306,-0.13267682579000137,-0.061174363324283935,1,0.07150246246571743
-0.03669730827270733,0.017965021970076333,-0.18005955133405693,-0.10963666521135772,0,0.07042288612269922
0.002015167794272188,0.019364448781057933,-0.14408995181660136,-0.06818131259485427,1,0.07590863922174709
-0.007522841388455534,0.018901466141204887,-0.1527205150252171,-0.07862676775169397,1,0.07409374727352314
0.02595325208741764,0.021104313200922813,-0.12356200178639108,-0.04083309403877365,1,0.08272890774761743
-0.0055462449864494,0.019445991097316605,-0.15181118753718995,-0.07558290243570887,1,0.07622828510148108
-0.020763434615692147,0.018902987563708607,-0.16596409024056102,-0.09186437899082328,1,0.07409971124973774
-0.00523805089911103,0.019686463733069245,-0.15197431981592674,-0.07480338198229532,1,0.07717093783363142
-0.031127569611395026,0.022695008675075467,-0.18376058661454295,-0.09479615260824711,1,0.08896443400629583
-0.029545988568661294,0.017492252898855004,-0.1719816042504171,-0.10341197288690548,1,0.06856963136351163
0.01777981258098385,0.020517645847714823,-0.13058557328053721,-0.0501564015574951,1,0.08042917172304212
-0.009298765590182431,0.01979408088490071,-0.15624596412458783,-0.07865316705577705,1,0.07759279706881078
-0.013920548044947884,0.01939898055690735,-0.1600933499364863,-0.08404934615340948,1,0.07604400378307682
0.01742604097269454,0.018862766912426367,-0.12769578217566113,-0.053753735878949785,1,0.07394204629671135
0.010187535490698715,0.020899578757424406,-0.13892643887385314,-0.05700009014474945,1,0.08192634872910369
-0.019343846353668967,0.020260223487342317,-0.1672046843888599,-0.08778460831847804,1,0.07942007607038187
0.00783464467984589,0.01980395021154543,-0.13913189773478316,-0.06150041290552507,1,0.07763148482925808
0.020927054921336063,0.018832628347552935,-0.12413569663986769,-0.05031179351746019,1,0.0738239031224075
0.00412673671992328,0.018358084068882077,-0.1400059080550856,-0.06804221850506786,1,0.07196368955001772
0.011715640088374543,0.02082411214747003,-0.13725041972066673,-0.0556199001025842,1,0.08163051961808254
-0.005978921835141773,0.019594046338677274,-0.15253405265894923,-0.07572539101133433,1,0.0768086616476149
-0.002147610622900434,0.019002881979740902,-0.14754405930319262,-0.07305276194260826,1,0.07449129736058435
-0.023200436295465462,0.01875127605839654,-0.16810373736992268,-0.09459873522100826,1,0.07350500214891442
0.006782396720154529,0.020475860426957846,-0.14150108971668285,-0.061235716843008096,1,0.08026537287367475
0.03798840124485811,0.020780337522484028,-0.11089186029921058,-0.0294329372110732,1,0.08145892308813737
0.013580411056340627,0.01994940698370416,-0.13367122663171954,-0.05546955125559923,1,0.07820167537612031
-0.006009282494163853,0.01832553326850222,-0.15007812770042822,-0.07824203728789951,1,0.07183609041252871
-0.0034145320808531,0.019436373878899946,-0.149660624883497,-0.07347003927820922,1,0.07619058560528777
0.023270970474557257,0.020858153509603683,-0.12576181040426598,-0.04399784864661953,1,0.08176396175764646
-0.037509687718428456,0.017937522544676607,-0.1808180319059946,-0.11050294353086232,0,0.07031508837513228
-0.019234611220924,0.01888345849870648,-0.16439698987838872,-0.0903738325634593,1,0.07402315731492942
-0.014772351748299717,0.019311069395178147,-0.1607728477628489,-0.08507345573375055,1,0.07569939202909834
0.031017534064769953,0.020511016005349488,-0.11733485730571505,-0.036931674564745054,1,0.08040318274097
0.012661618316617218,0.018171834348996656,-0.13110597700741622,-0.05987238635934934,1,0.07123359064806688
0.004761502899874204,0.020037919673085967,-0.1426636196593743,-0.0641149745408773,1,0.07854864511849699
-0.011197672932911129,0.019784522726079525,-0.158126137476027,-0.08057080838979527,1,0.07755532908623172
0.03939849475924821,0.019438086977089684,-0.10685095571584757,-0.030653654765656013,0,0.07619730095019156
0.022869747296774393,0.020059272338542284,-0.12459722648676849,-0.04596487891968273,1,0.07863234756708576
-0.004659451385681662,0.01975396173023105,-0.15152801637693453,-0.07409248639442881,1,0.07743552998250572
0.03320361554740109,0.02205805254851907,-0.1181809674476963,-0.031713401457501546,1,0.08646756599019476
0.040933521995861186,0.019797568252873543,-0.10602051177977095,-0.02841404422850668,0,0.07760646755126427
0.019218706932677923,0.01811219678693192,-0.12443199876970865,-0.05343218736493552,1,0.07099981140477313
0.0244825662704565,0.01977865354830176,-0.12243439468421495,-0.04490207277487206,1,0.0775323219093429
-0.006133275318991424,0.01850267136328042,-0.15054931119102105,-0.07801883944696181,1,0.07253047174405924
-0.006302280816438327,0.01971151907264528,-0.15308765819882308,-0.07581850343405358,1,0.0772691547647695
0.03989310413656104,0.023859064739019806,-0.11502146275191778,-0.02149392897496015,1,0.09352753377695763
0.009616812274190506,0.01927532652598988,-0.13631362771674965,-0.06075434773486934,1,0.0755592799818803
0.0018639617761246757,0.01939772928138793,-0.14430638761539566,-0.06826728883235499,1,0.07603909878304067
-0.006661359914668125,0.017668609472802296,-0.14944263448136064,-0.08018168534797562,1,0.06926094913338501
0.004970350447856597,0.019176941257250495,-0.14076725441635438,-0.06559364468793244,1,0.07517360972842194
-0.008280533030212839,0.018197288619027457,-0.15209801872350664,-0.08076464733691903,1,0.07133337138658762
0.008352446213992878,0.01834886171270058,-0.13576212274290025,-0.063834584829114,1,0.07192753791378625
0.005773287684746414,0.019867143013381158,-0.14131711262148067,-0.06343791200902651,1,0.07787920061245415
-0.02419365898026686,0.018183784382950093,-0.16798467637084905,-0.09670424158968469,1,0.07128043478116436
0.005719349726114695,0.02201939337858137,-0.1455894612959048,-0.059273439251865824,1,0.08631602204403899
0.022189242929868486,0.02041783906104815,-0.1259805216297859,-0.04594259251047715,1,0.08003792911930875
0.0036808530148254026,0.019059214749493614,-0.1418260078941821,-0.06711388607616711,1,0.07471212181801498
0.0017172208462064853,0.02387500026192507,-0.15322857966716666,-0.05963857864042039,1,0.09359000102674628
0.002435260711010037,0.019129848552605785,-0.1432100424520973,-0.06822103612588262,1,0.07498900632621469
-0.016657797948742614,0.020359616862641625,-0.1647134469995202,-0.08490374889796504,1,0.07980969810155517
-0.005674522251736869,0.018738872099115372,-0.150553511566003,-0.07709713293747075,1,0.07345637862853224
-0.006726801318714101,0.01820890884506299,-0.15056706265503755,-0.07918813998239065,1,0.07137892267264691
0.059829671384590846,0.019741218671655552,-0.08701391721185403,-0.00962834001896428,0,0.07738557719288974
0.0016926844361930399,0.02016616710492629,-0.1459838030894625,-0.06693242803815144,1,0.07905137505131105
0.0014156323652396996,0.020180827560459778,-0.14628958965326147,-0.06718074561625914,1,0.07910884403700233
-0.006007070533532,0.017291451669847673,-0.14804911580643343,-0.08026662526063057,1,0.06778249054580286
0.029957340045459913,0.02063904721792694,-0.1186459925016769,-0.03774092740740329,1,0.08090506509427361
-0.012244512830921997,0.02143067506120969,-0.16239943595089298,-0.07839118971095102,1,0.08400824623994196
-0.013314885577128774,0.019934859867118845,-0.1605380109166817,-0.08239336023757585,1,0.07814465067910586
-0.03351621117939378,0.018495949539430196,-0.17791907227667697,-0.1054149500821106,1,0.07250412219456637
-0.010338250726398768,0.017757893903055783,-0.1532945227763881,-0.08368357867640944,1,0.06961094409997867
0.015773608709023793,0.019483508572255538,-0.13056486809259707,-0.054189514489355356,1,0.07637535360324171
0.021086266815707355,0.018804694439936712,-0.12392173428656861,-0.05020733208201669,1,0.07371440220455192
-0.01237338041999575,0.018078573917138907,-0.155958185297588,-0.0850901755424035,1,0.07086800975518451
0.012363866576137333,0.02005049881183904,-0.13508591109506718,-0.05648795575265815,1,0.07859795534240903
-0.011754411143900634,0.018526523561002203,-0.15621719732346495,-0.08359322496433633,1,0.07262397235912862
0.011153673503411787,0.019695048932650193,-0.1355994224045826,-0.05839483058859384,1,0.07720459181598874
0.005891264897834994,0.020709670216325683,-0.14285048872616335,-0.06166858147816667,1,0.08118190724799668
-0.02595371342020643,0.019579294304020195,-0.17247993025608602,-0.09572909658432685,1,0.07675083367175917
0.00699934565409939,0.019510375321780817,-0.13939178997659102,-0.06291111871521021,1,0.0764806712613808
-0.037438688775924114,0.020895425869832562,-0.18654452348079595,-0.10463445407105229,1,0.08191006940974366
0.03308043528318662,0.02214829557218018,-0.11848102403828653,-0.031659705395340236,1,0.08682131864294629
-0.030620055693241208,0.01965753095508752,-0.17729961636521274,-0.10024209502126968,1,0.07705752134394306
-0.027935546268988712,0.019696604813598428,-0.17469169170364163,-0.09748100083433581,1,0.07721069086930582
-0.003084985227216938,0.0187124620907051,-0.14791221092499893,-0.07455935952943496,1,0.07335285139556397
-0.0023161869066312124,0.018315688609610883,-0.14636573658146856,-0.07456823723179389,1,0.07179749934967468
0.0014986525366400133,0.019068297411080643,-0.14402601038907806,-0.06927828453764193,1,0.07474772585143613
-0.0046751016413461854,0.018683641525912748,-0.14944583903213518,-0.0762059642505572,1,0.07323987478157798
0.014082907809729178,0.02330715816148951,-0.13974992218679028,-0.048385862193751385,1,0.0913640599930389
-0.04822291431018873,0.01764232318840928,-0.19095266775947092,-0.12179476086090654,0,0.06915790689856438
-0.018077083406748837,0.017221655638276125,-0.15998232845777005,-0.09247343835572763,1,0.06750889010204242
0.029368620656568478,0.019343358708360032,-0.11669516241181718,-0.040869196275045865,1,0.07582596613677131
-0.018485860993410777,0.01869840233629723,-0.16328552957255335,-0.08998779241426821,1,0.07329773715828514
-0.045652112387670044,0.016395062072856723,-0.18593723405046922,-0.12166859072487088,0,0.06426864332559834
-0.020454467951401586,0.01845765837115997,-0.16478227835887513,-0.09242825754392806,1,0.07235402081494707
0.012013627265755611,0.024178866574687742,-0.14352775122063238,-0.04874659424785642,1,0.09478115697277596
0.035889992916252306,0.018471837692018996,-0.10846560896010493,-0.03605600520739047,1,0.07240960375271446
-0.0072514009550191105,0.020344898797604285,-0.1552782025983235,-0.07552619931171473,1,0.07975200328660878
0.0019068671312525154,0.019591339547840692,-0.14464295838251523,-0.06784490735497974,1,0.0767980510275355
0.010833274835818238,0.018347423889721076,-0.13327847598803508,-0.06135657434032846,1,0.07192190164770662
0.0006171282668983036,0.02009395757627574,-0.14691782858260216,-0.06814951488360124,1,0.07876831369900092
-0.02761510841149538,0.018787930844057756,-0.1725902528658486,-0.09894156395714218,1,0.0736486889087064
-0.04982902445822186,0.018891505844846942,-0.19500717591412187,-0.12095247300232187,0,0.0740547029118
0.04488798478484046,0.020786946695319407,-0.10400523073798558,-0.022520399692333506,0,0.08148483104565207
0.016457769307936493,0.02136111916204509,-0.1335608242496719,-0.049825237134455136,1,0.08373558711521675
-0.009568838189864134,0.019176888271983574,-0.15530633920295195,-0.08013293717677633,1,0.07517340202617562
-0.001445130853781132,0.019779216080761167,-0.14836319437207302,-0.07082866733548926,1,0.07753452703658376
0.05458550770328247,0.020589313555199728,-0.093920346864909,-0.013210237728526066,0,0.08071010913638293
-0.005553097606317267,0.01957370631678432,-0.15206836198721455,-0.07533943322542,1,0.07672892876179455
-0.039854492439552955,0.018485590628847064,-0.1842370500720932,-0.11177353480701271,0,0.07246351526508049
0.009151545768796551,0.02013286556903501,-0.13845967074651208,-0.059538837715894834,1,0.07892083303061725
-0.010155872015803119,0.01737254677171474,-0.152356863688364,-0.08425648034324223,1,0.06810038334512178
-0.01048707239405898,0.018325130270964093,-0.15455512772514862,-0.08272061706296936,1,0.07183451066217926
-0.02229687611038135,0.024823496308928713,-0.17910172887588163,-0.08179362334488108,1,0.09730810553100055
-0.0034647412345383682,0.01917916961089542,-0.1492067136718934,-0.07402436879718335,1,0.07518234487471004
0.02174995169590052,0.019050875704123667,-0.12374056468418188,-0.0490611319240171,1,0.07467943276016478
-0.004010178310497964,0.01887635454225996,-0.1491586332133275,-0.07516332340766844,1,0.07399530980565906
0.011575497692129316,0.019613156324130326,-0.13501708870316614,-0.05813351591257525,1,0.0768835727905909
-0.011032214969732418,0.019013700042363125,-0.15644986705276415,-0.0819161628867007,1,0.07453370416606345
-0.00326378696338403,0.019993618800889682,-0.15060207981312781,-0.07222709411364026,1,0.07837498569948756
-0.019496718001062605,0.02018700325987432,-0.16721404439041626,-0.08808099161170894,1,0.07913305277870732
0.007381755230713952,0.019746291608777316,-0.13947177632248958,-0.06206631321608252,1,0.07740546310640706
0.001963348635372175,0.018557802174573628,-0.14256074362679214,-0.06981415910246352,1,0.07274658452432861
0.0037926471276834156,0.01801789312380275,-0.13967322339497,-0.06904308234966319,1,0.0706301410453068
0.03936405137966412,0.021334722315087158,-0.11060280435790672,-0.02697069288276506,1,0.08363211147514166
-0.015497541480711599,0.018877362940212236,-0.16064797284352758,-0.08664871011789563,1,0.07399926272563195
0.004954891927638871,0.018646506866682788,-0.1397430615310594,-0.06664875461366288,1,0.07309430691739652
-0.004356295686889972,0.01763074000694102,-0.14706334610049437,-0.07795084527328558,1,0.0691125008272088
0.033987992540005965,0.020994324252206615,-0.11531168299431901,-0.03301393192566907,1,0.08229775106864995
0.03585606372845243,0.020451402016430236,-0.11237948422375084,-0.03220998831934431,1,0.08016949590440653
0.011947393867365083,0.030834891022647578,-0.15663979253702418,-0.03576701972824567,1,0.1208727728087785
-0.027087950137101427,0.018622003251654116,-0.1717378765103435,-0.09873962376385936,1,0.07299825274648414
-0.008740789548929082,0.018383717283226964,-0.15292367542405394,-0.08085950367380423,1,0.0720641717502497
-0.009338943187620907,0.01857129957580979,-0.1538894903562081,-0.08108999601903372,1,0.07279949433717439
0.005105126171728425,0.02032305582490865,-0.14287886324509252,-0.06321248441145062,1,0.0796663788336419
-0.01900848198197165,0.019011831259597375,-0.16442247125078252,-0.0898960927131608,1,0.07452637853762172
0.020008058486297803,0.021724328803113122,-0.13072242596780392,-0.04556305705960048,1,0.08515936890820344
0.023853961681832764,0.02046472222966144,-0.12440769388830367,-0.044185982748030816,1,0.08022171114027285
0.0041076973317376725,0.021434767724239093,-0.14605524740777096,-0.06203095792875371,1,0.08402428947901724
0.001484989800864811,0.018815749656380467,-0.1435446795256409,-0.06978694087262949,1,0.07375773865301141
0.039819971334350376,0.021087128263476813,-0.10966160006206419,-0.027000057269235073,1,0.08266154279282911
-0.02034728778883209,0.018483938209323664,-0.1647266066791065,-0.09226956889855771,1,0.07245703778054878
0.0074680955632062535,0.01855089164382293,-0.1370424520586867,-0.06432295681490081,1,0.07271949524378589
-0.016587421504276556,0.018863154073869633,-0.16171000348906103,-0.08776643951949209,1,0.07394356396956894
-0.022264480005341578,0.018040307946681294,-0.16577428358083693,-0.09505627642984624,1,0.07071800715099069
-7.761318001651973e-05,0.018337056524147723,-0.14416904396734606,-0.07228778239268699,1,0.07188126157465907
0.0029158453354053843,0.018492001611267652,-0.14147927782267922,-0.06899063150651003,1,0.07248864631616919
0.03484287429157444,0.02108015094696341,-0.11462502156447385,-0.031990829852377285,1,0.08263419171209657
-0.0017551544527393548,0.019934221773619552,-0.14897702912903368,-0.07083487977644504,1,0.07814214935258865
-0.007204615678059703,0.02059118652493167,-0.1557141412669258,-0.07499669008919363,1,0.08071745117773216
-0.014328870496555665,0.017538824999376777,-0.15685576749533414,-0.08810357349777719,1,0.06875219399755696
0.04044466121759231,0.019740213032102768,-0.10639695632532911,-0.029015321239486268,0,0.07738163508584284
-0.0042591560324030525,0.01798093150850515,-0.14765258178907315,-0.07716733027573297,1,0.07048525151334017
-0.013208790670746054,0.019998128114840332,-0.1605559217758331,-0.08216325956565901,1,0.0783926622101741
-0.005682881094717748,0.019058387926032157,-0.15118812142974078,-0.07647924075969473,1,0.07470888067004605
-0.029705921884106992,0.01694375904490729,-0.17106648961212528,-0.10464695415608871,1,0.06641953545603657
0.005151088659468048,0.019421792711105144,-0.14106642505429803,-0.06493299762676588,1,0.07613342742753215
-0.021443200419259553,0.017830960028378806,-0.164542682074882,-0.0946453187636371,1,0.06989736331124491
-0.03361866913001445,0.017506645898260058,-0.17608249509060417,-0.10745644316942474,1,0.06862605192117943
-0.003829023271547549,0.01901325716028598,-0.14924580730570808,-0.07471383923738703,1,0.07453196806832105
-0.028187678674974667,0.01848109325826575,-0.17256142146117553,-0.10011553588877381,1,0.07244588557240172
-0.01900487326291643,0.018890915016289193,-0.16418186669484325,-0.09012947983098962,1,0.07405238686385363
0.018108070301464663,0.021915324281812483,-0.1329967652908878,-0.047088694106182875,1,0.08590807118470492
0.005086298655865976,0.019554182867326582,-0.14139069976409413,-0.06473830292417393,1,0.0766523968399202
-0.03115625509470081,0.017097876382159496,-0.17281889280373341,-0.1057952173856682,1,0.06702367541806521
0.006382279954134026,0.019401342981459173,-0.13979515228952596,-0.063741887802206,1,0.07605326448731997
0.007707828213418033,0.020875294666952485,-0.14135854933380884,-0.0595273942393551,1,0.08183115509445374
0.031043564307186328,0.02153537479956607,-0.11931657029996318,-0.034897901085664186,1,0.084418669214299
-0.006452091034532523,0.020769635412711134,-0.15531137644344634,-0.0738944056256187,1,0.08141697081782763
0.003993348862700835,0.02245777295198513,-0.14817468612319,-0.06014021615140831,1,0.0880344699717817
-0.0077856378455935515,0.019416896792680636,-0.1539935555592476,-0.07787932013193952,1,0.07611423542730808
-0.025952682338761898,0.01900789358870992,-0.17135895377263335,-0.09684801090489045,1,0.0745109428677429
0.007574186769419428,0.01814138253322213,-0.13613372299569595,-0.0650195034654652,1,0.07111421953023075
0.0016203647153420209,0.01987388567474333,-0.1454832512071549,-0.06757761936216106,1,0.07790563184499386
-0.03336869216126771,0.01759395730706929,-0.17600364848312353,-0.10703533583941191,1,0.06896831264371162
0.05107336653852659,0.020678372900431553,-0.09760704434631925,-0.01654782257662757,0,0.08105922176969169
-0.016392354523524583,0.018007231543314885,-0.15983732834842176,-0.08924898069862741,1,0.07058834764979435
0.020195717100045335,0.020558074324849192,-0.12824890857665908,-0.04766125722325026,1,0.08058765135340881
-0.02376910394330757,0.019477295898331772,-0.17009540390403785,-0.0937444039825773,1,0.07635099992146055
0.04139038529513353,0.02355224654612247,-0.11292281793526651,-0.020598011474466438,1,0.09232480646080007
0.005662972994034066,0.0194078618151874,-0.14052723616373325,-0.06444841784819863,1,0.07607881831553462
0.006687190211460761,0.019681456520210156,-0.14003926456815113,-0.06288795500892734,1,0.0771513095592238
-0.0026205614747083633,0.01734130592530024,-0.14476032108829684,-0.0767824018611199,1,0.06797791922717694
-0.026813402695002472,0.01824432344192356,-0.17072307664117264,-0.0992053287488323,1,0.07151774789234035
0.0009161828469038125,0.02249847027067951,-0.15133161888362803,-0.06313761542256435,1,0.08819400346106368
0.012037923956504909,0.01936963033655577,-0.1340773515031444,-0.05814840058384579,1,0.0759289509192986
-0.0035093787486180916,0.021775392562079082,-0.1543399481702931,-0.0689804093269431,1,0.08535953884334999
-0.02170122852885302,0.01923218647073541,-0.1675471140114944,-0.09215694304621162,1,0.07539017096528279
-0.0011249147297099499,0.019451354204851747,-0.1474003689712194,-0.07115106048820052,1,0.07624930848301886
0.02297416509654797,0.019163021136924453,-0.12273615633182397,-0.04761711347508011,1,0.07511904285674387
0.024788056989884136,0.01861055679265705,-0.11983943432372368,-0.04688605169650805,1,0.07295338262721562
-0.0011606111302108618,0.018474686563603435,-0.1455217967948736,-0.07310102546554814,1,0.07242077132932545
-0.01572493823209445,0.019151072865743003,-0.16141184104895073,-0.08633963541523818,1,0.07507220563371256
-0.0223079066477926,0.01766742045227896,-0.16508685073425938,-0.09583056256132584,1,0.06925628817293354
0.010867541537925032,0.02093235900900162,-0.13831068211971814,-0.0562558348044318,1,0.08205484731528634
0.016279815157647287,0.019614674387870446,-0.13031574664257878,-0.053426223042126644,1,0.07688952360045213
-0.002975109869711612,0.019197904956283623,-0.1487538035840275,-0.07349801615539572,1,0.07525578742863179
0.004761606521657691,0.019631319142181313,-0.14186657899701768,-0.06491180795966695,1,0.07695477103735074
0.02352439579076307,0.02071522993501483,-0.125228254881866,-0.04402455353660787,1,0.08120370134525814
0.0035417785549850256,0.019609184383262618,-0.1430430228362097,-0.06617502005382025,1,0.07686800278238945
0.019532906101408426,0.019299715631750595,-0.12644533653682274,-0.050790451260360414,1,0.07565488527646233
0.0012603571553706505,0.019350275489514398,-0.14481698280407757,-0.06896390288518114,1,0.07585307991889642
-0.007313933489757313,0.01714625486931707,-0.14907139303361877,-0.08185807394589587,1,0.0672133190877229
-0.03233463013852174,0.018058438622576608,-0.1758799698387719,-0.10509089043827159,1,0.07078907940050032
0.008590980231499692,0.020179297495290058,-0.13911124285926882,-0.0600083966777318,1,0.07910284618153701
-0.004875555653262517,0.01813019892855923,-0.1485615455532386,-0.07749116575328643,1,0.07107037979995218
0.01934929358963658,0.019582159886620806,-0.1271825397881402,-0.05042047303258665,1,0.07676206675555355
-0.023835923879436324,0.020109089947569412,-0.1714005401766724,-0.09257290758220028,1,0.0788276325944721
0.013237437646628228,0.020005867456016107,-0.13412486256716336,-0.055701862139580206,1,0.07842300042758316
0.012989726185017467,0.02913062698512552,-0.15225710270582854,-0.038065044924136524,1,0.11419205778169202
0.035854459581057235,0.020750066497320082,-0.11296647075369012,-0.03162621008419541,1,0.08134026066949471
0.024309618283941514,0.019384113557803017,-0.1218340442893524,-0.045848319142764576,1,0.07598572514658783
-0.00040475883452180395,0.019269099358814774,-0.14632299357779877,-0.07078812409124485,1,0.07553486948655391
0.024659494282295538,0.019824747967991718,-0.12234781173496823,-0.0446347997004407,1,0.07771301203452752
-0.05471476805759705,0.01930928630422903,-0.20071176921388595,-0.12501936690130816,0,0.07569240231257779
-0.018308882229617504,0.02046689005888891,-0.16657478674503978,-0.08634457771419525,1,0.08023020903084453
0.002233099560649973,0.01942074797435626,-0.1439823664690883,-0.06785303440961177,1,0.07612933205947653
-0.01339157836036925,0.019840868188340913,-0.16043048000951743,-0.08265427671122107,1,0.07777620329829636
-0.012872052768186676,0.01960066733659676,-0.15944016074791634,-0.08260554478845702,1,0.07683461595945931
0.040394922916946754,0.01894460932029965,-0.10488731135084056,-0.03062444281526594,0,0.07426286853557462
0.02702063988063022,0.02137822404971036,-0.12303147925680208,-0.039228840981937484,1,0.08380263827486459
0.02250711106418983,0.02692744464814398,-0.13842148044617236,-0.032865897425447974,1,0.10555558302072439
-0.03099728113612736,0.016216176481705515,-0.17093178704027018,-0.10736437523198455,1,0.06356741180828562
0.011259143596746068,0.02440216572882169,-0.14471990123174444,-0.049063411574763426,1,0.09565648965698101
0.015524201807719448,0.021962793269693748,-0.1356736730008803,-0.04957952338368081,1,0.08609414961719948
-0.002981234550564066,0.01844032820443265,-0.14727507783125207,-0.07498899126987607,1,0.072286086561376
-0.012424240371794557,0.01821012788787096,-0.15626689103202163,-0.08488318971156748,1,0.07138370132045414
-0.02456518099046244,0.018729688038343816,-0.16942616954561632,-0.09600579243530857,1,0.07342037711030774
-0.022675580898770822,0.0192134404260544,-0.16848472413383744,-0.09316803766370421,1,0.07531668647013323
0.0007740317764427934,0.02335426508170128,-0.15315112778369172,-0.0616024086634227,1,0.09154871912026902
0.007809235445201887,0.018533002489706782,-0.1366662494346234,-0.06401687967497283,1,0.07264936975965058
-0.00640720873223935,0.01840177164780847,-0.15062548116194396,-0.07849053630253475,1,0.07213494485940922
0.00598958330604793,0.023107329054791684,-0.14745158164134378,-0.056870851746560376,1,0.09058072989478341
0.02115425267965476,0.0194944587799218,-0.12520568652899197,-0.048787408111698516,1,0.07641827841729346
0.014239433838230911,0.01866114374763408,-0.1304872079071319,-0.0573355244164063,1,0.0731516834907256
-0.00886238047777324,0.02128791931764598,-0.15873750234035938,-0.07528885861518712,1,0.08344864372517226
0.006442079568218295,0.019578128110820055,-0.14008185152898903,-0.0633355893345744,1,0.07674626219441463
-0.0038076526837526187,0.019018204408059423,-0.1492341333235491,-0.07468277204395615,1,0.07455136127959294
0.0305325041070921,0.021047982860427274,-0.11887234229934536,-0.03636424948647045,1,0.08250809281287491
0.035919303563393165,0.020654465993200324,-0.11271424978327949,-0.0317487430899342,1,0.08096550669334529
-0.00896088536926698,0.019335439672907098,-0.15500914712816488,-0.07921422361036908,1,0.0757949235177958
-0.014611626525056653,0.030102119528302627,-0.18176258080052982,-0.0637622722495835,1,0.11800030855094631
-0.007233821178033173,0.019933527953860917,-0.15445433596760058,-0.07631490638846578,1,0.0781394295791348
-0.024859009864079504,0.01858557943978483,-0.16943754556605778,-0.09658207416210124,1,0.07285547140395654
-0.05923941583650995,0.019806868219806796,-0.20621167754733127,-0.12856875412568863,0,0.07764292342164264
-0.03014085703818413,0.021504899955417944,-0.18044126095080332,-0.09614205312556497,1,0.08429920782523835
0.014445267110604662,0.019400280159436057,-0.13173008200189001,-0.05568098377690067,1,0.07604909822498934
0.04547253335004087,0.020320305802092032,-0.10250606602205953,-0.022850467277858756,0,0.07965559874420078
-0.01411260439512338,0.018314446717526543,-0.1581597199614754,-0.08636708882877137,1,0.07179263113270404
-0.0005478470531820601,0.020512065180838136,-0.14890229480762482,-0.06849499929873931,1,0.0804072955088855
0.003921395001337341,0.02059152384821514,-0.14458879174116435,-0.06387001825616098,1,0.08071877348500336
-0.029613773237396654,0.0188514742255378,-0.17471346271945076,-0.10081568375534257,1,0.0738977789641082
0.004709659485006526,0.01911199166044147,-0.14090064416945874,-0.0659816368605282,1,0.07491900730893054
0.008643584418671343,0.020380322803938426,-0.13945264827704798,-0.05956178288560935,1,0.07989086539143864
0.02518419380903364,0.02245089231999572,-0.12697035513815796,-0.038962857243774754,1,0.08800749789438321
-0.018693987523468,0.01879311750471779,-0.16367929783271487,-0.09001027721422114,1,0.07366902061849373
0.012224852838087524,0.019183935366978128,-0.1335264604811896,-0.05832543384263535,1,0.07520102663855424
0.022057290562344706,0.019187856673863118,-0.12370170851842702,-0.04848531035688359,1,0.07521639816154344
-0.011501646170394259,0.017971624311574164,-0.15487682982107964,-0.0844280625197089,1,0.07044876730137074
0.02161400080922278,0.019743125465273563,-0.1252333251027134,-0.04784027327884104,1,0.07739305182387235
0.02113481241770926,0.019826260261424374,-0.1258754576946825,-0.04815651746989898,1,0.07771894022478353
0.010049686291143708,0.02522853035312818,-0.14754903320098753,-0.048653194216725065,1,0.09889583898426246
-0.006444433218570092,0.019825725143586763,-0.15345365450000015,-0.07573681193714005,1,0.0777168425628601
-0.003921779290283339,0.01949542468492228,-0.15028361167273102,-0.07386154690783567,1,0.07642206476489535
-0.00758709062836474,0.018233776303862317,-0.15147609218393487,-0.0799996890727946,1,0.07147640311114027
-0.007614650904026729,0.019063037420770833,-0.15312900424873757,-0.0784018975593159,1,0.07472710668942167
-0.007882784104986204,0.01815052676371212,-0.15160861656186198,-0.08045855164811044,1,0.07115006491375153
0.015028920053799091,0.02037605763774125,-0.13305895291617376,-0.053184806976228065,1,0.07987414593994568
-0.008150011283011474,0.02038823273502396,-0.15626174744365845,-0.07633987512236451,1,0.07992187232129394
0.03399463792332197,0.019892839527029433,-0.11314612754965572,-0.03516619660370035,1,0.07797993094595537
0.02328186733004775,0.022261163866041336,-0.12850081384739326,-0.04123705149251124,1,0.08726376235488202
-0.01976332819515718,0.019125351249796113,-0.16539981664475756,-0.09042843974555681,1,0.07497137689920075
0.021016708899835784,0.019935049108253056,-0.1262067873523402,-0.048061394847988236,1,0.07814539250435196
0.006210939567309545,0.019422326329143258,-0.14000762003781125,-0.06387210082756967,1,0.07613551921024159
-0.003429654194987017,0.018354348972698116,-0.14755497818147534,-0.0756059302084987,1,0.07194904797297663
0.01457945469644073,0.01873927825170733,-0.13030033067690563,-0.05684235993021291,1,0.07345797074669272
0.0021838787413062805,0.017204130572812407,-0.13968701718140603,-0.07224682533598141,1,0.06744019184542462
-0.021762564956363847,0.02685133698563655,-0.18254198544821149,-0.07728474446451622,1,0.10525724098369527
0.0029821160223741927,0.020423420380505545,-0.14519858792341667,-0.06513878003183494,1,0.08005980789158172
0.003659297537666098,0.019968775295511804,-0.14363030204153704,-0.06535270288313078,1,0.07827759915840626
0.026604269742282513,0.021436726742958587,-0.12356251467391632,-0.03953054584151866,1,0.08403196883239766
-0.005526177410943939,0.01787264077504852,-0.14870735333003904,-0.07864660149184885,1,0.07006075183819019
0.01385656974949255,0.01836726775961573,-0.13029407505935428,-0.05829438544166062,1,0.07199968961769365
-0.015119725924235175,0.022777727581563722,-0.16791487198410007,-0.07862617986437029,1,0.08928869211972978
-0.027181172757157132,0.017701099403021486,-0.17002612758707925,-0.10063781792723503,1,0.06938830965984422
0.014948705503793916,0.018842240093395208,-0.13013288507926069,-0.05627130391315148,1,0.0738615811661092
-0.0033652122982485294,0.01950273894071901,-0.1497413806220578,-0.07329064397443927,1,0.07645073664761853
-0.025892031044075628,0.017643307533010796,-0.16862371380877678,-0.09946194827937448,1,0.0691617655294023
0.011018133201335878,0.01890213795780882,-0.13418085719596942,-0.06008447640135884,1,0.07409638079461059
0.011391426750888112,0.020908193706873215,-0.1377394329145834,-0.05577931358364039,1,0.08196011933094302
-0.0015436103987528926,0.02242129245302526,-0.1536401436066824,-0.06574867719082339,1,0.08789146641585902
-0.003743168242748951,0.020106237152862104,-0.15130219306235868,-0.07248574342313924,1,0.07881644963921944
0.003291485145333048,0.018059957457381204,-0.1402568314711341,-0.0694617982381998,1,0.0707950332329343
-0.038519029631059284,0.018169033965865024,-0.18228113620415473,-0.11105852305796385,0,0.07122261314619088
-0.03137992634605853,0.018155229193042112,-0.17511497556442107,-0.103946477127696,1,0.07116849843672507
0.017025107911839088,0.018942739595152278,-0.1282534616946594,-0.05399792248166245,1,0.07425553921299695
0.007361648051312994,0.018301474849697213,-0.13666004265409354,-0.06491826124328047,1,0.07174178141081307
-0.008657832884375244,0.01768138162364613,-0.15146414086672166,-0.08215312490202883,1,0.06931101596469283
0.0023004622998120533,0.01861267096340078,-0.14233117278845347,-0.06936950261192243,1,0.07296167017653105
0.01005992678047532,0.01843405622559716,-0.1342216234216951,-0.061960123017354256,1,0.07226150040434084
0.009075949754944607,0.01960786174021517,-0.13750625925587712,-0.060643441234233667,1,0.07686281802164345
-0.021666555528346218,0.01679311961345515,-0.1627318699707183,-0.09690284108597413,1,0.06582902888474418
0.036218517366177594,0.026254021454231367,-0.1233901646841159,-0.02047440058352893,1,0.10291576410058698
-0.0056968205969112895,0.01871644270064897,-0.1505318482901833,-0.07716339290363931,1,0.07336845538654398
0.04099516360888168,0.021441108584040216,-0.10918020921583715,-0.0251310635663995,1,0.08404914564943766
0.014916594138110625,0.027176278579580947,-0.14649971187786803,-0.03996869984591073,1,0.1065310120319573
0.0077243022961951124,0.01847204587530037,-0.1366317076193936,-0.06422128778821617,1,0.07241041983117744
-0.006986081928706117,0.018601878924811063,-0.1515965646213358,-0.07867719923607644,1,0.07291936538525937
0.02824194530891988,0.01900563789917764,-0.1171599049734683,-0.04265780440869195,1,0.07450210056477635
0.011118727486337548,0.019197929871519505,-0.1346600150618407,-0.05940412996548423,1,0.07525588509635647
0.03315810177877945,0.020886683339100154,-0.11593059756585686,-0.034054798876584254,1,0.08187579868927261
0.012427482062766407,0.020843776332958884,-0.136577119549833,-0.05486951632463419,1,0.08170760322519882
-0.03970530771509155,0.017291306065935843,-0.1817470676043258,-0.1139651478258573,0,0.0677819197784685
-0.022853358373974356,0.019105478202104457,-0.1684508956500991,-0.09355742109784962,1,0.07489347455224948
-0.022364720364482157,0.018485138764890375,-0.16674639234366728,-0.09428464838529703,1,0.07246174395837025
-0.0030725084188991947,0.018523362437981507,-0.14752909879734294,-0.07491751804045545,1,0.07261158075688749
-0.0128960832431336,0.018116666046273953,-0.15655554869383054,-0.08553821779243666,1,0.07101733090139388
0.002351987645873299,0.018974022300704697,-0.14298789606350792,-0.0686097286447455,1,0.07437816741876242
-0.002998323272546413,0.02287453775550418,-0.1559832172733346,-0.06631502927175822,1,0.08966818800157639
0.028309521603054916,0.017350351997241685,-0.11384796831153879,-0.04583458848235139,1,0.0680133798291874
-0.005525489202052439,0.017294315998143527,-0.14757314855841375,-0.07977942984569114,1,0.0677937187127226
-0.022002024184764032,0.018850352000873715,-0.16709951410647653,-0.09320613426305155,1,0.07389337984342498
-0.01662020642818121,0.019490575004525425,-0.16297253343705104,-0.08656947941931138,1,0.07640305401773965
0.02095209746890532,0.023466331223793463,-0.13319271172972988,-0.0412046933324595,1,0.09198801839727039
0.011409734241249941,0.02147492070741076,-0.13883191034527514,-0.054650221172224976,1,0.08418168917305016
-0.02008556591956369,0.017739422094909404,-0.16300563322558612,-0.09346709861354127,1,0.06953853461204484
0.022042594489601053,0.020239730547781876,-0.12577807738405145,-0.04643833363674647,1,0.07933974374730497
0.02340896150984098,0.021453520664018604,-0.12679073899163548,-0.04269293798868256,1,0.08409780100295292
-0.02934110871467506,0.018309915424088462,-0.17337934294588844,-0.10160447448346169,1,0.07177486846242676
-0.011500109190452842,0.018372120674659792,-0.15566026571278604,-0.08364155266811965,1,0.0720187130446664
-0.029148739332046522,0.01857865009199852,-0.17371369351236363,-0.10088538515172943,1,0.0728283083606342
-0.0026917018139063498,0.018458447077721835,-0.14702105808624116,-0.07466394554157156,1,0.0723571125446696
0.014981286735610305,0.020167766193194325,-0.13269833500305056,-0.053640691525728826,1,0.07905764347732173
0.019588595752588978,0.019630643158666458,-0.12703826483839728,-0.05008614365642477,1,0.0769521211819725
-0.025123701437175447,0.017530856497168124,-0.16763498017162498,-0.09891402270272592,1,0.06872095746889906
-0.009052736997926289,0.01856498675846047,-0.1535909110445088,-0.08081616295134378,1,0.07277474809316503
0.015905662850114674,0.020756420922582595,-0.13292772215814722,-0.05156255214162345,1,0.08136517001652377
0.008986736918830687,0.021603346946056628,-0.14150662309544032,-0.05682150306689833,1,0.08468512002854199
-0.011255046578647052,0.017015066680105922,-0.15275537727165467,-0.08605631588563945,1,0.06669906138601522
-0.04248646697093632,0.020423115482420075,-0.19066657331647968,-0.11060796062539298,0,0.0800586126910867
-0.017047267807076258,0.018074041744208926,-0.16062318962572575,-0.08977294598842678,1,0.07085024363729897
0.006767407566477132,0.019253329888183592,-0.13911991901436271,-0.06364686585268303,1,0.07547305316167968
0.0119565505898859,0.019492374303881656,-0.13439930304572215,-0.05798919577450606,1,0.07641010727121608
-0.0026397348067053877,0.018992213146108276,-0.14801527257307762,-0.07356579704033317,1,0.07444947553274445
0.024221457832886747,0.018750701061333825,-0.12068071624732755,-0.04717796808689896,1,0.0735027481604286
0.023014936433586874,0.018888251446719694,-0.12215683640198373,-0.04811489073084253,1,0.0740419456711412
-0.02669063637497658,0.019778982847769234,-0.17360824275660428,-0.0960746299933489,1,0.07753361276325538
-0.02042788782586087,0.019850205846647043,-0.16748509128528907,-0.08967228436643268,1,0.07781280691885639
0.008562657739118837,0.020821518615090226,-0.140398318746458,-0.05877796577530433,1,0.08162035297115366
-0.013023063392866407,0.01796223114043336,-0.15637983642811581,-0.08596789035761702,1,0.07041194607049879
-0.010682552822974423,0.021523285733516907,-0.16101899286066756,-0.07664771278528129,1,0.08437128007538627
-0.017460424532655935,0.017818416788485888,-0.1605353214380883,-0.0906871276272236,1,0.0698481938108647
-0.035705895387213735,0.01760187149416673,-0.17835636351578055,-0.10935702725864695,0,0.0689993362571336
0.025328393850329478,0.02100129913522874,-0.12398495245471886,-0.0416598598446222,1,0.08232509261009666
0.0019840225523573007,0.019954840095896834,-0.1452782640356005,-0.06705529085968491,1,0.0782229731759156
-0.008385116292729172,0.019871157100681706,-0.15548338421006533,-0.07758844837539303,1,0.0778949358346723
0.04556350754743485,0.03137743798602959,-0.12408707090518314,-0.001087513999947158,1,0.12299955690523598
0.03554573205002126,0.028355902346349306,-0.1281826365488234,-0.017027499351134102,1,0.1111551371976893
0.015212506702039594,0.02038190787365512,-0.13288683273032445,-0.05298975386559637,1,0.07989707886472808
0.023825680364300633,0.02040956095972477,-0.12432785911675992,-0.044322380154638824,1,0.0800054789621211
0.008587155780077224,0.020877577608012288,-0.14048369633162686,-0.0586435921082187,1,0.08184010422340815
-0.010147352027362097,0.02085860711846194,-0.1591810219795475,-0.0774152820751767,1,0.0817657399043708
-0.00279958763492269,0.019025401673782007,-0.14824017491553543,-0.07366060035430996,1,0.07457957456122546
-0.006122674711130718,0.01895507092191737,-0.15142541371808876,-0.07712153570417268,1,0.07430387801391608
0.00017866352367340577,0.020189465308684627,-0.14754348848134846,-0.06840078447130474,1,0.07914270401004372
-0.04734034975297939,0.018512988527679505,-0.19177660726723122,-0.11920569223872757,0,0.07257091502850366
-0.011591028934422265,0.02053538786435315,-0.15999118914855445,-0.07949246872029009,1,0.08049872042826436
0.030375790315000664,0.02063934129670975,-0.11822811862655044,-0.03732190074344823,1,0.0809062178831022
-0.001685952749300737,0.019458391112414465,-0.1479751993296331,-0.07169830616896838,1,0.07627689316066472
-0.006469374697747596,0.01857462215314756,-0.15102643411791683,-0.07821391527757839,1,0.07281251884033844
-0.027797756322318082,0.019048881542252764,-0.1732843641451335,-0.09861274849950266,1,0.07467161564563085
0.002357847248341996,0.019912129679183342,-0.14482072692285736,-0.06676517858045866,1,0.0780555483423987
-0.021858024484194202,0.01745940150463786,-0.1642292514332844,-0.09578839753510401,1,0.06844085389818039
-0.018061358820906523,0.01818312681773921,-0.16185108738367537,-0.09057323025813768,1,0.07127785712553769
0.010964957124275282,0.01895909203228459,-0.13434566325900252,-0.06002602249244693,1,0.07431964076655559
-0.0060726214879479185,0.016898238511201834,-0.1473439689699035,-0.08110287400599234,1,0.06624109496391117
-0.010433989163227395,0.0196381944640361,-0.15707565031273815,-0.08009392801371665,1,0.0769817222990215
-0.001966726515212444,0.018274919433141523,-0.14593636860416984,-0.07429868442625506,1,0.07163768417791477
-0.020958245328735955,0.016652900032134904,-0.16174872939172036,-0.09646936126575155,1,0.06527936812596881
0.00040757324119373994,0.020227792340005282,-0.14738969974521662,-0.06809675377239591,1,0.07929294597282072
0.030553678831425637,0.024515651821671744,-0.125647798739051,-0.02954644359809775,1,0.09610135514095325
-0.007699331714669688,0.020266617590529702,-0.1555727021921079,-0.07612756123723148,1,0.07944514095487641
-0.006639919556460691,0.020025272789365896,-0.15404025422361783,-0.07554118488930354,1,0.07849906933431429
-0.028397868318650946,0.01868125815198032,-0.17316393429653237,-0.09993340234076953,1,0.07323053195576285
0.01618130220410846,0.020547391003767457,-0.13224238416327577,-0.05169661142850733,1,0.08054577273476844
0.002620779556479269,0.018190407116329032,-0.14118321839152564,-0.06987682249551583,1,0.07130639589600982
0.013994412883490667,0.017824976052201714,-0.1290933401788247,-0.05921943405419398,1,0.06987390612463074
0.0038789382180508813,0.021078656969438635,-0.14558602944204885,-0.0629576941218494,1,0.08262833532019945
-0.0012796139008772744,0.019555053399484223,-0.14775831856386634,-0.0711025092378882,1,0.07665580932597814
-0.0243204140751105,0.017505472641341203,-0.16678194045213926,-0.09816048769808175,1,0.06862145275405751
0.011954879843865035,0.02012314660474476,-0.1356372875014347,-0.056754552810835246,1,0.07888273469059945
0.0009324392039027907,0.018476957056234488,-0.14343319662631682,-0.07100352496587761,1,0.0724296716604392
0.01919079920761904,0.021728558399553528,-0.13154797525550588,-0.04637202632925605,1,0.08517594892624983
-0.013950332586231934,0.017638337066781706,-0.15667227323712407,-0.08752999193533981,1,0.06914228130178426
-0.0328289689044791,0.01780086611167756,-0.17586946648336713,-0.10609007132559109,1,0.06977939515777604
-0.0202940539104252,0.018965025770898612,-0.16561630442138647,-0.09127340339946392,1,0.07434290102192255
-0.024683823268295282,0.02434846787118888,-0.1805576202958255,-0.08511162624076508,1,0.09544599405506042
0.019084980137834884,0.020432089624367055,-0.12911271552592454,-0.04901892419840569,1,0.08009379132751884
-0.014465691095233255,0.01987913046412665,-0.1615795868049215,-0.08365339538554503,1,0.07792619141937646
-0.04925584585448696,0.017837368614216306,-0.19236788833835092,-0.12244540337062301,0,0.0699224849677279
-0.0031784200551945446,0.018476811600831016,-0.14754377079282333,-0.07511466931756576,1,0.07242910147525757
-0.02758077206774555,0.01890852259572365,-0.17279227635536393,-0.0986708677801272,1,0.07412140857523673
0.019589046488142692,0.018872995469471045,-0.12555282463202055,-0.051570682391694066,1,0.07398214224032648
-0.010864603665461103,0.01832199241558755,-0.1549265088000127,-0.0831042985309095,1,0.07182221026910321
0.008331014873290396,0.020399567687071872,-0.13980293779337047,-0.05983663246004874,1,0.07996630533332172
-0.01140629989872563,0.01843843634270226,-0.15569643513042208,-0.0834177646670292,1,0.07227867046339288
0.008574875038358715,0.02134804223844152,-0.14141808774898668,-0.05773376217429591,1,0.08368432557469077
-0.04140735506454819,0.017224423863567106,-0.18331802583713974,-0.11579828429195667,0,0.06751974154518307
0.01578785211930271,0.018779693461520742,-0.12917114706527794,-0.05555474869611664,1,0.0736163983691613
0.013268216740965164,0.019551237441023026,-0.13320300864343998,-0.05656215787462971,1,0.07664085076881028
0.014157930898155993,0.019587031496539564,-0.13238345083506156,-0.05560228736862647,1,0.0767811634664351
0.01811520749066174,0.01971595731173524,-0.12867886884033933,-0.05139231617833719,1,0.07728655266200213
4.125408206107073e-05,0.018355064463812316,-0.14408547226701107,-0.0721336195688668,1,0.07195185269814428
-0.009025750996877246,0.017561884397022647,-0.15159784441504165,-0.08275525757871285,1,0.0688425868363288
0.01588240444193105,0.01983884741036296,-0.13115253648238034,-0.05338425463375756,1,0.07776828184862278
0.004963237784130534,0.01866077993772071,-0.13976269089380206,-0.06661243353793689,1,0.07315025735586517
-0.04379029835441657,0.01938757755193831,-0.18994075035621566,-0.11394144635261749,0,0.07599930400359817
-0.009149705294427199,0.0188625174262373,-0.15427103944985232,-0.08032997113900209,1,0.07394106831085023
-0.0319838763099516,0.019310840753794037,-0.17798392418738793,-0.10228542843251529,1,0.07569849575487264
-0.019737399742704956,0.018745721571581553,-0.1646298140230048,-0.09114658546240512,1,0.07348322856059969
0.02705552783007592,0.022241160094474608,-0.12468794595509432,-0.03750259838475385,1,0.08718534757034047
-0.010156294782170311,0.019830095337019463,-0.15717408164272845,-0.07944010792161217,1,0.07773397372111628
0.016034816233524707,0.018773424628259067,-0.12891189603786307,-0.055320071495087525,1,0.07359182454277555
0.0023853716415293547,0.01664853544943424,-0.13839655783936175,-0.07313429887757955,1,0.0652622589617822
-0.016624642182369975,0.018323909407191367,-0.16069030462046507,-0.0888605797442749,1,0.07182972487619017
-0.022342472774296115,0.01838116475946291,-0.16652035570284343,-0.09446618984574881,1,0.07205416585709462
0.009350750903937569,0.020018736362670708,-0.13803677236689701,-0.05956332582522785,1,0.07847344654166916
0.0033301557746899246,0.0191750315620325,-0.1424037060868938,-0.06723758236372639,1,0.0751661237231674
0.037218425999409055,0.021515747549418974,-0.11310323919745213,-0.02876150880372976,1,0.08434173039372236
0.008176219950294217,0.01952016666693907,-0.13823410671690636,-0.061715053382505214,1,0.07651905333440115
-2.9391375109946716e-05,0.020328983589757592,-0.14802499921103485,-0.06833538353918507,1,0.07968961567184978
-0.02407581490614276,0.01819442144411662,-0.16788768093661133,-0.09656554887567419,1,0.07132213206093714
0.02798249786693359,0.02035268778468534,-0.12005957019104968,-0.04027703407508315,1,0.07978253611596653
0.05077715943272114,0.020582275563444715,-0.09771490067163051,-0.017032380462927224,0,0.08068252020870328
0.004411862895968038,0.019739482588627906,-0.14242832297774266,-0.06504955123032127,1,0.07737877174742139
-0.010068327353837572,0.01855653704965156,-0.15458993997115464,-0.08184831473652052,1,0.07274162523463412
0.005218358035482082,0.019236477359257174,-0.140635937588662,-0.06522894634037386,1,0.07540699124828813
-0.018911951364292343,0.01849799268642517,-0.16331881702968568,-0.09080668569889902,1,0.07251213133078666
-0.008356272288810113,0.020919457825184888,-0.15750920962617249,-0.07550493495144774,1,0.08200427467472475
-0.008543203989319181,0.019217947010708895,-0.1543611801303086,-0.07902682784832976,1,0.07533435228197885
-0.024467364859428756,0.017543210027210467,-0.16700285651276128,-0.09823347320609624,1,0.06876938330666504
-0.02599823133562794,0.01727451727119771,-0.16800708518717544,-0.10029097748408043,1,0.06771610770309501
-0.015592746250508105,0.021113666936712523,-0.16512633344646466,-0.08236075905455156,1,0.0827655743919131
-0.0023361735672241674,0.01835490113145605,-0.14646257978487803,-0.07451136734957031,1,0.07195121243530772
-0.006940258462504595,0.02229289422328925,-0.15878513114015153,-0.07139698578485767,1,0.08738814535529385
0.0017453946145534888,0.0195863082110393,-0.14479456947908353,-0.06801624129180948,1,0.07677832818727405
0.018571327718796715,0.0211422289195412,-0.13101824096350403,-0.04814070359890254,1,0.08287753736460149
-0.013559306988121814,0.018848664935140556,-0.15865349026099732,-0.08476672371524632,1,0.07388676654575099
0.009907242948819311,0.018885728218108074,-0.13525958435867252,-0.06122752974368887,1,0.07403205461498366
-4.6175461047931465e-05,0.017756125008328377,-0.14299898047737156,-0.07339497044472432,1,0.06960401003264724
0.004847196846428842,0.019918923469304156,-0.1423446931534073,-0.06426251315373502,1,0.07808217999967229
0.016859162286143675,0.02002163920106431,-0.13053405054794237,-0.05204922487977029,1,0.07848482566817208
-0.0346834622850279,0.017584194304870262,-0.17729928312257362,-0.1083692414474822,0,0.06893004167509142
-0.010950735109349824,0.019084629105958033,-0.15650740815702757,-0.08169566206167209,1,0.07481174609535549
-0.00919177522065763,0.018690720306138654,-0.1539763870206894,-0.08070876342062588,1,0.0732676236000635
-0.003849226634684788,0.01956126008069399,-0.150340096392845,-0.07365995687652457,1,0.07668013951632044
-0.01389775893783006,0.01773364694088164,-0.15680650694195808,-0.08729061093370205,1,0.06951589600825603
-0.024685015034508498,0.018565449031272323,-0.16922409513580225,-0.09644753493321476,1,0.07277656020258749
-0.009193729922223115,0.0203731128120819,-0.15727583103390363,-0.0774132288105426,1,0.07986260222336103
-0.030543550797899263,0.01872968004651512,-0.1754045236890689,-0.10198417790672963,1,0.07342034578233926
-0.02691543382366597,0.018546060492946898,-0.1714165123898419,-0.09871595525749005,1,0.07270055713235185
0.014241329807923503,0.022954415669563917,-0.13890012490442177,-0.048918815479731224,1,0.08998130942469054
-0.0052059264441216,0.02080966282459423,-0.1541436655803263,-0.07256978730791691,1,0.08157387827240939
0.006652060637509283,0.019121508905102832,-0.13897689681649228,-0.06402058190848917,1,0.07495631490800311
-3.5326377298278144e-06,0.01931583610296636,-0.1460133713995439,-0.07029529387591577,1,0.07571807752362814
-0.008719986668249968,0.01859729981720463,-0.15332149430997105,-0.0804200790265289,1,0.07290141528344216
0.02758371491221355,0.021885388496961616,-0.12346244654183122,-0.03767172363374169,1,0.08579072290808953
0.004723900828150551,0.018277488940950413,-0.13925077749611225,-0.06760302084758665,1,0.0716477566485256
0.05376910157518712,0.020979399514751685,-0.0955013214737262,-0.01326207537589958,0,0.08223924609782662
0.04341691373832206,0.02289001987717213,-0.10959832522093532,-0.019869447302420573,1,0.08972887791851475
0.008613791409387173,0.01848555270345097,-0.13576869188937674,-0.06330532529184893,1,0.0724633665975278
0.03174325642086709,0.019620041495286525,-0.1148628249098945,-0.03795226224837133,1,0.07691056266152316
-0.02934648952410597,0.017720500001703735,-0.17222946952744528,-0.10276510952076666,1,0.06946436000667862
0.01978938862404679,0.020369067425991462,-0.12828478353089648,-0.04843803922100995,1,0.07984674430988653
0.008002027785016949,0.018574374729135583,-0.13655454668408878,-0.06374299774587731,1,0.07281154893821147
-0.000878789634005589,0.01792612645329706,-0.14416479748246783,-0.07389438178554336,1,0.07027041569692447
-0.02844847965889684,0.019162466481100326,-0.17415771396185348,-0.09904084535594021,1,0.07511686860591327
0.04711366612677262,0.020988536635823733,-0.1021746656794419,-0.01989960206701287,0,0.08227506361242903
-0.05106433618267671,0.016786407601824545,-0.19211649508225281,-0.12631377728310061,0,0.0658027177991522
0.01923159174353886,0.0237598577366507,-0.13548852942029652,-0.04234988709262577,1,0.09313864232767075
-0.0026756934142636024,0.020255036030229476,-0.15052636403351338,-0.07112662279501383,1,0.07939974123849955
-0.018328880385232435,0.020390050573974937,-0.1664441795102233,-0.08651518126024157,1,0.07992899824998173
-0.004253747792066692,0.01830683088277713,-0.14828593632230985,-0.07652315926182353,1,0.07176277706048632
0.003573461860126595,0.0194414758287916,-0.14268263076430496,-0.06647204551544186,1,0.0762105852488631
-0.011630961261809528,0.0199938590411174,-0.15896972498239964,-0.08059379754121943,1,0.07837592744118022
0.012875672300229749,0.023008418465272792,-0.14037162789170493,-0.05017862750783558,1,0.09019300038386935
0.02051012580110978,0.019305124347521716,-0.1254787179200328,-0.04980263047774766,1,0.07567608744228513
0.028284558357201423,0.020685529250959376,-0.12040987897467896,-0.039322604310918205,1,0.08108727466376076
0.0026043406860393747,0.02022922555532899,-0.14519574140240546,-0.0658971772255158,1,0.07929856417688966
-0.001744544530912287,0.01813377185096784,-0.14543753735880927,-0.07435315170301532,1,0.07108438565579395
-0.021785740307634235,0.02022985165491029,-0.16958704955125842,-0.09028603106401008,1,0.07930101848724834
0.01283011504746294,0.021598221647403784,-0.1376531993814485,-0.05298817052362565,1,0.08466502885782284
-0.021543524002221107,0.019917457465254616,-0.16873254063412016,-0.09065610737032206,1,0.0780764332637981
-0.034073113499369326,0.018598008726510778,-0.17867601060333047,-0.1057718163954082,1,0.07290419420792227
-0.003918861331932172,0.018817552545282244,-0.14895206432068536,-0.07518725834317898,1,0.07376480597750638
-0.012702425428932185,0.017332509007549592,-0.1548249430837294,-0.08688150777413499,1,0.06794343530959442
0.008262516601904163,0.0198560038325241,-0.13880605090984308,-0.06097051588634861,1,0.07783553502349447
-0.00915662739090213,0.01977996054613842,-0.15607615006133344,-0.07853870472047084,1,0.0775374453408626
0.03013366150347825,0.021568114182815457,-0.12029064229484004,-0.03574363469820346,1,0.08454700759663658
-0.01671061329983356,0.017666412740922392,-0.15948758227204146,-0.09023524432762567,1,0.06925233794441579
0.004383642572611313,0.019287206319509035,-0.1415700818136264,-0.06596423304115098,1,0.07560584877247542
0.03254119503778263,0.022408841580442554,-0.11953093445988477,-0.03168827546454997,1,0.0878426589953348
-0.016367952102496128,0.017192308088254088,-0.15821567595547414,-0.09082182824951812,1,0.06739384770595602
-0.009819617660884239,0.01872803629895952,-0.1546773688068449,-0.08126346651492358,1,0.07341390229192132
-0.0004832073660687719,0.01760585138404896,-0.14314147607880473,-0.07412653865333281,1,0.06901493742547192
0.02713135551315249,0.01967262671739208,-0.11957779285293599,-0.042461096120759045,1,0.07711669673217694
-0.03311623144519789,0.016645905953595767,-0.1738930071142456,-0.10864105577615019,0,0.06525195133809542
-0.015745517470220613,0.019884643199351234,-0.16287021814094904,-0.0849224167994922,1,0.07794780134145685
0.012147393132540249,0.021544180884875894,-0.13823000140181652,-0.053776812333103004,1,0.08445318906871352
0.014443725963188242,0.020454789355155076,-0.13379846117291572,-0.05361568690070782,1,0.08018277427220791
0.02322756451484989,0.020939665364119335,-0.12596497959882402,-0.04388149137147622,1,0.0820834882273478
0.00919539044784394,0.019899466061923835,-0.13795836303352677,-0.05995245607078535,1,0.07800590696274141
0.010796264700606378,0.021026998387082316,-0.13856745213807498,-0.05614161846071229,1,0.08242583367736268
-0.011332051659819473,0.018056940778684787,-0.15487445558604165,-0.0840912477335973,1,0.07078320785244435
0.0019782408043881594,0.018984451433296128,-0.14338208400487226,-0.06896303438635143,1,0.07441904961852083
0.01566329311409606,0.01911598679945708,-0.12995484101283983,-0.05502017275896807,1,0.07493466825387177
0.023374531537309992,0.023043999333770666,-0.12994250715688052,-0.039610029768499505,1,0.09033247738838102
-0.010928512264391302,0.019425438322099555,-0.15715317137570645,-0.08100545315307618,1,0.07614771822263026
-0.006307256184657495,0.01997089567346987,-0.15360101170465845,-0.07531510066465655,1,0.0782859110400019
-0.004786946979581805,0.020586166778739118,-0.1532866338659105,-0.07258886009325313,1,0.08069777377265736
0.015765847182890758,0.021446835013286293,-0.13442074944315038,-0.05034915619106811,1,0.08407159325208227
-0.02633273896814499,0.019089141721699298,-0.17189825674267561,-0.09706882119361437,1,0.07482943554906124
-0.018325249982439187,0.02073438012760259,-0.16711543503254025,-0.08583666493233813,1,0.08127877010020212
-0.02265370751204278,0.018255563577897017,-0.16658541212472094,-0.09502360289936462,1,0.07156180922535632
0.007422337979735613,0.019380479787335488,-0.13871420240344196,-0.06274272163708683,1,0.07597148076635513
-0.018779894272055467,0.017975862897752444,-0.16216338555165027,-0.09169800299246068,1,0.07046538255918959
0.005145683834263393,0.01887397938551023,-0.13999811576133667,-0.06601211657013656,1,0.07398599919120011
0.0033918765123594763,0.020806929718411235,-0.14554050573572655,-0.06397734123955451,1,0.08156316449617204
-0.02244912499823702,0.01717423339279815,-0.1642614224481214,-0.09693842754835266,1,0.06732299489976873
0.006884500477681993,0.019814717078440038,-0.1401031449960605,-0.062429454048575535,1,0.07767369094748497
-4.028326739614896e-05,0.018628085379399174,-0.14470213061101853,-0.07168003592377378,1,0.07302209468724474
0.01823092953472201,0.020257507391400278,-0.12962458495242254,-0.050215155978133454,1,0.0794094289742891
0.0003253409095978349,0.021168344530190324,-0.1493154143695752,-0.06633550381122913,1,0.08297991055834608
0.004604328486814635,0.019515439253836264,-0.14179673245070445,-0.06529621057566629,1,0.07650052187503817
0.02389083657130904,0.018895207629663305,-0.12129457038283104,-0.04722535647455089,1,0.07406921390828014
0.01156865334456074,0.020799086417546787,-0.13734835603383097,-0.05581593727704756,1,0.08153241875678341
0.0015377826342277828,0.019449387633806367,-0.1447338171280327,-0.06849221760351173,1,0.07624159952452098
-0.00770464871597365,0.018225567537509868,-0.151577561089493,-0.08013333634245431,1,0.07144422474703868
0.023889809542225318,0.020040374699390073,-0.12354012486857924,-0.044981856046970144,1,0.0785582688216091
-0.003164285121178792,0.02102141768010141,-0.15251706377417756,-0.07011310646818003,1,0.08240395730599753
0.0019527509360487694,0.02091558500412802,-0.14719259567204215,-0.06520350245586032,1,0.08198909321618184
0.005492238640734698,0.01860897916898975,-0.13913216053048522,-0.0661849621880454,1,0.07294719834243982
-0.007094193677221139,0.02058909224980117,-0.15559961448683143,-0.07489037286761085,1,0.08070924161922058
-0.03169033456490107,0.018300147425626686,-0.17570942351912938,-0.10397284561067277,1,0.07173657790845661
-0.0058297472865015965,0.020207579310131483,-0.1535874027343593,-0.0743736918386439,1,0.07921371089571541
-0.026998917383279128,0.01995185136876686,-0.1742553460660622,-0.09604408870049608,1,0.07821125736556611
-0.007262076556105168,0.018457345235942082,-0.15158927321855165,-0.0792364798936587,1,0.07235279332489294
-0.01755942597278924,0.018387900843851505,-0.1617505116267382,-0.08966994031884029,1,0.07208057130789791
-0.0090310626129836,0.01892124861500918,-0.1542675098984016,-0.08009621532756561,1,0.07417129457083599
-0.04398186484581519,0.02343403069160197,-0.19806336500135507,-0.10620196469027533,1,0.09186140031107974
-0.04584092304313943,0.01767563891528416,-0.1886359753170964,-0.11934747076918248,0,0.06928850454791391
-0.020695175351567827,0.019712639328507576,-0.1674827484354427,-0.09020920226769298,1,0.07727354616774972
-0.009510903027196219,0.01763306495578275,-0.15222251034053041,-0.08310089571386203,1,0.06912161462666838
-0.007247393129240456,0.01957711263985551,-0.15376933390335726,-0.07702705235512367,1,0.07674228154823359
0.040149867868001524,0.02053437834423352,-0.10824831368669618,-0.027753550577300785,1,0.0804947631093954
0.009133904689806419,0.01764578693751256,-0.1336026377077182,-0.06443115291266896,1,0.06917148479504925
0.016245434981318488,0.01911459349706709,-0.129369968272933,-0.054440761764430017,1,0.07492920650850299
0.008068279609186671,0.01895139979611232,-0.13722726399119348,-0.06293777679043319,1,0.07428948720076028
0.0056851847130912625,0.019584540800748642,-0.14085131525637606,-0.06407991531744141,1,0.07677139993893466
0.025534646366469488,0.02626998368770918,-0.1341053216614405,-0.031126985605620522,1,0.10297833605581999
0.00020655126239488286,0.020163484369589604,-0.14746467810200076,-0.0684238193732095,1,0.07904085872879126
-0.03641049607765216,0.020759842197467692,-0.18525058678468884,-0.1038720053706155,1,0.08137858141407334
-0.05236584993877853,0.019462535057425547,-0.1986632186513326,-0.12237008122622448,0,0.07629313742510813
0.012394360278950078,0.02017863394783894,-0.13530656225881427,-0.0562063171832856,1,0.07910024507552867
-0.003442777059486618,0.018979024319591444,-0.14879246472588586,-0.0743946893930874,1,0.07439777533279847
0.027882794511682713,0.01990611672712301,-0.11928399427347838,-0.041252016703156195,1,0.07803197757032218
0.011072806769446178,0.019591731613311562,-0.13547778719264447,-0.05867819926846317,1,0.0767995879241813
0.03537062544073501,0.026659922680098005,-0.1250336230122571,-0.02052672610627291,1,0.10450689690598419
0.014952877713194812,0.01957109192604475,-0.1315572624618529,-0.05483858211175748,1,0.07671868035009541
0.010303076194702873,0.02045246255080236,-0.13793455040486977,-0.057760897205724505,1,0.08017365319914527
0.008145265152637901,0.022030325512534008,-0.14318497285192877,-0.05682609684279545,1,0.08635887600913332
0.014165254920220513,0.02254910370938044,-0.13818178835016515,-0.04978930180939383,1,0.08839248654077131
0.02114778853567259,0.019078697768104166,-0.12439725908981158,-0.04960876383884325,1,0.07478849525096834
-0.009379129956549187,0.018301990947803357,-0.15340183221424378,-0.08165802769885461,1,0.07174380451538917
0.026968870941025708,0.01927004684864561,-0.11895122088231969,-0.0434126372356289,1,0.07553858364669078
0.007894724469746567,0.022712286361754774,-0.14477215679929278,-0.055739994261214086,1,0.08903216253807869
-0.010873862292855127,0.018672461665138092,-0.1556226871565258,-0.08242663742918446,1,0.07319604972734134
-0.021636519800833184,0.01736351421604936,-0.16381980766428994,-0.09575483193737644,1,0.0680649757269135
-0.01858179959517471,0.017857906846573842,-0.16173409701445945,-0.09173110217588998,1,0.07000299483856948
-0.02138929641000288,0.021230480084157146,-0.17115183737495088,-0.08792835544505488,1,0.083223481929896
-0.01865034885444815,0.01814651466761767,-0.1623683176029788,-0.09123398010591752,1,0.07113433749706127
0.0029988862512599773,0.018490503963341093,-0.14139330151688856,-0.06891052598059148,1,0.07248277553629708
-0.02361278306642685,0.019282264811396846,-0.16955682209676468,-0.09397034403608903,1,0.07558647806067564
-0.03246545378715625,0.02033332402779596,-0.18046956888163634,-0.10076293869267616,1,0.07970663018896018
0.01192454068916625,0.020723409103692563,-0.13684414115407117,-0.05560837746759633,1,0.08123576368647484
0.056578390958213126,0.02365367271345617,-0.09793360756016098,-0.005211210523412786,0,0.0927223970367482
-0.016303191537670417,0.01864025973780868,-0.16098890062377544,-0.0879190824515654,1,0.07306981817221003
0.00636346022952497,0.018683877649669205,-0.1384077399638267,-0.06516693957712338,1,0.0732408003867033
0.004519243183542063,0.019806917312609473,-0.1424531147491725,-0.06480999888374338,1,0.07764311586542912
0.013692859253193357,0.019047981090994932,-0.1317919836851567,-0.05712389780845658,1,0.07466808587670012
0.010585914646751501,0.020154242691375255,-0.137067201028344,-0.05806256967815301,1,0.07900463135019098
-0.037559434115572485,0.01718237769095013,-0.17938769438983473,-0.11203277384131025,0,0.06735492054852449
-0.019536907547430746,0.019000015223873463,-0.16492773738622274,-0.09044767770863876,1,0.07448005967758398
-0.05017746311826264,0.018682221100793036,-0.19494541647581698,-0.1217111097607083,0,0.07323430671510868
-0.0042452226596878945,0.019383034340503705,-0.15038676996707517,-0.07440527535230064,1,0.07598149461477453
0.009088391106788468,0.01892641269249065,-0.13615817777049322,-0.06196664001592986,1,0.07419153775456336
-0.014001738808713748,0.01929811791638874,-0.15997684992483568,-0.08432822769259182,1,0.07564862223224386
0.019494763657608147,0.02703305537775769,-0.14164082488279695,-0.035671247801986786,1,0.10596957708081016
0.010135792227227991,0.019550589858894945,-0.13633416389620612,-0.059695851649337925,1,0.07663831224686819
-0.02182907806335492,0.018582786547840756,-0.1664021396971228,-0.09355761642958704,1,0.07284452326753577
0.05515921094748057,0.02795140313598641,-0.1077763391990528,0.00179316109401393,0,0.10956950029306672
-0.001681332346029324,0.018521258520830804,-0.1461337990468577,-0.07353046564520095,1,0.07260333340165674
-0.008818200908438198,0.01914325972259407,-0.15448978996472257,-0.07944821185215382,1,0.07504157811256874
-0.014577858355015128,0.017361097923147432,-0.15675641028438408,-0.08870090642564617,1,0.06805550385873792
-0.0142475353713033,0.017123183158979257,-0.15595977436290265,-0.08883689637970396,1,0.06712287798319869
0.012983034680238703,0.020627728288653845,-0.13559811276552283,-0.054737417873999765,1,0.08086069489152306
-0.008407213988467138,0.019998701723970107,-0.15575546936744855,-0.07736055860948574,1,0.07839491075796282
0.006738245031711776,0.01960548725896831,-0.1398393099958661,-0.06298579994071035,1,0.07685351005515575
0.003217007249741416,0.02410562691182246,-0.15218082149743062,-0.05768676400308657,1,0.09449405749434406
0.02114474986262739,0.020321541623781223,-0.1268362717199838,-0.04717582855476142,1,0.07966044316522237
0.021614536180995264,0.019561795785297775,-0.12487738355818838,-0.0481951440798211,1,0.07668223947836728
0.020286784553091533,0.026634962326181986,-0.14006854160622517,-0.03565948928759178,1,0.1044090523186334
-0.015132231815756583,0.018742870308280715,-0.1600190576199868,-0.08654700601152639,1,0.07347205160846042
-0.041222578558967785,0.01839838820906972,-0.18543421944874444,-0.11331253766919114,0,0.0721216817795533
0.014682280188560867,0.020465937492735464,-0.13358175729720065,-0.05335528232567763,1,0.08022647497152302
0.016337251067180508,0.021394645771923886,-0.13374705464579031,-0.04988004321984868,1,0.08386701142594163
-0.021988988801983786,0.019168628388230878,-0.16771030044291632,-0.09256927716105126,1,0.07514102328186506
-0.02270404456469495,0.02030501894024453,-0.17065268168757425,-0.09105700744181568,1,0.07959567424575857
0.015661372215355074,0.020985506884097813,-0.13362102127747666,-0.05135783429181322,1,0.08226318698566344
-0.008541888641164286,0.019054468253444003,-0.15403944641791453,-0.07934593086441405,1,0.07469351555350048
0.03109644600689737,0.018680604227000252,-0.11366833827802313,-0.04044036970818214,1,0.07322796856984098
0.014928746808452464,0.021237759625602738,-0.13484806205772892,-0.05159604432536617,1,0.08325201773236275
-0.010277681807542918,0.017973392689414256,-0.15365633147879487,-0.08320063213629098,1,0.0704556993425039
0.011609215916007012,0.023303986407962874,-0.14221739744360024,-0.05086577072438576,1,0.09135162671921448
-0.013357971481271547,0.018190603013574246,-0.15716235338787707,-0.08585518957466604,1,0.07130716381321103
-0.02673945460786721,0.01942923407794071,-0.172971553400631,-0.09680895581510343,1,0.07616259758552757
0.01632369380752656,0.021505174732205572,-0.13397724866759636,-0.049676963717350524,1,0.08430028495024583
0.0057797665009239885,0.019332292224883016,-0.14026232625984672,-0.06447974073830531,1,0.0757825855215414
-0.006296805665770455,0.019123239380878922,-0.15192915485229314,-0.07696605647924777,1,0.07496309837304536
-0.011204053797825644,0.01748082128107398,-0.15361726350873064,-0.08509244408692065,1,0.06852481942180999
-0.0012081007248477965,0.018493496597270506,-0.14560615405549798,-0.07311164739419762,1,0.07249450666130036
-0.02936324769697375,0.01947530125359451,-0.175685638154019,-0.09934245723992852,1,0.07634318091409048
-0.014016386561021985,0.017517046279022154,-0.1565005972679054,-0.08783377585413857,1,0.06866682141376684
-0.015837601947320007,0.023272617067887368,-0.16960273140037924,-0.07837407249426077,1,0.09122865890611846
-0.04004620192094295,0.01937740268934071,-0.18617671119205076,-0.11021729264983515,0,0.0759594185422156
-0.022300238027572097,0.018409186057746735,-0.1665330427007557,-0.09436903335438851,1,0.07216400934636719
0.011264946870281109,0.020284027995793204,-0.13664254800147357,-0.05712915825796422,1,0.07951338974350936
-0.017450558058167157,0.019053091944602023,-0.16294541826958714,-0.0882572978467472,1,0.07468812042283994
-0.01588621392083961,0.018349975794513865,-0.1600029664780868,-0.08807106136359244,1,0.07193190511449435
0.020910003954730735,0.01840614679156656,-0.12331684375673974,-0.05116474833379881,1,0.07215209542294093
0.005867592243687214,0.02098878663819903,-0.1434212295671829,-0.061145185945442694,1,0.08227604362174021
-0.002929644018214772,0.01759351460073172,-0.14556373263564895,-0.0765971554007806,1,0.06896657723486835
0.0404631937515003,0.01974508756577368,-0.1063879778774161,-0.028987234619583295,0,0.0774007432578328
-0.028049319260023756,0.018058788556947408,-0.17159534483164068,-0.10080489368840684,1,0.07079045114323385
0.004434351483409121,0.018151121521486818,-0.13929264669870506,-0.06814025033447672,1,0.07115239636422833
-0.03011472117462878,0.01909949602038926,-0.17570053337459174,-0.10083050897466583,1,0.0748700243999259
0.015002721150577158,0.02077847940604822,-0.13387389848527737,-0.05242225921356834,1,0.08145163927170902
-0.013846316139188311,0.020177158650248144,-0.16154434709367468,-0.08244988518470195,1,0.07909446190897274
0.012942006198973205,0.019651480233149596,-0.133725695058,-0.056691892544053595,1,0.0770338025139464
-0.008539496417285478,0.020046272454511523,-0.15598099042812807,-0.07739960240644289,1,0.07858138802168518
-0.0015041891986155853,0.01721395013112686,-0.14339433145562425,-0.07591564694160693,1,0.06747868451401731
-0.009544428912935096,0.018940089007993325,-0.154817803368602,-0.08057265445726819,1,0.07424514891133382
-0.004270814289179969,0.01890224503980218,-0.14947001456719225,-0.0753732140111677,1,0.07409680055602455
0.0019097799085718292,0.019518583124072553,-0.14449744301461037,-0.06798459716824598,1,0.07651284584636439
0.031940045179908394,0.0216615655843216,-0.11866742336536194,-0.03375408627482128,1,0.08491333709054066
-0.0025909042013586986,0.02012469293349627,-0.15018610235101137,-0.07129730605170602,1,0.07888879629930536
0.015001507392602323,0.01855686643259216,-0.1295207508152783,-0.056777834399517044,1,0.07274291641576126
-0.026889647332978203,0.017656514767829947,-0.1696472162779249,-0.10043367838803152,1,0.06921353788989337
-0.03737696101723527,0.020111861891644676,-0.18494701032485883,-0.10610851170961172,1,0.07883849861524711
0.02871520287333415,0.02072321567492923,-0.12005309984952714,-0.038818094403804564,1,0.08123500544572257
0.005819152450198609,0.020318971519106343,-0.14215683172724983,-0.06250646337235297,1,0.07965036835489686
0.006859934723019406,0.022933127844687786,-0.14623979585256866,-0.05634193470139254,1,0.08989786115117612
-0.02304203998093869,0.021666329946978192,-0.17365884667701595,-0.08872683328486144,1,0.0849320133921545
0.02162440313110013,0.019236499387645982,-0.124229935668686,-0.04882285806911375,1,0.07540707759957224
-0.007950027637357998,0.01901475637959056,-0.1533697501413555,-0.0788319051333605,1,0.07453784500799501
-0.01006457397842124,0.018969070672674514,-0.1553947524968633,-0.0810359954599792,1,0.0743587570368841
0.0015622288128794432,0.01893116570945678,-0.14369365597765585,-0.06948348639658528,1,0.07421016958107057
-0.00026971289268851173,0.018807630931410343,-0.14528346951825277,-0.07155755626712425,1,0.07372591325112852
0.00018517291353715992,0.018208539276761946,-0.14365436406891627,-0.07227689010400942,1,0.07137747396490685
0.0012020168870469083,0.018701645244642757,-0.14360400779245291,-0.0702935584334533,1,0.07331044935899962
0.007272044056814295,0.020231340321354305,-0.14053218297304015,-0.061225328913331274,1,0.07930685405970889
0.036849183230785995,0.02643753019001225,-0.12311917594163801,-0.01948405759679,1,0.10363511834484801
-0.019657641353136537,0.019180696626986234,-0.16540260674202956,-0.09021427596424353,1,0.07518833077778603
-0.039209596040150715,0.017270642238654908,-0.18121085482791432,-0.1135099372523871,0,0.06770091757552722
-0.03063035276044719,0.017730106996865808,-0.17353216247430417,-0.10403014304659022,1,0.06950201942771395
-0.014484522040379283,0.0197857688096562,-0.16141542890730542,-0.08385521517345314,1,0.07756021373385229
0.0024102668339935907,0.019676826070416657,-0.14430711226402307,-0.06717395406798976,1,0.07713315819603331
0.008593867288954282,0.02500786441151796,-0.14857234695762092,-0.050541518464470525,1,0.0980308284931504
0.015209131895511596,0.020839479811468792,-0.13378704853496726,-0.052096287674009575,1,0.08169076086095768
0.030450384860951474,0.020877338084580973,-0.11861999778482724,-0.03678083249326983,1,0.08183916529155741
0.015856505488842598,0.021478648176373225,-0.13439244493684893,-0.05019614408546589,1,0.08419630085138305
-0.0051537108172969165,0.019896441897780597,-0.1523015369369469,-0.07430748469764695,1,0.07799405223929995
0.032739955176655344,0.021139597205720003,-0.11684445534655587,-0.033977234300133455,1,0.08286722104642241
-0.039196006001369646,0.01829901262100274,-0.183212870738535,-0.11148074126420429,0,0.07173212947433072
-0.015742213385055187,0.019863750244468518,-0.1628259638642135,-0.08496006290589689,1,0.07786590095831661
0.00237370797886699,0.022816261289369675,-0.15049696414829758,-0.06105721989396845,1,0.08943974425432913
0.014372685938404059,0.020448414087248432,-0.13385700567260286,-0.05369922245058902,1,0.08015778322201383
0.01159365204924219,0.020764262274699394,-0.13725510200916863,-0.055859193892347,1,0.08139590811682162
0.004612132222225437,0.020374752757708187,-0.1434731831828826,-0.06360415237266652,1,0.07986903081021608
-0.008666392279401136,0.01909216067347677,-0.15423782719941562,-0.07939655735938667,1,0.07484126984002895
-0.01652242616723648,0.018125920389898083,-0.16020003013143674,-0.08914642220303624,1,0.0710536079284005
0.024946169190553952,0.02037929004571914,-0.12314803929905557,-0.043261222319836534,1,0.07988681697921904
0.012214680458785446,0.019224136621568386,-0.1336154273194886,-0.05825681176294052,1,0.07535861555654809
-0.015951487410778384,0.019392662750261244,-0.16211190640129042,-0.08609266842026636,1,0.07601923798102406
-0.00728305412478418,0.02072886636857522,-0.15606243220719163,-0.07480527604237674,1,0.08125715616481488
0.016648835646958793,0.019381946525937364,-0.12949057954387844,-0.05351334916220398,1,0.07597723038167445
-0.02375550160514868,0.01955130475897273,-0.17022685893273523,-0.09358574427756214,1,0.07664111465517309
0.010134925890645033,0.019944240202690755,-0.13710658490662886,-0.05892516331208109,1,0.07818142159454777
0.019102264216337442,0.018877097939626913,-0.1260476477453313,-0.05204942382199381,1,0.07399822392333749
-0.0001903364590764567,0.02071867260458618,-0.14894973476406537,-0.06773253815408756,1,0.08121719660997781
-0.03829212527136179,0.018427132244042084,-0.1825601044696843,-0.11032574607303931,0,0.07223435839664498
0.023167263811821326,0.021770128765935533,-0.12765298856941232,-0.042314083806945034,1,0.08533890476246728
0.002847286248871303,0.022769852617761165,-0.14993242488194058,-0.06067460262031682,1,0.08925782226162376
0.03006817971551351,0.020195853201195352,-0.11766649255882938,-0.03849874801014361,1,0.07916774454868578
0.024811287028891266,0.021278204785818818,-0.12504479435131363,-0.041634231590903854,1,0.08341056276040978
-0.011061794121717317,0.018752095058302522,-0.15596670043599026,-0.08245848780744439,1,0.07350821262854587
-0.019204100673972893,0.017795413599519687,-0.16223391132903148,-0.09247589001891432,1,0.06975802131011716
-0.005667931825283745,0.01909822195092597,-0.15125124684909866,-0.07638621680146884,1,0.07486503004762982
0.016012171910757572,0.0226149558165981,-0.1364639414897747,-0.047813314688710154,1,0.08865062680106454
0.01768157306183775,0.019028796188719957,-0.12776566746805337,-0.05317278640827114,1,0.07459288105978223
-0.004558153563892775,0.02015718529708827,-0.1522170367461858,-0.07320087038159977,1,0.07901616636458604
0.0005659217686420637,0.019195128832108055,-0.14520733074228973,-0.06996242572042616,1,0.07524490502186357
0.0054873574599205305,0.020003101801473473,-0.14186952207096748,-0.06345736300919147,1,0.07841215906177601
0.040460106627535894,0.020245328501689207,-0.10737153723577496,-0.028009849509153265,0,0.0793616877266217
0.008537766747630973,0.021257375030782205,-0.14127748831270215,-0.05794857819203591,1,0.08332891012066623
-0.00702574164258514,0.02080906970619015,-0.15596231826671783,-0.07439076501845246,1,0.08157155324826537
0.018171486456716096,0.020345353835214394,-0.12985620706030412,-0.050102420026263694,1,0.07975378703404043
-0.016294559344984846,0.01893639382815055,-0.16156069124815992,-0.08733002744180977,1,0.07423066380635014
0.044447284138416726,0.021292596005851136,-0.1054370040330515,-0.02197002769011505,0,0.08346697634293646
-0.02438111295480984,0.017938173502985755,-0.16769073302066193,-0.09737309288895776,1,0.07031764013170416
0.02240462479151613,0.020477604321152133,-0.12588227967794205,-0.0456100707390257,1,0.08027220893891635
0.01917342323196651,0.019369088631631254,-0.12694079048603074,-0.051013963050036235,1,0.0759268274359945
0.02370792425800855,0.01961477575319087,-0.12288783621824556,-0.045997915265737356,1,0.07688992095250821
-0.014712292707578137,0.017936100068221845,-0.15801784884129294,-0.08770833657386333,1,0.07030951226742961
0.011645540918376496,0.021214358151716753,-0.13808540105898834,-0.054925117104258674,1,0.08316028395472966
-0.007437137685049583,0.01890116230890619,-0.15263421581050574,-0.07854165955959345,1,0.07409255625091228
-0.009050176997024997,0.0187908251464878,-0.15403099428414108,-0.08037095970990892,1,0.07366003457423216
0.00023880538589496347,0.02316291852659381,-0.1533113149262289,-0.06251267430198118,1,0.09079864062424772
-0.005893587830341565,0.017127168756691357,-0.14761363859345664,-0.0804751370672265,1,0.06713850152623013
-0.037236999810747226,0.01883050304932793,-0.18229558578742996,-0.1084800138340645,0,0.07381557195336547
-0.025445860277103702,0.01946721009146709,-0.1717523920563792,-0.0954409284978282,1,0.07631146355855101
0.0202173083080332,0.01990750581780672,-0.126952203094868,-0.04891478028906564,1,0.07803742280580235
-0.012483943525981728,0.02027348890123174,-0.16037078177239594,-0.08089870527956752,1,0.07947207649282842
-0.011069722268926468,0.018250960382742168,-0.15499240461910113,-0.08344863991875182,1,0.07154376470034932
-0.05679275848813074,0.018190635969864213,-0.2005972049890646,-0.1292899119871969,0,0.07130729300186772
0.01929966316793695,0.019266891035384502,-0.12661424326141668,-0.05108803040270943,1,0.07552621285870725
-0.011529279811320597,0.023639819062114258,-0.16601412517306455,-0.07334603444957666,1,0.09266809072348789
-0.003159940915407028,0.017816423973461455,-0.14623093190339148,-0.07639054992742259,1,0.0698403819759689
-0.030894714697846368,0.01770661992645886,-0.17375048975370574,-0.104340539641987,1,0.06940995011171874
0.012480129091586356,0.018895519304130352,-0.13270588874450914,-0.05863545307231816,1,0.07407043567219099
-0.01824846960143324,0.01814711245502687,-0.1619676100132859,-0.09083092918958058,1,0.07113668082370533
-0.0062598735307921455,0.0188210120784081,-0.15129985720447203,-0.07752148985711227,1,0.07377836734735976
0.031091567796155323,0.01922582023617355,-0.11474183986674484,-0.039376624540944524,1,0.07536521532580032
0.0013942549904040757,0.019513243844373078,-0.14500250294456715,-0.06851058707462471,1,0.07649191586994245
-0.01746174909500607,0.01997343325794183,-0.16476047828057205,-0.0864646199094401,1,0.07829585837113195
-0.002180270176245988,0.021441302803633155,-0.15235602367136697,-0.06830611668112502,1,0.08404990699024195
0.009736770086067034,0.020152591702335104,-0.1379131096505098,-0.058914950177356165,1,0.07899815947315363
0.013542790253402215,0.020640880358020617,-0.1350641352483182,-0.05415188424487738,1,0.08091225100344082
-0.028782366258138417,0.017546916180435558,-0.17132512197179212,-0.10254121054448473,1,0.06878391142730739
0.004201313911987484,0.020788407928521345,-0.14469476562791436,-0.06320420654811068,1,0.08149055907980368
0.024447968323679597,0.02115917376600325,-0.12517481225768678,-0.04223085109495404,1,0.08294396116273275
0.014385820946697894,0.018578214568368983,-0.13017827960730532,-0.057351678499298904,1,0.07282660110800643
-0.0415504579784509,0.01716988421003129,-0.18335423103011222,-0.11604828492678958,0,0.06730594610332265
0.022155777095988316,0.020969809917097883,-0.12709585034152354,-0.04489419546649984,1,0.0822016548750237
-0.022604271773988896,0.021043278366273795,-0.17199989737188554,-0.08951024617609227,1,0.08248965119579327
0.025773470767294457,0.020060037504692287,-0.12169500274190242,-0.043059655723508665,1,0.07863534701839375
-0.0033983914216430683,0.02096726962642889,-0.1526450398894437,-0.07045334295384245,1,0.08219169693560124
0.02239982255280419,0.01982257084592937,-0.12460321630521737,-0.04689873858917425,1,0.07770447771604311
-0.006018823714524918,0.018589059046502307,-0.15060417944566945,-0.0777350679833804,1,0.07286911146228905
-0.049510344139233844,0.01775749145740743,-0.1924658273957524,-0.12285646088271529,0,0.06960936651303712
0.04460108053359711,0.020264459805262983,-0.10326806068471833,-0.023831378248087447,0,0.07943668243663088
-0.015980137571901296,0.018482302646985818,-0.1603562507599935,-0.0879056243838091,1,0.0724506263761844
0.02445729052173265,0.019085836698451243,-0.12110174940723178,-0.04628526954930292,1,0.07481647985792886
0.0008910455583452104,0.018644444489631734,-0.143802865641333,-0.0707166432419766,1,0.07308622239935639
-0.020723383356126793,0.018200501386961616,-0.16454716607457157,-0.09320120063768203,1,0.07134596543688954
-0.011566172661652968,0.0202870766220967,-0.1594796428409625,-0.07995430248234345,1,0.07952534035861905
0.022408857680416394,0.020222607177897832,-0.12537825238826336,-0.04610563225090386,1,0.0792726201373595
0.04535193134315474,0.02169020692354352,-0.10531167422699056,-0.020286063086699967,0,0.08502561114029059
-0.005686126313120141,0.021818320300747995,-0.1566008341025862,-0.07107301852365408,1,0.08552781557893213
2.8074095376001695e-05,0.018093042355439796,-0.14358508892128602,-0.072660362887962,1,0.07092472603332402
0.02888494443908332,0.01977486385139729,-0.11802458870965538,-0.040507122412178,1,0.07751746629747738
0.027650683416489713,0.019940289328301553,-0.11958308366698134,-0.04141714950003925,1,0.07816593416694209
0.007445442662336779,0.01896671140420725,-0.13788011168990943,-0.06353060298541702,1,0.07434950870449242
0.021995659556558023,0.01984163346536893,-0.1250447420355651,-0.047265538851318886,1,0.0777792031842462
-0.024886217497278137,0.020011756282871357,-0.172260059811706,-0.09381397518285028,1,0.07844608462885572
0.009216465173926866,0.02104496732236724,-0.14018247077791293,-0.05768619887423335,1,0.08249627190367959
-0.0105651242302012,0.017701118302133667,-0.1534101161023832,-0.08402173235801921,1,0.06938838374436399
0.00855201657261459,0.020556501300042263,-0.13988952597546825,-0.05930804087930258,1,0.08058148509616567
0.023340923067159708,0.019950330788601173,-0.1239125252784986,-0.045707228587182,1,0.0782052966913166
-0.023469261055691124,0.01764205834429947,-0.1661984954105181,-0.09704162670086416,1,0.06915686870965393
0.03160543251104975,0.019208460108110018,-0.11419394930084589,-0.038896785677054624,1,0.07529716362379127
-0.010082759508210665,0.017789057682128972,-0.15310011256518347,-0.08336700645123789,1,0.06973310611394558
-0.021546823892149028,0.02010873946795804,-0.1691107532493468,-0.09028449453495127,1,0.07882625871439553
0.008156023993820635,0.016964894239850096,-0.13324596871628555,-0.06674358329607319,1,0.06650238542021236
-0.0117308080747585,0.018266367890226082,-0.15568368913960162,-0.08407952700991539,1,0.07160416212968623
-0.03544126930104312,0.019988893596756898,-0.18277030075068665,-0.1044138378513996,1,0.07835646289928705
0.01822447303252045,0.020315335384958888,-0.12974438432199897,-0.05010826961296014,1,0.07963611470903884
-0.011242613754613329,0.01947920244598791,-0.15757265054874964,-0.08121417696047703,1,0.07635847358827261
-0.015517742173474777,0.019413638446683017,-0.1617192735289735,-0.08561781081797606,1,0.07610146271099744
-0.01179055283448198,0.018283960891088274,-0.155777916181015,-0.08410478948794897,1,0.07167312669306602
-0.0034956367043950665,0.019018172158516842,-0.14892205413508808,-0.07437081927370207,1,0.07455123486138601
-0.025595428388525285,0.017891115230278795,-0.1688128142398717,-0.09867964253717885,1,0.07013317170269286
0.02251674985044895,0.01932204627923903,-0.12350526085685956,-0.047762839442242556,1,0.07574242141461701
0.026092251018641044,0.019887845326530686,-0.1210387258213591,-0.04307837214135882,1,0.07796035368000029
-0.028303290968856157,0.018424271159985052,-0.17256566244242685,-0.10034251949528547,1,0.07222314294714138
-0.004765265399166732,0.01850271261916068,-0.14918138213272167,-0.0766507486656118,1,0.07253063346710986
-0.03731218597723225,0.0163760024285946,-0.17755995073727768,-0.11336602121718684,0,0.06419392952009084
-0.006530512842692279,0.020328526039844683,-0.15452522388078788,-0.0748374018045967,1,0.07968782207619117
0.004262723570479521,0.019861149192883985,-0.1428159288475731,-0.06496022401146787,1,0.07785570483610524
0.02832233845820585,0.021112531528207162,-0.1212090233370802,-0.03844789974650812,1,0.08276112359057208
0.010191236718223126,0.01949402264849368,-0.13616784767282447,-0.05975127889072927,1,0.0764165687820952
0.02389010808215737,0.01921079228377382,-0.12191384479403933,-0.04660753904164595,1,0.07530630575239339
0.01273948003718435,0.02016751150406353,-0.13493964251078017,-0.055882997414851136,1,0.07905664509592902
0.001326882185255271,0.01808473861776812,-0.14227000550557026,-0.07137783012391921,1,0.07089217538165105
-0.0027500795478117707,0.019174420812099302,-0.1484827443395264,-0.07331901475609715,1,0.07516372958342926
0.026847836041155843,0.02019320242884162,-0.12088164071937374,-0.04172428719831459,1,0.07915735352105915
-0.030431052047533422,0.01967381463072679,-0.17714252872375794,-0.10002117537130892,1,0.07712135335244902
0.03593371992804695,0.0196690905498022,-0.11076849754956537,-0.03366566259434074,1,0.07710283495522463
-0.001536285964534742,0.01952011869135367,-0.14794651859958793,-0.07142765332948156,1,0.07651886527010637
0.005645532207256304,0.022169739618852748,-0.1459579574456951,-0.05905257813979232,1,0.08690537930590278
-0.019494600025172934,0.017814704582206405,-0.1625622210062975,-0.09272857904404838,1,0.06983364196224912
0.020053417553512698,0.019641299298542924,-0.12659432907163143,-0.04960043582134318,1,0.07699389325028824
0.016646338197925756,0.019748192722368114,-0.13021091953791575,-0.052798004066232744,1,0.077412915471683
-0.012689337647661655,0.020965693471105693,-0.16193289685102882,-0.0797473784442945,1,0.08218551840673433
-0.009202417346057395,0.018256725261794046,-0.15313639885917374,-0.08157003583294106,1,0.07156636302623268
