bias,std,lcl,ucl,cover,cld
-0.014086672809107248,0.018027984073087446,-0.15757232159235865,-0.08690262402585586,1,0.07066969756650279
-0.00656695098871643,0.01809590097955514,-0.15018571690864452,-0.07924978506878835,1,0.07093593183985616
-0.019072124129205045,0.01962351369683683,-0.16568501097500524,-0.08876083728340486,1,0.07692417369160037
-0.026646498144125882,0.017437039031281357,-0.16897389464543736,-0.10062070164281442,1,0.06835319300262294
0.023870656456115774,0.017971287519976335,-0.11950386708303784,-0.049056420004730615,1,0.07044744707830722
-0.03696683552809625,0.01760020200753006,-0.17961403146285518,-0.11062123959333733,0,0.06899279186951784
-0.02632880692790711,0.01886601710978052,-0.17145700046307694,-0.09750221339273729,1,0.07395478707033964
0.03828930634374271,0.019502674231076267,-0.10808673514916678,-0.03163625216334781,0,0.07645048298581897
-0.01484492578836677,0.0376782148675918,-0.1968450269288467,-0.04914642464788685,1,0.14769860228095985
0.005252272621534132,0.017628582847237916,-0.1374505497590522,-0.06834650499787956,1,0.06910404476117263
0.0038987438762246585,0.021651209007465845,-0.1466884257784084,-0.06181568646914229,1,0.08487273930926612
-0.012849462354050933,0.017406288227045645,-0.15511658727906041,-0.08688393742904148,1,0.06823264985001894
-0.060165129540369025,0.018687731830923652,-0.2049438839289794,-0.13168797515175867,0,0.07325590877722071
-0.009426849974484147,0.016891149872332093,-0.15068430372425506,-0.08447099622471324,1,0.06621330749954182
-0.009777666715812885,0.022206853477581154,-0.16145389953187195,-0.07440303389975383,1,0.08705086563211811
0.007015357894148144,0.022033685932694735,-0.14432146653393355,-0.05794941767777018,1,0.08637204885616337
0.014479367114797692,0.018619953547666997,-0.13016654183862963,-0.057176323931775,1,0.07299021790685464
-0.0215953849056872,0.016935840143879905,-0.16294043158769184,-0.09655193822368259,1,0.06638849336400925
-0.0030155820731394556,0.01769115501550256,-0.14584104590352448,-0.07649171824275444,1,0.06934932766077004
0.0012828602497061553,0.017675398407505837,-0.1415117206290053,-0.07222415887158241,1,0.06928756175742289
-0.04055469270394814,0.016741155428136548,-0.1815181573430958,-0.1158928280648005,0,0.06562532927829529
-0.02297561659931792,0.019458730644193636,-0.16926552866193745,-0.0929873045366984,1,0.07627822412523905
-0.017896181562826394,0.020413203307292238,-0.1660568600451192,-0.08603710308053361,1,0.08001975696458558
-0.0029922002158683236,0.020025763931833897,-0.15039349752226278,-0.07189250290947388,1,0.0785009946127889
-0.06798278187968891,0.026670367974087075,-0.22840750310889957,-0.12385966065047825,0,0.10454784245842132
-0.011540780422986868,0.017708918062822713,-0.1544010598261194,-0.08498210101985436,1,0.06941895880626504
0.02246546820625253,0.02237256156928735,-0.12953555246955067,-0.041835111117944274,1,0.0877004413516064
0.011783779369792483,0.02610797112623778,-0.14753864403763356,-0.04519539722278147,1,0.10234324681485209
-0.02754061440488005,0.020434907949729932,-0.17574383398635074,-0.09563899482340939,1,0.08010483916294135
-0.01547682804284782,0.020666104890994245,-0.16413319362919654,-0.08312206245649911,1,0.08101113117269743
-0.016947428303521375,0.01819542888150707,-0.16076126891127523,-0.08943518769576753,1,0.07132608121550771
-0.037933879468416545,0.01666434097757946,-0.17874678778447228,-0.1134225711523608,0,0.06532421663211148
-0.005540482019026904,0.0203326192693485,-0.15354321578694996,-0.07383934825110385,1,0.07970386753584612
-0.02305277680871036,0.0175072675087683,-0.16551782112589622,-0.09688933249152451,1,0.06862848863437171
0.014115092359969938,0.017507074514627668,-0.12834957368870029,-0.05972184159135984,1,0.06862773209734044
-0.013618064436954375,0.017382611796985803,-0.15583878355904657,-0.0876989453148622,1,0.06813983824418436
0.0184039738495001,0.028158965456585697,-0.14493839844540787,-0.03455525385559194,1,0.11038314458981593
-0.022713559726360313,0.019799796228261148,-0.16967196033375218,-0.09205675911896846,1,0.07761520121478371
-0.004647211591795819,0.03135134864181325,-0.17424665492974978,-0.05134936825384186,1,0.12289728667590792
0.014236024041791528,0.01938631247176276,-0.1319119484028635,-0.05591760351355347,1,0.07599434488931003
-0.03310658677958743,0.01676014677676086,-0.17410727446203872,-0.10840749909713615,0,0.06569977536490257
0.0710759975288986,0.02828675758704572,-0.092516847341711,0.018367242399508203,0,0.11088408974121922
-0.010204685731301066,0.017481931304129703,-0.15262007108739528,-0.08409090037520686,1,0.06852917071218842
0.0018101937677354324,0.017716162227907787,-0.14106428419896383,-0.07161692826556532,1,0.06944735593339851
-0.009380127539958913,0.017939547775128198,-0.1526924411792102,-0.08236941390070765,1,0.07032302727850254
-0.0278365861790401,0.01734862927322766,-0.1699906995545663,-0.10198407280351389,1,0.06800662675105242
-0.04515797908712292,0.019279477686592137,-0.1910965553528435,-0.11552100282140235,0,0.07557555253144116
-0.03589085048724709,0.01745434885968766,-0.1782521742522349,-0.10983112672225928,0,0.06842104752997563
-0.012609160124123761,0.017817916580022283,-0.15568307662096745,-0.08583684362728008,1,0.06984623299368736
0.0009512946322327853,0.017946777083384415,-0.14237518845120067,-0.07202382228433377,1,0.07035136616686691
-0.018181640398620066,0.017807812545190163,-0.16123575298719278,-0.09142912781004736,1,0.06980662517714542
-0.014703499985456989,0.0201181829433208,-0.16228593855436577,-0.08342266141654822,1,0.07886327713781754
-0.011970256731285933,0.0178144216044527,-0.15503732307601323,-0.08520479038655865,1,0.06983253268945458
-0.017949192162570446,0.01893603110118543,-0.1632146131208939,-0.08898537120424702,1,0.07422924191664687
0.012314425535948775,0.018185018702952443,-0.13147901112183802,-0.06019373780626444,1,0.07128527331557358
-0.08152494998217176,0.024820957818922768,-0.2383248273072604,-0.14102667265708313,0,0.09729815465017727
-0.012927877413129979,0.01603230670783666,-0.15250199856048985,-0.08965535626577013,1,0.06284664229471972
0.005467885870752642,0.017628768963498884,-0.13723530129770517,-0.06813052696078956,1,0.06910477433691561
-0.020899465520884355,0.020499710400124334,-0.16922969790512804,-0.08887083313664067,1,0.08035886476848737
-0.0031046065827394637,0.0171783119869567,-0.1449248980771746,-0.07758591508830434,1,0.06733898298887026
0.01244742152646329,0.03523638288374896,-0.1647666889256847,-0.026640068021388755,1,0.13812662090429595
-0.030030493376597148,0.017170033082029686,-0.17183455821737534,-0.10452802853581897,1,0.06730652968155637
-0.01306563821337435,0.020559825582318458,-0.16151369635471852,-0.08091918007203018,1,0.08059451628268834
-0.015056130317741126,0.016920126656991875,-0.1563703785654452,-0.09004348207003707,1,0.06632689649540813
-0.005243102077145262,0.02541498225821864,-0.1632072673032538,-0.06358053685103673,1,0.09962673045221707
-0.0384465065808217,0.019890874267780377,-0.18558342014567125,-0.10761119301597216,1,0.07797222712969909
-0.030959742708596735,0.018910197108184937,-0.1761745290406392,-0.10204655637655427,1,0.07412797266408494
-0.04528468953969085,0.03198072466047279,-0.21611770987421752,-0.09075326920516419,1,0.12536444066905333
-0.023590520738070178,0.030011414251641926,-0.19056369267128836,-0.072918948804852,1,0.11764474386643636
0.011829657734771237,0.04191813973457338,-0.1784806961449926,-0.01416158838546494,1,0.16431910775952766
-0.01747418676392938,0.017737494452835734,-0.16039047589148742,-0.09085949763637136,1,0.06953097825511606
-0.04925373598347331,0.017895182563207296,-0.1924790938073596,-0.12232997815958702,0,0.0701491156477726
-0.005845841139401273,0.018496647388449403,-0.1502500700207621,-0.07774321225804046,1,0.07250685776272164
0.006621906583833964,0.020217269958992392,-0.14115474253579113,-0.061903044296540956,1,0.07925169823925018
-0.03149631215693281,0.01884836595107232,-0.17658990942103456,-0.10270431489283108,1,0.07388559452820348
-0.03779210843207419,0.017619169856289852,-0.18047648135040228,-0.11140933551374609,0,0.0690671458366562
0.014658438449851874,0.027310103194782172,-0.14702016381192118,-0.03996455928837508,1,0.1070556045235461
-0.008486557658665905,0.017944361765651208,-0.15180830671934228,-0.08146640859798954,1,0.07034189812135275
-0.02003406180758345,0.01676042643746852,-0.16103529762502175,-0.09533442599014516,1,0.06570087163487659
-0.020892937955941535,0.018041332643244173,-0.16440474993670012,-0.09368272597518296,1,0.07072202396151717
-0.03325760871523277,0.017032269248119437,-0.17479165644154687,-0.10802516098891868,1,0.0667664954526282
-0.03110708020270754,0.020048878839773975,-0.17855368272866454,-0.09996207767675055,1,0.07859160505191398
-0.03327328490407756,0.029729520953014534,-0.19969394597198606,-0.08315422383616908,1,0.11653972213581698
-0.06317341063547209,0.02324627262460674,-0.2168869049797013,-0.12576151629124288,0,0.09112538868845843
-0.02515069657021783,0.015690291665643088,-0.1640544682348783,-0.10254852490555738,1,0.06150594332932091
-0.007246819927436532,0.018151367645045168,-0.15097430051172506,-0.07982093934314802,1,0.07115336116857704
0.002698488149028136,0.017381989916034197,-0.1395210120863989,-0.07138361161554485,1,0.06813740047085404
-0.03852472976177178,0.01672341462906866,-0.17945342243474635,-0.11389763708879722,0,0.06555578534594914
-0.02357170297706139,0.01947500911517948,-0.16989352084281317,-0.09355148511130962,1,0.07634203573150355
-0.005787072410645355,0.021155617593829924,-0.155402882894552,-0.07247286192673871,1,0.0829300209678133
-0.019778872986846205,0.017622485402326398,-0.16246974437540596,-0.09338960159828646,1,0.06908014277711949
0.009331545234288044,0.018478618024481825,-0.13503734609369633,-0.06260116343772759,1,0.07243618265596874
-0.023949948293069137,0.01799004213141643,-0.16736123087064536,-0.09684026571549294,1,0.07052096515515242
-0.027797816656934468,0.01704238712497029,-0.16935169542187622,-0.10254553789199271,1,0.06680615752988352
-0.01997199171345733,0.01904589719086449,-0.16545275020755174,-0.09079283321936293,1,0.0746599169881888
-0.04038041692204587,0.024490887831906297,-0.1965333570725822,-0.10052907677150955,1,0.09600428030107266
-0.039420665085396614,0.01841385036432294,-0.18366261179946958,-0.11148031837132366,0,0.07218229342814592
-0.06995743698506761,0.016608447243477827,-0.21066079358228415,-0.14555568038785108,0,0.06510511319443307
0.007963225804750243,0.017147978324944718,-0.1337976117121414,-0.06657753667835811,1,0.0672200750337833
0.03039679510628361,0.020020458896689016,-0.11699410433122687,-0.03851390545620592,1,0.07848019887502095
-0.021188339068163378,0.016847744991724437,-0.1623607192519433,-0.09631755888438348,1,0.0660431603675598
0.01851467326405376,0.019372428003032544,-0.12760608562189002,-0.05166616785000246,1,0.07593991777188755
-2.2433449752654044e-05,0.01907900602792486,-0.1455680852644854,-0.07077838163501993,1,0.07478970362946546
0.004817348313455885,0.019075386800309235,-0.1407212098151502,-0.06594569355793803,1,0.07477551625721218
-0.008040748984028942,0.01763645213097626,-0.15075899516074243,-0.08162410280731547,1,0.06913489235342696
-0.03538803619524088,0.016507418563672785,-0.17589337658003953,-0.11118429581044223,0,0.0647090807695973
-0.015436686942047348,0.017980597011186174,-0.15882945708397225,-0.08834551680012245,1,0.0704839402838498
-0.008793766416215473,0.018332674163593524,-0.1528766077768588,-0.08101252505557217,1,0.07186408272128662
-0.016888108218986633,0.0192155854925995,-0.16270145578448164,-0.08737636065349162,1,0.07532509513099002
-0.01834203877399611,0.016740442369331074,-0.159304105817885,-0.09368157173010722,1,0.0656225340877778
-0.033371359648919866,0.0177347579074161,-0.17628228514745542,-0.10676203415038432,1,0.0695202509970711
-0.05641452300520271,0.018278077817949837,-0.20039035552838438,-0.12874029048202104,0,0.07165006504636334
-0.03025875713372321,0.017796599387670493,-0.17329089193355737,-0.10352822233388906,1,0.06976266959966831
-0.010916091033623496,0.02393554585785923,-0.1659805609150276,-0.07215322115221941,1,0.0938273397628082
0.019284475478021132,0.019470878017598014,-0.12702924543647098,-0.05070340360748677,1,0.07632584182898422
-0.028300517127967842,0.01682445274266346,-0.16942724450358823,-0.10347538975234746,1,0.06595185475124077
-0.0290969885386317,0.01803606913265116,-0.172598484038628,-0.10189709303863544,1,0.07070139099999255
0.022983673642492444,0.03579555973228129,-0.1553264234327789,-0.015007829282236235,1,0.14031859415054265
0.06146554212659912,0.04668217523010571,-0.13818232132440808,0.044811805577606306,1,0.1829941269020144
-0.01625372939779167,0.020090681980509718,-0.16378226607959073,-0.08502679271599263,1,0.0787554733635981
-0.007667342496657667,0.018932898744782004,-0.1529266240364304,-0.07870966095688495,1,0.07421696307954545
0.028404103131065714,0.026113820121820838,-0.13092978430770313,-0.02856360943016545,1,0.10236617487753769
-0.04020072227511072,0.01746406962051393,-0.18258109873131803,-0.11412194581890342,0,0.06845915291241461
0.021659173726324907,0.02493363462372484,-0.1353615501361758,-0.037621702411174414,1,0.09773984772500138
0.04486286035579115,0.02139883337373106,-0.10522965305672173,-0.021346226231695978,0,0.08388342682502575
-0.025617974415273317,0.017480388399661605,-0.16803033567861006,-0.09950721315193659,1,0.06852312252667347
-0.01192901864233721,0.017554617985876233,-0.15448686989465463,-0.0856727673900198,1,0.06881410250463482
-0.014847345096152667,0.01881597287774482,-0.15987745193653252,-0.08611883825577282,1,0.0737586136807597
-0.012090799742422095,0.016956531622561388,-0.15347640172264243,-0.08700679776220177,1,0.06646960396044066
-0.0189138239345195,0.01647289950527535,-0.1593515069648592,-0.09477774090417981,1,0.06457376606067938
-0.05015108389063845,0.016897745601803293,-0.1914214652701729,-0.12518230251110402,0,0.06623916275906888
-0.0371043591261077,0.01611003230106851,-0.176830822436202,-0.11367949581601342,0,0.06315132662018857
-0.026618537430057446,0.01697978628935257,-0.16804971855718848,-0.10148895630292641,1,0.06656076225426207
-0.010670254372814672,0.01712179397427247,-0.15237977056238872,-0.08526233818324064,1,0.06711743237914808
-0.013044050694357906,0.01757310301491738,-0.155638132603596,-0.08675156878511985,1,0.06888656381847615
-0.04183548001032149,0.01715886601096054,-0.18361765739180413,-0.11635490262883884,0,0.0672627547629653
-0.0327502589388045,0.01686862825828056,-0.1739635703250344,-0.1078385475525746,1,0.0661250227724598
-0.039092045277049944,0.017374858738144896,-0.18129756840381395,-0.11318812215028595,0,0.068109446253528
-0.02044143804523464,0.017518658001886414,-0.16292880772893203,-0.09425566836153727,1,0.06867313936739476
-0.0064219869239596356,0.017674137149391925,-0.1492140957367678,-0.07993147811115148,1,0.06928261762561633
-0.001304663419051083,0.01774950990949348,-0.1442445028416583,-0.07466642399644387,1,0.06957807884521443
-0.03422060130561071,0.018764991800794904,-0.17915078523516872,-0.1055920173760527,1,0.07355876785911603
-0.03291855502273018,0.02053518323370978,-0.18131831416080135,-0.10082039588465902,1,0.08049791827614233
-0.004007846483770547,0.017731918305974006,-0.1469132063634796,-0.0774040866040615,1,0.06950911975941809
-0.016589187674278416,0.019598855895593046,-0.1631537452296408,-0.08632623011891605,1,0.07682751511072475
-0.007029461449110652,0.02725425102762638,-0.16859859346325837,-0.061761929434962955,1,0.10683666402829542
-0.016907204296427794,0.017891095127452253,-0.16012455074623422,-0.08999145784662138,1,0.07013309289961284
-0.03748098725680139,0.018588534674600907,-0.18206531521901917,-0.10919825929458363,0,0.07286705592443554
-0.017649354633002337,0.016923220078532804,-0.15896966598692663,-0.09263064327907805,1,0.06633902270784858
0.007175490306101456,0.01861491339183709,-0.13746053994189925,-0.06449007944589785,1,0.0729704604960014
-0.021734476637555525,0.018994297872859573,-0.16711410046836028,-0.09265645280675078,1,0.0744576476616095
-0.026396484915761534,0.016420280195593252,-0.16673103409912432,-0.10236353573239876,1,0.06436749836672556
-0.005042738064870267,0.017436772043823632,-0.1473696112707646,-0.07901746485897596,1,0.06835214641178863
-0.0017104521028866587,0.019047043780938164,-0.14719345791352545,-0.07252904629224786,1,0.07466441162127758
-0.03625794239025666,0.024382603359446434,-0.19219864497477168,-0.09661883980574165,1,0.09557980516903003
-0.002872943708782605,0.018997212661390282,-0.14825828052510756,-0.07378920689245766,1,0.0744690736326499
-0.02799552250129632,0.01720442009537191,-0.16986698588822527,-0.10242565911436738,1,0.06744132677385789
-0.018144186877370003,0.021851171931496438,-0.16912328386310302,-0.083466689891637,1,0.08565659397146602
-0.023820058197443303,0.02096973030640469,-0.1730715295979965,-0.09087018679689013,1,0.08220134280110636
-0.005733314241663429,0.01911526039485932,-0.15135002461558772,-0.07641820386773916,1,0.07493182074784856
-0.021977003473860432,0.01679039779451498,-0.1630369831511098,-0.09721862379661109,1,0.0658183593544987
0.013902706765082318,0.017495110896021047,-0.12853851059111893,-0.059957675878716435,1,0.06858083471240249
0.004171519243317184,0.021844511244190665,-0.14679452279529653,-0.06116403871806912,1,0.08563048407722741
-0.020933473400371647,0.022025705038944063,-0.17225465527670203,-0.08591389152404129,1,0.08634076375266074
0.012500113777979341,0.01986324009052913,-0.13458263679945776,-0.05671873564458357,1,0.07786390115487418
-0.035357750911668887,0.01685133448299778,-0.17653716649834456,-0.11047993532499324,0,0.06605723117335131
-0.02886674304605881,0.017909956309167727,-0.17212105741202754,-0.10191402868009007,1,0.07020702873193747
-0.022919518043770112,0.017971129079046518,-0.1662937310387013,-0.09584690504883894,1,0.07044682598986235
-0.03148222505432323,0.01703656442607467,-0.17302469132942958,-0.1062413587792169,1,0.06678333255021268
-0.017298592698836587,0.018162885399225573,-0.16104864808131872,-0.08985013731635447,1,0.07119851076496425
-0.005310251669780705,0.018602982001976288,-0.14992289639365425,-0.07699920694590719,1,0.07292368944774706
-0.010711316781655489,0.018426820288714844,-0.15497868454753658,-0.08274554901577441,1,0.07223313553176217
0.015181386105606862,0.02543449794198994,-0.14282102986069342,-0.04311779792809286,1,0.09970323193260056
-0.004369169081782268,0.01864012345209784,-0.14905461104789403,-0.0759853271156705,1,0.07306928393222352
-0.038353691063187215,0.01649411185103316,-0.1788329502912122,-0.11417603183516223,0,0.06465691845604998
-0.035791155806148625,0.025945653503450204,-0.19479543667291102,-0.09308847493938624,1,0.10170696173352478
-0.025672972973401584,0.01742452460925059,-0.16797584120753276,-0.09967170473927042,1,0.06830413646826233
-0.017304105506479497,0.017045654497709516,-0.15886438832199015,-0.09204542269096885,1,0.0668189656310213
-0.01856299215469269,0.018310806508001945,-0.1626029729103765,-0.09082461139900888,1,0.07177836151136763
-0.014709605413841392,0.03748730734901556,-0.1963355278179119,-0.04938528300977091,1,0.14695024480814098
-0.01357541880377039,0.016515697415754954,-0.1540969857386501,-0.08935545186889068,1,0.06474153386975942
-0.0039019051505021912,0.018839198974908867,-0.14897753514132356,-0.07512787515968082,1,0.07384965998164274
-0.04798518499505035,0.019137095031814735,-0.19364469125740724,-0.11862727873269346,0,0.07501741252471378
-0.03973789079978181,0.016835497410054242,-0.18088626572348812,-0.1148911158760755,0,0.06599514984741262
-0.0234155631586747,0.01669027478612041,-0.1642793017394707,-0.0988534245778787,1,0.065425877161592
-0.044882271116047964,0.016740693239082206,-0.1858448298646491,-0.12022131236744685,0,0.06562351749720224
0.004349595369665435,0.019725158877719317,-0.14246251603066443,-0.06513989323000471,1,0.07732262280065971
-0.019897736017101778,0.017087744522702408,-0.16154051528159852,-0.09455655675260506,1,0.06698395852899346
-0.03098581541588967,0.021300288721689476,-0.18088518131040104,-0.0973880495213783,1,0.08349713178902274
-0.011253869636315902,0.034683445278112374,-0.18738422238141617,-0.05142511689121565,1,0.13595910549020052
0.01182303428875675,0.01900909320733161,-0.1335855883976132,-0.0590699430248733,1,0.0745156453727399
-0.024446698387183066,0.020018559581821176,-0.17183387516755258,-0.09336112160681356,1,0.07847275356073902
-0.055585057894483716,0.016142318859491165,-0.1953748028590864,-0.13209691292988104,0,0.06327788992920536
-0.021947629796127813,0.018116207023711143,-0.16560619556260164,-0.09459066402965398,1,0.07101553153294766
0.017212588222711114,0.01867495870068183,-0.1275411308306253,-0.0543352927239525,1,0.07320583810667279
-0.008663246346035408,0.018675379746015776,-0.15341779064822633,-0.0802103020438445,1,0.07320748860438184
-0.038230136056282074,0.016777890123861147,-0.17926560069904993,-0.11349627141351423,0,0.0657693292855357
-0.017165686175118475,0.016644421463131037,-0.1579395522428553,-0.09269342010738166,1,0.06524613213547364
-0.00724658628824644,0.017890576703287052,-0.15046291662668906,-0.08033185594980383,1,0.07013106067688524
-0.03767864249767343,0.023475992136836026,-0.19184238708587203,-0.09981649790947483,1,0.0920258891763972
-0.03273486465813631,0.01876299560555791,-0.1776611360450298,-0.10411019327124282,1,0.07355094277378699
-0.01587110495115454,0.019497148587609116,-0.1622363161828684,-0.08580749371944069,1,0.07642882246342772
-0.03486502334140572,0.022884178555878626,-0.18786881331092783,-0.09816283337188361,1,0.08970597993904422
0.022868530632676645,0.01873609301338858,-0.12200501167356498,-0.04855952706108174,1,0.07344548461248324
-0.002889290461080843,0.019148565937863158,-0.14857127969929262,-0.07350890122286906,1,0.07506237847642357
-0.01606308586259833,0.01722942533820461,-0.15798355952547938,-0.0904442121997173,1,0.06753934732576208
-0.014181802921196751,0.019811180614793394,-0.16116251692619182,-0.0835026889162017,1,0.07765982800999012
-0.059254389143467326,0.01666782988835072,-0.20007413572463473,-0.13473624256229993,0,0.06533789316233479
-0.016192550055914717,0.017240236725140187,-0.1581342140371895,-0.09055248607463995,1,0.06758172796254955
-0.02427572541085672,0.01686267537649677,-0.16547736914879038,-0.09937568167292307,1,0.06610168747586731
-0.012411331487832189,0.017660667951341403,-0.15517704067246135,-0.08594722230320304,1,0.06922981836925832
0.016495516206772823,0.017376941829119807,-0.125714089778302,-0.05759647780815236,1,0.06811761197014965
-0.008850405350625729,0.022221013057751517,-0.1605543909438187,-0.07344801975743276,1,0.08710637118638595
0.007254124986382782,0.01775569078556914,-0.13569782895333274,-0.06609552107390171,1,0.06960230787943103
-0.023797541710253847,0.020244092564020245,-0.17162676313573352,-0.09226992028477418,1,0.07935684285095934
-0.010620633190765921,0.01749329817207653,-0.15305829760803594,-0.08448456877349592,1,0.06857372883454002
0.010136436177107383,0.017179217969917757,-0.13168563104393144,-0.06434309660185382,1,0.06734253444207762
-0.04052492663260508,0.019482545011358307,-0.18686151485486738,-0.1104899384103428,0,0.07637157644452458
-0.01578178659842011,0.016959348176125873,-0.15717290902362682,-0.09069226417321341,1,0.06648064485041341
-6.646265099025106e-05,0.01806300285372702,-0.14362074824429522,-0.0728137770576853,1,0.07080697118660992
0.009510573876704176,0.02321370185647901,-0.1441390817619947,-0.053141370484596974,1,0.09099771127739772
-0.02806645313128868,0.01623780407092092,-0.16804334911029367,-0.10439115715228368,1,0.06365219195800999
0.0057481489618951415,0.018412318084523482,-0.13849079448377088,-0.06631450759243884,1,0.07217628689133204
-0.0050147866738183555,0.0180473698967122,-0.14853843167137426,-0.07779274167626245,1,0.07074568999511181
0.003251748324457085,0.03445579345228613,-0.17243240684202374,-0.0373656965090621,1,0.13506671033296164
-0.02679481512419958,0.02437174283590029,-0.18271423108256415,-0.08717699916583502,1,0.09553723191672914
-0.020291346036319838,0.045671311886705146,-0.21795791733426192,-0.03892637473837776,1,0.17903154259588416
0.002538081755057528,0.01875258151957423,-0.14236777802330797,-0.06885765846657699,1,0.07351011955673098
0.015978303935199695,0.017617996432351696,-0.12670376907220965,-0.057641223057390986,1,0.06906254601481866
-0.02084117197391204,0.018362095284954617,-0.1649816787324231,-0.093002265215401,1,0.07197941351702208
-0.028958316218406763,0.017727330321957235,-0.17185468364944295,-0.10236354878737058,1,0.06949113486207237
-0.02193121072318531,0.023573775742797214,-0.17628661117906785,-0.08387741026730278,1,0.09240920091176508
-0.03855246874676653,0.01813460475775803,-0.18224709407197226,-0.1111594434215608,0,0.07108765065041146
-0.04077237652229192,0.02342691235240994,-0.1948399247330154,-0.10300642831156845,1,0.09183349642144695
-0.0482575083469471,0.016870027639198922,-0.18947356251977698,-0.12334305417411723,0,0.06613050834565976
0.015177802437079474,0.019518980062765458,-0.13123019848594084,-0.054715796639900234,1,0.07651440184604061
-0.021975644570980016,0.017111779070046785,-0.1636655315482717,-0.09658735759368833,1,0.06707817395458338
-0.006951611073301389,0.016963769154739794,-0.14835139861659138,-0.0818534235300114,1,0.06649797508657998
0.025229274092072845,0.018531190983762397,-0.11924266023610146,-0.04660039157975286,1,0.0726422686563486
0.024306379258969307,0.018446441118422082,-0.11999944533313797,-0.04768939614892342,1,0.07231004918421455
-0.014329367303052024,0.022618618978691506,-0.16681266050128737,-0.07814767410481668,1,0.08866498639647069
0.011402275698398398,0.01758810164168926,-0.13122120351931255,-0.06227584508389066,1,0.06894535843542188
-0.00943160561938644,0.017191506620670472,-0.15127775859590056,-0.08388705264287233,1,0.06739070595302823
0.012368907203259921,0.019452010823496412,-0.13390783401079304,-0.05765595158268712,1,0.07625188242810592
-0.021588661875437135,0.017072122005274044,-0.16320082100577427,-0.09627810274510001,1,0.06692271826067425
-0.001676407354224016,0.017397495123935833,-0.14392629779713825,-0.07572811691130979,1,0.06819818088582846
0.0017499540529991725,0.017974329597690502,-0.14163053195847422,-0.07117115993552744,1,0.07045937202294678
-0.030144268993961595,0.016980709005583385,-0.17157725864490503,-0.10501287934301817,1,0.06656437930188686
0.014708200434341012,0.017559285494850203,-0.1278587991355654,-0.05902639999575259,1,0.06883239913981279
-0.005540287656530737,0.018575841093274207,-0.1500997361993482,-0.0772824391137133,1,0.07281729708563489
-0.01431094266424461,0.01771869460490631,-0.15719038408986097,-0.08773310123862825,1,0.06945728285123272
-0.051398797049024766,0.016730222277594013,-0.19234083271310903,-0.1267583613849405,0,0.06558247132816852
-0.02379930111793087,0.025126007192151262,-0.18119707521454734,-0.08270312702131441,1,0.09849394819323293
-0.03115828317525708,0.017024596038498912,-0.17267729141071494,-0.10594087493979923,1,0.06673641647091572
0.00359360389642617,0.01808242782917743,-0.1399987546487616,-0.06911563755838607,1,0.07088311709037554
-0.021822274111519893,0.0178872789367912,-0.16503214082763065,-0.09491400739540914,1,0.07011813343222151
-0.020896818454242336,0.018202071838298493,-0.16472367925730738,-0.0933715576511773,1,0.07135212160613008
-0.0540991541570945,0.01598308457709445,-0.19357679992819962,-0.1309231083859894,0,0.06265369154221023
-0.0006435844355456577,0.01725029882209563,-0.14260497012685308,-0.07498379874423823,1,0.06762117138261485
-0.011931665781671555,0.018998829357069633,-0.15732017132152804,-0.08284476024181509,1,0.07447541107971295
0.016138266616229968,0.01951351402981172,-0.130259020882201,-0.053766045885339064,1,0.07649297499686195
-0.010960596210522741,0.018739390711609898,-0.15584060200527816,-0.08238219041576735,1,0.07345841158951082
-0.0035060055021600006,0.020961326198963466,-0.15274100485212838,-0.07057260615219162,1,0.08216839869993676
-0.0013949651738357632,0.016993799644142927,-0.14285361247635592,-0.07623791787131563,1,0.06661569460504028
-0.022488881871667712,0.018413819233356804,-0.16673076756904706,-0.09454859617428837,1,0.07218217139475869
-0.03853960582889181,0.01989192022324272,-0.18567856946644754,-0.10770224219133609,1,0.07797632727511145
-0.00815381374109514,0.018022817920655264,-0.15162933686557944,-0.08097989061661083,1,0.07064944624896861
-0.053466676300204505,0.016625747319537938,-0.19420394104649885,-0.12903101155391017,0,0.06517292949258868
-0.011509783778554966,0.018520217986635966,-0.15596021103236146,-0.08336095652474848,1,0.07259925450761298
-0.023365699012863325,0.01822622812198532,-0.16723990613195455,-0.09579309189377211,1,0.07144681423818244
-0.008702157083729845,0.017452600477131083,-0.15106005401890676,-0.08264586014855294,1,0.06841419387035383
-0.00046556467685987535,0.018694942942127375,-0.14525845284342953,-0.07197427651029023,1,0.0732841763331393
0.020465828860038365,0.02745847081272046,-0.14150357393289376,-0.03386636834702954,1,0.10763720558586422
-0.03348260921573594,0.016181243436330484,-0.17334864635094369,-0.1099181720805282,0,0.06343047427041548
-0.004357203473081217,0.01814685578973194,-0.14807584082095582,-0.07694016612520663,1,0.07113567469574919
-0.034059721321124156,0.017125948817519426,-0.17577738100346224,-0.10864366163878608,0,0.06713371936467616
-0.032164737670525176,0.017937637922951607,-0.17547330799951033,-0.10515776734154003,1,0.0703155406579703
0.031701726757758814,0.03843492243866369,-0.15178152122202204,-0.001116625262460355,1,0.15066489595956167
-0.040311417011644576,0.01757449595703856,-0.18290822908744014,-0.114016204935849,0,0.06889202415159114
0.010688388831394058,0.019905675888132707,-0.13647753590934605,-0.05844728642786584,1,0.07803024948148021
-0.03236614369578057,0.016626189441540193,-0.17310427500119935,-0.1079296123903618,1,0.06517466261083754
-0.03424263698535539,0.01709183190821104,-0.17589342752544904,-0.10889344644526175,0,0.06699998108018729
-0.02204710943138076,0.019057997339468682,-0.16755158421673938,-0.09284423464602215,1,0.07470734957071723
0.0018317616621938565,0.027780884486035714,-0.16076957193043614,-0.05186850474517615,1,0.10890106718525999
-0.0009448308518332088,0.016916443481128654,-0.14225186007484536,-0.07593940162882105,1,0.0663124584460243
0.0001259885070479666,0.018282853080774642,-0.14385920353127035,-0.07219041945463374,1,0.07166878407663661
-0.02524098983444746,0.018170984533272455,-0.16900691951966149,-0.09777666014923345,1,0.07123025937042804
-0.013459560830052106,0.01654926126571549,-0.15404691291085448,-0.08917380874924975,1,0.06487310416160473
-0.027692857700158988,0.015549784170867654,-0.1663212346750596,-0.1053660807252584,1,0.06095515394980121
0.0051124396823060275,0.019418740696934444,-0.14109909208368548,-0.06497762855170247,1,0.07612146353198301
-0.0032197844592694314,0.018884158137737583,-0.1483835344092351,-0.07435763450930377,1,0.07402589989993133
-0.027299756021374147,0.017554451989345982,-0.16985728192049226,-0.10104383012225603,1,0.06881345179823624
0.0018856299072436827,0.017388143210446974,-0.1403459307852324,-0.07218440940028026,1,0.06816152138495213
-0.05513568991971694,0.03326825782348967,-0.2284922752537567,-0.0980807045856772,1,0.1304115706680795
-0.01833639621241999,0.017399693948904765,-0.16059059635227332,-0.09238379607256667,1,0.06820680027970666
-0.01662552018062982,0.017287040115881905,-0.15865891880775834,-0.0908937215535013,1,0.06776519725425705
-0.013402923470573341,0.017136440554269227,-0.15514114695694103,-0.08796629998420566,1,0.06717484697273537
-0.013575735109668627,0.02964528518747978,-0.179831294077129,-0.06362177614220826,1,0.11620951793492074
0.01169213974013436,0.01944807156994063,-0.13457688053694927,-0.05834043998278201,1,0.07623644055416726
-0.018052340911249118,0.02007011567892683,-0.16554056764194572,-0.08686571418055253,1,0.07867485346139319
-0.011754099223880168,0.025041537488543292,-0.16898631270142503,-0.07082348574633532,1,0.09816282695508971
-0.008750210940917796,0.01944661019133317,-0.15501636691593082,-0.07878565496590478,1,0.07623071195002604
-0.028060610863967175,0.017230361233809544,-0.16998291888223388,-0.10243990284570048,1,0.0675430160365334
-0.014587345571809254,0.01856214530400213,-0.15911995036765345,-0.08635634077596507,1,0.07276360959168837
-0.0255930386289787,0.019979033617803118,-0.1729027445198728,-0.0945849327380846,1,0.0783178117817882
-0.03489832385842791,0.01640293154035152,-0.17519886967751688,-0.11089937803933894,0,0.06429949163817794
0.012969698890253678,0.019475921359338153,-0.1333539069740491,-0.05700829524544355,1,0.07634561172860557
-0.02436422640593032,0.01701435302439278,-0.16586315833374016,-0.09916689447812048,1,0.06669626385561968
-0.03257888552797043,0.017329536734937014,-0.174695577528447,-0.10676379352749389,1,0.06793178400095311
-0.029816172641767683,0.016528343136921766,-0.17036252519013434,-0.10557142009340104,1,0.0647911050967333
-0.008298410296926018,0.020510853650871453,-0.15665048345263408,-0.07624793714121797,1,0.0804025463114161
-0.02793256849166055,0.016969361635450042,-0.16934331729714264,-0.10282341968617847,1,0.06651989761096416
-0.007340672199016643,0.017327872102747187,-0.14945410152040112,-0.08152884287763217,1,0.06792525864276895
0.006305166044296581,0.017915728547475397,-0.13696046190875522,-0.06673080600265165,1,0.07022965590610357
-0.049274032060846726,0.01873748921717936,-0.19415031092651827,-0.12069935319517519,0,0.07345095773134308
-0.0038113509753216063,0.0177021072386303,-0.146658281163037,-0.07726602078760622,1,0.06939226037543078
-0.03001431129493319,0.01970939099468962,-0.17679551764452484,-0.09953470494534154,1,0.07726081269918329
0.01333577061147602,0.021896841214380985,-0.1377328381687107,-0.051897220608337256,1,0.08583561756037345
-0.012133960513541403,0.018631755927757784,-0.15680300213194667,-0.08376651889513614,1,0.07303648323681053
-0.062497605116310875,0.03430796938656635,-0.23789202511398094,-0.10340478511864083,1,0.13448723999534012
0.040662756738204534,0.025610316123361954,-0.11768426286358491,-0.01729182366000604,1,0.10039243920357888
-0.014789271520422462,0.01763272148439878,-0.15750020562984407,-0.08837993741100086,1,0.0691202682188432
-0.017899478569538538,0.017970845182045905,-0.16127313512634853,-0.09082742201272856,1,0.07044571311361997
-0.051000637076928576,0.017272543779769806,-0.1930056228852774,-0.12529725126857977,0,0.06770837161669763
-0.01516900149812668,0.0431695857260657,-0.20793218952121545,-0.03870741347503792,1,0.16922477604617753
0.011868290986958713,0.019561155746376107,-0.13462237427593846,-0.05794264375014412,1,0.07667973052579433
0.0006622666045731779,0.01761788235931022,-0.14201958281967486,-0.0729574839711788,1,0.06906209884849607
-0.02157389801609573,0.016487580813972436,-0.1620403564114817,-0.09740903962070976,1,0.06463131679077194
-0.031410831269617204,0.01794300160133138,-0.17472991440822672,-0.1043933481310077,1,0.07033656627721901
0.011578261849719343,0.025463592403053185,-0.1464811792602649,-0.04666389704029642,1,0.0998172822199685
-0.01120037589281725,0.018465673953207893,-0.15554389684110473,-0.08315845494452978,1,0.07238544189657495
0.0007173111699589341,0.01725297074651094,-0.14124931149320252,-0.07361766616687963,1,0.06763164532632289
0.013572083229931309,0.02482208009096824,-0.14322999374836645,-0.04592743979177095,1,0.09730255395659551
-0.02194904201464061,0.017619892288288867,-0.16463483089968678,-0.09556485312959444,1,0.06906997777009234
0.010161155600261554,0.02090649757596695,-0.13896637964863368,-0.05701290915084323,1,0.08195347049779045
-0.015295032878695852,0.016313747886600893,-0.15542077873643362,-0.0914708870209581,1,0.06394989171547552
-0.012085218547401078,0.017083562331562406,-0.1537198007172634,-0.08675223637753876,1,0.06696756433972464
-0.020774201501504427,0.0175708119280946,-0.16336379288056985,-0.09448621012243902,1,0.06887758275813083
-0.03697343990188469,0.016719985628056603,-0.17789541173287565,-0.11235306807089375,0,0.0655423436619819
0.030355545238976767,0.020543436408506463,-0.1180603901216959,-0.03753011940035057,1,0.08053027072134533
-0.02486481152766927,0.016797498592045938,-0.1659387087680793,-0.10009251428725924,1,0.06584619448082007
0.000500488248215844,0.018611642717724967,-0.1441291314785251,-0.07117149202504322,1,0.07295763945348188
-0.025590909967031214,0.01853655233063888,-0.17007335253508343,-0.09741006739897902,1,0.07266328513610441
-0.044618915089246355,0.016255115035312795,-0.18462974055845943,-0.12090968962003329,0,0.06372005093842614
0.003816183631070655,0.023149015280504462,-0.14970668631871809,-0.05896254641914061,1,0.09074413989957747
-1.5572268499602915e-05,0.017708563434599665,-0.14287515660031497,-0.07345758793668426,1,0.0694175686636307
-0.0185716618611335,0.019248312875410806,-0.1644491550969387,-0.08899576862532832,1,0.07545338647161037
-0.03610714285619014,0.02089548827618639,-0.18521309987751547,-0.10330278583486482,1,0.08191031404265064
0.01143033638014064,0.01957226141347438,-0.13508209599026916,-0.05835883124944958,1,0.07672326474081959
-0.03565911310524743,0.017962789477533023,-0.17901698048121217,-0.10860284572928271,0,0.07041413475192947
-0.03601362842597834,0.01715512634323275,-0.17778847605871453,-0.11054038079324216,0,0.06724809526547237
-0.016962766442328484,0.018145235879067727,-0.16067822876530125,-0.08954890411935575,1,0.0711293246459455
0.007798858461474337,0.019089470151020388,-0.1377673030345256,-0.06293658004252571,1,0.0748307229919999
0.023043013508479135,0.02951705611255821,-0.14296121647213494,-0.027254356510906783,1,0.11570685996122816
-0.018894169743643344,0.018025895372364414,-0.1623757246734776,-0.09171421481380909,1,0.07066150985966851
-0.030217933135442396,0.01788305140399735,-0.17341951388727722,-0.1033179523836076,1,0.07010156150366963
-0.0060688504187595554,0.02471126671878644,-0.16265373318758097,-0.06578556764993815,1,0.09686816553764283
-0.038473293632406605,0.019677615236451083,-0.18519221949585074,-0.10805596776896248,1,0.07713625172688826
-0.0038531441781578385,0.01797981634752167,-0.1472443842193003,-0.07676350413701537,1,0.07048088008228494
-0.07288929597701534,0.03208791496255279,-0.2439324093036188,-0.11814778265041187,0,0.12578462665320694
0.013738249589314522,0.018114329244819,-0.12991663573053072,-0.058908465090840245,1,0.07100817063969048
-0.007871016166876077,0.02084173097428132,-0.15687160887646748,-0.07517202345728469,1,0.08169958541918279
-0.02797588362930066,0.016924436151412026,-0.16929857848606825,-0.10295478877253308,1,0.06634378971353516
0.015148749712748058,0.018482597166946862,-0.1292279407344678,-0.056776159840036096,1,0.07245178089443172
0.023762530414851657,0.03019153575263168,-0.14356367966030645,-0.025212859509990256,1,0.1183508201503162
-0.02405587907293931,0.016805381173679308,-0.16514522617335076,-0.09926813197252787,1,0.06587709420082288
-0.019298783128996203,0.019331172478097066,-0.16533868118606646,-0.08956048507192596,1,0.0757781961141405
-0.028084783940529948,0.017928832223413637,-0.17137609509842067,-0.10109507278263923,1,0.07028102231578144
-0.02151672428702313,0.024863125333563635,-0.17839924994080786,-0.08093579863323841,1,0.09746345130756945
-0.023749280160807254,0.016603271978100857,-0.16444249323788493,-0.09935766708372959,1,0.06508482615415534
-0.034492853000299875,0.017292866005021803,-0.17653767037014262,-0.10874963563045714,0,0.06778803473968548
-0.03372797028571224,0.01795969625038424,-0.17707977493646535,-0.10667776563495915,1,0.0704020093015062
-0.02416141102811044,0.026810876251783536,-0.18486152848160617,-0.07976289357461472,1,0.10509863490699145
0.025241152771833267,0.02016561244536963,-0.1224342476210912,-0.04338504683524227,1,0.07904920078584893
-0.02225727032999676,0.018216126706725375,-0.1661116786751785,-0.09470446198481502,1,0.07140721669036348
-0.060439030412009945,0.01666778140573504,-0.20125868196725064,-0.13592097885676926,0,0.06533770311048137
-0.01839672453647613,0.01683645956591252,-0.1595469852856647,-0.0935480637872876,1,0.06599892149837709
0.0389651680609099,0.022242749049510364,-0.11278142007613043,-0.025589843802049796,1,0.08719157627408064
0.008164749774794963,0.019162804689388434,-0.1375451474164064,-0.06242695303400371,1,0.07511819438240268
-0.013748941837650436,0.01963418674844363,-0.16038274786459997,-0.08341673581070091,1,0.07696601205389905
0.006911112109615522,0.0490576391835249,-0.19739266069009329,-0.005086715090675681,1,0.1923059455994176
0.00711161928091443,0.018879791897170043,-0.13804357283753887,-0.06403478860063229,1,0.07400878423690659
0.023709325897738123,0.031041509160589627,-0.14528283205701756,-0.023600116147506213,1,0.12168271590951135
-0.01995228359849334,0.019439476206971062,-0.16620445696415664,-0.09000171023283006,1,0.07620274673132658
0.022745735852903487,0.029633067643215754,-0.1434858767277994,-0.02732425156639364,1,0.11616162516140574
-0.00572705827303234,0.017676014434863923,-0.14852284656536563,-0.07923286998069906,1,0.06928997658466657
-0.043428366323799775,0.01706277048927496,-0.1850221964827787,-0.11813613616482085,0,0.06688606031795785
0.003998784663259855,0.020450609513634175,-0.14423520998346312,-0.06406882069001717,1,0.08016638929344595
-0.004887818737731517,0.017192788440808467,-0.1467364840817161,-0.07934075339374694,1,0.06739573068796917
0.002405069127454307,0.017148869145323656,-0.13935751439738006,-0.07213394734771134,1,0.06722356704966873
0.03783973896275647,0.03514279990169545,-0.13919094884456662,-0.0014311732299204516,1,0.13775977561464617
-0.03460052039239671,0.016943981653124277,-0.1759615244325203,-0.10954111635227312,0,0.06642040808024718
-0.01576777001538833,0.018914828028012035,-0.16099163295029192,-0.08684550708048475,1,0.07414612586980718
-0.06637482434767604,0.020925434133258976,-0.21553947524886363,-0.13351177344648846,0,0.08202770180237517
-0.03146202723698939,0.01871817739285721,-0.17630045492698954,-0.10292519954698925,1,0.07337525538000028
-0.03905544880923921,0.01915736387533667,-0.18475468200489908,-0.10965781561357935,0,0.07509686639131974
0.010697640214232876,0.019445733053555705,-0.1355667965707363,-0.05933952300079795,1,0.07622727356993836
0.006772786947394124,0.0179877570749511,-0.13663401691951005,-0.06612200918570171,1,0.07051200773380834
-0.01679236458602698,0.018166877335390443,-0.16055024416339225,-0.08933608500866172,1,0.07121415915473053
-0.03679994705572577,0.01743560738639645,-0.17912453753306282,-0.11077695657838874,0,0.06834758095467408
-0.021155370172033436,0.017458759582580433,-0.1635253389538911,-0.09508700139017578,1,0.06843833756371531
-0.03959345210048225,0.02203012081808326,-0.19092328890392546,-0.10456521529703906,1,0.0863580736068864
0.005424696956428984,0.017833177393984816,-0.13767913073578125,-0.06777307535136079,1,0.06990605538442046
-0.004661389444094083,0.017409925235171146,-0.14693564290502953,-0.07868873598315865,1,0.06824690692187088
-0.006372365771405347,0.020068248861456486,-0.15385693353986007,-0.07518939800295063,1,0.07866753553690944
0.008265140485709005,0.01971213978001245,-0.1385214534831154,-0.061249865545466596,1,0.0772715879376488
-0.006541310052806823,0.02359786310475247,-0.16094392173812166,-0.06844029836749199,1,0.09250362337062967
-0.010427061811227906,0.019073082510687275,-0.15596110353217496,-0.08119462009028086,1,0.0747664834418941
-0.05174282487570876,0.016198047238328708,-0.19164179746283302,-0.1281454522885845,0,0.06349634517424851
0.003729440498387665,0.0171952717321178,-0.13812409209656323,-0.07071862690666145,1,0.06740546518990179
-0.030556584751641594,0.017636763072915215,-0.17327544037455542,-0.10413932912872778,1,0.06913611124582764
-0.026666358859340725,0.017509785206471763,-0.16913633786402538,-0.10049797985465608,1,0.0686383580093693
0.01303037482955377,0.021674345944540627,-0.13760214322174585,-0.05263870711914661,1,0.08496343610259924
-0.008450278768869862,0.020135266922293893,-0.1560662019365659,-0.07713595560117384,1,0.07893024633539206
-0.028213116947432046,0.020016660651422942,-0.175596571824221,-0.09713126207064308,1,0.07846530975357792
-0.04074918129464332,0.019946948780684783,-0.1879960009047855,-0.10980396168450116,0,0.07819203922028434
-0.010970990620415705,0.018806280064379302,-0.15598209954659914,-0.08226148169423228,1,0.07372061785236686
-0.0302088102948571,0.01729123156642235,-0.1722504241650449,-0.1044687964246693,1,0.0677816277403756
-0.02587586189930706,0.0167803082961465,-0.1669160661597542,-0.10113725763885992,1,0.0657788085208943
-0.05940273102188963,0.016457991871749345,-0.19981119509051834,-0.13529586695326093,0,0.06451532813725741
-0.030296752929121082,0.029485698546952824,-0.19623952208114862,-0.08065558377709356,1,0.11558393830405506
-0.007719446027282653,0.01807020980476115,-0.15128785724461452,-0.0804526348099508,1,0.07083522243466372
-0.020888309163623317,0.01923979642371765,-0.16674911015410993,-0.09132910817313672,1,0.0754200019809732
-0.011107411282947413,0.017841860114711176,-0.15422825710778132,-0.08428816545811352,1,0.0699400916496678
0.006058995459195915,0.02114855736876856,-0.14354297698359048,-0.06064063209801771,1,0.08290234488557277
-0.008923969115512492,0.026079869790323947,-0.16819131390454745,-0.06595822432647756,1,0.10223308957806988
-0.008256434044844538,0.018029265468867264,-0.15174459436382437,-0.08106987372586472,1,0.07067472063795965
-0.021084417354504933,0.016912056776587914,-0.16238284863661726,-0.09608758607239262,1,0.06629526256422463
-0.006498544213701926,0.01771479123526516,-0.14937033503482164,-0.07992835339258222,1,0.06944198164223941
-0.015343660240215662,0.01956102066173014,-0.16183406073720674,-0.08515485974322459,1,0.07667920099398215
-0.02285562819099117,0.018226116139427876,-0.16672961582426982,-0.09528324055771253,1,0.07144637526655728
-0.012215513631031877,0.017870206428430783,-0.1553919182307562,-0.08534070903130755,1,0.07005120919944866
-0.011915764431934234,0.018565628194237724,-0.1564551956926402,-0.08367793317122829,1,0.0727772625214119
-0.02770126037392849,0.01798236283366802,-0.1710974915279178,-0.10060662921993918,1,0.07049086230797863
-0.009054572690354562,0.01683831964420494,-0.15020847919299624,-0.08420226618771288,1,0.06600621300528335
-0.0148147556871005,0.018084082207870052,-0.1584103568145258,-0.0875207545596752,1,0.07088960225485061
-0.04871943119385348,0.016085524666787386,-0.18839785954075677,-0.1253426028469502,0,0.06305525669380657
0.012585073564114688,0.018793525994808873,-0.1324010373857107,-0.05873041548605993,1,0.07367062189965079
-0.0050026879591824475,0.016378659990203503,-0.14525566153998132,-0.08105131437838359,1,0.06420434716159773
-0.017723829476100614,0.01727197875021249,-0.1597277078265171,-0.09202155112568414,1,0.06770615670083296
-0.0027920809625260334,0.017896679396375337,-0.1460203725794217,-0.07586538934563038,1,0.07015498323379131
-0.03800786005358413,0.018465047226987844,-0.1823501526184803,-0.10996716748868796,0,0.07238298512979235
-0.0108057883194244,0.017309361246554456,-0.15288293636267114,-0.08503024027617767,1,0.06785269608649347
-0.02646777681765662,0.017714967154599387,-0.16933991244067143,-0.09989724119464183,1,0.0694426712460296
-0.027215171250321232,0.01833546675859036,-0.17130348609715834,-0.09942845640348413,1,0.07187502969367421
0.02492689669668663,0.018942281033351688,-0.12035077412868268,-0.04609703247794407,1,0.07425374165073861
-0.042118765360032936,0.01691248789693725,-0.18341804163802994,-0.11712108908203593,0,0.06629695255599401
0.005899094192107934,0.019220314574086527,-0.13992352237310166,-0.06457988924268249,1,0.07534363313041917
-0.021914776982726994,0.017200579607258026,-0.16377871301295271,-0.09635244095250127,1,0.06742627206045144
-0.013552411253689833,0.01870769993636697,-0.1583703031289691,-0.08503611937841057,1,0.07333418375055853
0.0001478239702092654,0.020595105677538243,-0.1483693831577657,-0.06763656890181578,1,0.08073281425594993
0.024814023627499085,0.01812907450781918,-0.11886976240782651,-0.04780379033717533,1,0.07106597207065118
-0.02487122522050185,0.018504914426130555,-0.16929165749571773,-0.09675239294528597,1,0.07253926455043176
-0.03299627538145532,0.017663507807677538,-0.17576755068450328,-0.10652660007840735,1,0.06924095060609593
-0.007363891374168999,0.01748392470103853,-0.14978318378820452,-0.08124619896013349,1,0.06853698482807102
-0.034459384538791896,0.02578404156564539,-0.19314690600745688,-0.09207346307012694,1,0.10107344293732994
0.01402308097121771,0.02111290673614514,-0.13550901623162676,-0.05274642182593783,1,0.08276259440568892
-0.047770409450682436,0.017408629394869937,-0.19004212306462753,-0.12180029583673736,0,0.06824182722789017
0.008304147806866197,0.019290886362710175,-0.13765678946404575,-0.06203651492222187,1,0.07562027454182388
-0.05075406943096282,0.0173562073173376,-0.1929230357729445,-0.12488670308898113,0,0.06803633268396338
-0.016752946956435186,0.018543742410433123,-0.1612494820808841,-0.08855801183198628,1,0.07269147024889783
-0.02662876113690489,0.01608803676228138,-0.16631211319097639,-0.1032470090828334,1,0.06306510410814299
-0.012452641501818296,0.018203727209185987,-0.15628274683182283,-0.08492413617181377,1,0.07135861066000906
-0.0035031508675056333,0.01727739707664472,-0.1455176491377293,-0.07779025259728198,1,0.06772739654044732
-0.019059606791338377,0.01606625611075303,-0.1587002687684143,-0.09572054481426245,1,0.06297972395415186
-0.04043232551643279,0.016468070580863744,-0.18086054385492573,-0.11630570717793987,0,0.06455483667698586
-0.0193183946303722,0.019299573751007628,-0.16529635918234714,-0.08964203007839726,1,0.07565432910394988
0.006996217907357161,0.020427425140282306,-0.14119233536759618,-0.061116828817689525,1,0.08007550654990665
-0.0019758160585905266,0.01694354324283237,-0.14333596081454197,-0.07691727130263909,1,0.06641868951190288
0.01374118676650636,0.017454124747220093,-0.12861969773804502,-0.06019952872894226,1,0.06842016900910275
0.0006217244596286725,0.02910393007818247,-0.16457277849360896,-0.05048537258713369,1,0.11408740590647527
-0.016175624563157118,0.017970100768057197,-0.15954782206854923,-0.08910502705776502,1,0.07044279501078421
0.007082970066510583,0.020692022321001292,-0.14162419368265194,-0.06051146618432689,1,0.08111272749832506
-0.06182986895674793,0.016905167932546233,-0.20311479810453856,-0.1368465398089573,0,0.06626825829558125
-0.01179725437487078,0.018027041941942372,-0.15528105658107783,-0.08461505216866375,1,0.07066600441241408
-0.010014394354020864,0.01935865758930416,-0.15610816322905702,-0.08022222547898472,1,0.0758859377500723
0.02324475325332767,0.01851632798088222,-0.12119804958920148,-0.04861404390414319,1,0.0725840056850583
-0.023169526515292763,0.019511824603133946,-0.1695635027374353,-0.09307715029315024,1,0.07648635244428507
-0.034853145253663995,0.01837138921483437,-0.17901186811473938,-0.10699602239258862,1,0.07201584572215075
-0.01705824806817148,0.01649734346921319,-0.15754384126782933,-0.09287425486851364,1,0.06466958639931569
-0.024616907997931994,0.02089499061661782,-0.17372188960650292,-0.09181352638936108,1,0.08190836321714184
-0.04281760272463321,0.016061293882093552,-0.18244853873353659,-0.11948826671572985,0,0.06296027201780674
0.0062856020777776744,0.017442232887479557,-0.13605197438168226,-0.0676784214627624,1,0.06837355291891986
-0.028473486282908342,0.01638835145198469,-0.16874545512879835,-0.10450311743701834,1,0.06424233769178
-0.04306011272253453,0.017254651474434914,-0.18503002961242698,-0.1173917958326421,0,0.06763823377978488
-0.014515687025900656,0.019352200278609146,-0.1605967995719746,-0.08473617447982673,1,0.07586062509214786
-0.003259441257850215,0.016958891008392752,-0.1446496676343,-0.07817081488140043,1,0.06647885275289958
-0.011214070990594141,0.023004344239918657,-0.16445338570083473,-0.07427635628035358,1,0.09017702942048116
-0.029833257026964585,0.01717601728998688,-0.17164905091533889,-0.10431906313859031,1,0.06732998777674858
-0.022189190061635902,0.01682928131129137,-0.163325381431767,-0.09735459869150483,1,0.06597078274026218
-0.047126823430639384,0.015532221437260137,-0.18572077744766927,-0.12483446941360953,0,0.06088630803405974
-0.021664066396742718,0.017221700323999615,-0.16356939903178197,-0.09606033376170348,1,0.0675090652700785
-0.0432608325830383,0.01719350815913296,-0.1851109085749389,-0.1177123565911377,0,0.0673985519838012
-0.03844625897376859,0.016972143118491687,-0.17986245948601232,-0.11333165846152489,0,0.06653080102448743
-0.02394585087670288,0.01638829460845661,-0.16421770830927784,-0.09997559344412793,1,0.06424211486514991
-0.033020232793048124,0.018420833181466766,-0.17727586582872298,-0.10506619975737327,1,0.07220966607134971
-0.060407746007002425,0.015754184718187826,-0.19943674805465056,-0.1376803439593543,0,0.06175640409529626
-0.011204514758694467,0.019151938191045156,-0.15689311361314298,-0.08181751590424596,1,0.07507559770889702
-0.03345138499734436,0.018151372220346847,-0.17717887454922418,-0.10602549544546455,1,0.07115337910375963
-0.026158087299813018,0.01791548866344206,-0.16942324508015946,-0.09919452951946658,1,0.07022871556069288
-0.027701839795242003,0.01673982891238563,-0.16866270446351783,-0.10304257512696617,1,0.06562012933655166
-0.0005834924992113438,0.019059478900564124,-0.14609087114431704,-0.07137771385410566,1,0.07471315729021138
-0.022241069410705402,0.016707149402485785,-0.16313788223957754,-0.09764585658183328,1,0.06549202565774426
0.018167008605005544,0.023204066351393812,-0.13546376144372635,-0.04450382134626259,1,0.09095994009746376
-0.004434038903685059,0.017261196108127357,-0.1464167832756147,-0.07875289453175544,1,0.06766388874385926
-0.0016031920103310587,0.017587467911877798,-0.14422542911761155,-0.07528255490305058,1,0.06894287421456097
-0.006865430916877205,0.01713823750641282,-0.14860717642944632,-0.08142528540430809,1,0.06718189102513823
-0.017403460005843988,0.01697531010105175,-0.15882586780390542,-0.09228265220778256,1,0.06654321559612286
-0.022355658603007242,0.0178689703193055,-0.16552964042884602,-0.09548327677716847,1,0.07004636365167755
0.01094592617843805,0.018999016298100708,-0.13444294576583934,-0.059966801877284565,1,0.07447614388855478
-0.01567109072309998,0.01678352654521862,-0.15671760275172847,-0.09092617869447149,1,0.06579142405725698
-0.020307756413430952,0.024028319893300273,-0.1755540634042995,-0.08136304942256242,1,0.09419101398173707
-0.048368308832048026,0.01586722876548948,-0.18761887721240741,-0.12541934045168865,0,0.062199536760718765
-0.042953791519134074,0.016974205091667235,-0.18437403349880185,-0.1178351495394663,0,0.06653888395933555
-0.004122541966902343,0.02080277844755847,-0.15304678772411695,-0.07149989620968775,1,0.0815468915144292
-0.04363437294742979,0.01657178590081321,-0.1842658733130237,-0.11930447258183591,0,0.06496140073118778
-0.015573621797156309,0.016811734760543103,-0.1566754219278208,-0.09077342166649183,1,0.06590200026132897
-0.04946691339872565,0.016891947512865838,-0.1907259305239427,-0.12450949627350862,0,0.0662164342504341
0.0035815704258376074,0.01967973049775635,-0.14314150134976483,-0.06599695779855996,1,0.07714454355120487
-0.0031300018326242407,0.017677194919628356,-0.14592810387509583,-0.07663349979015266,1,0.06929460408494317
-0.01886385474939349,0.017560539583985516,-0.1614333123340051,-0.09259599716478188,1,0.06883731516922321
-0.007577390174423437,0.020454436787444734,-0.15581888627781512,-0.07563749407103176,1,0.08018139220678336
-0.0028518575457553985,0.019791490490077713,-0.14979397890630772,-0.07221133618520309,1,0.07758264272110463
-0.016630411178901836,0.016708931084730955,-0.15753071610497452,-0.09203170625282917,1,0.06549900985214535
-0.010232383774639364,0.01966719762296479,-0.15693089111565037,-0.07983547643362837,1,0.077095414682022
-0.01729859860846518,0.020805088125443138,-0.16622737133433374,-0.08467142588259663,1,0.08155594545173711
-0.026627065404033992,0.01614659237775167,-0.16642518646442728,-0.10313054434364072,1,0.06329464212078656
-0.013440868046951396,0.02453267528821409,-0.16967571161185102,-0.07350762448205178,1,0.09616808712979924
-0.016821500883381232,0.01864240215156245,-0.16151140910044365,-0.08843319266631884,1,0.07307821643412481
-0.044838401538027414,0.02671980328266061,-0.20536001597204223,-0.10061838710401262,1,0.10474162886802961
-0.016628117905653314,0.017932907924440245,-0.1599274174375562,-0.08963041837375044,1,0.07029699906380577
-0.03527011072887888,0.017852806789058987,-0.1784124120354345,-0.10842940942232326,0,0.06998300261311124
-0.009984822468400878,0.017520131309856194,-0.152475079835719,-0.08379616510108275,1,0.06867891473463626
-0.06643298052947173,0.03515144494844201,-0.24348061262841808,-0.1056869484305254,1,0.13779366419789268
-0.014287603419046377,0.018762024139165407,-0.1592119707318106,-0.08566483610628219,1,0.07354713462552841
-0.029214582485468668,0.018992968351132046,-0.1745916004536875,-0.10013916451724986,1,0.07445243593643763
-0.005313617702638565,0.01734643309491123,-0.14746342656866457,-0.07946540883661256,1,0.06799801773205201
0.006325591835031563,0.017714802655693283,-0.13654622137012729,-0.0671041949598096,1,0.06944202641031769
-0.020592547772821976,0.017462041151324083,-0.16296894842941717,-0.09451774711622678,1,0.0684512013131904
-0.017619074132717197,0.018889935397854034,-0.16279414751251112,-0.08874560075292329,1,0.07404854675958783
-0.036057938635369144,0.02249082020477594,-0.18829074623672998,-0.1001267310340083,1,0.08816401520272167
-0.028275832160186656,0.018219094086877063,-0.1721360565704657,-0.10071720774990761,1,0.0714188488205581
0.0017313718811619444,0.018447491864323096,-0.14257651217291134,-0.0702623440647648,1,0.07231416810814655
-0.012768435205383899,0.017631469764273353,-0.15547691594335966,-0.08636155446740813,1,0.06911536147595153
-0.023892101946749664,0.020222480008804566,-0.17167896276400663,-0.09240684112949271,1,0.07927212163451391
-0.009188435158354671,0.018010340950856487,-0.1526395034220334,-0.08203896689467596,1,0.07060053652735743
-0.048870151194448666,0.01633072893449201,-0.189029179906053,-0.12501272248284434,0,0.06401645742320866
-0.02203588477522768,0.017230182586465935,-0.16395784264470092,-0.09641552690575445,1,0.06754231573894648
0.0056847447647779825,0.017765224418420253,-0.1372858950953257,-0.06764621537511833,1,0.06963967972020738
-0.01676665406305726,0.016751036049669328,-0.15774948472040914,-0.09208542340570539,1,0.06566406131470376
-0.03196330984174976,0.01779867684551897,-0.17499951645896694,-0.1052287032245326,1,0.06977081323443435
0.0027932373654318,0.017361621831658097,-0.1393863414246181,-0.07132878384451834,1,0.06805755758009975
-0.022387274168259155,0.016925372916069457,-0.1637118050837553,-0.09736434325276302,1,0.06634746183099227
0.010959255711075963,0.028668495856178165,-0.15338179616703324,-0.04100129241081484,1,0.11238050375621839
0.021161755568992455,0.01818165452002114,-0.12262508729024899,-0.051353001571766116,1,0.07127208571848287
-0.010246914384947042,0.024038066675018736,-0.16551232506798377,-0.07128310370191032,1,0.09422922136607345
-0.02659421728616053,0.01768407201185312,-0.16940579842939266,-0.10008423614292841,1,0.06932156228646424
-0.039317489710568906,0.018206623524547667,-0.18315327181868235,-0.11178330760245549,0,0.07136996421622686
-0.049119793982982426,0.03684894094535986,-0.22949451823588773,-0.08504666973007712,1,0.1444478485058106
0.005013611887030686,0.027399395456487317,-0.15684000320768446,-0.04943437301825418,1,0.10740563018943028
-0.02653367390001389,0.018155514225770837,-0.17026928178252473,-0.09909966601750306,1,0.07116961576502168
-0.03901618003124639,0.01767643383718304,-0.18181279035212516,-0.11252116971036763,0,0.06929162064175753
-0.02392829529291078,0.01849922993414413,-0.16833758596383327,-0.0958206046219883,1,0.07251698134184498
0.034164664569441464,0.0200691701619878,-0.11332170894805463,-0.034650561913062455,1,0.07867114703499217
0.011377396055351652,0.0186666318737111,-0.1333600024171221,-0.0601868054721746,1,0.07317319694494749
-1.6216424894577308e-05,0.019318540538209694,-0.14603135587978558,-0.07030267697000359,1,0.075728678909782
0.005913107881017787,0.018145082452565683,-0.13780205372601095,-0.06667333051195348,1,0.07112872321405747
-0.02658308064402963,0.018358586114846566,-0.17071670942912892,-0.09875105185893036,1,0.07196565757019856
0.0029553444644585813,0.0178519760329014,-0.14018532856002816,-0.07020558251105469,1,0.06997974604897347
-0.04623004732737605,0.016586912519985564,-0.18689119586654776,-0.12187049878820436,0,0.0650206970783434
0.016572686913602114,0.01918262630794173,-0.12917606064996368,-0.0539801655228321,1,0.07519589512713157
-0.024348091208083802,0.018881228932869136,-0.1695060999165073,-0.09549168249966031,1,0.074014417416847
-0.0016196198962003389,0.021582084042156405,-0.1520713046188269,-0.06746953517357379,1,0.0846017694452531
0.01922549101665441,0.01808445630128404,-0.12437084333386231,-0.05347977463282887,1,0.07089106870103343
-0.04189408926847478,0.01797534356321008,-0.18527656265236653,-0.11481321588458303,0,0.0704633467677835
0.016919627399230003,0.01761319723978863,-0.12575303919075573,-0.056709306010784284,1,0.06904373317997145
0.0035277323111920084,0.017359110801756367,-0.1386469248602505,-0.07059921051736552,1,0.06804771434288497
-0.008071299079338512,0.01884320166855337,-0.15315477434970312,-0.07928942380897391,1,0.07386535054072921
-0.027051324142176855,0.018383030243126427,-0.17123286341870464,-0.09917138486564907,1,0.07206147855305557
-0.019630325787104733,0.01775697353679746,-0.16258479391922775,-0.09297745765498172,1,0.06960733626424603
-0.030021777176901313,0.021144971769612792,-0.1796167218453424,-0.09672843250846025,1,0.08288828933688214
-0.028349011274621763,0.019835205193414213,-0.17537681345371364,-0.09762280909552991,1,0.07775400435818373
-0.029766895093827586,0.016610920549014918,-0.17047509936989683,-0.10536029081775836,1,0.06511480855213847
-0.005254063592612476,0.018252298395177384,-0.14917936844716015,-0.07763035873806481,1,0.07154900970909533
-0.03159925029019796,0.017115992317038448,-0.17329739523159332,-0.1062027053488026,1,0.06709468988279071
-0.023487061167139958,0.0160723583152975,-0.16313968346512306,-0.10013603886915687,1,0.06300364459596619
0.02853614957317814,0.02626013241595965,-0.13108450996210277,-0.028144790891540948,1,0.10293971907056182
-0.035696312681475786,0.016983828847258672,-0.1771354172221028,-0.11055880814084879,0,0.06657660908125401
-0.0539958049072594,0.0169178636065725,-0.1953056175761415,-0.1289875922383773,0,0.06631802533776421
0.017562225608364998,0.033292952632452036,-0.155842761551241,-0.02533438723202902,1,0.13050837431921197
-0.011682959722693453,0.017884782737358593,-0.1548879338879163,-0.08477958555747062,1,0.07010834833044569
-0.031032870300119766,0.017317254508289526,-0.17312548913636724,-0.1052418514638723,1,0.06788363767249495
-0.007357314745267185,0.017853948920727728,-0.15050185462989354,-0.08051437486064084,1,0.06998747976925271
-0.011394178850335154,0.018407971015779602,-0.1556246020412632,-0.08346535565940713,1,0.07215924638185606
-0.03737759851748841,0.021827745209403546,-0.18831077912791938,-0.10274601790705747,1,0.08556476122086192
-0.022191468967162856,0.018741311796243495,-0.16707524008780011,-0.09360929784652561,1,0.0734659422412745
-0.03612286173683167,0.01840723837281905,-0.18035184894755701,-0.10819547452610634,0,0.07215637442145068
-0.049690615977985644,0.017879849444050144,-0.19288592088832393,-0.12279691106764737,0,0.07008900982067656
-0.0002510302357387334,0.018223104606735013,-0.14411911526493937,-0.07268454520653811,1,0.07143457005840126
-0.032922669522838885,0.02106488600890137,-0.18236064610028557,-0.09978629294539221,1,0.08257435315489337
-0.026089577089582525,0.01733336505706371,-0.1682137726014274,-0.10026698157773765,1,0.06794679102368974
0.0025964230459733506,0.017906040656174245,-0.14065021664012817,-0.07045853726792514,1,0.07019167937220303
-0.010544770453591729,0.017707259312400084,-0.1534017987058959,-0.08398934220128756,1,0.06941245650460834
0.044036401835631275,0.030842483128470613,-0.12456566509617113,-0.0036631312325663273,1,0.1209025338636048
-0.02276227024195658,0.017485992969975692,-0.16518561646310895,-0.09664052402080422,1,0.06854509244230472
-0.02351514415069629,0.033066452103530035,-0.19647619027361518,-0.06685569802777742,1,0.12962049224583777
-0.044848054261778195,0.018779693348883086,-0.18980705322558905,-0.11619065529796735,0,0.0736163979276217
-0.02827855042797696,0.021034069670783466,-0.17765612698271255,-0.09520257387324138,1,0.08245355310947117
-0.011213213916214382,0.01821211144286017,-0.15505975234422031,-0.08366827548820846,1,0.07139147685601185
-0.03727868793462104,0.019569898196096808,-0.18378648839897077,-0.1070724874702713,1,0.07671400092869947
-0.025285930665563713,0.020507216194267548,-0.17363087440632813,-0.09324258692479932,1,0.0803882874815288
-0.005114637160133953,0.01887825019349146,-0.1502668075393772,-0.07626406678089069,1,0.07400274075848652
-0.023051503606884224,0.01847069673592072,-0.16740486920928882,-0.09499973800447963,1,0.0724051312048092
-0.030782735279398357,0.016780921598604004,-0.1718241416126622,-0.10604292894613451,1,0.0657812126665277
-0.022222735149000986,0.016914638208375233,-0.16352622603741646,-0.09722084426058553,1,0.06630538177683093
-0.026871819576515174,0.027199897651748562,-0.18833441897394237,-0.081710820179088,1,0.10662359879485438
-0.029845719972429255,0.024288927981278064,-0.18560281881573426,-0.09039022112912426,1,0.09521259768661
-0.03614417455401474,0.01909033179970425,-0.18171202488143506,-0.10687792422659442,1,0.07483410065484064
0.002498939569447245,0.018276283248943242,-0.1414733755984815,-0.06983034526262401,1,0.07164303033585749
-0.00521082367511011,0.021413735667232356,-0.15533254558288553,-0.0713907017673347,1,0.08394184381555084
-0.040085905605393754,0.019009160314652385,-0.18549465982211244,-0.11097875138867508,0,0.07451590843343736
0.0043748007344375645,0.017362866797492573,-0.13780721818864788,-0.069744780342477,1,0.06806243784617089
-0.016189963599120463,0.018530930876281097,-0.16066138811663142,-0.08802013908160952,1,0.0726412490350219
-0.015352935225616454,0.017631718625808153,-0.15806190373220044,-0.08894556671903248,1,0.06911633701316797
-0.012825440623335863,0.018044534256312958,-0.15634352776570926,-0.08560895348096248,1,0.07073457428474678
-0.029602365378266507,0.018548659894365414,-0.17410853877122273,-0.10139779198531029,1,0.07271074678591244
-0.0011121091775886105,0.03656369664641827,-0.18092775460456845,-0.0375980637506088,1,0.14332969085395963
-0.00917998125519387,0.01775572240162751,-0.1521319971623838,-0.08252956534800396,1,0.06960243181437983
-0.022626300500003374,0.01716122584158669,-0.1644131031495133,-0.09714109785049346,1,0.06727200529901983
-0.036666934430437156,0.01821258989297418,-0.18051441062066656,-0.10912105824020776,0,0.0713933523804588
-0.0039414380106859576,0.02954451687515736,-0.16999949108599438,-0.05418498493537754,1,0.11581450615061684
-0.015601928315732441,0.01883674618468533,-0.1606727508377157,-0.0868327057937492,1,0.0738400450439665
-0.0076446167818378374,0.020541641940518822,-0.15605703498525475,-0.07553379857842095,1,0.0805232364068338
-0.0334155694840413,0.019567791501289577,-0.17991924082656888,-0.10321349814151373,1,0.07670574268505514
-0.025552349531058435,0.017641654064595887,-0.1682807914976664,-0.0991255075644505,1,0.06915528393321589
-0.01781891947604962,0.01752706250059504,-0.1603227619772159,-0.09161667697488335,1,0.06870608500233255
-0.015779229929627714,0.01826471989178358,-0.15972888091752352,-0.0881311789417319,1,0.07159770197579161
-0.0054089907156201905,0.029367731484800756,-0.1711205444258297,-0.055999037005410715,1,0.11512150742041898
-0.0011242979621286647,0.018719453317451475,-0.14596522646433358,-0.07258496945992378,1,0.0733802570044098
-0.016992123202235906,0.017353716838494158,-0.15915620820568446,-0.09112963819878736,1,0.0680265700068971
-0.00034495344382966253,0.018304875928985824,-0.1443733102646419,-0.07261819662301745,1,0.07175511364162444
-0.03507898962525981,0.0181012367597237,-0.17870821367431827,-0.10775136557620135,1,0.07095684809811692
-0.0518700092289648,0.016686790244539264,-0.19272691810826176,-0.12731470034966785,0,0.0654122177585939
0.0017886538862519202,0.01808956545390224,-0.14181769440339648,-0.07090659782409969,1,0.07091109657929678
-0.02128838619155958,0.017010125137834384,-0.16277903146171496,-0.0960993409214042,1,0.06667969054031077
-0.019379561752037158,0.017034849259357544,-0.16091866630037793,-0.09414205720369638,1,0.06677660909668155
-0.007451216217008894,0.020592387722451765,-0.15596309615301435,-0.07524093628100344,1,0.08072215987201091
0.01886634821501379,0.019933088097536487,-0.12835330445615772,-0.0502155991138147,1,0.07813770534234302
-0.04995603311504977,0.016642726528656802,-0.1907265771112171,-0.12548708911888246,0,0.06523948799233464
-0.0033563873642628583,0.019995514460665022,-0.1506983957071663,-0.07231597902135942,1,0.0783824166858069
-0.024322278604055295,0.021016339582080427,-0.17366510418493294,-0.09128105302317766,1,0.08238405116175529
0.01558230720312262,0.022984637221146187,-0.13761838175032393,-0.04751860384343086,1,0.09009977790689307
0.005259707044019998,0.033624355825358894,-0.16879483037368342,-0.036987355538276576,1,0.13180747483540683
0.0034017206300681335,0.017495504743298987,-0.1390402686667979,-0.07045789007306585,1,0.06858237859373204
-0.003964534551614968,0.019534339019465337,-0.15040263902976703,-0.07382803007346292,1,0.07657460895630411
-0.02747732059185147,0.032756517528125535,-0.19983089494697753,-0.07142534623672543,1,0.12840554871025212
-0.02932194153960728,0.017542293795052115,-0.17185563737790943,-0.10308984570130514,1,0.0687657916766043
-0.005102389267791829,0.017977953174551867,-0.1484899774899135,-0.07801640104567018,1,0.07047357644424332
-0.03005118333940164,0.019058886376103375,-0.17555740063656428,-0.10084656604223903,1,0.07471083459432525
-0.0013842447907230354,0.01743090692833003,-0.1436996223702499,-0.07537046721119618,1,0.06832915515905373
0.014252469117088482,0.018119566121691032,-0.12941268048142596,-0.0583839812843971,1,0.07102869919702887
-0.043300639297478835,0.017701891536648653,-0.1861471467093102,-0.11675573188564747,0,0.06939141482366273
-0.008700160184903591,0.018744560193400813,-0.15359029816396919,-0.080111622205838,1,0.07347867595813118
-0.032127174578361964,0.017850577991810616,-0.17526510744231077,-0.10529084171441316,1,0.06997426572789761
-0.0337572256896206,0.017266793489693007,-0.1757509409294189,-0.10806511044982231,1,0.06768583047959659
-0.014963134954307553,0.020937062928406844,-0.16415057829398497,-0.08207729161463015,1,0.08207328667935482
-0.03407617398806166,0.017818547193267788,-0.17715132648686654,-0.1073026214892568,1,0.06984870499760974
-0.017046026322346156,0.018276463030153355,-0.16101869386144674,-0.08937495878324558,1,0.07164373507820115
-0.021242804349423397,0.0174901616835076,-0.1636743212490983,-0.09511288744974851,1,0.0685614337993498
-0.02107123285159475,0.017828501189593615,-0.16416589518319824,-0.09427817051999127,1,0.06988772466320697
-0.010267537934296078,0.017304226132009926,-0.15233462115303553,-0.08450205471555663,1,0.0678325664374789
-0.022840038360910322,0.015949313674794872,-0.1622514931635083,-0.09973018355831237,1,0.06252130960519592
-0.004580583127528903,0.016478180745229887,-0.1450286173881795,-0.08043414886687833,1,0.06459446852130116
0.014489997208638805,0.03007952944645391,-0.15261668050641086,-0.03470492507631154,1,0.11791175543009932
-0.006635472058750827,0.01643149201837489,-0.14699199641476562,-0.08258054770273604,1,0.06441144871202958
-0.0221913083818311,0.01771938623325482,-0.16507210539901054,-0.09561211136465167,1,0.06945999403435887
0.012497004898941871,0.019818953583220823,-0.13449894412417096,-0.05680864607794532,1,0.07769029804622564
0.003865878165781808,0.01817330365590761,-0.13990459699979713,-0.06866524666863928,1,0.07123935033115784
-0.05629624557309619,0.016883636531210902,-0.19753897317426955,-0.13135511797192284,0,0.06618385520234671
-0.01595487550135162,0.018003303303642578,-0.1593921499764911,-0.08881920102621217,1,0.07057294895027892
-0.018462975948467644,0.01729415151558324,-0.1605103129190108,-0.0927172389779245,1,0.0677930739410863
-0.01746670138890212,0.020408150618351675,-0.1656174766008714,-0.08561752617693284,1,0.07999995042393855
-0.015543790553874545,0.01883770295205108,-0.16061648833989467,-0.08677269276785443,1,0.07384379557204024
-0.02478089185976541,0.01755077285357414,-0.16733120665277074,-0.0985321770667601,1,0.06879902958601064
0.039519723868781054,0.01817830040188316,-0.10426054491890994,-0.03300160734352796,0,0.07125893757538199
0.004951797836112465,0.021617689430575862,-0.14556967344781624,-0.06082833087995885,1,0.0847413425678574
-0.005062079942852793,0.018543246666910693,-0.14955764340999775,-0.07686811647570785,1,0.0726895269342899
0.008849301082517178,0.020983688955546566,-0.1404295292703541,-0.05817346856461156,1,0.08225606070574254
-0.004689735312719823,0.017906212406699058,-0.14793671162984998,-0.07774435899558968,1,0.0701923526342603
-0.05293676970050672,0.016269188187368715,-0.1929751785477494,-0.12919996085326405,0,0.06377521769448535
-0.019788895114571284,0.016639856809407504,-0.16055381446101,-0.09532557576813258,1,0.06522823869287742
0.002274310792349979,0.017438130730183098,-0.14005522543880888,-0.07169775297649116,1,0.06835747246231773
-0.014590893774370284,0.01879543899443778,-0.15958075420346834,-0.08590263334527223,1,0.07367812085819611
-0.040745433836975556,0.016970860563160564,-0.18215912054077027,-0.11563334713318085,0,0.06652577340758942
-0.01716478850135149,0.018119323143783537,-0.1608294618631672,-0.08980171513953576,1,0.07102774672363145
0.0070122435264338145,0.017289729586694037,-0.1350264264634865,-0.06725068648364588,1,0.06777573997984063
0.01882601757786878,0.01818273884424101,-0.1249629505568436,-0.053686614287418846,1,0.07127633626942476
-0.0001814139029713696,0.018047297555260113,-0.1437049171112812,-0.07295951069466156,1,0.07074540641661964
-0.042107106896716165,0.020019106197845693,-0.18949535504449372,-0.11102045874893862,0,0.0784748962955551
-0.015832517717065647,0.025331925248884554,-0.17363389120487938,-0.07433274422925193,1,0.09930114697562745
0.017819926531979946,0.03494543984466088,-0.1588239355635554,-0.021837811372484736,1,0.13698612419107065
-0.04528937538638862,0.01759861220732241,-0.18793345531274055,-0.1189468954600367,0,0.06898655985270385
-0.033222617744189345,0.016850489094540694,-0.1744003763694891,-0.1083464591188896,0,0.0660539172505995
-0.02840017226080445,0.016367264009706107,-0.1686308097198284,-0.10447113480178048,1,0.06415967491804793
-0.019230675492545993,0.01856757178172199,-0.1637739161847211,-0.0909890348003709,1,0.07278488138435019
-0.02872679233074217,0.016492913573242177,-0.16920370293429685,-0.1045514817271875,1,0.06465222120710934
-0.02047692869648994,0.016400488196466043,-0.16077268556156338,-0.0964827718314165,1,0.06428991373014688
-0.022308173065820794,0.021974753185693648,-0.17352948930978035,-0.08738845682186125,1,0.0861410324879191
-0.0067634961825892015,0.017423753758200104,-0.14906485354866142,-0.080763738816517,1,0.06830111473214442
-0.05304395181588019,0.01700220202562038,-0.19451906778609612,-0.12787043584566427,0,0.06664863194043186
0.022044030059365352,0.02251680803926211,-0.13023971369758838,-0.041973826183680917,1,0.08826588751390746
-0.03479817598718414,0.017889866123068764,-0.1780131135883989,-0.10788483838596938,1,0.07012827520242954
0.024235247068762775,0.03575473083268778,-0.15399482536330528,-0.013836280499169185,1,0.1401585448641361
-0.011227746059921856,0.01883032891833805,-0.15628599073986443,-0.08247110137997929,1,0.07381488935988514
-0.02690435310648752,0.016107610571019764,-0.16662606982568626,-0.10348423638728879,1,0.06314183343839747
-0.06277359915989032,0.024884100736766945,-0.21969723660395354,-0.12215156171582711,0,0.09754567488812643
-0.016823687356559633,0.01715261851651405,-0.15859361964892718,-0.0913553550641921,1,0.06723826458473509
-0.02187409330551894,0.01788985979152081,-0.16508901849689972,-0.09496076811413816,1,0.07012825038276156
-0.013060142969364877,0.018004540888780108,-0.15649984311137388,-0.08592204282735587,1,0.07057780028401801
-0.0033030975770333287,0.01812488588537756,-0.14697867391237335,-0.07592912124169332,1,0.07104955267068003
0.0038407940099343674,0.02773974501627079,-0.15867990622195638,-0.04994010575817489,1,0.10873980046378148
-0.011579493502403268,0.017663434148306834,-0.15435062443308467,-0.08510996257172188,1,0.0692406618613628
-0.03174352547050539,0.01797212964163035,-0.1751196995681009,-0.10466895137290991,1,0.07045074819519098
-0.008531436777804852,0.01832358922342882,-0.15259647165572535,-0.08076800189988437,1,0.07182846975584098
-0.03373486907140784,0.018797925019892626,-0.1787296021103974,-0.1050417360324183,1,0.0736878660779791
-0.014412878640975957,0.01637733736085699,-0.15466325986825566,-0.09046409741369627,1,0.0641991624545594
0.005512245226189677,0.018255984544180367,-0.13842028448040383,-0.06685682506721681,1,0.07156345941318702
-0.009492372445635389,0.026191043200488234,-0.16897761711859233,-0.06630872777267846,1,0.10266888934591387
-0.07149082605972316,0.016297812907174497,-0.21158533935778517,-0.14769791276166117,0,0.06388742659612401
-0.024497608175178417,0.018443475849407927,-0.16879762084001795,-0.09649919551033889,1,0.07229842532967906
-0.03633518373932172,0.017678526991065716,-0.17913589664181054,-0.10983607083683292,0,0.06929982580497762
-0.01973967476362358,0.017494791673817702,-0.16218026644430628,-0.0936006830829409,1,0.06857958336136538
-0.006109594402857799,0.016990897820350428,-0.14756255413074465,-0.08095823467497096,1,0.06660431945577369
-0.00047758957904150967,0.01768339348267013,-0.14328784080507498,-0.07396893835300805,1,0.06931890245206693
0.0024598337670732884,0.01917414778660911,-0.14327229589468057,-0.06810963657117286,1,0.07516265932350771
-0.0018984403576692982,0.01829780628262341,-0.1459129406716112,-0.07418554004372742,1,0.07172740062788378
-0.031716789152104866,0.01746241809503803,-0.1740939286183794,-0.10564124968583033,1,0.06845267893254908
-0.00808271206771706,0.02532039814019606,-0.16586149242250134,-0.06660553171293279,1,0.09925596070956855
-0.021240894978305933,0.017422647773899107,-0.16354008461514818,-0.09524330534146369,1,0.0682967792736845
-0.013188787192797008,0.019427380893954942,-0.1594172537449487,-0.08326192064064533,1,0.07615533310430336
-0.039046005016689075,0.016669317882070045,-0.17986866806554636,-0.11452494196783179,0,0.06534372609771456
-0.03545725667916115,0.020509481156422562,-0.18380663974574937,-0.10340947361257294,1,0.08039716613317643
-0.005679958544220598,0.01886464399838385,-0.15080546078105295,-0.07685605630738826,1,0.07394940447366469
-0.018492887383909487,0.017854753484891933,-0.16163900421429767,-0.0916483705535213,1,0.06999063366077636
0.002908271446806915,0.017325432866525634,-0.13920037697158333,-0.07128468013480285,1,0.06791569683678048
-0.02039777301035102,0.01744343510028005,-0.16273770580689992,-0.09435944021380213,1,0.06837826559309779
-0.001154818025221785,0.01816808668443727,-0.14491506792671885,-0.07369616812372473,1,0.07121889980299412
-0.002572431492374641,0.019155118522510044,-0.14826726379649433,-0.07317919918825497,1,0.07508806460823936
-0.0010512917112818765,0.01775374762198358,-0.1439994370503697,-0.07440474637219407,1,0.06959469067817561
-0.05397079835381714,0.016952842248467558,-0.19534916916081357,-0.12889402754682072,0,0.06645514161399285
-0.025795305465240212,0.016638531837169537,-0.16655762786609252,-0.10133458306438792,1,0.0652230448017046
0.012703990686590491,0.026779596670376094,-0.14793481878734666,-0.04295879983947237,1,0.10497601894787428
-0.012897695880676852,0.018745098103576333,-0.15778888816368647,-0.08430810359766724,1,0.07348078456601922
-0.021639671373085936,0.01614785234688953,-0.1614402619729894,-0.09814068077318247,1,0.06329958119980694
0.001391160149461973,0.02217377859343353,-0.15022024589366775,-0.06329903380740831,1,0.08692121208625944
0.014985509535937247,0.020757507520742388,-0.13385000520471785,-0.052480575723407676,1,0.08136942948131018
-0.02189015070563048,0.016742846512566127,-0.1628569298702601,-0.09722497154100088,1,0.06563195832925922
-0.04328920797000575,0.025265076540392867,-0.20095955798917578,-0.10192045795083574,1,0.09903910003834004
-0.038565365086035766,0.02831937872723043,-0.20222214739140743,-0.09121018278066412,1,0.11101196461074331
-0.0427220570380117,0.018132836473073035,-0.18641321652523485,-0.11533249755078856,0,0.07108071897444629
-0.0012635299657696164,0.025749345157552655,-0.15988304647457283,-0.05894561345696642,1,0.10093743301760641
0.015057477134191838,0.025766795261698464,-0.14359624157873715,-0.04259040415287918,1,0.10100583742585797
-0.02195116664288145,0.01767314298600282,-0.164741326895447,-0.09546260639031592,1,0.06927872050513106
-0.021200908290206863,0.030989107369394347,-0.19009035873421978,-0.06861305784619395,1,0.12147730088802583
0.0009482914777366458,0.021908215004814977,-0.1501426099317007,-0.064262407112826,1,0.08588020281887469
-0.008837639029470323,0.017974676969763626,-0.15221880589020703,-0.08175807216873363,1,0.0704607337214734
-0.006191726297641781,0.018386565056589865,-0.15038019380855794,-0.07830485878672565,1,0.07207533502183229
-0.01687203911356029,0.017092493016791378,-0.1585241254264714,-0.09152155280064919,1,0.06700257262582221
-0.02610936336706625,0.016698065393313484,-0.16698837153796067,-0.10153195519617184,1,0.06545641634178884
-0.03928814352908751,0.016389793920097893,-0.17956293961247938,-0.11531494744569565,0,0.06424799216678373
-0.014389370667221776,0.022442171439059723,-0.16652682668777885,-0.07855351464666473,1,0.08797331204111412
-0.02695066872385586,0.017546502185526378,-0.16949261300748758,-0.10071032444022417,1,0.06878228856726341
-0.028621390464584187,0.028485647391228143,-0.19260405935139135,-0.08094032157777703,1,0.11166373777361432
-0.03634811510755402,0.016757833172147036,-0.1773442681249622,-0.11165356209014585,0,0.06569070603481636
-0.023699882743808312,0.017036486996688187,-0.16524219725731715,-0.09845916823029947,1,0.06678302902701767
-0.005314306029350249,0.017097236950836998,-0.14697569045299078,-0.07995452160570973,1,0.06702116884728104
-0.027325546578809964,0.018287538376870097,-0.17131992179747535,-0.09963277136014459,1,0.07168715043733076
-0.036442570497260116,0.01732738360653396,-0.17855504236606667,-0.11063169862845357,0,0.0679233437376131
0.022178189481969132,0.035771458582404256,-0.1560846693395432,-0.015860551696518538,1,0.14022411764302467
-0.024278387252861147,0.027222068673297305,-0.18578444185252388,-0.07907393265319843,1,0.10671050919932545
-0.0214082814564915,0.016896805999502905,-0.1626768212155172,-0.09644134169746582,1,0.06623547951805137
-0.02282866059609058,0.01991098539387665,-0.17000499196808883,-0.09195392922409235,1,0.07805106274399648
-0.010679025382998697,0.01849069013424047,-0.15507157804611002,-0.08258807271988738,1,0.07248350532622264
-0.01816599538595999,0.016773068494813095,-0.15919200963579366,-0.09344158113612633,1,0.06575042849966733
-0.03135794861451506,0.016412843379082498,-0.17167792163751677,-0.10733957559151337,1,0.0643383460460034
-0.02014658363515824,0.018302873533921356,-0.1641710157616441,-0.09242375150867238,1,0.07174726425297173
-0.024351264162024253,0.019022458084085484,-0.16978608200683182,-0.09521804631721671,1,0.0745680356896151
-0.03957300231266868,0.018699484443066697,-0.1843747918210794,-0.11107281280425796,0,0.07330197901682145
-0.05084005047698213,0.01639522986367715,-0.19112550100978937,-0.1268561999441749,0,0.06426930106561446
0.013090604139285617,0.01768745374343766,-0.1297276051978522,-0.060392786523576575,1,0.06933481867427563
0.006427768685236784,0.017191415664701448,-0.13541820601757806,-0.06802785661194838,1,0.06739034940562968
0.00975432380069284,0.019969566480151555,-0.13753682650040422,-0.05925612589821012,1,0.07828070060219411
-0.01840538702633314,0.017001414519719163,-0.1598789594849827,-0.09323341456768358,1,0.06664554491729913
-0.0038581474766872514,0.017488024744677397,-0.14628547597625496,-0.07773241897711955,1,0.06855305699913541
-0.053653082933424565,0.015851205478538917,-0.19287224567136085,-0.1307355201954883,0,0.06213672547587257
-0.020439238164682585,0.017128362055822303,-0.16216162779409432,-0.09501844853527087,1,0.06714317925882345
-0.031076020744464708,0.017494258905819692,-0.1735155681998713,-0.10493807328905812,1,0.06857749491081318
-0.014858250822886818,0.017067066656193258,-0.15646050146902563,-0.08955760017674803,1,0.06690290129227759
-0.03501576004674277,0.017838198171796528,-0.17812942846346397,-0.10820369163002158,0,0.06992573683344239
0.010414608285503849,0.01915768866275538,-0.1352852614934967,-0.06018712193549561,1,0.0750981395580011
-0.019944479704389048,0.01855593765975311,-0.16446491751750514,-0.09172564189127295,1,0.07273927562623218
-0.014305078692559259,0.018140170729176862,-0.15801061332174593,-0.08690114406337261,1,0.07110946925837332
-0.045684601925665244,0.021063852618364777,-0.1951205530576602,-0.11255025079367029,0,0.08257030226398993
-0.008969501968785834,0.018728659516024176,-0.15382847462019322,-0.08041212931737846,1,0.07341634530281477
-0.031013816223556326,0.026264866225170724,-0.19064375402489095,-0.08768547842222171,1,0.10295827560266924
-0.05557808214991193,0.01761638771674292,-0.19825700207472807,-0.1292007622250958,0,0.06905623984963227
-0.03348114673589998,0.01669219835860452,-0.17434865551876486,-0.10891523795303512,0,0.06543341756572973
-0.02472230297361809,0.020376385367808954,-0.17281081829452366,-0.09293538765271254,1,0.07987543064181112
-0.02600507648384688,0.021470944264388774,-0.17623892724204887,-0.09207282572564489,1,0.08416610151640398
-0.020257660365065613,0.018212242578190537,-0.16410445581831906,-0.09271246491181218,1,0.07139199090650689
-0.020496866115103443,0.01797022162713442,-0.1638693005042869,-0.09342603172591998,1,0.07044326877836693
-0.02186686861907393,0.01739396038682235,-0.16410983097724574,-0.09592550626090213,1,0.06818432471634361
-0.015081260261173235,0.01637604421848191,-0.15532910692939778,-0.0911350135929487,1,0.06419409333644907
-0.014423009536277176,0.018991941483462026,-0.15979801484386275,-0.08534960422869162,1,0.07444841061517113
-0.027278259504228727,0.017295341020306006,-0.1693279279040285,-0.10153019110442896,1,0.06779773679959955
-0.017774007479755202,0.01964177131927345,-0.16442267926553117,-0.08742693569397925,1,0.07699574357155192
0.006118952069660774,0.018458758323566065,-0.13821101424452872,-0.06585268161614974,1,0.07235833262837899
-0.015040495909615773,0.016446717629791857,-0.15542686246400783,-0.09095572935522374,1,0.06447113310878409
-0.0397397057199574,0.01732730408687747,-0.18185202173023723,-0.11392898970967757,0,0.06792303202055966
-0.0028096425531800584,0.018625540417960974,-0.14746650177238357,-0.07445438333397655,1,0.07301211843840702
-0.02335778604182788,0.016535368579881565,-0.16391790845839577,-0.09909926362526002,1,0.06481864483313575
-0.010356096875591483,0.017568750369054753,-0.1529416475989388,-0.08407214615224418,1,0.06886950144669463
-0.023450481078731475,0.018389899682854392,-0.1676454844571261,-0.09555707770033686,1,0.07208840675678924
-0.015610612389289819,0.017321115638605143,-0.15771079904095592,-0.08981202573762374,1,0.06789877330333217
0.020320149076139576,0.020528579690280917,-0.12806666711681103,-0.04759463473090983,1,0.0804720323859012
-0.03906794864060707,0.017606868699122497,-0.18172821129088718,-0.11270928599032698,0,0.0690189253005602
-0.02337622203860802,0.016458396153092466,-0.16378547849866926,-0.0992685655785468,1,0.06451691292012246
-0.01662284014584478,0.018542301959838,-0.16111655198712727,-0.0884307283045623,1,0.07268582368256496
-0.014871329662399721,0.016817226025630884,-0.15598389267263627,-0.09006036665216319,1,0.06592352602047308
-0.03335418540147693,0.01749539284362902,-0.17579595537498982,-0.10721401542796405,1,0.06858193994702577
0.01043582455092712,0.019471759659024254,-0.13587962438076043,-0.05955032651738535,1,0.07632929786337508
-0.036165426766947964,0.018869711329078765,-0.18130086097194234,-0.1073315925619536,1,0.07396926840998874
-0.0062173931413692235,0.02071942788777049,-0.1549782718013994,-0.07375811448133907,1,0.08122015732006033
0.007926837455108096,0.01716995338107067,-0.13387707117179043,-0.06657085391799339,1,0.06730621725379704
0.012084004772372106,0.01762155348072074,-0.13060504004984055,-0.06152855040541525,1,0.06907648964442531
-0.022962527609177538,0.020125549367872496,-0.17055940437020764,-0.09166725084814745,1,0.0788921535220602
-0.010041289292020389,0.019640855066027862,-0.156688165221435,-0.07969601336260579,1,0.07699215185882921
-0.02501767735049419,0.017869826488142462,-0.1681933372672534,-0.09814361743373498,1,0.07004971983351843
-0.04179857217033818,0.017848209462986316,-0.18493186271779136,-0.11496688162288501,0,0.06996498109490634
0.007004498506353887,0.020851124984041857,-0.14201450646236816,-0.06027809652492408,1,0.08173640993744408
-0.008510447204867017,0.017493097989649094,-0.15094771926457926,-0.08237477514515479,1,0.06857294411942447
-0.005934573641155599,0.01743783860183953,-0.14826353730076108,-0.07990720998155013,1,0.06835632731921096
0.009066634530143058,0.01920034422879185,-0.13671684015828897,-0.06145149078142492,1,0.07526534937686405
-0.023124142875167356,0.018032475877353557,-0.16661859559478032,-0.09593129015555439,1,0.07068730543922593
-0.011608839488624317,0.01742974605053005,-0.15392194174766322,-0.08559733722958543,1,0.06832460451807779
-0.03577317413130833,0.018020277431540565,-0.17924371789712784,-0.10860423036548883,0,0.07063948753163901
-0.06253945577858376,0.015466930851090964,-0.20100544024672207,-0.14037507131044547,0,0.0606303689362766
-0.02155586770517047,0.01791212290031426,-0.16481442858978643,-0.09459890682055452,1,0.0702155217692319
-0.04546703905646794,0.020089088985997303,-0.19299245346902266,-0.11424322464391323,0,0.07874922882510943
-0.022921288693064548,0.017349891466426175,-0.16507787596725987,-0.09706630141886925,1,0.06801157454839062
-0.039272563469295765,0.026221360972313368,-0.19881723097502996,-0.09602949596356157,1,0.10278773501146839
-0.021463804226024133,0.017594867187412922,-0.16410054391335346,-0.09512866453869481,1,0.06897187937465865
-0.021948872393464505,0.02031332255735992,-0.16991378460588996,-0.09028556018103906,1,0.0796282244248509
-0.010340683139712134,0.017396545753951553,-0.15258871281745717,-0.08439425346196709,1,0.06819445935549008
-0.0121728573256083,0.01840293993241741,-0.15639341959314643,-0.08425389505807018,1,0.07213952453507624
-0.04436740501210097,0.017733983993338434,-0.1872768136390443,-0.11775959638515765,0,0.06951721725388665
-0.04388820117405916,0.017046903159254136,-0.18545093136619728,-0.11862707098192106,0,0.06682386038427622
-0.024692495005315687,0.01761426116473998,-0.16736724688820606,-0.09831934312242532,1,0.06904790376578074
-0.03173145750027846,0.016571234922636558,-0.17236187794864613,-0.1074026370519108,1,0.06495924089673533
-0.0457949780516551,0.017856780825733137,-0.18894506847009204,-0.11894648763321816,0,0.06999858083687388
0.025132551826001964,0.026537790132560322,-0.13503231683381628,-0.03100417951417981,1,0.10402813731963648
-0.00094951003823808,0.016960572929861438,-0.1423430329807665,-0.07585758709570967,1,0.06648544588505684
-0.0319044334173484,0.018195541699192987,-0.17571849514776666,-0.10439197168693015,1,0.07132652346083651
-0.023456203070361878,0.018365186535831468,-0.16760276868059157,-0.0956112374601322,1,0.07199153122045937
-0.046526434889316445,0.016862905012366952,-0.18772852871355566,-0.12162594106507722,0,0.06610258764847844
-0.0048533135404840305,0.030807835037305317,-0.17338747021360246,-0.052620756867365615,1,0.12076671334623684
-0.0052096255096453215,0.03193413768431011,-0.17595133537089314,-0.05076951564839752,1,0.12518181972249562
-0.02740480866263438,0.018287980653071412,-0.17140005074265435,-0.09971116658261442,1,0.07168888416003993
-0.003869953632714307,0.018523754994061017,-0.14832731342107391,-0.07571419384435471,1,0.0726131195767192
-0.0018166286908587737,0.01842401767219852,-0.1460785033283679,-0.07385635405334967,1,0.07222214927501822
-0.024826643479254715,0.017365647468400528,-0.16701411251731976,-0.09894077444118968,1,0.06807333807613009
-0.018266815174956944,0.01734690143865218,-0.16041754199471522,-0.09241768835519867,1,0.06799985363951655
0.0077637679427316475,0.021989931612284006,-0.143487298017345,-0.05728676609719171,1,0.08620053192015328
0.012966978236254367,0.030398394266336604,-0.15476467452576537,-0.035602969001725895,1,0.11916170552403947
-0.03865165258591617,0.01810349404010316,-0.1822853009045184,-0.11131960426731398,0,0.07096569663720441
-0.013374009034563303,0.017182541292548252,-0.15520258996795788,-0.08784702810116873,1,0.06735556186678915
-0.020636282078173265,0.02647321733356693,-0.18067458805196446,-0.07689957610438208,1,0.10377501194758237
-0.04174165805242132,0.017460683137145848,-0.1841153970012272,-0.11566951910361546,0,0.06844587789761174
-0.019923622880519062,0.02227234588825631,-0.17172822082150144,-0.0844206249395367,1,0.08730759588196474
0.014444567608827452,0.018362297343281247,-0.1296963351840038,-0.05771612959834131,1,0.0719802055856625
-0.03039670651758418,0.017375088288071557,-0.17260267956220443,-0.10449233347296394,1,0.06811034608924049
0.006493512908458912,0.02115518231868483,-0.14312144443616337,-0.06019312974691883,1,0.08292831468924454
-0.0064876219280885356,0.01868733770933899,-0.15126560383839296,-0.07801124001778412,1,0.07325436382060885
-0.01574501639181354,0.01946826695608213,-0.16205361962573453,-0.08573801315789256,1,0.07631560646784197
-0.030147480304681992,0.016780487737763645,-0.17118803627069873,-0.10540852433866525,1,0.06577951193203348
-0.02014725015847159,0.022536100714072388,-0.17246880755805347,-0.08412729275888972,1,0.08834151479916375
0.003189183963607456,0.01788554623618822,-0.14001728665932145,-0.06990594541346364,1,0.07011134124585781
-0.007230333040924436,0.018172680114889206,-0.15099958606610728,-0.0797626800157416,1,0.07123690605036567
-0.03867007342256816,0.017166644182909075,-0.18046749602106996,-0.11317425082406637,0,0.06729324519700358
-0.042485943535078605,0.016619995397705662,-0.1832119345145817,-0.11806155255557552,0,0.06515038195900619
-0.04003926262171144,0.017102906498437258,-0.18171175935864847,-0.11466836588477441,0,0.06704339347387406
-0.015395856522342363,0.017256213973509453,-0.1573688359104209,-0.08972447713426385,1,0.06764435877615704
0.02445421874180785,0.03610707469962103,-0.1544664476694494,-0.01292671484693493,1,0.14153973282251447
0.0202268792475854,0.02057875980586366,-0.12825828997190739,-0.04758955153292183,1,0.08066873843898556
0.03305304933629867,0.023885981854846115,-0.12191427509919972,-0.02828122622820295,1,0.09363304887099677
-0.020755599337065625,0.017307760750455013,-0.16282961040795746,-0.0949831882661738,1,0.06784642214178366
-0.012157827832437379,0.018315182407159018,-0.15620638535046905,-0.08441087031440571,1,0.07179551503606334
-0.04246381152030383,0.01918387223662712,-0.188215001104093,-0.11301422193651468,0,0.07520077916757832
-0.05151398762334196,0.020133781486345672,-0.19912699933657949,-0.12020257591010444,0,0.07892442342647504
-0.032890187557031755,0.017424813226028103,-0.17519362148004686,-0.10688835363401668,1,0.06830526784603018
0.017572302401657622,0.019544230683243857,-0.12888518973750035,-0.052271805459184424,1,0.07661338427831593
-0.035664204575483485,0.017396212045247002,-0.1779115801841676,-0.10971842896679937,0,0.06819315121736824
-0.01276370312152035,0.017687639551256178,-0.15558227664198246,-0.08624672960105825,1,0.0693355470409242
-0.022867258823405026,0.01928589086967722,-0.16881840492797237,-0.09321771271883769,1,0.07560069220913468
0.026608369600784068,0.03365881227757717,-0.1475137024632672,-0.015571158335164675,1,0.13194254412810252
-0.03049723845020498,0.017756133278583743,-0.17345005967622912,-0.10384601722418085,1,0.06960404245204826
-0.014424448509220797,0.018957164102990136,-0.15973129015108145,-0.08541920686736014,1,0.07431208328372131
-0.02481541580292214,0.017067241485744008,-0.1664180091149804,-0.0995144224908639,1,0.0669035866241165
-0.00915998045408617,0.017116610420643483,-0.1508593368785474,-0.08376222402962495,1,0.06709711284892246
-0.0206305535328858,0.020978809517894527,-0.16989982018795907,-0.08766288687781254,1,0.08223693331014653
-0.01943023251095806,0.01937589742557942,-0.16555779146509372,-0.0896042735568224,1,0.07595351790827132
-0.01558953022822357,0.019314130564449056,-0.1615960261345437,-0.08588463432190344,1,0.07571139181264028
0.007519727051110328,0.020256598465877407,-0.1403340059420094,-0.06092813995576996,1,0.07940586598623944
-0.028638847844936213,0.018088907403486183,-0.17224390635576914,-0.1013353893341033,1,0.07090851702166584
-0.007059172569396047,0.017613850764425072,-0.1497331200676692,-0.0806868250711229,1,0.0690462949965463
0.024619446296859457,0.038193403017331505,-0.1583904236171103,-0.008672283789170801,1,0.14971813982793952
0.019989634756098967,0.018355463362355686,-0.12413787343411818,-0.052184457053683894,1,0.07195341638043429
-0.01287372441749253,0.0187673246993195,-0.15780848082815876,-0.0842405680068263,1,0.07356791282133246
-0.004665502273575872,0.018159706186124103,-0.14840932639837912,-0.07722327814877264,1,0.07118604824960648
-0.023226363136663916,0.023957452898786046,-0.17833377081828455,-0.08442055545504328,1,0.09391321536324128
-0.013761096106700621,0.017218666779615234,-0.1556604829947465,-0.08816330921865477,1,0.06749717377609173
-0.007516167030089074,0.01829678601472006,-0.1515286676189404,-0.07980526644123775,1,0.07172340117770265
0.001144382968016805,0.01908172920237899,-0.14440660626864602,-0.06960622779532039,1,0.07480037847332563
-0.032435448727657065,0.01698666722070501,-0.17388011648023888,-0.10729238097507525,1,0.06658773550516363
-0.00715802326460914,0.021695002692605176,-0.15783102854211528,-0.07278661798710301,1,0.08504441055501227
-0.0031653365643176112,0.017632880908156203,-0.14587658314430377,-0.07675568998433147,1,0.0691208931599723
-0.008247714228822894,0.01794136079637973,-0.15156358138972717,-0.08123344706791863,1,0.07033013432180854
0.0012686862552453576,0.01804543301088524,-0.1422511624460897,-0.07151306504341957,1,0.07073809740267013
-0.010758083521959005,0.019032125441073775,-0.1562118493864636,-0.08160591765745441,1,0.07460593172900919
-0.0244082035416283,0.01649561983827214,-0.1648904184246417,-0.10022758865861492,1,0.06466282976602677
-0.019613599771583237,0.019756074598094253,-0.16648630598384798,-0.08904249355931851,1,0.07744381242452947
-0.04888970021648871,0.01733118177374118,-0.19100961649302142,-0.12307138393995601,0,0.06793823255306541
-0.0049635670491177675,0.024920861486968673,-0.16195925556357638,-0.06426947853465917,1,0.09768977702891721
-0.04917762114501685,0.01675450286510339,-0.1901672467606195,-0.12448959552941422,0,0.06567765123120528
-0.04438994668829295,0.02892112290708267,-0.20922614758617497,-0.09585534579041093,1,0.11337080179576405
-0.014419187128710875,0.0195679066609349,-0.16092308418414328,-0.08421689007327848,1,0.0767061941108648
0.005564491954398662,0.019905581187919904,-0.14160124717392436,-0.06357136891727833,1,0.07802987825664603
-0.017902636569589833,0.016756069843842192,-0.15889533346352053,-0.09321153967565915,1,0.06568379378786138
-0.03665379283867727,0.016638783802460484,-0.1774166090914998,-0.11219257658585473,0,0.06522403250564508
-0.013984758431446156,0.018019873550039995,-0.15745451058952456,-0.08681660627336776,1,0.0706379043161568
-0.021668349956115426,0.018188253543250522,-0.16546812690088647,-0.09417017301134441,1,0.07129795388954206
-0.05692441983329981,0.024542373648812402,-0.21317827218497212,-0.1169721674816275,0,0.09620610470334462
0.004657649754881546,0.018895933243935716,-0.14052917940323245,-0.06645712108700447,1,0.07407205831622798
-0.032713318956085105,0.01900118504396147,-0.1781064416422496,-0.10362179626992063,1,0.07448464537232896
-0.01506677991333781,0.033265250707185674,-0.18841747129942174,-0.05801768852725389,1,0.13039978277216785
-0.007324301358890978,0.01932862633307692,-0.15335920897172173,-0.07759099374606022,1,0.0757682152256615
-0.007511950903186515,0.021479435888899934,-0.1577624452454304,-0.07356305656094264,1,0.08419938868448776
-0.013447260017601104,0.016941991257433606,-0.15480436288217098,-0.08839175715303124,1,0.06641260572913973
-0.019386162966575596,0.017102501517474982,-0.16105786594082655,-0.09401605999232464,1,0.06704180594850191
-0.018085149579451024,0.017844323302975418,-0.16121082325328284,-0.09126107590561922,1,0.06994974734766363
-0.02001865944601465,0.018247957279251787,-0.16393545571334817,-0.09240346317868114,1,0.07153199253466702
-0.02379294766642527,0.020166187660634792,-0.17146947548126945,-0.09241801985158109,1,0.07905145562968836
-0.026440770087931983,0.016787806253652386,-0.16749567034509066,-0.10168746983077331,1,0.06580820051431735
-0.009797191951817982,0.022444096370641188,-0.1619384208382747,-0.07395756306536126,1,0.08798085777291344
-0.029467049236336293,0.015797285064048733,-0.1685805279618718,-0.10665517051080078,1,0.06192535745107103
-0.008705091461543524,0.017094231132920676,-0.15036058448206804,-0.08335119844101901,1,0.06700938604104903
-0.024719372393869746,0.020632552873633952,-0.1733099760261923,-0.0924303687615472,1,0.0808796072646451
-0.031785749905848856,0.017405665032347684,-0.17405165336925033,-0.1058214464424474,1,0.06823020692680293
0.011972974282277851,0.0187879580115633,-0.13300222342038623,-0.059353428015058086,1,0.07364879540532815
-0.03500636614586809,0.017205015306262155,-0.17687899614614191,-0.10943533614559428,0,0.06744366000054763
0.013932439965220506,0.018542673966358343,-0.13056200100884185,-0.057874719060717145,1,0.07268728194812471
0.009060460059793357,0.018407922845679225,-0.13516986871773792,-0.06301081116267537,1,0.07215905755506255
-0.00912063938773544,0.018727319365805892,-0.153976985344715,-0.0805658934307559,1,0.07341109191395909
-0.020738461054305088,0.01650640125464662,-0.16124180751341247,-0.09653671459519772,1,0.06470509291821475
-0.013953134408843534,0.017604304432083797,-0.15660837109572778,-0.0875994977219593,1,0.06900887337376849
-0.021646721333072036,0.0170902327167185,-0.1632943774578403,-0.09630066520830377,1,0.06699371224953654
-0.006694543969496633,0.01832651737712334,-0.1507653180286584,-0.07892536991033489,1,0.0718399481183235
-0.02242003223398352,0.018038230103816385,-0.16592576323746364,-0.09521590123050341,1,0.07070986200696022
-0.020064139457840233,0.018281958725438422,-0.16404757855969954,-0.09238230035598094,1,0.0716652782037186
-0.026641080407932685,0.018231816725719583,-0.17052624119034307,-0.09905751962552231,1,0.07146872156482076
-0.015624558185610454,0.018193924974588025,-0.15943545113580299,-0.08811526523541793,1,0.07132018590038505
-0.011406454960124865,0.016842597059336942,-0.15256874519642527,-0.08654576472382447,1,0.0660229804726008
-0.04061368295826191,0.023081410678278735,-0.19400404788768824,-0.1035249180288356,1,0.09047912985885265
-0.001614575950762115,0.018188127913604118,-0.14541410666142618,-0.07411664524009805,1,0.07129746142132813
0.00815866703442053,0.0178940024563112,-0.13506437777994942,-0.06491988815120953,1,0.0701444896287399
-0.028308710318183175,0.01854273052890601,-0.17280326215483896,-0.1001157584815274,1,0.07268750367331156
0.006650564415245794,0.01984233392227918,-0.1403912100724214,-0.06260926109708702,1,0.07778194897533437
0.0008500902119159409,0.017691736064249088,-0.14197651247401227,-0.07262490710215586,1,0.06935160537185642
0.014818034874241492,0.01720845828546317,-0.1270613433652663,-0.0596041868862507,1,0.06745715647901561
-0.01020455624243427,0.018574693506561605,-0.15476175551529503,-0.08194895696957352,1,0.07281279854572151
-0.024161323252067865,0.01858861838955658,-0.16874581529559876,-0.09587843120853698,1,0.07286738408706178
-0.01025285196863708,0.017089378685401696,-0.1518988341920244,-0.08490846974524976,1,0.06699036444677464
-0.056401874564024,0.019249462958294376,-0.20228162196228097,-0.12682372716576704,0,0.07545789479651394
-0.0019854881431496246,0.03817095772314085,-0.1849513652805057,-0.035321211005793565,1,0.14963015427471216
0.02110667974287679,0.0253276976023314,-0.13668640755769276,-0.03740183295655367,1,0.0992845746011391
-0.01968585913569139,0.01774593798788745,-0.1626186975919508,-0.09305462067943199,1,0.06956407691251881
-0.029170834596276077,0.01724801605497515,-0.17112774606402736,-0.10351552312852479,1,0.06761222293550258
-0.0538196918427183,0.018186401953645785,-0.19761583967186405,-0.12632514401357256,0,0.07129069565829149
-0.039168183009550175,0.01931403980213874,-0.1851745010217421,-0.10946346499735826,0,0.07571103602438384
-0.025957932074233817,0.02523271559698502,-0.18356485464432445,-0.08465260950414319,1,0.09891224514018127
-0.05578807961827302,0.016835286199658468,-0.19693604056960362,-0.13094171866694243,0,0.06599432190266119
-0.009415836355906204,0.03044453067899645,-0.17723791648673926,-0.05789535622507317,1,0.11934256026166609
-0.03021131118933014,0.0176823711505783,-0.1730195586444636,-0.10370466373419668,1,0.06931489491026693
0.025069237381120768,0.017614421281359323,-0.11760582833034351,-0.04855729690741496,1,0.06904853142292855
-0.005476385509075074,0.019185654408982324,-0.15123106815068044,-0.07602330286746972,1,0.07520776528321071
-0.010598700034967032,0.024476055472727572,-0.1667225687615131,-0.070776431308421,1,0.09594613745309209
-0.030685932423120718,0.018173667268844257,-0.17445712027005547,-0.10321634457618598,1,0.0712407756938695
0.015650278723642205,0.020569995223679242,-0.1328177119147691,-0.05218333063794649,1,0.08063438127682261
-0.031545229500036034,0.01683147758335022,-0.17268572556340248,-0.1067063334366696,1,0.06597939212673287
-0.009827788159279635,0.018346975747847716,-0.15393866062506117,-0.08201851569349812,1,0.07192014493156305
-0.04332560726577296,0.01664372637395842,-0.18409811095873146,-0.11885470357281447,0,0.065243407385917
-0.017265556079752595,0.023793560609809458,-0.17205173487497913,-0.07878097728452607,1,0.09327075759045306
-0.02230247003582929,0.017108686117458485,-0.16398629482604793,-0.09692024524561066,1,0.06706604958043727
-0.06056158118129083,0.018546245855763862,-0.205063023058588,-0.13236173930399367,0,0.07270128375459434
-0.018562228246049514,0.019126327232854727,-0.16420062962244478,-0.08922542686965426,1,0.07497520275279052
-0.006619066375379151,0.01873060947914088,-0.15148186095449528,-0.07805787179626303,1,0.07342398915823226
-0.05022425698602216,0.018620014870909876,-0.19487028613300553,-0.1218798278390388,0,0.07299045829396672
0.010211249905028835,0.017511771995886747,-0.13226262320690918,-0.06361647698303315,1,0.06864614622387603
0.01642544866230264,0.024857197590673837,-0.14044545861541807,-0.04300524405997665,1,0.09744021455544143
-0.011695538028010141,0.02124735349036991,-0.16149115086913518,-0.07820152518688511,1,0.08328962568225007
-0.0079980916991622,0.020106171108825458,-0.1555569870724601,-0.07674079632586431,1,0.0788161907465958
0.011025863514330797,0.020998119125294923,-0.13828124997124724,-0.05596862300009116,1,0.08231262697115609
-0.03868506408478194,0.017142089828262402,-0.18043436014817626,-0.11323736802138763,0,0.06719699212678863
-0.02299404957993599,0.01811838322793366,-0.16665688070668597,-0.09563281845318602,1,0.07102406225349994
0.001351876689261955,0.019527218626629855,-0.14507227181893256,-0.06852557480254354,1,0.07654669701638903
0.0344799397680431,0.03799786533600138,-0.14814667629051959,0.0008049558266057938,1,0.14895163211712537
-0.017864847726182534,0.016628626339393524,-0.15860775535139385,-0.09342354010097123,1,0.06518421525042262
0.009178218141147915,0.01871927103701624,-0.13566235309140393,-0.06228281062630026,1,0.07337954246510367
0.011572388375267431,0.018431595023457308,-0.1327043378707089,-0.06045248537875625,1,0.07225185249195265
-0.0040356005528101035,0.019013749065537662,-0.14945334872126392,-0.0749194523843563,1,0.07453389633690763
-0.035934321933323146,0.018037115114201197,-0.1794378675571575,-0.10873237630948882,0,0.07070549124766867
-0.022803157782176467,0.023869115461393198,-0.17773742408650714,-0.0841704914778458,1,0.09356693260866134
0.006308094015180926,0.023129220289619425,-0.14717597775247315,-0.056509434217165005,1,0.09066654353530815
-0.023562733551272794,0.01625085498469196,-0.16356520932126903,-0.09986185778127657,1,0.06370335153999246
-0.043713981431895796,0.016865509761042986,-0.18492118056354007,-0.11880838230025155,0,0.06611279826328852
-0.036752674908251085,0.015991151940404964,-0.17624613271144482,-0.11356081710505736,0,0.06268531560638746
-0.01529948292016721,0.017351659440861745,-0.15745953542425623,-0.0894410304160782,1,0.06801850500817802
-0.03131901098661456,0.020865567545413192,-0.18036632337562442,-0.09857329859760472,1,0.0817930247780197
-0.01405445556205763,0.01792694716992366,-0.15734207201510803,-0.08706843910900726,1,0.07027363290610077
-0.029851948559938016,0.018868075072848524,-0.17498417570272112,-0.10102132141715492,1,0.0739628542855662
-0.0537547740609363,0.028776374556210457,-0.2183072681911088,-0.10550387993076382,1,0.11280338826034497
-0.03579563647602109,0.017656384761276563,-0.17855295060812315,-0.10933992234391904,0,0.06921302826420411
-0.01714983853690659,0.018749451160336085,-0.16204956281116534,-0.08855171426264787,1,0.07349784854851747
-0.03291289377573965,0.016742032989417985,-0.17387807843499892,-0.1082493091164804,0,0.06562876931851852
-0.03360171031651425,0.017509629138521946,-0.17607138342801726,-0.10743363720501124,1,0.06863774622300602
-0.011318300063642706,0.0203022007649623,-0.15926141356296883,-0.07967678656431659,1,0.07958462699865224
-0.04820770586844246,0.017049907734892834,-0.1897763250288324,-0.12294068670805251,0,0.06683563832077989
0.018542569070867487,0.01980833128186888,-0.12843256024159552,-0.05078390161666951,1,0.07764865862492601
-0.014489664298155139,0.01772452201906101,-0.15738052745551473,-0.08790040114079556,1,0.06948012631471917
-0.002370688851709865,0.017370188815482693,-0.14456705893005595,-0.0764759187733638,1,0.06809114015669215
-0.03808896142156444,0.01618478130583223,-0.17796193278099562,-0.11451759006213327,0,0.06344434271886235
-0.031524202284532635,0.017798574079314976,-0.17456020747999,-0.10478979708907529,1,0.0697704103909147
-0.01232306562058666,0.02135456702990578,-0.16232881699920199,-0.07861891424197134,1,0.08370990275723064
-0.0008156155062358367,0.0178021647341294,-0.14385865838512946,-0.07407417262734223,1,0.06978448575778723
-0.027624657017946405,0.01952428821589614,-0.17404306192110283,-0.09750785211478999,1,0.07653520980631284
-0.004003653203141153,0.02133327691841413,-0.15396767596323285,-0.07034123044304946,1,0.08362644552018339
-0.010402489621647248,0.018249205951683146,-0.1543217332869462,-0.08278484595634829,1,0.07153688733059792
-0.010757495147098908,0.018968293006639866,-0.15608614944011306,-0.08173044085408478,1,0.07435570858602829
-0.00042157640318990497,0.021884991391385143,-0.15146695953030478,-0.06567779327607504,1,0.08578916625422975
-0.005085690767856574,0.017912089715813862,-0.14834418661085175,-0.07812879492486141,1,0.07021539168599034
-0.021433977315660283,0.018475829309348223,-0.1657974027619828,-0.09337215186933777,1,0.07242525089264502
-0.021975081613047218,0.018293201829752116,-0.16598055719936136,-0.09427120602673308,1,0.07170935117262828
-0.02868056460105202,0.019951069521455936,-0.17593546086310566,-0.09772726833899839,1,0.07820819252410727
-0.009530543089883242,0.018016707576658478,-0.15299408994013386,-0.08236859623963264,1,0.07062549370050122
-0.03681619314330549,0.01737414049579357,-0.1790203085150609,-0.11091367777155009,0,0.06810663074351081
-0.0016451001888346667,0.018631685875401233,-0.1463140045046211,-0.07327779587304825,1,0.07303620863157284
-0.02871298013752334,0.019176230723155403,-0.17444919235490794,-0.09927836792013875,1,0.07517082443476919
-0.004317860621151581,0.019354748969603087,-0.15040396860157362,-0.07453335264072954,1,0.07587061596084409
-0.023864407325613693,0.026313837997129406,-0.18359032979998735,-0.08044008485124006,1,0.10315024494874729
-0.027267147838791903,0.018190935213841984,-0.1710721808579222,-0.09976371481966162,1,0.07130846603826058
0.004670489752465867,0.018995418481760583,-0.14071133047178488,-0.06624929002328339,1,0.0744620404485015
-0.038726787176990726,0.02781302324615907,-0.2013911127394625,-0.09236406161451896,1,0.10902705112494354
-0.05152932005772469,0.025309239190349202,-0.20928622887080914,-0.11007401124464025,0,0.09921221762616889
0.00854729182606559,0.0184508039527721,-0.13576708392136771,-0.0634399324265011,1,0.07232715149486661
-0.0055707184697214585,0.02118750224527896,-0.1552490228704682,-0.0721940140689747,1,0.08305500880149351
-7.945601350414777e-05,0.01883126464478466,-0.14513953471728208,-0.07132097730972622,1,0.07381855740755586
-0.029944759478248303,0.017182570092764103,-0.17177339686006596,-0.10441772209643066,1,0.0673556747636353
-0.017820575666678065,0.017786317922269056,-0.16083255879432543,-0.09111019253903072,1,0.06972236625529471
-0.010741664641072457,0.01683531480927686,-0.1518896816672551,-0.08589524761488981,1,0.0659944340523653
-0.017828356724493885,0.019014908874695678,-0.16324837811889742,-0.08870993533009036,1,0.07453844278880706
-0.009488554792653453,0.017899519480966176,-0.15272241297534717,-0.08255629660995975,1,0.07016611636538742
-0.006694365418681472,0.01703358376758236,-0.1482309896031429,-0.08145934123422005,1,0.06677164836892285
-0.017973386475506017,0.017477605703852903,-0.1603802936550577,-0.09186807929595434,1,0.06851221435910337
0.03523316284985367,0.022347558375552343,-0.11671885156622892,-0.029116422734063743,1,0.08760242883216518
-0.0562902707651383,0.01975205664972341,-0.2031551017985962,-0.12572703973168042,0,0.07742806206691577
-0.051498703859472764,0.0158514415846495,-0.1907183293653858,-0.12858067835355974,0,0.062137651011826056
-4.152305386578847e-05,0.018755119495558102,-0.14495235726515968,-0.07143228884257191,1,0.07352006842258776
-0.015367541229287324,0.017887127765349845,-0.15857711164937302,-0.08845957080920164,1,0.07011754084017138
0.00893535093297923,0.017788142708731008,-0.13408020877613355,-0.064350689357908,1,0.06972951941822556
0.0033149752490563567,0.019055695496062435,-0.14218498792322604,-0.06748666157866128,1,0.07469832634456476
-0.025440072962691948,0.016333089250383303,-0.16560372789344324,-0.10157801803194068,1,0.06402570986150256
0.016573674385060036,0.018210869752079997,-0.12727043032901675,-0.055883820900863176,1,0.07138660942815357
-0.027741541621021784,0.020008899090126386,-0.1751097838376695,-0.09667489940437407,1,0.07843488443329544
-0.047679223473593726,0.019798761896622052,-0.19463559679097295,-0.11702445015621452,0,0.07761114663475843
0.020989000321344972,0.01839739496294791,-0.12322069380603293,-0.05110290555127713,1,0.07211778825475579
-0.03369323960733166,0.017029363563473593,-0.1752215921917399,-0.10846648702292341,0,0.0667551051688165
-0.0021203064029943625,0.017016926894726996,-0.14362428311665928,-0.07691792968932945,1,0.06670635342732983
-0.01974063061724861,0.018841355995268365,-0.1648204883679746,-0.09096237286652262,1,0.07385811550145199
0.023923146309212176,0.018447975073164636,-0.12038568483419052,-0.048069622547385144,1,0.07231606228680537
0.0018032059730107158,0.01900625879767933,-0.14359986127044078,-0.0690953267835378,1,0.07450453448690297
0.0075453047352847386,0.020221638229360902,-0.14023990619426263,-0.0609710843351679,1,0.07926882185909473
-0.023880206753419467,0.017887628694508727,-0.16709075899465659,-0.09697125451218236,1,0.07011950448247423
-0.041922363783368624,0.01699258789449309,-0.1833786360565751,-0.11676769151016217,0,0.06661094454641292
-0.027053432506721473,0.02889483518213129,-0.1918381094636988,-0.07857035554974415,1,0.11326775391395466
-0.021579731265646426,0.017977284712055466,-0.16496600930127514,-0.09449505323001772,1,0.07047095607125742
-0.006326264251765426,0.0177153407906645,-0.14919913220146785,-0.07975499630206301,1,0.06944413589940485
-0.0003584222301418194,0.021354844299826637,-0.15036471705780202,-0.06665372740248161,1,0.08371098965532041
0.0011636189084562182,0.019391327899282353,-0.1449941837741372,-0.06898017840895038,1,0.07601400536518682
0.009443533864579051,0.018349776778927667,-0.13467282862211918,-0.06274170364872272,1,0.07193112497339646
-0.018564122266217634,0.01780256368626392,-0.16160794709129492,-0.09182189744114036,1,0.06978604965015456
-0.01884470765951228,0.019335144017253253,-0.16489238993332866,-0.0890986253856959,1,0.07579376454763276
-0.04612791558214825,0.017016407620160674,-0.1876308745176632,-0.12092655664663333,0,0.06670431787102986
0.013668873994486297,0.03235896418282784,-0.15790549580385627,-0.031058356207171137,1,0.12684713959668514
-0.02839979917368339,0.01877019597848488,-0.17334018329151377,-0.09976101505585303,1,0.07357916823566074
-0.06366273776085023,0.017462925205421632,-0.20604087116347664,-0.13758620435822383,0,0.0684546668052528
-0.018467662092848794,0.018279704390470514,-0.162446682698171,-0.0907902414875266,1,0.0716564412106444
-0.016045310170078625,0.01892677508419894,-0.16129258933510854,-0.08709963100504871,1,0.07419295833005983
-0.019221760142452318,0.02209615905764332,-0.17068103189543324,-0.08406408838947141,1,0.08661694350596183
-0.02196265432972451,0.019095672506203067,-0.16754097244188254,-0.0926859362175665,1,0.07485503622431604
-0.0024057821275003943,0.030998803859449822,-0.17131423769202206,-0.04979892656297875,1,0.12151531112904332
-0.025787976148763506,0.01706515125386301,-0.16738647260633502,-0.100491079691192,1,0.06689539291514301
-0.0065097145785057015,0.01679679244580147,-0.1475822277722766,-0.08173880138473483,1,0.06584342638754176
-0.05587902481365077,0.018356145596727186,-0.20000787018323607,-0.12805177944406548,0,0.07195609073917059
-0.028336026846553966,0.017140073116585025,-0.1700813701550606,-0.10289228353804733,1,0.06718908661701328
-0.014393429541685848,0.016955814511501608,-0.155777625984229,-0.0893108330991427,1,0.0664667928850863
-0.007741110197169748,0.019990705493396318,-0.15507369296422654,-0.07671012743011296,1,0.07836356553411358
-0.060220321851082795,0.016739374634781687,-0.2011802961352549,-0.1355619475669107,0,0.0656183485683442
-0.019642809600304276,0.017259323597764643,-0.161621883851923,-0.09396533534868558,1,0.06765654850323742
-0.04747006822017856,0.021005951323371262,-0.19679253281398623,-0.1144492036263709,0,0.08234332918761533
-0.005755493916479226,0.018364467547157697,-0.1499006503089083,-0.07791193752405015,1,0.07198871278485816
-0.016115367374115938,0.018955473218515068,-0.16141889488240546,-0.08711343986582641,1,0.07430545501657905
-0.007529281002424171,0.018603464703188483,-0.1521428718206736,-0.07921729018417475,1,0.07292558163649884
-0.021845052730038853,0.017207213816481482,-0.16372199181034255,-0.09626971364973516,1,0.06745227816060739
-0.03537140100812057,0.01679999337406586,-0.17645018802128967,-0.11059421399495148,0,0.0658559740263382
-0.02542581348706839,0.02161191344934714,-0.17593596384778878,-0.09121726312634801,1,0.08471870072144078
0.010790458792327706,0.019032968241544886,-0.13466495896110028,-0.06005572345424432,1,0.07460923550685597
0.011852608929494454,0.01965719293256243,-0.1348262892183279,-0.05777009292268319,1,0.07705619629564471
-0.009987020835277555,0.03285964183765327,-0.18254271883707796,-0.05373292283347715,1,0.12880979600360082
-0.040148365823711576,0.017404676441580842,-0.18241233164921003,-0.11418599999821313,0,0.0682263316509969
-0.03948506202685957,0.016742823856956024,-0.18045179678649337,-0.11481992726722577,0,0.0656318695192676
-0.005663410398686328,0.018764000895284776,-0.1505916521534445,-0.07703676864392817,1,0.07355488350951633
0.0064969756877812646,0.01877770908353481,-0.13845813411594698,-0.06484951450849051,1,0.07360861960745647
0.006570206884746105,0.031815269680966075,-0.1639385216899474,-0.03922266454056039,1,0.12471585714938702
-0.0038526401026141854,0.01850015419095722,-0.14826374231689035,-0.07574313788833803,1,0.07252060442855232
-0.02005248024994198,0.017966136146357576,-0.16341690709680284,-0.09298965340308113,1,0.07042725369372171
-0.004207631874656226,0.017170764559694594,-0.14601313041165764,-0.07870373333765482,1,0.06730939707400282
0.03278491070428746,0.03469812395193752,-0.1433742122415101,-0.00735756634991501,1,0.13601664589159507
-0.026715867746154184,0.016946039321507882,-0.16808090481630963,-0.10165243067599875,1,0.06642847414031089
-0.006821575241222455,0.01821293479523029,-0.15066972743987384,-0.07927502304257109,1,0.07139470439730275
-0.013832340493634798,0.017980432981242807,-0.1572247891368707,-0.0867414918503989,1,0.07048329728647182
-0.02937642077493778,0.01747713361760163,-0.17178240266543698,-0.10327203888443859,1,0.0685103637809984
-0.019364969745961372,0.017793270057573692,-0.16239057905880583,-0.09264096043311694,1,0.06974961862568889
-0.026080309857541464,0.01740172525432922,-0.16833849135602674,-0.1001237283590562,1,0.06821476299697055
0.014133426801724039,0.028358495837880377,-0.1496000250405215,-0.038434721356030425,1,0.11116530368449107
-0.023466686203905004,0.017859580804957073,-0.16662226458162088,-0.09661270782618914,1,0.07000955675543175
-0.0013126707315401914,0.02027593707536562,-0.1492043073992568,-0.06972263406382359,1,0.07948167333543321
-0.03588794872516536,0.030483277012157146,-0.20378597166899337,-0.08429152578133736,1,0.11949444588765601
0.021628260892973095,0.02788036077930303,-0.14116804623446086,-0.03187703197959297,1,0.1092910142548679
-0.0125234152405784,0.021612039659048517,-0.1630338129723135,-0.0783146175088433,1,0.0847191954634702
-0.015007597571898942,0.018734437079692277,-0.15987789424809581,-0.08643890089570208,1,0.07343899335239373
-0.02775362118800788,0.01714190051837187,-0.16950254620401675,-0.10230629617199902,1,0.06719625003201773
-0.0222641971089068,0.016853479745939873,-0.16344781741094896,-0.09738217680686465,1,0.06606564060408432
-0.018512868118754064,0.017413195947531587,-0.16079353217591597,-0.09253380406159216,1,0.0682597281143238
-0.022752741209056362,0.01866078898823773,-0.16747868762600232,-0.09432839479211041,1,0.0731502928338919
-0.02978758442793443,0.025964650340060055,-0.18882909909445214,-0.08704766976141673,1,0.10178142933303541
-0.017270507863819076,0.016830497090880046,-0.15840908216194396,-0.0924335335656942,1,0.06597554859624977
0.005620540803398286,0.020312194232213622,-0.14234215989174043,-0.06271835850146301,1,0.07962380139027742
-0.017637440759030523,0.018248167328144622,-0.161554648722194,-0.09002183279586706,1,0.07153281592632693
-0.036191828819128566,0.018042891791236793,-0.17970669672995268,-0.10897856090830446,0,0.07072813582164822
-0.034622739102845676,0.017116285720520766,-0.1763214591150664,-0.10922561909062498,0,0.06709584002444141
-0.02689772494165109,0.016650184861145362,-0.167682887269496,-0.10241416261380618,1,0.06526872465568984
-0.04959823338334503,0.018235372335137785,-0.1934903631602151,-0.12200770360647498,0,0.07148265955374011
0.014773431351339267,0.021111882566272326,-0.1347566584785545,-0.05199807881876698,1,0.08275857965978753
-0.006976552041187328,0.017318395979364364,-0.1490714081607415,-0.08118329592163318,1,0.06788811223910832
-0.033583879218999316,0.016893732132353945,-0.17484639419841305,-0.10862296423958559,0,0.06622342995882746
-0.015069164598273802,0.01877334403876227,-0.16001571891424785,-0.08642421028229977,1,0.07359150863194808
0.0025027922226487365,0.01914296056638863,-0.14316821048747297,-0.06812780506722955,1,0.07504040542024341
-0.025130042822132367,0.017320114965888058,-0.16722826815527297,-0.09933341748899177,1,0.0678948506662812
-0.023653895817540085,0.027139563820486958,-0.18499824090569453,-0.07861115072938565,1,0.10638709017630887
-0.03272049856752228,0.01807325616713806,-0.1762948806551129,-0.10544771647993169,1,0.07084716417518121
0.011063949327595843,0.01731407321723068,-0.1310224341781763,-0.06315126716663202,1,0.06787116701154428
0.0012571835623351735,0.02054636501803607,-0.14716449187301553,-0.06662274100231413,1,0.0805417508707014
-0.00423396322813141,0.018386135323473156,-0.1484215884621388,-0.07634793799412404,1,0.07207365046801475
-0.018857256448242474,0.018233406334067,-0.1627455328630138,-0.09127058003347116,1,0.07147495282954264
-0.048442047130538665,0.016539794352437576,-0.18901084406131632,-0.12417485019976102,0,0.06483599386155531
-0.04230013199755471,0.01699025547325496,-0.18375183272513443,-0.117150031269975,0,0.06660180145515943
0.005166589048228351,0.020894342495885974,-0.14393712224370817,-0.06203129965983514,1,0.08190582258387302
-0.002872054467847801,0.027289976510741207,-0.16451120842890057,-0.05753450050679504,1,0.10697670792210554
-0.027789201364270308,0.01828700707644176,-0.17178253523409615,-0.10009746749444447,1,0.07168506773965168
0.015687463573839322,0.023388141063585735,-0.1383040929107887,-0.04662257994153264,1,0.09168151296925607
-0.025789343458281613,0.019610969296718156,-0.1723776432798492,-0.09550264363671404,1,0.07687499964313516
-0.005103969119024207,0.017079952691747082,-0.1467314763948485,-0.07977806184319994,1,0.06695341455164855
-0.057935803467380406,0.015639769660003806,-0.19674055200098786,-0.13543265493377296,0,0.0613078970672149
-0.019806321998253232,0.01641324603612198,-0.1601270842290523,-0.09578715976745417,1,0.06433992446159814
-0.0520698857352979,0.03343941087464459,-0.2257619310496013,-0.09467944042099452,1,0.13108249062860677
-0.014963000837410895,0.016846359246389456,-0.15613266496033423,-0.09009493671448757,1,0.06603772824584667
-0.04916427793179999,0.017130955441638212,-0.1908917505974109,-0.1237384052661891,0,0.0671533453312218
-0.009116469823778256,0.01801488669209778,-0.15257644774028992,-0.0819580919072666,1,0.07061835583302331
-0.009363093538878153,0.018561860176530335,-0.15389513948487762,-0.08113264759287869,1,0.07276249189199893
0.0010487107454269784,0.01890370847999302,-0.14415335787535935,-0.0700508206337867,1,0.07410253724157265
-0.010057608182563335,0.019674390560502054,-0.15677021368114735,-0.07964660268397931,1,0.07712361099716804
-0.03262749535626093,0.016571351941224253,-0.17325814516106047,-0.1082984455514614,0,0.06495969960959908
-0.01655441333995769,0.017200969989664437,-0.15841911451969998,-0.0909913121602154,1,0.06742780235948458
-0.040763355047878994,0.042898246414763024,-0.2329947180208145,-0.06483359207494348,1,0.16816112594587102
-0.042558992923588154,0.016111752906750928,-0.18228882862081996,-0.11913075722635634,0,0.06315807139446362
-0.004112071196420028,0.01745622915454307,-0.14647708033932444,-0.07804866205351563,1,0.06842841828580881
-0.022958370751751847,0.018534966665187832,-0.16743770541552,-0.0947806360879837,1,0.0726570693275363
-0.02542263469461402,0.017792644880466755,-0.16844701866032885,-0.09869985072889918,1,0.06974716793142967
-0.004700431566903682,0.018089781280503626,-0.1483072028766908,-0.07739526025711657,1,0.07091194261957423
-0.0010809535122393715,0.01824743695541406,-0.14499672994485094,-0.07346677707962782,1,0.07152995286522312
-0.04176326781589658,0.016973789851754642,-0.18318269592533568,-0.1166454397064575,0,0.06653725621887818
-0.030089789728725932,0.027796567110279845,-0.19272186126487445,-0.08375931819257744,1,0.10896254307229701
0.007768261370501628,0.017412399009209607,-0.1345108406875492,-0.06625423657144755,1,0.06825660411610165
-0.012396668619471751,0.01857298992741457,-0.15695052887720432,-0.0841444083617392,1,0.07280612051546512
0.00017192972960680675,0.01823582872894481,-0.14372109457912502,-0.07223664596166138,1,0.07148444861746364
-0.028440026909270735,0.018041326428436713,-0.1719518267090067,-0.10122982710953479,1,0.0707219995994719
-0.01650941972993858,0.016873249073025412,-0.15773178791306838,-0.09158865154680879,1,0.0661431363662596
-0.029664012904090473,0.017806004675628078,-0.17271458206832152,-0.10291504373985944,1,0.06979953832846209
0.00040682773601032063,0.019313267196467716,-0.1455979759690664,-0.06988996855891297,1,0.07570800741015343
0.007562205279662032,0.017802340080390108,-0.1354811812779026,-0.06569600816277336,1,0.06978517311512923
0.018374089437403998,0.020541442870130874,-0.13003793858805252,-0.04951548253713949,1,0.08052245605091302
-0.013252243513619907,0.017339019707744346,-0.15538752214079882,-0.087418564886441,1,0.06796895725435782
-0.015269313310689356,0.016987026188634947,-0.15671468464041385,-0.09012554198096487,1,0.06658914265944899
0.001870799574756582,0.01844201712510899,-0.14242635399045706,-0.0701336468600298,1,0.07229270713042725
-0.06395723567014931,0.01725593250131523,-0.20592966337272717,-0.13828640796757147,0,0.0676432554051557
-0.033185337832640896,0.01622652195623216,-0.17314012086685593,-0.10953215479842587,0,0.06360796606843006
-0.016057786458832657,0.019143844529250748,-0.16173052173616412,-0.0866866511815012,1,0.07504387055466291
-0.0023419783267737,0.017228285007110027,-0.14426021694070937,-0.07672533971283804,1,0.06753487722787133
0.0009037028297930461,0.021891343110279262,-0.1501541296663543,-0.06434006467405962,1,0.08581406499229469
-0.008234206991725543,0.01761070168866935,-0.15090198230151747,-0.08186803168193363,1,0.06903395061958384
-0.007114642908139179,0.02601581058162994,-0.16625643164813386,-0.06427445416814451,1,0.10198197747998936
0.03913920746343126,0.020014520714957292,-0.10824005313788504,-0.02978313193525245,1,0.07845692120263259
0.003608116936310954,0.019151676539408115,-0.14207996908092896,-0.06700539704644914,1,0.07507457203447981
-0.02147956841246039,0.01851767160447411,-0.16592500475722965,-0.09333573206769114,1,0.07258927268953852
0.001690446455327066,0.01745316095410607,-0.14066854901472084,-0.07225215807462504,1,0.0684163909400958
0.010386857135154803,0.017964843922335886,-0.13297503695262353,-0.06255284877706686,1,0.07042218817555666
0.006225699659041767,0.017951067286173298,-0.1371091922218579,-0.06674100846005857,1,0.07036818376179935
0.0022942147110541905,0.01864101646153834,-0.14239297755356095,-0.06932019302433068,1,0.07307278452923027
-0.02749319821806122,0.019975814113033362,-0.1747965938796066,-0.09649140255651584,1,0.07830519132309077
-0.037499877538040696,0.016829206681328087,-0.17863592263344374,-0.11266543244263766,0,0.06597049019080609
0.027178647711677453,0.018102744360210532,-0.11645353123433519,-0.04549077334230991,1,0.07096275789202527
-0.0013457441863034825,0.017434355246103914,-0.14366788046866716,-0.07532520790393982,1,0.06834267256472734
-0.029592085048557856,0.01684186344536567,-0.17075293740147457,-0.10473283269564115,1,0.06602010470583342
-0.02517456710641612,0.01743646479812175,-0.16750083811073477,-0.09914989610209748,1,0.06835094200863728
-0.02664422725033115,0.023582983571278665,-0.18101767505003735,-0.08857237945062497,1,0.09244529559941238
-0.009938480801060329,0.01939495306442599,-0.15610338880733526,-0.0800751727947854,1,0.07602821601254986
0.005933946752578342,0.017376348598497144,-0.13627449650047607,-0.06815920999436725,1,0.06811528650610882
-0.025673321000897156,0.0204330084208365,-0.1738728175057367,-0.09377542449605762,1,0.08009739300967907
-0.03269967891371019,0.016713520636426175,-0.1736089793611055,-0.10809197846631488,1,0.06551700089479062
0.010183525475071273,0.02513883491509425,-0.14723939095851346,-0.048695158091344004,1,0.09854423286716946
-0.004324069602432534,0.0197611569057003,-0.15120673713760513,-0.07374300206725995,1,0.07746373507034518
-0.021966205436764155,0.024919359994856755,-0.1789589510266834,-0.08127505984684492,1,0.09768389117983849
-0.03396519515894912,0.017772183769373714,-0.1769494753469216,-0.10728251497097666,1,0.06966696037594494
-0.0024643704877606726,0.018544326275566136,-0.1469620499878703,-0.07426829098765106,1,0.07269375900021924
-0.028106437728957975,0.03658427711087565,-0.20796242086627426,-0.06455205459164172,1,0.14341036627463255
0.0005986054510932898,0.01969359895226376,-0.14615164849534368,-0.06895274060246975,1,0.07719890789287392
-0.019979679898507394,0.01699001785888713,-0.16143091490192618,-0.09483004489508862,1,0.06660087000683756
0.0369670070140012,0.02025257806066413,-0.1108788459849005,-0.031488739987097114,1,0.07939010599780338
-0.017980080531768486,0.018407836826400736,-0.16221024071151394,-0.09005152035202305,1,0.07215872035949089
-0.018304309022626628,0.01711331921963536,-0.15999721469311196,-0.09291300335214132,1,0.06708421134097063
-0.01615986833154505,0.016318802223214135,-0.15629552068904476,-0.09232581597404535,1,0.06396970471499941
-0.019782184607314665,0.020860535558288155,-0.16881963430155944,-0.08704633491306989,1,0.08177329938848955
-0.031978607571006276,0.017725005402277092,-0.17487041815946938,-0.10538839698254318,1,0.0694820211769262
-0.023091193047366523,0.01736541457957206,-0.16527820562332776,-0.0972057804714053,1,0.06807242515192247
-0.05761992516040183,0.01636223690534018,-0.1978407094948686,-0.13370074082593508,0,0.06413996866893351
-0.02508359823693969,0.017282391500753926,-0.16710788557841738,-0.099360910895462,1,0.06774697468295537
0.0022997435038159125,0.01840574893067498,-0.14192632440030706,-0.06977578859206113,1,0.07215053580824593
-0.000416428908082786,0.01788060824238148,-0.1436132210631505,-0.07352123675301508,1,0.07009198431013541
-0.01964586480671056,0.017290219442394,-0.1616854949138028,-0.09390783469961833,1,0.06777766021418447
-0.00204809339523232,0.017849002370269335,-0.14518293804096022,-0.07521484874950443,1,0.06996808929145579
-0.02698621167614905,0.01796781493012572,-0.17035392893919546,-0.09992009441310265,1,0.07043383452609281
-0.006782209914179771,0.019305909546933887,-0.15277259262617018,-0.07709342720218937,1,0.07567916542398082
-0.02664824593207711,0.01945395596842493,-0.17292879963018998,-0.09666929223396425,1,0.07625950739622572
-0.05541927762675604,0.017282301764446097,-0.1974433890850704,-0.1296967661684417,0,0.0677466229166287
-0.007667122203469115,0.020009541517482264,-0.15503662357773434,-0.07659922082920388,1,0.07843740274853046
-0.05680078387954331,0.017743763469432468,-0.19972936027963095,-0.13017380747945567,0,0.06955555280017528
-0.0002374551263598368,0.018684261857489167,-0.1450094083670386,-0.07176710188568108,1,0.07324230648135752
-0.04471145172329709,0.01725660629367144,-0.1866852000588931,-0.11903930338770108,0,0.06764589667119203
-0.03803605897992805,0.017069471443892485,-0.17964302300995733,-0.11273069494989879,0,0.06691232806005853
-0.001402553051700145,0.02504288335910025,-0.15863740443553664,-0.060469301667863656,1,0.09816810276767299
-0.02075780262902928,0.017664061511483958,-0.16353016319153785,-0.09428704206652072,1,0.06924312112501713
-0.004547349707866216,0.018108821081522144,-0.1481914390276496,-0.07720486038808283,1,0.07098657863956678
-0.019621657370666443,0.01762235298075657,-0.16231226921294933,-0.09323264552838356,1,0.06907962368456577
-0.0285320008252022,0.022299431540164363,-0.18038968664392435,-0.09297591500648006,1,0.08741377163744429
-0.04250053372110919,0.017457512775313606,-0.18486805876072387,-0.11643460868149452,0,0.06843345007922935
-0.02989471782833998,0.017141059014234187,-0.171641993496239,-0.10444904216044099,1,0.067192951335798
0.02422924469227368,0.019010858378792954,-0.12118283773016052,-0.046660272885292134,1,0.07452256484486838
-0.03792286887355849,0.017044282985097792,-0.17948046352435015,-0.11266687422276682,0,0.06681358930158333
-0.04067486890149609,0.018176405423197886,-0.18445142353096394,-0.11319991427202825,0,0.0712515092589357
-0.010076033045207655,0.01753177578129037,-0.1525891135765368,-0.08386455251387853,1,0.06872456106265826
-0.0121192477668364,0.017220270212296704,-0.15402177738293793,-0.08651831815073487,1,0.06750345923220306
0.05488562729705922,0.03958705878707896,-0.13085580792561555,0.02432546251973397,1,0.15518127044534952
-0.007536396996691966,0.018487530738895842,-0.15192275724492782,-0.07945163674845612,1,0.0724711204964717
-0.021704371689810112,0.01685600372604637,-0.162892938992861,-0.09681740438675923,1,0.06607553460610177
-0.004607455136137431,0.018133186944366223,-0.14829930154709522,-0.07721720872517965,1,0.07108209282191558
-0.004379060586770983,0.018621859660810307,-0.14902870552195918,-0.0760310156515828,1,0.07299768987037639
-0.05326857079536347,0.022579198230638718,-0.20567459932741536,-0.1171641422633116,0,0.08851045706410376
-0.07466473992489799,0.015990289936782157,-0.21415650820099102,-0.15147457164880496,0,0.06268193655218607
0.020138180301483788,0.018811082359398674,-0.12488234112293761,-0.051142898274094815,1,0.07373944284884279
-0.01716568537463574,0.03123321265574391,-0.1865335821798938,-0.06409938856937769,1,0.1224341936105161
-0.03751248169276315,0.020987705893302795,-0.18679918524363665,-0.10452737814188967,1,0.08227180710174697
-0.02476785884294387,0.026524815624153073,-0.1849072974662839,-0.08093002021960385,1,0.10397727724668004
-0.002273706234483072,0.03793479124175858,-0.1847766970683299,-0.036072315400636254,1,0.14870438166769362
-0.01960640809060553,0.01793049841600224,-0.16290098498596992,-0.09261343119524115,1,0.07028755379072876
-0.054159801790919074,0.016699796122927525,-0.19504220219185703,-0.12957900138998113,0,0.0654632008018759
0.0035788752050202183,0.018461972953798474,-0.1407573917844248,-0.06838645780553478,1,0.07237093397889004
-0.028119305531182845,0.0163828079233424,-0.16838040906093393,-0.10415980200143175,1,0.06422060705950218
-0.024414598174530774,0.02220208105881878,-0.17608147704981558,-0.08904931929924598,1,0.0870321577505696
-0.04272403276873603,0.01766590662019987,-0.1855000097443278,-0.1162496557931443,0,0.0692503539511835
0.0004948883140095256,0.01786500871659865,-0.14267132877052383,-0.07264049460145713,1,0.07003083416906669
0.0015389685449996304,0.017609683042595307,-0.14112681021848716,-0.07209685269151357,1,0.06902995752697359
-0.02456991780424618,0.01732757605936405,-0.16668276688059971,-0.09875866872789266,1,0.06792409815270706
-0.005086491560529191,0.017586391778684908,-0.14770661944675162,-0.07876796367430677,1,0.06893865577244485
-0.03153059866961315,0.017719459039692288,-0.17441153838741003,-0.10495125895181627,1,0.06946027943559376
-0.021597787962401457,0.020230784989507682,-0.16940092654183653,-0.0900962493829664,1,0.07930467715887013
-0.02847697943558379,0.01939233591662801,-0.1746367578321747,-0.0986188010389929,1,0.0760179567931818
0.0020294658934966875,0.01869115146831809,-0.14275599098440678,-0.06948667722859986,1,0.07326931375580692
-0.00958366128667626,0.018784740904831704,-0.1545525534601464,-0.08091636911320613,1,0.07363618434694028
-0.00936540427027649,0.017750391227490465,-0.15230697107615782,-0.08272543746439519,1,0.06958153361176263
0.013943914245198849,0.020575712247485993,-0.1345352817598737,-0.053878489749728614,1,0.08065679201014508
-0.03280686356769873,0.01828962184927473,-0.1768053223922772,-0.10511000474312027,1,0.07169531764915693
-0.002772706329826638,0.01904983971835926,-0.1482611921778108,-0.07358582048184249,1,0.07467537169596832
-0.02279540724189376,0.01646820919759986,-0.16322389726918948,-0.09866851721459804,1,0.06455538005459144
0.007415909549811847,0.01917925243453019,-0.13832622522186733,-0.06314355567850899,1,0.07518266954335834
0.007167432191298992,0.018289571947493862,-0.13683092882578898,-0.06513580679161304,1,0.07169512203417594
-0.043744334281347955,0.02779055726543882,-0.20636462652160806,-0.09742564204108786,1,0.1089389844805202
-0.04328378225073774,0.0171230289538621,-0.18499571900030745,-0.11787344550116804,0,0.0671222734991394
0.0034057140271774727,0.019744705512037806,-0.14344470877641663,-0.06604546316922844,1,0.0773992456071882
-0.03180761451246818,0.017232899231157856,-0.17373489700553757,-0.1061819320193988,1,0.06755296498613877
-0.03308888693136637,0.01720073492282764,-0.17495312738010854,-0.10752624648262421,1,0.06742688089748433
-0.04534696902088402,0.018138105741919278,-0.1890484562750458,-0.11794708176672224,0,0.07110137450832356
-0.008685734492339031,0.019222571741592007,-0.15451277510585937,-0.0791602938788187,1,0.07535248122704066
-0.006439601414680238,0.019850451581303125,-0.15349728651403438,-0.07568351631532612,1,0.07781377019870826
-0.024626624477100748,0.017108134224105148,-0.16630936755634684,-0.09924548139785466,1,0.06706388615849218
-0.02849118311552605,0.01648747735116546,-0.16895743872381036,-0.10432652750724175,1,0.06463091121656861
0.011434849703359729,0.017472451335164438,-0.13096195491356258,-0.06246994567971798,1,0.0684920092338446
-0.041551048477000155,0.01652941076665629,-0.1820994935796465,-0.11730420337435384,0,0.06479529020529266
-0.013081691616827928,0.017300018989950015,-0.15514052883712998,-0.0873244543965259,1,0.06781607444060407
-0.027337295170285367,0.01700567477287725,-0.1688192177251248,-0.10215697261544596,1,0.06666224510967883
-0.02261486418254137,0.020310910178911137,-0.1705750481332072,-0.09095628023187555,1,0.07961876790133166
-0.010388116940100889,0.01952324914211411,-0.15680448525864454,-0.08027334862155724,1,0.0765311366370873
-0.014623940678144015,0.017467929389923215,-0.15701188228239352,-0.08853759907389452,1,0.06847428320849899
0.011079101555838952,0.017566586136660952,-0.1315022072720165,-0.06264118961630559,1,0.06886101765571091
-0.025206185795077926,0.016878552731441815,-0.16643894914870389,-0.10027502244145198,1,0.06616392670725191
-0.01711660234490077,0.01894644469901549,-0.16240243395497114,-0.0881323707348304,1,0.07427006322014074
-0.00948081817287974,0.017243079974915126,-0.1514280549237134,-0.0838351814220461,1,0.06759287350166729
0.02096704191332989,0.020108353182138775,-0.12659613032366213,-0.04777138584967812,1,0.07882474447398401
-0.013584079346191547,0.017330795232545694,-0.1557032380019811,-0.087766520690402,1,0.0679367173115791
-0.030602588585776788,0.017387606214693922,-0.17283309676657688,-0.10467368040497671,1,0.06815941636160017
-0.006275339948838263,0.017031279814524625,-0.14780744838530652,-0.08104483151237,1,0.06676261687293651
-0.042457023130056074,0.017505220121010065,-0.1849180545672358,-0.11629759169287635,0,0.06862046287435947
-0.011831066857974595,0.018004014245090978,-0.15526973477835293,-0.08469399893759628,1,0.07057573584075665
-0.024275028566982285,0.017859640354618497,-0.16743072366203454,-0.09742093347193004,1,0.0700097901901045
-0.030818856545496195,0.01721463663594675,-0.17271034435195182,-0.10522896873904057,1,0.06748137561291125
-0.025647061342322433,0.01922953142955414,-0.17148774294424857,-0.09610797974039632,1,0.07537976320385224
-0.036838120943297095,0.017859240992798328,-0.17999303328918181,-0.10998480859741239,0,0.07000822469176943
-0.012195383658105588,0.02706558740039608,-0.1733947349628819,-0.06729763235332928,1,0.10609710260955263
0.020725762643164974,0.023004941398087144,-0.13251472249708585,-0.04233535221658423,1,0.09017937028050162
-0.014988198603897884,0.018445214869909687,-0.15929161974892087,-0.0869863774588749,1,0.07230524229004597
-0.04315451092401017,0.017286333600254944,-0.18518652478050987,-0.11742409706751047,0,0.0677624277129994
-0.006618777228103723,0.01816954365761689,-0.15038188279703285,-0.07915727165917462,1,0.07122461113785823
-0.012095882351836451,0.017674269571844124,-0.15488825071265094,-0.08560511399102197,1,0.06928313672162897
0.0038275031110981267,0.02287255789714347,-0.14915351036730307,-0.05949308341050068,1,0.08966042695680239
-0.03252224650741119,0.019271527407239947,-0.1784452402256015,-0.1029008527892209,1,0.07554438743638059
-0.04733620811332716,0.0232977880891836,-0.20115067276812704,-0.1098233434585273,0,0.09132732930959973
-0.028512960009419733,0.01828293262501664,-0.17249830795445237,-0.10082921206438712,1,0.07166909589006525
-0.03243531798397521,0.017743209851603797,-0.17536280929311865,-0.10580942667483177,1,0.06955338261828688
-0.010421863901536238,0.01746022548814846,-0.15279470585830723,-0.08435062194476527,1,0.06844408391354197
-0.0062399585137839775,0.018915098805032206,-0.1514643521716471,-0.07731716485592086,1,0.07414718731572625
-0.059914366814535866,0.0183224195360818,-0.20397710910525618,-0.13215322452381556,0,0.07182388458144062
0.029072831813385352,0.018259347432201378,-0.11486628915372935,-0.043289647219499953,1,0.07157664193422938
-0.03653486465312873,0.017141310958505716,-0.17828263413179996,-0.11108869517445753,0,0.06719393895734242
0.006971471168547169,0.01838996772928493,-0.1372236655808513,-0.06513499208205437,1,0.07208867349879694
-0.024299609255138868,0.0180599210788957,-0.16784785456977444,-0.0970529639405033,1,0.07079489062927113
-0.004613950987878007,0.018349104000985075,-0.14872899482980875,-0.07680050714594727,1,0.07192848768386148
-0.013155394727719927,0.0180759929630341,-0.15673514093526678,-0.08587724852017309,1,0.07085789241509369
-0.010243653212016465,0.01780888546690094,-0.15329986872714232,-0.08348903769689062,1,0.06981083103025171
-0.006439509923790138,0.01660317309553795,-0.14713252919104453,-0.08204809065653576,1,0.06508443853450877
-0.04875854226938313,0.01803715467749795,-0.19226216543727911,-0.12155651910148715,0,0.07070564633579196
-0.019784585121031137,0.018212349370433575,-0.16363158988708096,-0.09223918035498133,1,0.07139240953209963
-0.016922480219930633,0.017222029978245568,-0.15882845897729195,-0.09131810146256933,1,0.06751035751472262
-0.018678585651779836,0.017591339721913846,-0.16130841150673098,-0.09235035979682871,1,0.06895805170990227
-0.028519573809591817,0.01842621688201885,-0.17278575889834877,-0.10055498872083488,1,0.07223077017751389
0.002184752727314221,0.02345366320473861,-0.15193522715397345,-0.05999686739139811,1,0.09193835976257533
-0.003918847028552358,0.017071812026792123,-0.14553039860106493,-0.0786088954560398,1,0.06692150314502512
0.021320022819589418,0.023122570553447266,-0.13215101546516722,-0.041510538895653946,1,0.09064047656951327
-0.011862744830490823,0.017969200302640615,-0.15523317742366644,-0.08479391223731522,1,0.07043926518635121
-0.025517250013984152,0.018763456536922712,-0.17044442482635266,-0.09689167520161565,1,0.07355274962473701
-0.030573714047919073,0.035282212883340644,-0.20787765129926672,-0.06957137679657142,1,0.13830627450269528
-0.008319973117973029,0.017943471034314453,-0.15163997634522935,-0.08130156989071671,1,0.07033840645451264
0.005658322751320152,0.01812914013530145,-0.1380255919138707,-0.06695936258348902,1,0.07106622933038169
-0.0231231943599237,0.01748090994828151,-0.16553657785855547,-0.09701141086129195,1,0.06852516699726352
-0.02208222575641676,0.017255467756453906,-0.1640537425590664,-0.09641230895376711,1,0.0676414336052993
-0.009395015654978009,0.01722998081370773,-0.15131657804984516,-0.08377505326011087,1,0.0675415247897343
-0.004452718075458578,0.016798723360848353,-0.14552901586272135,-0.07967802028819582,1,0.06585099557452553
0.014712039686236661,0.018165466199885832,-0.12904307406553958,-0.057834446561987114,1,0.07120862750355247
-0.030969471745204383,0.01644506240770984,-0.1713525940643157,-0.1068879494260931,1,0.06446464463822259
-0.017224936430489043,0.02542546375961178,-0.17520964539932815,-0.07554182746164996,1,0.09966781793767819
-0.04217022466044461,0.01617442895816391,-0.18202290541844587,-0.11861914390244335,0,0.06340376151600252
0.0034134288520956124,0.019450733093697038,-0.1428608080115506,-0.0666139342842582,1,0.0762468737272924
-0.016118072563687025,0.018059682244290103,-0.15966584976249562,-0.08887189536487844,1,0.07079395439761718
0.005208391718604918,0.018299788319454176,-0.13880999338752525,-0.0670748231752649,1,0.07173517021226035
-0.06874304616174447,0.018987188859665792,-0.21410873632668942,-0.13967895599679953,0,0.0744297803298899
0.01657495518395556,0.022935414890236552,-0.1365292580009081,-0.0466224316311808,1,0.0899068263697273
-0.04201401564624409,0.03589636356199882,-0.2205216882277618,-0.0798079430647264,1,0.14071374516303542
0.007147577956176543,0.018915762750782664,-0.1380781170353575,-0.06392832705228944,1,0.07414978998306805
0.002045319092768866,0.017250167898828047,-0.1399158099889341,-0.07229515182552818,1,0.06762065816340593
-0.00662667052095238,0.017977841109671162,-0.15001403909590785,-0.07954090194599692,1,0.07047313714991094
-0.0026385349932042945,0.01766838325475728,-0.14541936617252857,-0.07615930381388003,1,0.06926006235864854
-0.0610246577035778,0.01650092851909986,-0.20151727760101354,-0.13683363780614208,0,0.06468363979487146
-0.05161831807723104,0.016563136165742103,-0.19223286496208558,-0.1273053711923765,0,0.06492749376970908
-0.013051647442930359,0.018052981899002892,-0.15658629196497603,-0.0858186029208847,1,0.07076768904409134
-0.030324182710565542,0.018619886029662316,-0.17496995932870368,-0.10198000609242741,1,0.07298995323627627
-0.01500283901875095,0.023371612391909036,-0.16896199930689265,-0.07734527873060924,1,0.09161672057628341
0.0381436530033375,0.02083573181236301,-0.11084518134889401,-0.029169112644431013,1,0.081676068704463
1.2188756918288246e-05,0.01767270459309788,-0.14277711224555356,-0.07350011024060987,1,0.06927700200494369
-0.01081472838376013,0.021319918767063267,-0.16075256916720415,-0.07717848760031613,1,0.08357408156688802
-0.04532382037969994,0.016262906261574013,-0.185349916652385,-0.12159932410701488,0,0.06375059254537013
-0.014988814173485701,0.017931385093056477,-0.1582851289558764,-0.08799409939109501,1,0.0702910295647814
0.0019433950433301317,0.01824992875291327,-0.14197726531237986,-0.07043754460095987,1,0.07153972071142
-0.015223736880381089,0.021873936877111495,-0.1662474531595196,-0.08050162060124257,1,0.08574583255827704
-0.039470915567972595,0.017755927731366486,-0.1824233339214509,-0.11282009721449429,0,0.06960323670695662
-0.03778495474720041,0.018448171225674357,-0.18209417034952216,-0.10977733914487867,0,0.0723168312046435
-0.020618252034380516,0.01829417244446848,-0.16462563002553873,-0.09291247404322231,1,0.07171315598231642
-0.005458967212212257,0.021620691669519607,-0.1559863228844707,-0.07123321153995382,1,0.08475311134451688
-0.005460321500831658,0.017393225038584263,-0.14770184257645683,-0.0795204004252065,1,0.06818144215125033
-0.011751842556071299,0.01958799372489638,-0.1582951102568682,-0.0815101748552744,1,0.07678493540159381
-0.016968382167442966,0.03446140827296489,-0.19266354238245414,-0.057574821952431784,1,0.13508872043002235
-0.008103612967083007,0.017081651376731767,-0.14973444966547728,-0.08277437626868875,1,0.06696007339678853
-8.806310700473774e-05,0.018449184449358905,-0.1443992646277482,-0.0720784615862613,1,0.07232080304148689
-0.02260000896415383,0.019217484328844146,-0.16841707824868835,-0.09308453967961931,1,0.07533253856906903
-0.00674523613748787,0.018277327666159436,-0.15071959836316037,-0.07907247391181538,1,0.071647124451345
-0.009244685747208187,0.017978556762044528,-0.15263345700081546,-0.08215751449360092,1,0.07047594250721453
0.018362736617871286,0.02773190788503917,-0.1441426028368055,-0.03543352392745194,1,0.10870907890935355
0.0050701557661399915,0.01861412735769705,-0.13956433385494624,-0.06659695461277379,1,0.07296737924217245
-0.01595725107720314,0.019378082950086535,-0.16208909365937274,-0.08612700849503353,1,0.07596208516433921
-0.043698097595196314,0.016554800139827793,-0.1842963058692588,-0.11940148932113384,0,0.06489481654812496
-0.03493767734082688,0.017415144346794205,-0.17722216026054352,-0.10895479442111025,0,0.06826736583943327
-0.04488784220999596,0.01830747640511636,-0.18892129596402402,-0.1171559884559679,0,0.07176530750805611
-0.06110393548508973,0.01826035870461633,-0.20504503854613776,-0.1334644324240417,0,0.07158060612209605
-0.04352307060303674,0.015808896484549945,-0.18265930771275463,-0.12068843349331886,0,0.06197087421943577
0.0032508503914323306,0.019507438919194126,-0.14313452989018816,-0.0666653693269472,1,0.07646916056324096
0.007355210752087699,0.018740484684965968,-0.1375269392304456,-0.06406423926537902,1,0.07346269996506657
-0.03765492620595452,0.017518702102387505,-0.18014238232663404,-0.11146907008527501,0,0.06867331224135903
-0.03229811793556016,0.019787322786976216,-0.17923207059803353,-0.10166576527308678,1,0.07756630532494675
-0.02976142967695368,0.017829961677970158,-0.17285895456577519,-0.10296550478813218,1,0.069893449777643
-0.05434641671002831,0.020382767734212288,-0.2024474414690844,-0.12254699195097224,0,0.07990044951811215
-0.03191369766536213,0.018168668877581742,-0.17567508866542236,-0.10445390666530192,1,0.07122118200012044
-0.020446044974053654,0.019189302902102866,-0.1662078786621753,-0.09098581128593204,1,0.07522206737624325
-0.01611565869646514,0.0192809430980108,-0.1620571071685663,-0.08647581022436399,1,0.07558129694420232
-0.023788281545844683,0.01981233482314895,-0.17077125779921662,-0.09310690529247276,1,0.07766435250674386
0.0006500882904012101,0.022473100561542395,-0.15154798881022188,-0.0634534346089757,1,0.08809455420124618
0.012806163874266571,0.0185452421465935,-0.13169331073305668,-0.058995961518410175,1,0.0726973492146465
-0.03296384041723492,0.01800479868170511,-0.17640404583337693,-0.10582523500109291,1,0.07057881083228403
0.009427605869259392,0.0176477539282433,-0.13331279183009748,-0.06413359643138375,1,0.06917919539871373
-0.005755452395339505,0.025770419868496736,-0.16441627533759312,-0.0633962294530859,1,0.10102004588450722
-0.038917178850643316,0.01740748762159012,-0.18118665458895994,-0.11294930311232669,0,0.06823735147663325
-0.009231842298085935,0.01955532659050987,-0.15571108241548529,-0.0790542021806866,1,0.07665688023479869
-0.021207353227774325,0.01710707417874124,-0.16288801861810714,-0.0958282878374415,1,0.06705973078066564
-0.01800331595793471,0.018475788974235977,-0.16236666234743724,-0.0899415695684322,1,0.07242509277900504
-0.03513614928089563,0.01703760002457104,-0.17668064532905486,-0.10989325323273641,0,0.06678739209631845
-0.01661246268622521,0.02012654671153554,-0.16421129424083486,-0.08531523113161556,1,0.0788960631092193
0.01865476115623703,0.019127651386719274,-0.12698623556173275,-0.0520058421257932,1,0.07498039343593954
-0.03824086599982181,0.017705215738696004,-0.18109388884766597,-0.11168944315197765,0,0.06940444569568832
-0.00647852911555967,0.018463730267031603,-0.15081824043894163,-0.07844041779217772,1,0.0723778226467639
-0.005065044381098463,0.018892673835274956,-0.15024548509823737,-0.07618620366395956,1,0.07405928143427781
-0.025575888330565053,0.01998902706827974,-0.17290518138439334,-0.09454819527673677,1,0.07835698610765657
-0.008035311785701549,0.018445648814723416,-0.15233958346255944,-0.08003264010884366,1,0.07230694335371578
-0.010941618101448933,0.018160865842100114,-0.15468771515196517,-0.08349712105093271,1,0.07119059410103246
-0.029450024029549562,0.016680108541638296,-0.1702938367711606,-0.10490781128793851,1,0.0653860254832221
-0.009243250800083688,0.019358731206672704,-0.1553371639651622,-0.07945093763500519,1,0.07588622633015701
-0.0012315986542325574,0.02083688048766366,-0.15022268441005335,-0.06854211289841178,1,0.08168057151164157
-0.06043452519013921,0.018168152477392303,-0.20419490404582813,-0.1329757463344503,0,0.07121915771137782
-0.00515434391079482,0.0189284280002675,-0.15040486279131912,-0.07620542503027053,1,0.07419943776104859
-0.012694590550184029,0.019379458834979664,-0.1588291298667442,-0.08286165123362389,1,0.0759674786331203
-0.00020509653157019248,0.01978343170968254,-0.14713142268254797,-0.06958037038059242,1,0.07755105230195555
-0.011131529667163478,0.01718840774391894,-0.1529716088452446,-0.08559305048908236,1,0.06737855835616224
0.004285069163037253,0.017040763262284413,-0.1372656268310402,-0.0704658348428853,1,0.06679979198815492
-0.030830193537835823,0.016727256674247817,-0.17176641661936154,-0.10619557045631012,1,0.06557084616305142
-0.02882254215364534,0.017553130315442023,-0.1713774775719117,-0.10256920673537898,1,0.06880827083653274
-0.011450525279389112,0.018019351304478782,-0.15491925383616753,-0.0842833967226107,1,0.07063585711355683
-0.03025380037481125,0.017232240848015272,-0.1721797924369212,-0.10462940831270132,1,0.06755038412421988
-0.04504102578673615,0.017904140448240763,-0.18828394106528806,-0.11809971050818426,0,0.07018423055710381
-0.01943113838754841,0.01787919458369321,-0.1626251597715871,-0.09253871700350973,1,0.07008644276807736
-0.007924729036408285,0.01826445919037588,-0.151873869049545,-0.08027718902327158,1,0.07159668002627342
-0.01634130971543929,0.018992462521721466,-0.16171733625801338,-0.08726688317286521,1,0.07445045308514817
-0.01894684565677758,0.017887295164298638,-0.1621567441788029,-0.09203854713475226,1,0.07011819704405065
-0.026040309378047147,0.020050247168407514,-0.17348959382812587,-0.09489262492796843,1,0.07859696890015744
-0.04150195989051282,0.017787606840638136,-0.18451646929816357,-0.11478905048286209,0,0.06972741881530148
-0.05339467008349001,0.017426105019792245,-0.19570063592228282,-0.12739030424469722,0,0.0683103316775856
0.0008408301953813924,0.018953992068629993,-0.1444597942591334,-0.07016014535010383,1,0.07429964890902958
-0.018697711523360125,0.017335485400512655,-0.16082606290836493,-0.09287096013835533,1,0.0679551027700096
-0.018797276350405276,0.01735064835450188,-0.16095534712522896,-0.0929408055755816,1,0.06801454154964737
-0.02819147563906181,0.019667663949951616,-0.174890896980967,-0.09779365429715664,1,0.07709724268381035
-0.009643562123856517,0.018963605692739346,-0.15496302928162564,-0.0806256949660874,1,0.07433733431553824
0.005524773946272155,0.023288415911158353,-0.1482713212395982,-0.05698073086785748,1,0.09129059037174073
-0.036722316047087325,0.01640681601999629,-0.17703047544628006,-0.1127157566478946,0,0.06431471879838546
0.0062378519647014324,0.018144181063294216,-0.13747554291935524,-0.06635035315124191,1,0.07112518976811333
-0.026504220954000887,0.01711513227183144,-0.16820068020679052,-0.10110936170121126,1,0.06709131850557926
0.010119436180263924,0.017241390818229806,-0.1318244898234665,-0.06423823781600566,1,0.06758625200746085
-0.02394293341565064,0.01922107557163726,-0.16976704153605968,-0.09442042529524161,1,0.07534661624081807
-0.007865754032177916,0.01763785330242561,-0.15058674650493212,-0.08144636155942372,1,0.06914038494550839
-0.011842904376087246,0.023505260161584014,-0.1660640142927919,-0.07392339445938259,1,0.09214061983340932
0.006236326662883485,0.017565514928295826,-0.13634288259657634,-0.0674860640776567,1,0.06885681851891964
-0.01123465016818706,0.017104279479996754,-0.15290983794898072,-0.08586106238739342,1,0.0670487755615873
0.0004628558348531292,0.019256283330178328,-0.1454302594922964,-0.06994562883799735,1,0.07548463065429906
0.016025845158110508,0.042018020774138826,-0.1744802755592016,-0.009769634124577403,1,0.1647106414346242
-0.05696126816733339,0.015451070534310319,-0.19539616641458163,-0.13482796992008517,0,0.06056819649449646
-0.027413390618068703,0.017455758532614565,-0.16977747734199325,-0.10135090389414417,1,0.06842657344784908
-0.028132536647077086,0.016910819738049938,-0.16942854333365498,-0.10313812996049922,1,0.06629041337315576
-0.026701982032713248,0.016895401273968803,-0.1679677685296921,-0.1017377955357344,1,0.06622997299395772
-0.01825573001574511,0.016895299725468094,-0.15952131747766257,-0.09329174255382766,1,0.06622957492383491
-0.011334947359465886,0.018592990487484543,-0.1559280087149356,-0.08304348600399619,1,0.0728845227109394
-0.025595962616525927,0.01748480138734465,-0.16801697333572146,-0.09947655189733041,1,0.06854042143839105
0.005892815737675625,0.01747767683812761,-0.1365142308650545,-0.06800173765959427,1,0.06851249320546021
-0.022871858537695786,0.016987395098277343,-0.16431795293031937,-0.0977273641450722,1,0.06659058878524717
-0.0430012332361626,0.018899642955749148,-0.18819533342943093,-0.11410873304289429,0,0.07408660038653664
-0.027137522064770644,0.02268533664485627,-0.17975158188868895,-0.09082506224085236,1,0.08892651964783659
0.021635818953474745,0.01959989901287033,-0.1249307831117511,-0.048099178981299416,1,0.07683160413045168
0.018225407230427274,0.03680171735046682,-0.1620567587764877,-0.01779402676265776,1,0.14426273201382994
-0.0297005098287675,0.018772908566633,-0.1746462106193682,-0.10105640903816683,1,0.07358980158120136
0.0019169429444008818,0.017457073235176833,-0.1404497205965457,-0.07201799351465253,1,0.06843172708189317
0.04536825998585155,0.0340874196408478,-0.12959388251021015,0.0040288024819132295,1,0.13362268499212338
-0.03355143611329818,0.01880240195981134,-0.17855494395452842,-0.10484952827206795,1,0.07370541568246047
-0.037164318758305434,0.017098761497373854,-0.1788286912931582,-0.11180154622345269,0,0.06702714506970552
-0.03755598675026163,0.018474795884709592,-0.18191738668429244,-0.10949618681623083,0,0.07242119986806161
-0.031595945992811555,0.0169005654723936,-0.172871854318703,-0.10662163766692011,1,0.06625021665178289
0.022566359983118886,0.01982211446654397,-0.1244357843713073,-0.04673309566245494,1,0.07770268870885236
-0.01141170441396444,0.017735373941451804,-0.15432383733920998,-0.08480117148871891,1,0.06952266585049108
-0.03087873585615035,0.018418932364370103,-0.17513064329031575,-0.10292842842198496,1,0.07220221486833078
-0.017194467120554682,0.018317770643668,-0.16124809758214398,-0.0894424366589654,1,0.07180566092317858
-0.003334326469147747,0.01810392748491857,-0.14696882433958813,-0.07600142859870736,1,0.07096739574088078
-0.02210338089777346,0.018606486837385812,-0.16672289509904964,-0.09378546669649727,1,0.07293742840255237
-0.022193498794345554,0.01610369001521971,-0.1619075312241762,-0.09878106636451492,1,0.06312646485966128
-0.037921828581865005,0.016279200638215228,-0.17797986183276687,-0.11416539533096316,0,0.06381446650180371
-0.029353294806897925,0.018409164952006094,-0.17358605811282987,-0.10142213150096599,1,0.07216392661186388
-0.006746772337908019,0.025986429587629572,-0.16583097432966198,-0.06396417034615406,1,0.10186680398350792
0.0016989121811216146,0.018721763055934395,-0.1431465434085098,-0.06975723222924698,1,0.07338931117926281
-0.02758551599957619,0.01749128792317714,-0.1700192403290034,-0.101453391670149,1,0.0685658486588544
0.002977473223910662,0.017501957867576336,-0.13947716419653897,-0.07086948935563972,1,0.06860767484089925
-0.006110807682417632,0.017969400529628976,-0.14948163272049042,-0.07904158264434485,1,0.07044005007614557
-0.06120979441419959,0.02497858422277046,-0.2183186194908297,-0.12040256933756949,0,0.09791605015326021
-0.04280808402827492,0.017515183511429295,-0.18528864371067633,-0.11662912434587351,0,0.06865951936480282
-0.007077181532228721,0.018619157405220247,-0.1517215300464604,-0.07873443301799704,1,0.07298709702846337
-0.03477495998252979,0.016472422444892547,-0.17521170797451918,-0.1106398119905404,0,0.06457189598397878
-0.009390133478656595,0.017818995289071837,-0.1524661642452374,-0.0826157027120758,1,0.0698504615331616
-0.030521837621861017,0.01894297021083487,-0.17580085923509736,-0.10154441600862468,1,0.07425644322647268
0.03772325029192322,0.05080233906101588,-0.1700001342676679,0.029145034851514345,1,0.19914516911918226
-0.005428903194511503,0.02101058851176826,-0.1547604566775773,-0.07239894971144573,1,0.08236150696613156
-0.006198724763457744,0.016955865369200306,-0.14758302088709035,-0.08111602863982514,1,0.06646699224726521
-0.029028652475048614,0.017202322527565116,-0.17089600462907625,-0.10346290032102098,1,0.06743310430805527
0.0026982190660446714,0.02029989746882856,-0.14524037997285932,-0.06566478189505136,1,0.07957559807780797
-0.008724663853139913,0.016828466533128958,-0.14985925825807267,-0.08389166944820717,1,0.0659675888098655
-0.011825156811432674,0.018082696562527915,-0.1554180420739874,-0.08453387154887797,1,0.07088417052510944
-0.0077576411324324634,0.018785892273322346,-0.15272878998814426,-0.07908809227672067,1,0.07364069771142359
-0.006594790800389078,0.01945935664723593,-0.1528859298289715,-0.07660525177180666,1,0.07628067805716485
-0.026954852389287173,0.017378439086638234,-0.1691673929990981,-0.10104391177947625,1,0.06812348121962186
-0.03256397709767571,0.0175051132493607,-0.17502479906642268,-0.10640475512892875,1,0.06862004393749394
-0.013331944108797983,0.01804373602796454,-0.1568484667236085,-0.08611702149398748,1,0.07073144522962102
-0.015563536641178377,0.018803084429196832,-0.16056838212240418,-0.08686029115995259,1,0.0737080909624516
-0.04223020817801158,0.020809475983600972,-0.19116758110586948,-0.1095944352501537,0,0.08157314585571579
0.021203656480029642,0.03356951233500498,-0.15274338769658014,-0.021150899343360605,1,0.13159248835321952
0.0029428420128587984,0.016536394351268215,-0.1376192909156269,-0.0727966250586555,1,0.06482266585697141
-0.0008131507976632812,0.018317081341460997,-0.14486543022692683,-0.07306247136839973,1,0.0718029588585271
-0.0371613493065575,0.0184680546257996,-0.18150953637312472,-0.10911476223999028,0,0.07239477413313444
-0.042691467505773975,0.016544902428991193,-0.18327027626659673,-0.11841425874495123,0,0.06485601752164549
-0.016921340392010972,0.017392433798762093,-0.15916131063758468,-0.09098297014643728,1,0.0681783404911474
-0.04422991491437635,0.01580257098970841,-0.18335375405420484,-0.12140767577454786,0,0.06194607827965698
-0.03021615686168154,0.017580961013473482,-0.17282564044808957,-0.10390827327527352,1,0.06891736717281605
0.0010771387626587053,0.020033384454938165,-0.1463390947690201,-0.0678082277056625,1,0.0785308670633576
0.0014818411122442948,0.01704980608608939,-0.14008657881649092,-0.0732513389590205,1,0.06683523985747042
-0.05963882114806536,0.0216531688929248,-0.21022983217819796,-0.12534941011793277,0,0.08488042206026519
-0.009774249559369425,0.018714563100895983,-0.15460559323712555,-0.0812445058816133,1,0.07336108735551225
-0.011196581161679223,0.018822249532977193,-0.15623899024631452,-0.08245577207704394,1,0.07378321816927058
-0.031485771785343966,0.019414988152896447,-0.17768994856502102,-0.10158319500566693,1,0.07610675355935409
-9.586350461399107e-05,0.0405154431455271,-0.18765693206984713,-0.02883639493938088,1,0.15882053713046623
-0.044854310249450205,0.023185900790228284,-0.19844947579829764,-0.10756074470060277,1,0.09088873109769487
-0.016387884469088176,0.01861400096559041,-0.16102212636164537,-0.08805524257653098,1,0.07296688378511439
-0.058004707634464234,0.016630249210533903,-0.1987507960871107,-0.1335602191818178,0,0.0651905769052929
-0.0040150176135984594,0.021638416901256938,-0.15457711474006205,-0.06975452048713487,1,0.08482259425292718
-0.020627777622613877,0.016632728882630208,-0.1613787262325691,-0.09617842901265868,1,0.06520029721991043
-0.013413888007420272,0.01759616080920934,-0.1560531631934706,-0.08707621282136996,1,0.06897695037210064
-0.011649374342718219,0.018823463387539003,-0.15669416258229468,-0.08290618610314178,1,0.0737879764791529
-0.01253391528690595,0.01827532241351179,-0.15650434721738907,-0.08486508335642284,1,0.07163926386096622
-0.04839594534365722,0.014973226165491616,-0.1858942686280208,-0.12719922205929365,0,0.05869504656872715
-0.008694004258078314,0.019699259059925797,-0.15545535201553287,-0.07823425650062377,1,0.0772210955149091
0.004228580888892761,0.017516155430180844,-0.1382538837542617,-0.06959055446795279,1,0.06866332928630892
-0.022481313744408135,0.018471862657632586,-0.166836964553368,-0.09442726293544827,1,0.07240970161791972
-0.020924408397366215,0.016717469838097996,-0.1618414492800383,-0.09630896751469414,1,0.06553248176534415
-0.02392919317908339,0.02084475021215711,-0.17293570359491134,-0.09122428276325545,1,0.08171142083165589
-0.02996849685802068,0.017067118389558975,-0.17157084890155627,-0.1046677448144851,1,0.06690310408707117
-0.04040853761319731,0.01774779156890511,-0.18334500908825133,-0.1137736661381433,0,0.06957134295010803
0.01558186770712068,0.02181835068869203,-0.13533289964271572,-0.04980496494304294,1,0.08552793469967278
-0.022450872023088556,0.01865649765221655,-0.167168407421433,-0.09403493662474413,1,0.07313347079668886
-0.04269409461521391,0.01995402844595445,-0.18995479036928464,-0.11173499886114319,0,0.07821979150814146
-0.017883962075060225,0.01719779743535735,-0.15974244504836063,-0.09232707910175983,1,0.0674153659466008
-0.04398448711845025,0.0182234539444281,-0.18785325684952933,-0.11641731738737118,0,0.07143593946215815
0.037718064066250945,0.03280956455331797,-0.1347394824582523,-0.006125989409245844,1,0.12861349304900643
-0.027369193154194463,0.016765171585645656,-0.16837972946205995,-0.10266025684632898,1,0.06571947261573097
-0.004190859756626988,0.01821220533920375,-0.14803758222146635,-0.07664573729178764,1,0.0713918449296787
-0.028089893517756245,0.020723183352640662,-0.17685813288893196,-0.09562325414658054,1,0.08123487874235141
-0.006772257897015979,0.02349514752204144,-0.1609735470402172,-0.06887256875381476,1,0.09210097828640246
-0.0461248499724783,0.01610472323397698,-0.18584090751107318,-0.12271039243388343,0,0.06313051507718975
0.001652070873108702,0.017054607527558725,-0.13992575988090641,-0.07307169837287619,1,0.06685406150803022
-0.014721440669183003,0.017119794397391894,-0.15642703768807112,-0.0893174436502949,1,0.06710959403777622
-0.002073214288306202,0.019688034428931907,-0.14881256176901275,-0.07163546680759966,1,0.07717709496141309
-0.013548488789439178,0.017089371512297627,-0.15519445695354253,-0.08820412062533584,1,0.0669903363282067
-0.005266775960080475,0.017825628740532222,-0.14835580829152364,-0.07847934362863732,1,0.06987646466288633
-0.010561179805643403,0.017519106837893636,-0.15304942920791492,-0.08437453040337188,1,0.06867489880454304
0.008359552796559422,0.03092100862299046,-0.1603964241045019,-0.03918607030237928,1,0.12121035380212261
-0.01646650803921454,0.018450277168735173,-0.1607798512899355,-0.08845476478849361,1,0.07232508650144188
-0.056568171205928566,0.017100547927183338,-0.19823604514320792,-0.13120189726864923,0,0.06703414787455869
-0.012234857459754778,0.017337199604604957,-0.1543665686847805,-0.08640474623472907,1,0.06796182245005142
-0.05642650428387892,0.02540225110366542,-0.21436571644706315,-0.11478889212069471,0,0.09957682432636844
-0.04644180108863309,0.019119238466222165,-0.19206630848242853,-0.11711889369483766,0,0.07494741478759087
0.015845098506098707,0.019681681611757085,-0.13088179745294518,-0.053729605534857415,1,0.07715219191808775
-0.045103641808281095,0.016813404195046313,-0.18620871403057188,-0.12030016958599032,0,0.06590854444458155
0.0010414587664858699,0.017902869812911268,-0.14219896606682023,-0.07201971640020804,1,0.07017924966661218
-0.01035648850920487,0.016786265972378263,-0.15140836981506628,-0.08560620720334347,1,0.06580216261172281
-0.015372513607720892,0.018182993122027178,-0.15916198012689417,-0.08788464708854762,1,0.07127733303834655
-0.025300553016657276,0.016909729629136307,-0.16659442308976444,-0.10030828294355013,1,0.06628614014621431
-0.003540480948148586,0.017639754696011027,-0.1462652001523302,-0.07711736174396698,1,0.06914783840836321
-0.008523250499589158,0.019958154873303876,-0.15579203405126477,-0.07755606694791356,1,0.0782359671033512
0.009006411917154525,0.01815789598980623,-0.1347338642228657,-0.06355491194282527,1,0.07117895228004044
-0.005033758394474827,0.01748114241270885,-0.14744759752338418,-0.07892151926556548,1,0.0685260782578187
-0.00619268053097477,0.01903368938663998,-0.15164951172878913,-0.07703744933316042,1,0.0746120623956287
-0.037361157339905235,0.028312456642602114,-0.20100437235940538,-0.0900195423204051,1,0.11098483003900028
0.003586502424143531,0.01837891055405134,-0.1405869622617971,-0.06854163288991585,1,0.07204532937188124
0.010700303075042217,0.023413311583760785,-0.14334058762912893,-0.05156040622078665,1,0.09178018140834229
-0.007121381319473749,0.017964779193033565,-0.15048314853781955,-0.08006121410112796,1,0.07042193443669159
-0.022767022562558817,0.02028070209501055,-0.1706679986687795,-0.09116764645633815,1,0.07950035221244134
-0.0210334480024245,0.018770173610897205,-0.16597378827978304,-0.09239470772506599,1,0.07357908055471706
-0.045179115319779986,0.017771822668117013,-0.18816268774928935,-0.11849714289027065,0,0.0696655448590187
-0.03546837412145319,0.01676835644083592,-0.1764851527454916,-0.11075319549741479,0,0.0657319572480768
-0.028827650914110006,0.017070214665503354,-0.17043607165849659,-0.10352083016972344,1,0.06691524148877315
-0.030419388234609532,0.018326966532897792,-0.1744910426390892,-0.10264933383012986,1,0.07184170880895935
-0.027677575990803463,0.01739383013070186,-0.16992028304697912,-0.10173646893462782,1,0.0681838141123513
-0.011180249175140641,0.02007237122405931,-0.1586728967742969,-0.0799892015759844,1,0.07868369519831252
-0.011337947195266596,0.019488184126966217,-0.1576855880841204,-0.08129190630641281,1,0.07639368177770758
-0.003648728724947467,0.018412213264626186,-0.1478874667236148,-0.07571159072628014,1,0.07217587599733466
0.002002223751301907,0.020618901923964622,-0.14656162401966877,-0.06573552847772744,1,0.08082609554194133
-0.017422714348605414,0.01733630532734209,-0.15955267279019592,-0.09159435590701492,1,0.06795831688318099
-0.027520074502772482,0.01813450002792031,-0.1712144945574963,-0.10012725444804868,1,0.07108724010944761
-0.011952941959593358,0.0218923370670607,-0.16301272261103233,-0.07719476130815439,1,0.08581796130287794
-0.02022994828358353,0.016784675759170906,-0.1612787127715585,-0.09548278379560857,1,0.06579592897594994
-0.016968917464161112,0.01972123849957149,-0.16377334492332124,-0.086466090005001,1,0.07730725491832025
-0.016143677904511225,0.018297929054293637,-0.16015841885092674,-0.0884305369580957,1,0.07172788189283104
-0.05199859503348235,0.015556717479429678,-0.19064056129316453,-0.12965822877380018,0,0.06098233251936436
-0.031863371700829354,0.01629068690233852,-0.17194391802941286,-0.10808442537224586,1,0.063859492657167
-0.025634736892153384,0.017703322707936314,-0.16848404939970857,-0.09908702438459821,1,0.06939702501511036
-0.01159171155847162,0.01862305870675443,-0.15624370662371032,-0.08324131649323294,1,0.07300239013047738
-0.016099852482350782,0.017493248984431067,-0.15853742049183567,-0.0899638844728659,1,0.06857353601896977
-0.020413682085308513,0.017201294359805285,-0.16227901903052688,-0.09484994514009015,1,0.06742907389043673
-0.04182529298592634,0.017806801866112727,-0.1848774246435073,-0.1150747613283454,0,0.06980266331516188
-0.05920020631084781,0.018192606343513263,-0.2030085147441338,-0.13169349787756182,0,0.07131501686657199
-0.030583779416177445,0.017450953228761414,-0.1729384477445498,-0.10453071108780508,1,0.06840773665674472
-0.0076338160298823204,0.017369386852399513,-0.14982861426058536,-0.08174061779917928,1,0.06808799646140608
-0.024654545895409677,0.020037509977467324,-0.17207886545124562,-0.09353182633957373,1,0.07854703911167189
-0.013647883919189169,0.017267263463203886,-0.1556425203070688,-0.08795484753130955,1,0.06768767277575924
-0.029207136160418187,0.01950267829086474,-0.1755831856105131,-0.0991326867103233,1,0.07645049890018979
-0.01975440242898434,0.017668778398866696,-0.16253600809076307,-0.09327439676720561,1,0.06926161132355746
0.019735743749888707,0.018673571386447423,-0.12501525616754824,-0.05181485633267435,1,0.07320039983487389
-0.013991476535962347,0.01931915475930818,-0.16000781986420637,-0.08427673320771832,1,0.07573108665648805
0.034869306587166485,0.0185794937814625,-0.10969730122450003,-0.03686568560116702,1,0.07283161562333301
0.009119355759421674,0.018990498771441832,-0.13625282183260432,-0.06181006664855234,1,0.07444275518405197
0.006488774670890249,0.017479152163461378,-0.13592116356949405,-0.06740288708872547,1,0.06851827648076858
0.028051831699664936,0.025713672995208853,-0.13049776737094443,-0.029700169229725716,1,0.10079759814121872
-0.00625630086367486,0.02872408669900595,-0.17070631079372653,-0.0581078909336232,1,0.11259841986010333
0.009343558818595665,0.017765905076555323,-0.13362841513145277,-0.06398606723135591,1,0.06964234790009685
-0.008652906915848538,0.01672746085446688,-0.14958953019060361,-0.08401788364109347,1,0.06557164654951014
0.0020586254004341387,0.02595755967498043,-0.15696899156252753,-0.05521535763660422,1,0.1017536339259233
-0.03141525681833697,0.027121309715191135,-0.1927238238601116,-0.08640828977656234,1,0.10631553408354927
0.04899318526862088,0.024376004155503415,-0.10693458287616582,-0.011380646586592436,0,0.09555393628957339
-0.04365059293781624,0.017256788560547607,-0.18562469851648955,-0.11797808735914295,0,0.0676466111573466
-0.02482177845529414,0.018864512689807784,-0.1699470233273174,-0.09599813358327089,1,0.07394888974404651
-0.015190986792116043,0.01776955492854124,-0.15817011445205686,-0.08851345913217522,1,0.06965665531988165
-0.015666299778765616,0.018667933388685692,-0.16040624922058958,-0.08722795033694167,1,0.07317829888364791
-0.006976648467941757,0.02071713990376526,-0.15573304267932167,-0.07452185425656185,1,0.08121118842275982
-0.017113953261431433,0.019082726714784587,-0.1626668976224092,-0.08786260890045365,1,0.07480428872195556
-0.02093298185245869,0.01766806989538512,-0.16371319884741353,-0.09445436485750386,1,0.06925883398990967
-0.005771727344272101,0.021002669983934096,-0.15508776051278295,-0.07275729417576128,1,0.08233046633702167
0.012344170888600736,0.031953955871696194,-0.15843638261992382,-0.03317687560287473,1,0.12525950701704908
0.019279606838167124,0.01862538419685894,-0.12537694618767642,-0.05236544013598936,1,0.07301150605168706
-0.02743707182108275,0.01696891596329112,-0.16884694710913334,-0.10232879653303216,1,0.06651815057610118
-0.017400974763142577,0.03063179256049986,-0.1855900881817223,-0.06551346134456286,1,0.12007662683715943
-0.0502615733578871,0.023105109616505907,-0.20369838820623867,-0.11312635850953554,0,0.09057202969670314
-0.019309591928243594,0.01732795115019719,-0.16142317618263008,-0.09349760767385712,1,0.06792556850877296
0.009199442883068634,0.03466531064963202,-0.16689536599021013,-0.031007348243652616,1,0.1358880177465575
-0.053143571104126555,0.022627139038669267,-0.2056435636199183,-0.11694517858833481,0,0.0886983850315835
-0.02060694266597872,0.016879325196397142,-0.1618412200509171,-0.09567426528104032,1,0.06616695476987679
-0.019751788057494793,0.01741214887866877,-0.1620303998596856,-0.093774776255304,1,0.06825562360438159
0.0011887952732677898,0.017543635088231778,-0.1413475294996665,-0.07257647995379793,1,0.06877104954586857
-0.028094449480867936,0.018412949356205296,-0.1723346302190303,-0.10015586874270557,1,0.07217876147632474
0.00889583798151046,0.018241908614700732,-0.13500910290330298,-0.06350082113367611,1,0.07150828176962687
-0.03945471780395145,0.017187618337715576,-0.181293249745874,-0.11391778586202891,0,0.06737546388384508
-0.04534676824787316,0.020252305685041733,-0.19319208739055496,-0.11380304910519137,0,0.07938903828536359
0.007906693105726531,0.017489503290498462,-0.13452353334365047,-0.06596468044489649,1,0.06855885289875398
-0.044441869956243565,0.01611303102960394,-0.1841742107742673,-0.12101112913821985,0,0.06316308163604745
-0.008493008782554129,0.01904792174114724,-0.1539777353952027,-0.07930988216990555,1,0.07466785322529716
-0.01742722158575978,0.017418662662389662,-0.1597186004040435,-0.09143744276747605,1,0.06828115763656746
-0.010325042776491988,0.018507940430579357,-0.15475140602042753,-0.08220027953255646,1,0.07255112648787107
-0.041238867475777666,0.015898548666850316,-0.1805508228628043,-0.11822851208875106,0,0.062322310774053244
-0.04367770584583057,0.019322551741246214,-0.18970070725867316,-0.11395630443298799,0,0.07574440282568518
0.0055765186076267015,0.01950644993572672,-0.14080692326639768,-0.06434163951834893,1,0.07646528374804876
-0.013735388525084963,0.017554041743227687,-0.15629211034181123,-0.0874802667083587,1,0.06881184363345252
-0.011803390763886867,0.01900504565999321,-0.15720408025747357,-0.08270430127030018,1,0.07449977898717339
-0.0181499126435236,0.0177272536290356,-0.16104612975643337,-0.09155529553061384,1,0.06949083422581953
0.005850999655010847,0.018610202205266983,-0.13877579666731243,-0.06582380402266587,1,0.07295199264464657
-0.0134670843660145,0.017409241129210155,-0.1557399969792664,-0.0874957717527626,1,0.06824422522650381
-0.030140250334814808,0.0162362422351542,-0.17011408511571705,-0.10646801555391258,1,0.06364606956180446
-0.003072353719514462,0.017844828390514825,-0.14619901736492352,-0.07624729007410541,1,0.06995172729081811
-0.009651931044105153,0.020133664974694817,-0.157264714394507,-0.07834074769370332,1,0.07892396670080369
-0.040228665871197875,0.01922467363622735,-0.1860598261982035,-0.11069910554419227,0,0.07536072065401123
-0.006592366141845746,0.018616491890180886,-0.1512314902466003,-0.07825484203709121,1,0.07297664820950908
-0.02617130512908787,0.01750203558762156,-0.16862609488082614,-0.10001811537734961,1,0.06860797950347652
-0.014360841682277928,0.018289859932912215,-0.15835976715078587,-0.08666351621377,1,0.07169625093701587
-0.041814824401029446,0.01680774748415608,-0.18290880946997537,-0.11702243933208353,0,0.06588637013789184
-0.033937438583697396,0.019718150209856525,-0.18073581299501618,-0.10344066417237861,1,0.07729514882263756
-0.04600301680589074,0.01891036878009787,-0.19121813961488257,-0.11708949399689891,0,0.07412864561798366
-0.003450582852474085,0.020027067962186056,-0.15085443605835874,-0.07234832964658942,1,0.07850610641176932
-0.042234078239521786,0.01634979019939598,-0.1824304670303379,-0.11833928944870567,0,0.06409117758163224
-0.021138459221934483,0.01662931650198464,-0.1618827195658244,-0.0966957988780446,1,0.0651869206877798
-0.02751708935286072,0.018277954095158214,-0.17149267937937082,-0.09984309932635063,1,0.07164958005302019
-0.021552650874145637,0.018044321484697146,-0.16507032098415203,-0.09433658076413924,1,0.07073374022001279
-0.005960000547885064,0.017634627535597285,-0.14867467051765576,-0.07954693057811439,1,0.06912773993954137
-0.027402972215911633,0.017691568650469083,-0.17022924677083104,-0.10087829766099224,1,0.0693509491098388
0.0008177986476123333,0.019902242208802344,-0.14634139608164026,-0.06832460662313508,1,0.07801678945850518
-0.012694038323173229,0.03520978772387095,-0.1898560222619603,-0.05183365438438618,1,0.1380223678775741
-0.005871036068936672,0.018399811697691455,-0.15008546699641193,-0.07795820514146143,1,0.0721272618549505
0.00948866357768928,0.018443297992848374,-0.13481100048829353,-0.06251327235632792,1,0.07229772813196561
-0.009390354541960425,0.017974498026900834,-0.15277117067468607,-0.08231113840923479,1,0.07046003226545128
0.0002231183292626393,0.018246854115484927,-0.14369151573708783,-0.0721638476043869,1,0.07152766813270092
-0.018759427962765238,0.018174729772796775,-0.16253269831744693,-0.09128775760808357,1,0.07124494070936337
0.016761152177837246,0.020190279790218056,-0.13096259621099016,-0.05181669943333537,1,0.0791458967776548
-0.016601858163597175,0.01921741888773208,-0.16241879918355207,-0.08708651714364231,1,0.07533228203990976
-0.008847897485409359,0.020360611249229964,-0.1569054955339001,-0.07709189943691863,1,0.07981359609698147
-0.0008992712879369313,0.018914745226521007,-0.14612297193191812,-0.07197717064395576,1,0.07414580128796236
-0.03125143765089021,0.016954784987544904,-0.17263361622647821,-0.1061708590753022,1,0.06646275715117601
-0.037948060206920195,0.01663280395695702,-0.17869915596255595,-0.11349856445128445,0,0.0652005915112715
0.008983483761362848,0.03187552070372698,-0.16164333681794202,-0.03669129565933228,1,0.12495204115860974
-0.006880830499544063,0.033848716070225215,-0.18137511399718548,-0.048688147001902646,1,0.13268696699528282
-0.01913980914285078,0.016121582936903224,-0.1588889116991811,-0.09569230658652048,1,0.06319660511266062
-0.024895172814145508,0.018512326261826625,-0.16933013228732569,-0.09676181334096533,1,0.07256831894636036
-0.03010439763125171,0.016865395233038715,-0.17131137228800758,-0.10519902297449583,1,0.06611234931351175
-0.026169396268156328,0.0282230142345377,-0.18963730416785024,-0.07900308836846244,1,0.1106342157993878
-0.06020382134883785,0.01512132374287405,-0.197992415884871,-0.13871682681280473,0,0.05927558907206626
-0.03332823666786043,0.017773245461371077,-0.17631459777214775,-0.10664347556357312,1,0.06967112220857463
-0.03056885674596603,0.018374273953013248,-0.174733233693872,-0.10270607979806007,1,0.07202715389581194
-0.0350923524010258,0.016599138844236604,-0.17577746453572957,-0.11070884026632206,0,0.0650686242694075
0.009347343728942373,0.018973383974934994,-0.1359912888619302,-0.06161562368018505,1,0.07437566518174515
0.0014963615622344134,0.017345115901238356,-0.14065086560419277,-0.07265801127133842,1,0.06799285433285435
0.011350552816600051,0.018485918518903355,-0.13303264748045052,-0.06056784688634938,1,0.07246480059410114
-0.012029002907696013,0.019811034801660944,-0.15900943111895147,-0.08135017469644057,1,0.0776592564225109
0.005492964603737924,0.018996888165519307,-0.1398917362006799,-0.06542393459184424,1,0.07446780160883566
-0.006344197551905226,0.01827810876905904,-0.15032009073926095,-0.07866990436454951,1,0.07165018637471143
-0.0015256721595053035,0.019200654746871663,-0.14730975546337377,-0.07204318885563685,1,0.07526656660773692
-0.051856408957608055,0.016068287563629557,-0.191501052582322,-0.12851336533289412,0,0.06298768724942788
-0.052928062697805575,0.020287785125972298,-0.20084292154471128,-0.12131480385089988,0,0.0795281176938114
-0.01620628510605883,0.018967880954222787,-0.1615341317763355,-0.08718003843578218,1,0.07435409334055332
-0.011256390816307332,0.018772987028083266,-0.15620224539135052,-0.08261213624126414,1,0.07359010915008639
0.006944938117981567,0.018838251346326582,-0.13812883452081853,-0.06428288924321834,1,0.07384594527760019
-0.0026399462375405885,0.017728351006450295,-0.14553831421018318,-0.07604317826489801,1,0.06949513594528517
0.0009420241820405767,0.020607540895866267,-0.14759955597385732,-0.06681799566206154,1,0.08078156031179579
-0.009562705867503157,0.017553587946847225,-0.15211853824332372,-0.0833084734916826,1,0.06881006475164111
0.004700199778089054,0.023189951110975545,-0.14890290439942303,-0.057998296044398885,1,0.09090460835502415
-0.03280489109642791,0.019941965033055415,-0.18004194256121653,-0.1018694396316393,1,0.07817250292957723
-0.012201897455410685,0.018404479114869116,-0.15642547652055416,-0.08427991839026722,1,0.07214555813028695
-0.0069845283556246585,0.01856321171664903,-0.15151922332025677,-0.07875143339099255,1,0.07276778992926422
-0.03443827132718931,0.018456332586306943,-0.17876348319635094,-0.10641465945802771,1,0.07234882373832323
0.00919886344401516,0.01957601600620691,-0.1373209279281504,-0.0605829451838193,1,0.0767379827443311
-0.01629053585671912,0.018852334615950594,-0.1613919117039823,-0.08749076000945596,1,0.07390115169452632
-0.014272631606778913,0.0244505702424054,-0.1703465492818935,-0.07450031393166434,1,0.09584623535022915
-0.040540409321936574,0.018465911897637355,-0.1848843966413058,-0.11249802200256737,0,0.07238637463873843
-0.03289254200771001,0.016807488650013466,-0.17398601976173642,-0.10810066425368361,1,0.0658853555080528
0.0004530159751828522,0.022064782306758814,-0.15094475734606444,-0.06445081070356988,1,0.08649394664249456
-0.02572177283162351,0.019146886389585463,-0.17140047015521104,-0.096344675508036,1,0.07505579464717503
0.0003065089991349246,0.025597104094233252,-0.15801461502556224,-0.05767396697616791,1,0.10034064804939433
-0.03716622299639445,0.018755543284591433,-0.18207788783419365,-0.10855615815859525,0,0.0735217296755984
-0.023610956946005027,0.01864866880983134,-0.16831314781327444,-0.0952103660787356,1,0.07310278173453884
0.002520660089281257,0.018893322006388148,-0.1426610510432395,-0.06859922877819798,1,0.07406182226504153
0.05548817018115621,0.03260854989931409,-0.11657538762149941,0.011250127983811815,1,0.12782551560531122
-0.025580328194052634,0.018143244588682914,-0.16929188758787114,-0.09817036880023414,1,0.071121518787637
-0.016812656805515566,0.01906506242950321,-0.16233097916734185,-0.08759593444368928,1,0.07473504472365257
-0.019563354656773932,0.019776999841245528,-0.16647707434561518,-0.0889512349679327,1,0.07752583937768248
0.010123002470164205,0.022019166490903075,-0.14118536385200584,-0.05487023120766577,1,0.08631513264434007
-0.0015968019892468044,0.019145166584069274,-0.1472721284940226,-0.07222307548447103,1,0.07504905300955157
-0.008800441762083971,0.03484620589575584,-0.18524980531776541,-0.048652678206402525,1,0.1365971271113629
-0.023819440978913045,0.017333685433071355,-0.1659442644277329,-0.09799621753009319,1,0.06794804689763972
-0.06689168513160905,0.01646466973276007,-0.2073132378078188,-0.14277173245539931,0,0.06454150535241948
0.00031107856863821226,0.02099876987220887,-0.14899731038089117,-0.06668213248183241,1,0.08231517789905876
-0.0018696848840097924,0.018486559816922724,-0.14625414212517834,-0.07378682764284125,1,0.07246731448233709
-0.013240488948589285,0.022771866549339714,-0.16602414738529514,-0.07675843051188344,1,0.0892657168734117
-0.0265130507415232,0.017667355386524648,-0.16929186729911153,-0.10003583418393489,1,0.06925603311517664
-0.024496247122900425,0.0175001077400508,-0.16694725829339999,-0.09834683595240087,1,0.06860042234099911
-0.058272693831088865,0.03888112854173812,-0.24263050577289558,-0.09021648188928215,1,0.15241402388361341
0.014500901872289057,0.023424816417580915,-0.13956253830616955,-0.047737257949252355,1,0.0918252803569172
-0.02183587380299555,0.021168158742957962,-0.17147626493919316,-0.08849708266679795,1,0.0829791822723952
-0.029997597781594235,0.019194583789959675,-0.1757697820099152,-0.10052701355327329,1,0.0752427684566419
-0.02862667464953035,0.016799641518849006,-0.1697047720264744,-0.1038501772725863,1,0.06585459475388811
-0.014454017364862279,0.017200862629902832,-0.15631850811947184,-0.08889112661025272,1,0.06742738150921912
-0.010378812938361515,0.01957311896315323,-0.15689292610614186,-0.08016629977058118,1,0.07672662633556068
-0.027550309114331442,0.018271599213788885,-0.17151344357335765,-0.09988877465530524,1,0.07162466891805241
-0.009829096543234606,0.017365164837228848,-0.15201561962420315,-0.08394417346226607,1,0.06807144616193708
-0.02124943709063211,0.019967072290571132,-0.16853569878015154,-0.09026477540111269,1,0.07827092337903885
-0.0018256342618278715,0.02153253433918795,-0.15218020156663625,-0.0677726669570195,1,0.08440753460961675
0.0047863527778581605,0.020004222830129585,-0.14257272396919585,-0.06415617047508786,1,0.07841655349410799
-0.012079137274821974,0.01835262188864257,-0.15620107617656143,-0.08425879837308255,1,0.07194227780347888
-0.01982464806563787,0.01768401120691349,-0.16263611003118833,-0.09331478610008744,1,0.0693213239311009
-0.0352245345088862,0.018017852460290355,-0.1786903253310553,-0.1080603436867171,1,0.0706299816443382
-0.016343881934694285,0.018399524200779147,-0.16055774936822143,-0.08843161450116716,1,0.07212613486705427
-0.0015081017370515981,0.017852340480348425,-0.14464948907853453,-0.07466831439556869,1,0.06998117468296584
-0.033686928713865374,0.017771492711902814,-0.1766698544291949,-0.10700560299853587,1,0.06966425143065902
-0.04741596199581362,0.01797118174816493,-0.1907902782222169,-0.12034324576941036,0,0.07044703245280654
-0.0044477775712785245,0.018324201563237604,-0.14851401263522424,-0.07668314250733282,1,0.07183087012789141
-0.009484197492326568,0.017056260330812364,-0.15106526774071882,-0.08420472724393434,1,0.06686054049678448
0.008291189002628097,0.017811817977592022,-0.13477077423345227,-0.06494844776129155,1,0.06982232647216072
-0.006084599274131769,0.018319834598820195,-0.15014227508781935,-0.0783285234604442,1,0.07181375162737516
-0.007736754886881081,0.0286623651532863,-0.17206579058732224,-0.059709319186439944,1,0.1123564714008823
-0.006781364343274809,0.018103122840522495,-0.1504142851106989,-0.07945004357585073,1,0.07096424153484818
-0.0255692927116543,0.016890241179656228,-0.1668249654237805,-0.1006152199995281,1,0.0662097454242524
-0.042183928070067586,0.016234692249250535,-0.18215472487859863,-0.11851473126153654,0,0.06363999361706209
-0.020092083311238976,0.01796491751865623,-0.1634541216478052,-0.09303164497467277,1,0.07042247667313244
-0.005971962284656657,0.016720725764133432,-0.1468953847823582,-0.08135013978695513,1,0.06554524499540307
-0.009912471175344231,0.017688430461783568,-0.15273259488044003,-0.08339394747024845,1,0.06933864741019158
-0.01997972197834598,0.018369209859959334,-0.1641341733038663,-0.09212687065282568,1,0.0720073026510406
0.0008119182145152337,0.019924370344750624,-0.146390647661196,-0.06828711590977354,1,0.07810353175142246
-0.04288870694170348,0.017332252509157303,-0.18501072185965178,-0.11706829202375517,0,0.06794242983589661
-0.009931172780814027,0.017823720199672412,-0.15301646437217195,-0.08314748118945611,1,0.06986898318271584
-0.04355539215851857,0.032231549949181725,-0.21488003005891476,-0.08853235425812239,1,0.12634767580079237
-0.034818850367476936,0.017595027402655047,-0.17745590407668083,-0.10848339665827306,0,0.06897250741840777
-0.04517545571799027,0.016708004787036025,-0.1860739451005809,-0.12057856633539966,0,0.06549537876518123
-0.012702843373090161,0.017474331052968514,-0.15510333223690845,-0.08660395450927189,1,0.06849937772763656
-0.023060707999191618,0.017504790498967533,-0.165520897377168,-0.09690211862121526,1,0.06861877875595274
-0.023506906501820676,0.018915093025432064,-0.16873128883166752,-0.09458412417197384,1,0.07414716465969368
-0.011821483754758375,0.019503741763041992,-0.1581996176103207,-0.08174494989919608,1,0.07645466771112462
-0.009458899270409465,0.019930097797626816,-0.15667269095375802,-0.07854670758706092,1,0.0781259833666971
-0.015383839048135686,0.016860462732157782,-0.15658114600316494,-0.09048813209310644,1,0.0660930139100585
0.011746213833122437,0.017430941457762483,-0.13056923142409205,-0.0622399409096631,1,0.06832929051442894
-0.058994536650584115,0.017683958466097733,-0.20180589524413567,-0.13248477805703257,0,0.0693211171871031
-0.0023674660391983793,0.017009350719821414,-0.14385659345004836,-0.0771799386283484,1,0.06667665482169996
-0.03309687478052277,0.017735798066822905,-0.17600983899149567,-0.10648551056954988,1,0.06952432842194578
-0.028186961365753396,0.017509117295118476,-0.17065563126418562,-0.10201989146732118,1,0.06863573979686444
-0.03967078258851532,0.018642715175146787,-0.18436130433180303,-0.11128186084522762,0,0.07307944348657541
0.014674005082697408,0.018251368708220375,-0.12924947758541452,-0.05770411224919066,1,0.07154536533622385
-0.027944553253444845,0.018837634942946345,-0.17301711774161968,-0.09917358876527002,1,0.07384352897634966
-0.02380603846101477,0.016823157125107138,-0.16493022642622476,-0.09898345049580479,1,0.06594677593041998
-0.03969338372799698,0.017504073260037775,-0.18215216731767103,-0.11353620013832294,0,0.06861596717934809
-0.02414119332458596,0.01699649958244039,-0.16560513250616912,-0.09897885414300281,1,0.06662627836316631
-0.03208587698973102,0.017692156575966136,-0.17491330387862464,-0.1055600501008374,1,0.06935325377778724
0.008379515455206168,0.018680266541825623,-0.13638460696677207,-0.06315796212281562,1,0.07322664484395645
-0.01462598224849429,0.02021668570600293,-0.16240148623226003,-0.08315207826472855,1,0.07924940796753148
0.0028540696546811017,0.01783816162888824,-0.14025952713793985,-0.07033393355269796,1,0.06992559358524189
-0.03808884676724249,0.01787366748795369,-0.18127203504363174,-0.11120725849085325,0,0.07006477655277848
-0.03541636843890096,0.021964395355454823,-0.1866173833355924,-0.10051695354220952,1,0.0861004297933829
-0.012989204761239076,0.017036173963209406,-0.15453090572912953,-0.08774910379334865,1,0.06678180193578089
0.004517058485955086,0.03990481395401909,-0.18184717686392232,-0.025420306164167503,1,0.1564268706997548
0.000259462071218311,0.017573783299789307,-0.14233595319636874,-0.07344672266119465,1,0.0688892305351741
-0.02785862525755782,0.017798813550718388,-0.17089509981696588,-0.10112375069814979,1,0.06977134911881609
0.00606647051135735,0.018695623114180566,-0.13872775079243657,-0.06544090818484874,1,0.07328684260758783
-0.018123530584965533,0.017463062780809845,-0.16050193363535284,-0.09204672753457824,1,0.0684552061007746
-0.019967168332062038,0.01833522278248514,-0.16405500498573292,-0.09218093167839117,1,0.07187407330734175
-0.004148236125990287,0.01727172638015446,-0.14615161983109304,-0.07844645242088755,1,0.06770516741020549
-0.021557953320390774,0.016365874399170387,-0.16178586714276474,-0.09763163949801681,1,0.06415422764474793
-0.011466186162592554,0.01812325411387177,-0.15513856422578123,-0.08409540809940388,1,0.07104315612637735
-0.027767091231649457,0.017249198477698797,-0.1697263202479391,-0.10210946221535983,1,0.06761685803257927
0.018146727669604734,0.02248104947288038,-0.13406692929724082,-0.045941215363549726,1,0.08812571393369109
-0.01124631338418644,0.02534717654149423,-0.16907757940551513,-0.06971664736285776,1,0.09936093204265736
-0.01712708583321755,0.017655369945401234,-0.15988241092620398,-0.09067336074023113,1,0.06920905018597284
-0.0516408481786023,0.01587983636484135,-0.19091612745369135,-0.12866716890351326,0,0.06224895855017809
-0.03286578545267817,0.016756771283563267,-0.17385985716846217,-0.10817331373689418,0,0.06568654343156799
-0.03441321912674057,0.019994382254776108,-0.18175300834610175,-0.1033750299073794,1,0.07837797843872235
-0.02247709402172819,0.020052270266998653,-0.16993034374504556,-0.09132544429841083,1,0.07860489944663474
-0.012447395167365663,0.024483293866691236,-0.16858545114608048,-0.07261093918865084,1,0.09597451195742963
-0.025658649870057185,0.019817511580149286,-0.17265177256714978,-0.0949671271729646,1,0.07768464539418518
0.0007176041433527847,0.01765114383465575,-0.1420294377725725,-0.07283695394072195,1,0.06919248383185053
-0.02365751411387211,0.03754705981189757,-0.20540055134519136,-0.058216076882552883,1,0.1471844744626385
-0.0368562596649699,0.01789143121680521,-0.18007426484990813,-0.1099398544800317,0,0.07013441036987643
-0.00557708722086106,0.018682396965979804,-0.15034538527418148,-0.07711038916754065,1,0.07323499610664083
-0.05764985737904131,0.02024461899159359,-0.20548011060256477,-0.12612120415551786,0,0.0793589064470469
-0.0257741840908063,0.01775525924291031,-0.16872529220691052,-0.09912467597470209,1,0.06960061623220842
0.03712471020121297,0.03534655120319023,-0.1403053301570399,-0.0017468494405341872,1,0.1385584807165057
0.0032212992119087652,0.020945243790044598,-0.14598217861657864,-0.06387682295960383,1,0.08210535565697481
0.0051374883200051985,0.018935527678171936,-0.1401269459292118,-0.06589967743077782,1,0.07422726849843397
-0.011033192820124813,0.021476830891428385,-0.16127858136732445,-0.07708940427292518,1,0.08418917709439927
-0.022945782835891174,0.019163027737964716,-0.16865611720230203,-0.09353704846948033,1,0.0751190687328217
-0.0068016185257711165,0.019850262548296888,-0.15385893312043303,-0.07604590393110922,1,0.07781302918932381
-0.002992661690104287,0.018657074847090505,-0.14771132839040169,-0.0745755949898069,1,0.07313573340059479
-0.016263925280972133,0.02036185244545304,-0.16432395607406008,-0.08450549448788419,1,0.07981846158617589
-0.03055484877049576,0.017649408537901482,-0.17329848950478266,-0.10411280803620887,1,0.06918568146857379
-0.02658932636180482,0.027380599445055696,-0.188406101274114,-0.08107415144949566,1,0.10733194982461834
-0.00562032932410815,0.018792498666497782,-0.1506044267104438,-0.07693783193777251,1,0.07366659477267129
-0.012079172300524382,0.018988902654942432,-0.15744822150421156,-0.08301172309683721,1,0.07443649840737435
-0.016387923897544718,0.018421319251917364,-0.16064450963130275,-0.0884329381637867,1,0.07221157146751606
0.0010188104913822493,0.016882099959370924,-0.14022090542898477,-0.07404307358825074,1,0.06617783184073403
-0.013981113096874068,0.018992090270142425,-0.15935641002635323,-0.08490741616739492,1,0.07444899385895831
-0.06287776080059636,0.018044754451300445,-0.20639627952514522,-0.1356608420760475,0,0.07073543744909772
-0.023124122197184724,0.01930969739926765,-0.16912192909974932,-0.09342791529462013,1,0.07569401380512919
-0.018456843846175644,0.018075128655612168,-0.1620348960111755,-0.09118039168117581,1,0.07085450432999968
0.007174091410645872,0.02009756129363807,-0.14036792872488474,-0.06158548845382352,1,0.07878244027106121
-0.015774756570115372,0.017903176584928168,-0.1590157826765746,-0.08883533046365616,1,0.07018045221291844
-0.012970783112282253,0.017819502126535665,-0.15604780728029216,-0.08619535894427235,1,0.0698524483360198
-0.033205101034870385,0.017091759523129513,-0.17485574970020423,-0.10785605236953655,1,0.06699969733066768
-0.0379190129946234,0.01753937046514948,-0.18044697910631638,-0.11169264688293043,0,0.06875433222338595
-0.013989788510642823,0.01872864323899037,-0.15884872925906396,-0.0854324477622217,1,0.07341628149684226
0.008426862880100264,0.016941835353261853,-0.13292993441229298,-0.0665179398275065,1,0.06641199458478647
-0.026015952989772786,0.01872930709625976,-0.1708761948984419,-0.09745731108110367,1,0.07341888381733824
-0.034291074813058056,0.017606228438930897,-0.17695008255336261,-0.10793366707275351,1,0.0690164154806091
-0.016879244408320768,0.01760264429461556,-0.15953122722576726,-0.09052886159087428,1,0.06900236563489298
0.016262623255896155,0.018264051156404008,-0.1276857170106557,-0.056090636477552,1,0.0715950805331037
0.0059327919442754146,0.018109994775460814,-0.13771359781562778,-0.0667224182958214,1,0.07099117951980638
-0.03645485031643332,0.01640659246846156,-0.176762571554618,-0.11244872907824867,0,0.06431384247636933
-0.020718948919771815,0.018083642548865853,-0.16431368831554888,-0.09342580952399475,1,0.07088787879155413
-0.03246660740349934,0.018510878155214832,-0.1768987285877204,-0.10433608621927828,1,0.07256264236844212
0.03349788148839934,0.020560413298692147,-0.11495132857703727,-0.034354508446164056,1,0.08059682013087321
-0.03950946340932786,0.015671577186533222,-0.17837655469493297,-0.11694397212372275,0,0.06143258257121022
-0.017118259344156825,0.019233129601361146,-0.1629659933628247,-0.08757212532548898,1,0.0753938680373357
-0.01828764065733811,0.01733480200441826,-0.1604146525859979,-0.09246222872867832,1,0.06795242385731959
0.0028879453634860774,0.017593921650540394,-0.1397469410715731,-0.07077876820145476,1,0.06896817287011833
-0.03178810143055598,0.01739888360786898,-0.17404071330197918,-0.10583708955913279,1,0.06820362374284639
-0.01431415284255981,0.018609706117827533,-0.15893997683350178,-0.08598992885161785,1,0.07295004798188393
-0.029824626747156788,0.01679447443674415,-0.17089259664317533,-0.10505825685113826,1,0.06583433979203707
-0.01852382585386432,0.026495353230569514,-0.17860551818578058,-0.07474373352194807,1,0.1038617846638325
-0.01755027762229404,0.020848263172765936,-0.16656367344091527,-0.08483848180367282,1,0.08172519163724246
-0.010466621954652089,0.016506126648096975,-0.15096943018492215,-0.08626541372438203,1,0.06470401646054012
-0.05908456337348737,0.0165070766927127,-0.19958923369120427,-0.1348814930557705,0,0.06470774063543377
-0.049789459320295756,0.026021485226584217,-0.20894237036440083,-0.10693814827619069,1,0.10200422208821014
-0.009345650050188628,0.018602147247635377,-0.15395665865555397,-0.0810362414448233,1,0.07292041721073067
-0.026842804933703793,0.017239820331205746,-0.16878365278286706,-0.10120355708454054,1,0.06758009569832651
-0.037128813284166715,0.016397376201852623,-0.17741847063979788,-0.11314075592853558,0,0.0642777147112623
-0.03937544372187475,0.021542553665420155,-0.18974964890609824,-0.10530283853765125,1,0.08444681036844699
0.0014166715616353298,0.017937939438222944,-0.14189248973728164,-0.07157576713944772,1,0.07031672259783392
-0.002509514224758036,0.029690975705380637,-0.1688546266073041,-0.05246600184221199,1,0.11638862476509211
0.0064114529319582725,0.01849590993913606,-0.1379913305487484,-0.06548736358733506,1,0.07250396696141334
-0.05112114579690548,0.016033184458723034,-0.19069698733600263,-0.12784690425780834,0,0.06285008307819429
-0.0019700385455719283,0.017283432929435405,-0.14399636708726532,-0.07624531000387855,1,0.06775105708338677
-0.033043793429663335,0.017240195791610364,-0.17498537718121965,-0.10740380967810703,1,0.06758156750311262
-0.019912294454275045,0.017433698768168977,-0.16223314403988626,-0.09389304486866386,1,0.0683400991712224
0.012907707818547637,0.01783776560546568,-0.1302051127681651,-0.06028107159473964,1,0.06992404117342546
-0.0004101497492354361,0.025159958340234802,-0.15787446809609565,-0.059247431402375234,1,0.09862703669372042
-0.04328785109754381,0.02259981728784019,-0.19573429298171058,-0.10714300921337705,1,0.08859128376833353
-0.01918522540601332,0.018341202926008496,-0.16328478314099,-0.09138726767103666,1,0.07189751546995332
-0.02973129384443203,0.017906209223731154,-0.1729782639229451,-0.10278592376591897,1,0.07019234015702613
-0.007943662596023707,0.017895869089309582,-0.15117036601107048,-0.08101855918097693,1,0.07015180683009355
-0.0447362237029167,0.017368202136391037,-0.18692869989024313,-0.11884534751559028,0,0.06808335237465285
-0.013798794709289436,0.01940687244088412,-0.15998706469342233,-0.08391212472515656,1,0.07607493996826577
-0.019134034235924954,0.01796858219735927,-0.16250325534274912,-0.09206641312910079,1,0.07043684221364833
-0.007878349112160163,0.01874112253700926,-0.15276174928469832,-0.07929654893962201,1,0.07346520034507631
-0.038754000571468536,0.01634517831877453,-0.1789413500762666,-0.11486825106667047,0,0.06407309900959614
-0.004332648782724574,0.01680903656734251,-0.1454291604547159,-0.07953773711073325,1,0.06589142334398265
-0.038678636256616175,0.01893751393725526,-0.1839469635736365,-0.10971190893959587,0,0.07423505463404062
0.005021816126100989,0.01853166086395977,-0.13945103916726015,-0.06680692858053787,1,0.07264411058672228
0.008725489130032585,0.02713630082283259,-0.1526124604827193,-0.04623816125721555,1,0.10637429922550373
-0.013767716672398955,0.017614580960639083,-0.15644309535525155,-0.08739393798954637,1,0.06904915736570519
-0.009432776958661127,0.020368167146590215,-0.15750518456597795,-0.07766196935134431,1,0.07984321521463364
-0.05927920858459239,0.015804538025221377,-0.19840690311402628,-0.1364531140551585,0,0.06195378905886778
0.017700646700950118,0.019815854380682084,-0.12928922788518676,-0.051611078712913004,1,0.07767814917227375
-0.026754616247858617,0.017498583576051014,-0.1692026400569186,-0.10060819243879864,1,0.06859444761811996
-0.012372831682733176,0.01748294237755757,-0.15479019874274602,-0.08625706462272034,1,0.06853313412002568
-0.018374099895679216,0.016699306702863684,-0.15925554103329204,-0.0937942587580664,1,0.06546128227522563
-0.01989722943184559,0.018130655762305332,-0.16358411472596404,-0.09251194413772715,1,0.0710721705882369
-0.019711693873024752,0.018787597306899727,-0.16468618459454823,-0.09103880315150129,1,0.07364738144304694
-0.003528179881407703,0.01779674365842762,-0.14656059745192584,-0.07679736231088957,1,0.06976323514103627
0.021523375478295068,0.019471428478820413,-0.12479142434019294,-0.04846342470321693,1,0.07632799963697601
-0.0412191678635143,0.01656563005308987,-0.18183860276757047,-0.11690133295945816,0,0.0649372698081123
-0.02244597768084665,0.01827752023257814,-0.1664207173366998,-0.0947728380249935,1,0.0716478793117063
0.015083442491890309,0.018523911191268953,-0.12937422344299684,-0.05676049157322255,1,0.0726137318697743
-0.0018405958848211196,0.018667923811923576,-0.14658052655619133,-0.07340226521345092,1,0.07317826134274041
-0.00981244993500291,0.01795745463790681,-0.15315986102530027,-0.08276663884470557,1,0.0703932221805947
0.029316560735816108,0.020634116813382484,-0.11927710821841356,-0.03839137030995423,1,0.08088573790845932
-0.038761342730827694,0.01658856572702716,-0.17942573155580094,-0.11439855390585446,0,0.06502717764994648
-0.019813445642289526,0.031999575662217804,-0.1906834139402364,-0.06524507734434264,1,0.12543833659589376
-0.02945739602447174,0.018552791511560748,-0.17397166738713082,-0.10124472466181268,1,0.07272694272531814
-0.007669236044692593,0.01870913429631731,-0.15248993926547452,-0.07915013282391067,1,0.07333980644156385
-0.00885806760336269,0.017644989065848632,-0.15159304617242603,-0.08242468903429938,1,0.06916835713812665
-0.045420668038954046,0.016106804587869474,-0.18514080503117822,-0.12200213104672988,0,0.06313867398444833
0.00834491817441492,0.018259480358210647,-0.13559446332767794,-0.06401730032349222,1,0.07157716300418572
-0.05799218894841433,0.025178791196694528,-0.2154934196939356,-0.11679255820289307,0,0.09870086149104253
-0.023127336956594843,0.01797640750423859,-0.1665118956649025,-0.09604437824828721,1,0.07046751741661528
-0.007132913218581546,0.017538850053983507,-0.14965985932438922,-0.08090756711277389,1,0.06875229221161533
-0.03466949581472838,0.018093893756927,-0.1782843275783053,-0.10735626405115146,1,0.07092806352715385
-0.032907707939121386,0.02865632544181764,-0.19722490580508398,-0.0848921100731588,1,0.11233279573192517
-0.002286744086580486,0.01790305834107604,-0.14552753843508953,-0.07534754973807145,1,0.07017998869701808
-0.038743627445646314,0.017825615212299615,-0.18183263326175356,-0.11195622162953908,0,0.06987641163221447
-0.025333991914512424,0.016666983894482363,-0.16615208034769785,-0.10081750348132701,1,0.06533457686637084
-0.027467472538457924,0.016227390032545065,-0.16742395700224627,-0.1038125880746696,1,0.06361136892757667
-0.0005630807482213257,0.02855942503840609,-0.16469035382349728,-0.052737407672945394,1,0.11195294615055189
-0.03861923320678641,0.018022391831117635,-0.18209392119577697,-0.11144614521779586,0,0.07064777597798111
-0.05479162218708784,0.03110785664457789,-0.22391382121046052,-0.10197102316371517,1,0.12194279804674535
-0.011778943647450718,0.020651066233565787,-0.16040583346523968,-0.07945365382966178,1,0.0809521796355779
-0.024536506551327567,0.018887368644268463,-0.16970654909409377,-0.09566806400856138,1,0.07403848508553239
-0.024879776754237873,0.017321365800035765,-0.16698045372230796,-0.09908069978616778,1,0.06789975393614019
-0.027952364460889376,0.016453780874428822,-0.16835257497476988,-0.10385375394700888,1,0.064498821027761
-0.03426244503186847,0.017061784616065407,-0.17585434287935667,-0.10897214718438028,0,0.06688219569497639
-0.017376261299118415,0.019167736921874963,-0.16309582566599334,-0.0879582969322435,1,0.07513752873374985
-0.007042689133066216,0.018074943832825357,-0.15062037904540393,-0.07976659922072851,1,0.07085377982467542
-0.008939430337489118,0.018206447666681808,-0.15277486776418547,-0.08140559291079277,1,0.0713692748533927
0.0013492870818919561,0.018216880492400098,-0.14250659868321225,-0.07109642715300385,1,0.0714101715302084
0.004250615226986096,0.021213533279387378,-0.14547871000061316,-0.06232165954541465,1,0.0831570504551985
-0.023093887041413727,0.016953488972865784,-0.16447352542823068,-0.0980158486545968,1,0.06645767677363389
-0.024581508740759747,0.016939496681662652,-0.16593372223681854,-0.09953089524470096,1,0.06640282699211758
0.0013740589713366197,0.017918108212432178,-0.14189623312503047,-0.07165724893229632,1,0.07023898419273415
-0.012532087917980328,0.033133121615333334,-0.1856238062840337,-0.05574196955192699,1,0.12988183673210668
0.014350043843765037,0.018578055933533767,-0.13021374578596115,-0.05738776652650879,1,0.07282597925945236
-0.034485938993175994,0.016873139922769644,-0.1757080932418045,-0.1095653847445475,0,0.06614270849725701
-0.029466005566641237,0.01676143303711579,-0.1704692143193882,-0.1047643968138943,1,0.0657048175054939
-0.0451189358830575,0.02310682452779438,-0.19855911195753448,-0.10798035980858053,1,0.09057875214895394
0.0004171638467539429,0.018016291180328853,-0.14304556686669062,-0.0724217054398015,1,0.07062386142688912
-0.021975800106124335,0.022327788785361898,-0.17388906612543364,-0.08636413408681502,1,0.08752493203861862
-0.06466138269984999,0.02585897863683369,-0.22349578082804403,-0.12212858457165596,0,0.10136719625638807
-0.027923651466949126,0.01674936277094117,-0.16890320249799382,-0.10324570043590445,1,0.06565750206208937
