bias,std,lcl,ucl,cover,cld
-0.02244296058323285,0.01846124760127174,-0.16677780588172547,-0.09440971528474024,1,0.07236809059698524
-0.004877408261635366,0.018304324229941913,-0.14890468375232152,-0.07715173277094922,1,0.0717529509813723
-0.04683822040379586,0.017228213228198754,-0.18875631833106543,-0.12122172247652631,0,0.06753459585453912
-0.029973583565182274,0.01637700844272463,-0.17022332011292254,-0.10602544701744201,1,0.06419787309548053
0.022463389229719424,0.018655530311098283,-0.12225225018003322,-0.049122571360527945,1,0.07312967881950527
-0.046622156113448124,0.01683321314309081,-0.1877660538739061,-0.12177985835299014,0,0.06598619552091596
-0.023112635541512924,0.017025912120288315,-0.16463422329727803,-0.09789264778574783,1,0.0667415755115302
0.03309795240588771,0.019175813794327094,-0.1126374426309934,-0.03746825255723119,1,0.07516919007376222
-0.00566459205050944,0.016480739040693724,-0.14611764057026916,-0.08151314353074975,1,0.06460449703951941
-0.0025477040035498527,0.01702448855679938,-0.14406650157487666,-0.07733050643222307,1,0.06673599514265359
-0.023564345716093574,0.016775862593463507,-0.16459583639928205,-0.09883445503290511,1,0.06576138136637694
-0.0194672382918067,0.01768921712879696,-0.16228890386424874,-0.09294717271936467,1,0.06934173114488407
-0.07343054566598074,0.014821628189568576,-0.21063173691753515,-0.15253095441442635,0,0.058100782503108794
-0.005996099570927352,0.01748089665753336,-0.14840945701969274,-0.07988434212216197,1,0.06852511489753077
-0.0020219665979560736,0.017924196541111045,-0.1453041918185337,-0.07504134137737843,1,0.07026285044115528
-0.006668870857837725,0.017043148268667836,-0.1482242414644267,-0.08141510025124878,1,0.06680914121317792
0.014031061758996474,0.01746390828453095,-0.1283489984786842,-0.05989047800332287,1,0.06845852047536133
-0.020607053361254776,0.01516646583684477,-0.15848412640147053,-0.09903158032103904,1,0.05945254608043149
-0.00976256553044498,0.016274818092059582,-0.14981200899088176,-0.08601472207000821,1,0.06379728692087355
-0.00831889677683638,0.017820588267443902,-0.15139804978102644,-0.08154134377264634,1,0.0698567060083801
-0.04303706235430678,0.01700221957791568,-0.1845122127270215,-0.11786351198159206,0,0.06664870074542945
-0.025224663303689512,0.017958842631680946,-0.16857479486178417,-0.09817613174559486,1,0.07039866311618931
-0.03165920272987029,0.015939770013478717,-0.17105195195628858,-0.108568053503452,0,0.062483898452836584
-0.009696844332370766,0.016453184683364753,-0.15009588631176568,-0.08559940235297586,1,0.06449648395878982
-0.051968406484695875,0.01616227169844564,-0.19179725901364933,-0.12844115395574243,0,0.0633561050579069
-0.01636430827078121,0.01649748078386147,-0.1568501706071497,-0.09218004593441273,1,0.06467012467273697
0.012589878651618577,0.019829860651323312,-0.13442744822497513,-0.056694394471787736,1,0.0777330537531874
0.017934634352819737,0.01776579014618708,-0.12503711433370696,-0.055395216960653595,1,0.06964189737305336
-0.03424069625981134,0.016749850070309935,-0.17522120239761882,-0.10956179012200387,0,0.06565941227561495
-0.005422633177320349,0.018258213502179797,-0.14935953164159277,-0.07778733471304795,1,0.07157219692854482
-0.029344048398802405,0.016723638558891866,-0.17027317997423047,-0.10471651682337435,1,0.06555666315085612
-0.04022740856230471,0.016849214466589484,-0.1814026689168201,-0.11535374820778932,0,0.06604892070903079
-0.0003970871450548613,0.016284097515341815,-0.14046471827512483,-0.0766310560149849,1,0.06383366226013992
-0.02794511350816893,0.016276381594430536,-0.16799762143325278,-0.10419420558308509,1,0.06380341585016769
0.0037073252195969214,0.016535549200605317,-0.1368531512135895,-0.07203379834721665,1,0.06481935286637286
-0.022705810739167484,0.01709930303226238,-0.16437124468240175,-0.09734197679593323,1,0.06702926788646851
-0.0066687493612073295,0.015987830634882304,-0.14615569740557666,-0.08348340131683801,1,0.06267229608873864
-0.023594619937804137,0.017389614757073107,-0.16582906486166743,-0.09766177501394085,1,0.06816728984772658
-0.021771101947430663,0.017568878482593996,-0.1643569037733149,-0.09548690012154644,1,0.06887000365176847
-0.002031592484534314,0.017230731592021317,-0.1439546264048961,-0.07641015856417255,1,0.06754446784072354
-0.03869616435581051,0.016468186285730674,-0.17912460947584263,-0.1145693192357784,0,0.06455529024006423
0.02300238143206322,0.017832600375371235,-0.12010031530366441,-0.050196521832209164,1,0.06990379347145526
-0.0205711107099215,0.017381498116593553,-0.16278964701844487,-0.09465417440139814,1,0.06813547261704672
-0.0030691979690807975,0.0168797568669118,-0.1443043214282279,-0.07813567450993368,1,0.06616864691829423
-0.011275362393987284,0.015905755128217455,-0.1506014424452935,-0.08825088234268108,1,0.06235056010261242
-0.034086046031706216,0.016300069040397124,-0.1741849813508846,-0.11028871071252785,0,0.06389627063835673
-0.04376975827472561,0.01630145001086266,-0.18387140029601642,-0.1199697162534348,0,0.06390168404258162
-0.029599872772777605,0.016883727318858444,-0.17084277831774017,-0.10465856722781505,1,0.06618421108992512
-0.01984033994255889,0.016901239046097655,-0.1611175684729103,-0.0948647114122075,1,0.06625285706070282
-0.002458815137837203,0.017157652190431076,-0.14423861343108213,-0.0769806168445923,1,0.06725799658648983
-0.027732378841291164,0.0169737142045967,-0.1691516586823007,-0.10261469900028164,1,0.06653695968201906
-0.03116210431794493,0.016894857950281117,-0.17242682590049593,-0.10619898273539394,1,0.066227843165102
-0.0157035029444111,0.016500175787054875,-0.15619464748703865,-0.09151395840178356,1,0.0646806890852551
-0.015006759844326825,0.01615642063063539,-0.1548241442803722,-0.09149097540828147,1,0.06333316887209073
0.005797106654620202,0.018296895898687212,-0.13821560930680674,-0.06649177738395287,1,0.07172383192285386
-0.04802707655953685,0.017465014159348258,-0.19040930431185943,-0.12194644880721427,0,0.06846285550464516
-0.01577661647483654,0.01753307761626864,-0.1582922486027231,-0.08956258434695,1,0.06872966425577309
0.002834257550308819,0.017862928733396753,-0.14032788276714883,-0.07030520213223354,1,0.07002268063491529
-0.01894268267066486,0.01725444393097326,-0.16091219277537244,-0.09327477256595727,1,0.06763742020941517
-0.010528557376969658,0.01822066662002245,-0.15439186395221366,-0.08296685080172567,1,0.07142501315048799
-0.018226361027822643,0.018858042783585747,-0.1633389248836507,-0.08941539717199459,1,0.07392352771165611
-0.0316335896012996,0.016712811397657498,-0.1725414999407083,-0.1070272792618909,1,0.0655142206788174
-0.02332934802444507,0.01706155581060043,-0.1649207974132219,-0.09803949863566824,1,0.06688129877755367
-0.013904676774423266,0.016924935153072286,-0.15522834967444496,-0.08888260387440158,1,0.06634574580004338
-0.02335681868684407,0.016887967820959214,-0.16460803561592413,-0.09840720175776402,1,0.06620083385816011
-0.03448474928782923,0.01626780625459471,-0.17452044954683488,-0.1107506490288236,0,0.06376980051801127
-0.03250573113812592,0.016622102150371795,-0.17323585135285463,-0.10807721092339721,1,0.06515864042945742
-0.009062699702253776,0.016497000144791777,-0.14954761998604565,-0.08487937941846191,1,0.06466824056758375
-0.028521994434643608,0.016736931129643595,-0.16947717944874507,-0.10386840942054217,1,0.06560877002820291
-0.0021471183873073424,0.018036704442771934,-0.14564985909514033,-0.07494597767947436,1,0.07070388141566597
-0.021345852846086824,0.019052021897564005,-0.16683861576531228,-0.09215468992686138,1,0.0746839258384509
-0.05724374242351539,0.016294079605424772,-0.19733093845014796,-0.13345814639688283,0,0.06387279205326513
-0.010680210983273639,0.01729317058544382,-0.15272562533074352,-0.08493639663580377,1,0.06778922869493975
0.012230132333470714,0.017182141983510087,-0.12959766595420907,-0.06224366937884952,1,0.06735399657535955
-0.029738852554625453,0.016832505064157913,-0.17088136248037497,-0.10489794262887595,1,0.06598341985149903
-0.04704014386321549,0.015771186553271376,-0.1861024695076274,-0.1242794182188036,0,0.0618230512888238
-0.011420024821707328,0.016012367831088278,-0.15095506577064036,-0.08818658387277431,1,0.06276848189786605
-0.01760451306775994,0.017448993425359275,-0.15995534018146412,-0.09155528595405577,1,0.06840005422740836
-0.022842754064616763,0.01689286094832721,-0.1641035615233381,-0.09788354660589543,1,0.06622001491744267
-0.033359055713468574,0.016987430003456518,-0.17480521852024336,-0.1082144929066938,0,0.06659072561354956
-0.041346151635930736,0.017251897021927927,-0.18331066979890948,-0.11568323347295201,0,0.06762743632595747
-0.0575612117675393,0.0152275266109281,-0.1955579639249584,-0.13586605961012022,0,0.05969190431483817
-0.05543231393889102,0.018475153726133422,-0.19979441524211253,-0.12737181263566952,0,0.07242260260644301
-0.045046047310119866,0.01609187563467916,-0.18473692355409102,-0.12165677106614872,0,0.0630801524879423
-0.020764597002850008,0.015053019812179791,-0.1584193158347224,-0.09941147817097762,1,0.05900783766374479
-0.00931280969730204,0.017395149247497528,-0.15155810222239718,-0.0833691171722069,1,0.06818898505019029
-0.0033872298934785466,0.017016035682021518,-0.14488945983024074,-0.07818659995671637,1,0.06670285987352437
-0.03659220077430263,0.015358012179271574,-0.17484470464567492,-0.11464129690293035,0,0.060203407742744575
-0.02447773909514632,0.017141167824965872,-0.16622522803207943,-0.09903185015821322,1,0.0671933778738662
-0.010941114526779191,0.01661616144518884,-0.15165959095934933,-0.08652423809420906,1,0.06513535286514027
-0.020615199427298794,0.016720652338915933,-0.16153847801157403,-0.09599352084302357,1,0.06554495716855047
-0.0008649058897014644,0.017096464873954897,-0.14252477704265307,-0.07550663473674987,1,0.0670181423059032
-0.03724728946062793,0.015576589051517209,-0.17592820400160167,-0.1148679749196542,0,0.06106022908194747
-0.03262458432986888,0.017068210287024915,-0.1742290764924377,-0.10732169216730006,1,0.06690738432513765
-0.0320704169375675,0.01700010261136433,-0.17354141805584158,-0.10690101581929343,1,0.06664040223654816
-0.0377615787285704,0.016742886024579347,-0.17872843533674593,-0.11309632212039489,0,0.06563211321635104
-0.027703717715573686,0.01635315985182059,-0.16790671102514204,-0.10380232440600534,1,0.0641043866191367
-0.07414414579822708,0.01605321320716026,-0.2137592436842612,-0.15083064791219297,0,0.06292859577206822
0.002897867567278098,0.016161234965343465,-0.1369289529647951,-0.07357691190064872,1,0.06335204106414638
0.01457955342037788,0.017660754462191036,-0.12818632532551655,-0.058956167833727695,1,0.06923015749178885
-0.022471739351365663,0.016376810907045715,-0.16272108872917526,-0.09852398997355608,1,0.06419709875561919
0.009794293036412396,0.017578921630328172,-0.13281119335903083,-0.06390182056814439,1,0.06890937279088644
-0.0168920848287568,0.017565472664758705,-0.15947121125168387,-0.09061455840582974,1,0.06885665284585413
-0.011618221476903376,0.01806769513658751,-0.1551817039446149,-0.08435633900919187,1,0.07082536493542302
-0.016258391844213085,0.018029894558017262,-0.15974778517792693,-0.08907059851049925,1,0.07067718666742767
-0.03939868884060886,0.015063611677507173,-0.1770741677285229,-0.1180248099526948,0,0.05904935777582811
-0.019134266305171163,0.017662948262418973,-0.16190444489951236,-0.09266568771082997,1,0.06923875718868239
-0.0244537416316266,0.016920769582883403,-0.16576925001407808,-0.09943983324917513,1,0.06632941676490295
-0.026279647928751745,0.018966279086842508,-0.17160435493896306,-0.09725654091854044,1,0.07434781402042262
-0.03018939982509329,0.016375724680880145,-0.1704366201996184,-0.1062437794505682,1,0.06419284074905018
-0.040854226495394594,0.017509742874277204,-0.18332412252897792,-0.11468593046181128,0,0.06863819206716665
-0.04902867183257427,0.016821918522673562,-0.19015043213701446,-0.12420851152813409,0,0.06594192060888038
-0.03639966657104256,0.015734235709634316,-0.17538956856192583,-0.1137113645801593,0,0.06167820398176653
-0.03788669500977994,0.01784808058289465,-0.18101973295225346,-0.11105525706730643,0,0.06996447588494703
0.014262013596815351,0.017251505666772065,-0.1277017375100579,-0.06007583529631141,1,0.06762590221374648
-0.029419979321124348,0.01769812590727397,-0.17225910609938133,-0.10288245254286738,1,0.06937665355651396
-0.03802066063488525,0.01698021449684019,-0.17945268104869203,-0.11289024022107849,0,0.06656244082761353
-0.017887380206533784,0.01778188057297919,-0.160890666129573,-0.09118569428349457,1,0.06970497184607843
-0.03718399000044935,0.01748916660386909,-0.17961355654403277,-0.11105602345686594,0,0.06855753308716683
-0.013167162212013236,0.017973234031804043,-0.15654550091434916,-0.08609042350967733,1,0.07045507740467183
-0.023867242870030794,0.016393751282445582,-0.16414979538362415,-0.09988629035643745,1,0.0642635050271867
-0.00031630425888980185,0.01769956140960327,-0.14315824462171223,-0.0737759638960674,1,0.06938228072564483
-0.04388198332672118,0.01508109132616302,-0.1815917223260007,-0.12247384432744167,0,0.05911787799855904
0.029203836848502793,0.01824145935394876,-0.11470022348523679,-0.04319370281775764,1,0.07150652066747915
0.022827899660340392,0.01900820382352213,-0.12257897983376298,-0.04806682084555624,1,0.07451215898820673
-0.029180697506310152,0.016021421431064845,-0.16873348351119727,-0.10592951150142306,1,0.06280397200977421
-0.016339464282958724,0.01733080544004992,-0.15845864294545658,-0.09052188562046089,1,0.0679367573249957
-0.01063979199793684,0.016453870064847383,-0.15104017732503772,-0.08654100667083597,1,0.06449917065420174
-0.015546828345988542,0.016493595203636784,-0.15602507494511664,-0.09137018174686046,1,0.06465489319825618
-0.019322029385736225,0.01586830150106333,-0.15857470032782037,-0.0963709584436521,1,0.06220374188416827
-0.053869420917243574,0.015890614747811494,-0.1931658258229541,-0.13087461601153305,0,0.062291209811421056
-0.03237070619633643,0.01684169613173613,-0.17353123061453923,-0.10751178177813363,1,0.0660194488364056
-0.030721856774945364,0.015262216143842017,-0.1687866004168757,-0.10895871313301501,0,0.059827887283860695
-0.015325332479744033,0.018394584997160127,-0.1595295190741779,-0.08742274588531018,1,0.07210677318886771
-0.019438058654615994,0.01619868670366945,-0.1593382845938081,-0.09583943271542389,1,0.06349885187838422
-0.04548238555887123,0.017270090337412447,-0.18748256262019963,-0.11978380849754283,0,0.0676987541226568
-0.03998917895392824,0.01666139503472666,-0.1807963132219925,-0.115483644685864,0,0.0653126685361285
-0.043504399807898095,0.01592856348798468,-0.18287518424434807,-0.12043521537144813,0,0.06243996887289993
-0.028718001535012153,0.017514164245436163,-0.17119656345606704,-0.10254103961395727,1,0.06865552384210977
-0.0075856049117932894,0.0175167318806197,-0.1500691993978079,-0.08140361042577868,1,0.06866558897202923
-0.00047462632236121294,0.017814392062287097,-0.14354163476444393,-0.07370921788027851,1,0.06983241688416542
-0.03858907069039351,0.016125051106715332,-0.17834497085955556,-0.11513477052123147,0,0.06321020033832409
-0.031245731480798553,0.01598239565757527,-0.17072202696964608,-0.10807103599195103,1,0.06265099097769505
-0.01394983980774904,0.017605498439981992,-0.15660741675011375,-0.08759386286538434,1,0.0690135538847294
-0.020801708554697776,0.01610613551031055,-0.16052053415490647,-0.0973844829544891,1,0.06313605120041738
-0.03838092919113591,0.016448217403606198,-0.17877023530220407,-0.11429322308006776,0,0.06447701222213631
-0.024279412120629132,0.018418674816784886,-0.1685308147615275,-0.09632960947973077,1,0.07220120528179674
-0.04322047734379382,0.017075087322545483,-0.18483844849598297,-0.11790410619160469,0,0.06693434230437828
-0.026095308944815168,0.017487401780143567,-0.16852141643389656,-0.09997080145573378,1,0.06855061497816278
0.0010963216144334459,0.01686665339181589,-0.1401131190335257,-0.07399583773760741,1,0.06611728129591828
-0.021613790773084465,0.016505795357411514,-0.16211594967361104,-0.0974132318725579,1,0.06470271780105313
-0.03138346896735443,0.016131948936460937,-0.17115288888281788,-0.107915649051891,1,0.06323723983092688
-0.010764070931343031,0.016447194493102356,-0.15115137213782365,-0.08667836972486243,1,0.06447300241296122
-0.01123473533706916,0.01788910361587176,-0.15444817842417782,-0.08432289224996051,1,0.07012528617421732
-0.04922519456042186,0.018577142370920365,-0.19378719360742577,-0.12096479551341796,0,0.07282239809400781
-0.002449501748299651,0.018132392709051544,-0.14613979145804068,-0.07506081203855863,1,0.07107897941948205
-0.024590072399127264,0.01575637924770408,-0.16362337572462726,-0.10185836907362728,1,0.06176500665099999
-0.03647257848390027,0.018963393929200517,-0.18179163058513328,-0.10745512638266727,1,0.07433650420246601
-0.027205856275849497,0.015511904646321637,-0.16575998938263992,-0.10495332316905909,1,0.06080666621358083
0.00268652095209794,0.01697512474929957,-0.13873552355652924,-0.0721930345392749,1,0.06654248901725433
-0.027378698118459957,0.016720683262939948,-0.16830203731382226,-0.10275695892309766,1,0.0655450783907246
0.01000958599679573,0.01846778731606585,-0.13433807714269333,-0.06194435086371521,1,0.07239372627897811
-0.003701431640979261,0.01835580164665035,-0.14782960286841396,-0.07587486041354458,1,0.07195474245486938
-0.014897115628927607,0.01730575808547756,-0.15696720147646362,-0.0891286297813916,1,0.06783857169507201
5.747819756098116e-05,0.017374533912854557,-0.14214740827163397,-0.0740392353332441,1,0.06810817293838987
-0.03216785087821601,0.016323687395928762,-0.17231307817423638,-0.10832422358219565,0,0.06398885459204073
-0.03860349767945591,0.01614390190602834,-0.17839634541527147,-0.11511224994364036,0,0.06328409547163111
-0.03381409984860702,0.015383073051336986,-0.1721157230292275,-0.11181407666798654,0,0.06030164636124097
-0.03123468319221319,0.016468445067073463,-0.1716636355236772,-0.10710733086074921,1,0.06455630466292799
-0.026596310102524015,0.017548318015054375,-0.1691418134120306,-0.10035240679301745,1,0.06878940661901316
-0.003263493583801416,0.01785185793686234,-0.14640393514005162,-0.07642465202755123,1,0.06997928311250039
-0.01541227826169246,0.01912305660899443,-0.16104426921532156,-0.08608188730806338,1,0.07496238190725818
-0.021504330534709196,0.018375027394783357,-0.1656701842284846,-0.09364007684093381,1,0.07203010738755078
-0.007046352953540128,0.016351430508400648,-0.1472459567500054,-0.08314834915707486,1,0.06409760759293054
-0.03487924626116094,0.01719729570159868,-0.17673674583629437,-0.10932334668602753,0,0.06741339915026684
-0.026201615570503115,0.016948902536121337,-0.16757226454130095,-0.10113256659970529,1,0.06643969794159565
-0.018902485541669775,0.017604110629737164,-0.16155734237595462,-0.09254922870738494,1,0.06900811366856968
-0.026020044264627243,0.016270870854795394,-0.16606175114002622,-0.10227993738922828,1,0.06378181375079794
-0.027283831704800712,0.015754054823028395,-0.16631257915793637,-0.10455668425166506,1,0.061755894906271314
-0.021429426948950434,0.019032811884849406,-0.16688453824325528,-0.0922759156546456,1,0.07460862258860967
-0.013198820713350032,0.018152607948182062,-0.1569287322917869,-0.08577050913491319,1,0.0711582231568737
-0.008826166256050302,0.016647374736271266,-0.149605820739142,-0.08434811177295862,1,0.06525770896618338
-0.06701309318267733,0.016005865115767057,-0.20653538880958078,-0.1437923975557739,0,0.06274299125380689
-0.04327230135540565,0.017272277900867532,-0.18527676604110602,-0.11756943666970529,0,0.06770732937140073
-0.029287370056220938,0.017208493136818326,-0.17116681660438487,-0.10370952350805702,1,0.06745729309632785
-0.05066963934509418,0.016473967046968737,-0.1911094147571529,-0.12653146393303547,0,0.06457795082411744
-0.0038948599221743235,0.018956614083289487,-0.14920062352542174,-0.07489069631892693,1,0.0743099272064948
-0.025456815851900003,0.01701043193057046,-0.1669480624358181,-0.1002671692679819,1,0.06668089316783621
-0.050553937136517915,0.01583267234598149,-0.18973677493464164,-0.1276726993383942,0,0.06206407559624744
-0.03386498975228662,0.016472952429915387,-0.1743027765149208,-0.10972880298965246,0,0.06457397352526834
0.0010894450231206804,0.017374856776203578,-0.14111607425823833,-0.07300663569552032,1,0.068109438562718
-0.0331021111402995,0.016866159139029155,-0.17431058305279665,-0.10819523922780236,0,0.06611534382499429
-0.04999624121845782,0.015937380994086845,-0.18938430796686803,-0.12690977447004761,0,0.06247453349682042
-0.034826565054241435,0.016216488982206716,-0.1747616834593666,-0.11119304664911628,0,0.06356863681025032
-0.0075308466298309035,0.01782587606655525,-0.1506203637202792,-0.08074292953938261,1,0.06987743418089659
-0.026582081439083763,0.018750089585927252,-0.1714830570275012,-0.09798270585066635,1,0.07350035117683484
-0.05028652954424499,0.016141644226468795,-0.19007495222812384,-0.12679970686036615,0,0.0632752453677577
-0.021930686610129382,0.015896731661808734,-0.1612390806672745,-0.09892389255298427,1,0.062315188114290224
-0.014290807759433963,0.017941057725656972,-0.15760608090172162,-0.08727713461714631,1,0.07032894628457531
-0.050219760957991175,0.017268011059220285,-0.19221586263406293,-0.12452525928191943,0,0.0676906033521435
-0.04112815473562238,0.015850012223195035,-0.18034497869308466,-0.11821293077816011,0,0.06213204791492455
-0.031105003461798078,0.01637285523577095,-0.17134659972390914,-0.10716500719968702,1,0.06418159252422212
-0.04728640552750847,0.01679501495584568,-0.188355434840966,-0.12251897621405095,0,0.06583645862691506
0.0047090916108790265,0.016896780900382904,-0.13655939895387148,-0.07032401782437049,1,0.06623538112950099
-0.019691927203602924,0.018354770400162205,-0.16381807718792085,-0.091867377219285,1,0.07195069996863585
-0.025037249193380615,0.01542546691276887,-0.1634219643424076,-0.10295413404435363,1,0.06046783029805397
-0.028027284816687828,0.017503864798961984,-0.17048565982265332,-0.10187050981072235,1,0.06861515001193097
-0.06676254770704869,0.016196706688612953,-0.20665889281673008,-0.1431678025973673,0,0.06349109021936278
-0.022947415518513745,0.016689247086353665,-0.16380913980776693,-0.09838729122926057,1,0.06542184857850636
-0.017234880098508612,0.01683384770896715,-0.15838002160808423,-0.092391338588933,1,0.06598868301915123
-0.01579642763716997,0.01599751928841903,-0.15530236544247128,-0.09259208983186867,1,0.0627102756106026
0.018979151851506296,0.017859192687271944,-0.12417566581554672,-0.0541676304814407,1,0.07000803533410602
-0.02193248056052803,0.017416267006983212,-0.16421916389421515,-0.09594739722684094,1,0.06827176666737421
-0.0034869091136240232,0.01755933633382518,-0.14605400832792137,-0.07722140989932667,1,0.0688325984285947
-0.02172504637083235,0.01717408317641704,-0.16353704939660976,-0.09621464334505495,1,0.06732240605155482
-0.016236677417143228,0.016402100344885907,-0.15653559409311962,-0.09223936074116686,1,0.06429623335195277
0.008087372673602114,0.01665273181474938,-0.13270278168330668,-0.0674240729694891,1,0.06527870871381758
-0.0570475134554433,0.016667251024269705,-0.19786612546301194,-0.13253050144787468,0,0.06533562401513726
-0.020270413746208263,0.016420522763028148,-0.16060543836174343,-0.0962369891306731,1,0.06436844923107032
-0.013458223665933897,0.016365673400866004,-0.15368574353163128,-0.08953230380023654,1,0.06415343973139474
0.005305701226574103,0.018084478810434537,-0.1382906772418776,-0.0673995203049742,1,0.0708911569369034
-0.02285318469981794,0.016528514926779637,-0.16339987395630604,-0.09860809544332985,1,0.06479177851297618
0.0022234173755410064,0.01780062793062777,-0.14081661336848944,-0.07103815188042857,1,0.06977846148806087
-0.01745680419078867,0.016758082827023336,-0.15845344653175442,-0.09276176184982293,1,0.06569168468193148
-0.024013355042991305,0.017480696035870925,-0.16642631927329832,-0.0979019908126843,1,0.06852432846061401
-0.03233268550576697,0.015981476890652647,-0.17180718021144617,-0.10915979080008778,0,0.06264738941135839
-0.04611514865246412,0.017605707014377737,-0.18877313440064447,-0.11975876290428376,0,0.06901437149636071
-0.007119609180895811,0.017158417706690934,-0.14890090788601004,-0.08163991047578159,1,0.06726099741022845
0.00495117229069901,0.017463610018460574,-0.13742830334548373,-0.06897095207311826,1,0.06845735127236546
-0.035177876295341706,0.016621647252239746,-0.1759071049097316,-0.11075024768095182,0,0.06515685722877979
-0.03333558504177743,0.016713779870713714,-0.17424539358837632,-0.10872737649517855,0,0.06551801709319777
-0.0052487256447867475,0.017827612219431587,-0.14834164559487267,-0.07845740569470083,1,0.06988423990017184
-0.03781546448240382,0.016250480110650476,-0.17781720549927876,-0.11411532346552888,0,0.06370188203374988
-0.03523937636482548,0.01657559079685147,-0.17587833432665437,-0.1109020184029966,0,0.06497631592365777
-0.05280758827026978,0.016465863369535046,-0.19323148047455846,-0.12868529606598111,0,0.06454618440857735
0.004579071708116375,0.01660105574334941,-0.13610979754884847,-0.07103365903491879,1,0.06507613851392968
-0.026268797582876577,0.018197493425696213,-0.17008668469724114,-0.09875251046851201,1,0.07133417422872913
-0.009764658713061078,0.016216320549585248,-0.14969944699024818,-0.08613147043587399,1,0.06356797655437418
0.011068461742386251,0.017020133825037247,-0.13044180055468677,-0.06372287596054074,1,0.06671892459414602
0.022517562681825823,0.0183519076727765,-0.12160297635681612,-0.049663498279532245,1,0.07193947807728387
-0.0453806816104962,0.01731918580572946,-0.18747708578972594,-0.11958587743126647,0,0.06789120835845946
0.011156287508691506,0.017830883943334933,-0.13194304502024495,-0.06204597996237203,1,0.06989706505787292
-0.009590616733614402,0.016878885867046764,-0.15082403303302605,-0.08465880043420275,1,0.0661652325988233
0.004568813124388241,0.018661175460593156,-0.14015789077837434,-0.06700608297284918,1,0.07315180780552516
-0.028543311673412022,0.017607792543867715,-0.17120538505939276,-0.1021828382874313,1,0.06902254677196146
-0.008730752766244146,0.01746351704909634,-0.15111004618247298,-0.08265305935001532,1,0.06845698683245766
-0.013989517585595482,0.018953911163869436,-0.15928998346677958,-0.08499065170441139,1,0.07429933176236819
-0.036879603489448146,0.01597888391465916,-0.1763490159621801,-0.11371179101671619,0,0.06263722494546392
0.011654312553269278,0.017449043817315796,-0.1306966133286697,-0.06229636156479177,1,0.06840025176387793
-0.00720120562562819,0.016036785851683614,-0.14678410589492807,-0.08391990535632832,1,0.06286420053859976
-0.020918808796679858,0.0176953259609998,-0.16375244768023947,-0.09438676991312026,1,0.06936567776711922
-0.052143841918559516,0.016630542009062874,-0.19289050425632276,-0.12769877958079628,0,0.06519172467552647
-0.03434889166161463,0.016419151198123497,-0.17468122800993668,-0.11031815531329259,0,0.0643630726966441
-0.03354634477057171,0.016566314169747187,-0.1741671205432762,-0.10922716899786722,0,0.06493995154540899
-0.00031109343012337975,0.01836993059512612,-0.1444669573965706,-0.07245682946367618,1,0.07201012793289441
-0.020653180040944505,0.0191644754475067,-0.16636635191805765,-0.09124160816383138,1,0.07512474375422627
-0.025268850534010914,0.017260222602947746,-0.1672496868357885,-0.09958961423223334,1,0.06766007260355517
-0.052883068011244,0.014225748925391407,-0.18891633590501117,-0.13315140011747684,0,0.05576493578753433
-0.0007731755256604883,0.01678967310505054,-0.14183173481155956,-0.07601621623976143,1,0.06581551857179813
-0.022230658803213246,0.017850635186291205,-0.165368703768344,-0.0953942138380825,1,0.06997448993026151
5.4128935123756716e-05,0.016754218586175283,-0.1409349394937798,-0.0752584026359727,1,0.06567653685780711
-0.02627861053833387,0.01883969226103327,-0.17135520736995907,-0.09750361370670867,1,0.0738515936632504
-0.01749930886635999,0.017743493276622963,-0.160427355688541,-0.09087286204417899,1,0.069554493644362
0.0018873308914652415,0.017905935782036933,-0.14135910324132717,-0.07116783497574238,1,0.07019126826558479
-0.03181998698414719,0.016495498640545288,-0.17230196431961597,-0.10763960964867843,1,0.06466235467093755
-0.04666425279177931,0.01533104807458186,-0.18486390701795977,-0.12476619856559887,0,0.0600977084523609
-0.013178430246360132,0.017401189705321896,-0.15543556206879106,-0.08722289842392922,1,0.06821266364486184
-0.06175833015501407,0.014988342706290044,-0.19928628185934255,-0.1405319784506856,0,0.05875430340865695
-0.02824985276587648,0.018388195708205844,-0.17244151635395993,-0.10035978917779304,1,0.0720817271761669
-0.030200969699899008,0.016130788419915172,-0.16996811500293274,-0.10673542439686529,1,0.06323269060606745
-0.020761116480576505,0.017047497712342964,-0.16232501199676871,-0.0954988209643843,1,0.06682619103238441
-0.016308179138796272,0.01966541705460462,-0.16300319656582132,-0.08591476171177123,1,0.07708843485405009
0.005400532875285927,0.01624361178948648,-0.1345877462321076,-0.07091278801732057,1,0.06367495821478703
-0.03878639981278832,0.016360908189382163,-0.17900457986397736,-0.1148698197615993,0,0.06413476010237806
-0.004195799595809832,0.01615435116741203,-0.1440091278839374,-0.08068407130768226,1,0.06332505657625515
-0.03843467191246526,0.016661666450179285,-0.17924233815481666,-0.11392860567011387,0,0.06531373248470279
-0.02953068448753164,0.01635824465067021,-0.16974364400284525,-0.10561932497221804,1,0.06412431903062721
0.0012178148720008858,0.01640612269892994,-0.1390889856179018,-0.07477698463809643,1,0.06431200097980538
-0.05394822859557209,0.016712854621085915,-0.1948562236529005,-0.1293418335382437,0,0.06551439011465682
-0.004261169020312941,0.017357439657720238,-0.1464325507494446,-0.07839138729118128,1,0.06804116345826333
-0.038552888912714064,0.014930980814283278,-0.1759684113087093,-0.11743896651671884,0,0.05852944479199046
-0.0373069163044195,0.01755254109865794,-0.17986069685778908,-0.11105473575104993,0,0.06880596110673914
-0.03698250853592282,0.01750460100731868,-0.17944232651026742,-0.11082429056157822,0,0.0686180359486892
0.005322977376223906,0.017822827580252967,-0.13776056468107192,-0.06789508056648028,1,0.06986548411459165
-0.0020333635697187685,0.01703569202528901,-0.14357411993928523,-0.07679420720015231,1,0.06677991273913292
-0.011735492258706723,0.01829448082951671,-0.15574347468455949,-0.08402910983285397,1,0.07171436485170551
-0.03829703181292156,0.017297450663288437,-0.1803508351129669,-0.11254482851287623,0,0.06780600660009067
-0.020227679374381316,0.016356524354253603,-0.1604372671087184,-0.09631969164004425,1,0.06411757546867414
-0.02479798618605762,0.016666785293783758,-0.1656156853618738,-0.10028188701024146,1,0.06533379835163233
-0.009782471341668222,0.01620228839263564,-0.14968975659123407,-0.08617678609210237,1,0.0635129704991317
-0.015543567901174213,0.017664478416086832,-0.15831674559670442,-0.08907199020564402,1,0.0692447553910604
-0.03003555495084008,0.017165454918231245,-0.17183064659057332,-0.10454206331110685,1,0.06728858327946646
-0.003946670225632928,0.018011962691846274,-0.14740091710165162,-0.07679402334961424,1,0.07060689375203738
-0.03328650782877472,0.016299019200385116,-0.17338338546152954,-0.1094912301960199,0,0.06389215526550963
-0.020660779135399057,0.017554818643238216,-0.16321902367614596,-0.09440413459465216,1,0.0688148890814938
-0.019837365486148686,0.016585519878512117,-0.16049578444803245,-0.09548054652426494,1,0.06501523792376751
-0.02073381800654002,0.015833004221816348,-0.15991730628130008,-0.09785192973177999,1,0.06206537654952009
-0.0316588106016306,0.01674090877547298,-0.17262179180155765,-0.10699742940170356,1,0.06562436239985409
-0.004670076297755607,0.016721759382777895,-0.1455955246880003,-0.08004622790751094,1,0.06554929678048936
-0.025352024871341236,0.017652970819828383,-0.16810264767820488,-0.09890300206447761,1,0.06919964561372727
-0.019738828570547193,0.01785801019480889,-0.16289132855237262,-0.09288792858872177,1,0.07000339996365085
-0.0225983892846202,0.018434770412144228,-0.16688133929242288,-0.09461703927681753,1,0.07226430001560535
-0.021116807986509126,0.016890803588522876,-0.16237358302001398,-0.0961616329530043,1,0.06621195006700968
-0.026724476914653753,0.017979935773463317,-0.17011595103064187,-0.09963460279866565,1,0.07048134823197622
-0.024706330174347105,0.016663440797832767,-0.16551747413809934,-0.10019678621059488,1,0.06532068792750445
-0.03621195839546808,0.016764190407517227,-0.17722057159420185,-0.11150494519673432,0,0.06571562639746753
0.020542753294178165,0.017534904893576585,-0.12197646029723194,-0.05323963311441173,1,0.0687368271828202
-0.02689959654484468,0.01748786321790601,-0.16932660845194047,-0.10077418463774891,1,0.06855242381419156
-0.0390297938324682,0.016074528182143513,-0.1786866690694695,-0.11567451859546692,0,0.06301215047400259
-0.035225504672911204,0.017988588276069303,-0.17863393769400704,-0.10811867165181538,1,0.07051526604219166
-0.020589857438559997,0.018743577077756885,-0.1654780685109635,-0.0920032463661565,1,0.073474822144807
-0.02189517540990403,0.01725457829915709,-0.16386494887625194,-0.09622700194355613,1,0.06763794693269581
-0.012933424855994122,0.017653506673214258,-0.15568509793549407,-0.08648335177649419,1,0.06920174615899988
0.0023403198476019266,0.01814783382524747,-0.14138023444988312,-0.07024072585491303,1,0.07113950859497009
-0.06318969948911658,0.017311937565363037,-0.20527189711722815,-0.13740910186100502,0,0.06786279525622313
-0.013507938628851676,0.015847526459385967,-0.15271989048924817,-0.09059758676845518,1,0.062122303720792985
-0.02504275557356149,0.016706923662950478,-0.16593912595294444,-0.10044798519417855,1,0.06549114075876589
-0.0007642988879000417,0.017561183146096646,-0.14333501785424946,-0.07449517992155062,1,0.06883983793269884
-0.017120841820320296,0.017493769828920976,-0.15955943068500542,-0.09098385295563519,1,0.06857557772937023
-0.03248518892225989,0.01682803637440428,-0.17361894021609228,-0.10765303762842751,1,0.06596590258766477
-0.0006428912382860502,0.017813111334814714,-0.14370738945452288,-0.07387999302204921,1,0.06982739643247367
-0.022348564017147757,0.016976281972237432,-0.16377287668273313,-0.09722585135156239,1,0.06654702533117074
-0.034371189889046014,0.016575166868319773,-0.1750093169509528,-0.11003466282713927,0,0.06497465412381352
-0.060848297756867495,0.015895580527955692,-0.20015443559166066,-0.13784375992207434,0,0.06231067566958631
-0.0382533038298538,0.01749760263759546,-0.1806994049995409,-0.1121088026601667,0,0.0685906023393742
-0.009477055945274607,0.017586222813994887,-0.1520968526607046,-0.08315885922984463,1,0.06893799343085998
-0.003264096851095258,0.016039398025491477,-0.14285211698105854,-0.07997767672113197,1,0.06287444025992657
-0.018043159116773358,0.015792122779586866,-0.15714651976476363,-0.0952413984687831,1,0.061905121295980525
-0.02291896880996834,0.016019162123800734,-0.16246732657261778,-0.09967221104731891,1,0.06279511552529887
-0.00252784137886837,0.017925691458644682,-0.14581299663781194,-0.07554428611992481,1,0.07026871051788713
-0.024658081521996875,0.016961201712902815,-0.1660528368792864,-0.09956492616470736,1,0.06648791071457905
0.00038080728136956343,0.01789755909335873,-0.14284920854161354,-0.07269077689564733,1,0.0701584316459662
-0.010820675271982508,0.017598796516057565,-0.15346511644345534,-0.08447783410050969,1,0.06898728234294565
-0.03013932510916177,0.017741661249039718,-0.17306378115727963,-0.10351646906104392,1,0.06954731209623571
0.002170311143295703,0.018226545885153305,-0.14170451879160478,-0.07025645892180382,1,0.07144805986980096
-0.013059981779916782,0.015890490986122444,-0.15235614411271678,-0.0900654194471168,1,0.062290724665599984
-0.01582882844258386,0.01597999321332426,-0.15530041514069942,-0.09265884174446831,1,0.06264157339623111
-0.026794136825938022,0.016872900043157422,-0.16801582091052658,-0.10187405274134947,1,0.0661417681691771
-0.04099122658407488,0.015645229157033372,-0.1798066757318603,-0.11847737743628947,0,0.06132929829557082
0.018537526346116148,0.01883822322053229,-0.12653619116612713,-0.05269035614164057,1,0.07384583502448656
-0.028867625483274942,0.016973859116627542,-0.17028718935186493,-0.10374966161468496,1,0.06653752773717997
-0.013990430687585667,0.018113943147280653,-0.15764455925625576,-0.08663790211891559,1,0.07100665713734017
-0.03146212107781411,0.0159248020246324,-0.1708255330460936,-0.10840030910953462,0,0.062425223936558985
-0.045454577393138226,0.015679009896312525,-0.1843362367899108,-0.12287451799636569,0,0.0614617187935451
-0.019029446424989563,0.016455539749575275,-0.1594331043341571,-0.09492738851582203,1,0.06450571581833509
-0.007953324284325422,0.018592831164684326,-0.1525460733671067,-0.07966217520154414,1,0.07288389816556257
-0.037492874186131106,0.018010805593761853,-0.18094485314990433,-0.11034249522235788,0,0.07060235792754645
-0.04192066470349663,0.01661063788288214,-0.18262831495394563,-0.11751461445304764,0,0.06511370050089799
0.003878373723983794,0.017380096035752062,-0.13833741450609024,-0.07020743804594218,1,0.06812997646014807
-0.0532642281064918,0.017762647583407832,-0.19622981736997114,-0.12660023884301247,0,0.06962957852695867
-0.036929404829455684,0.015834720038996667,-0.17611625610588916,-0.11404415355302222,0,0.06207210255286694
-0.025509371918314996,0.017213764168047315,-0.16739914968768774,-0.09992119414894227,1,0.06747795553874547
0.0015158538191026444,0.018653581810918383,-0.1431959665302974,-0.07007392583149732,1,0.07312204069880007
-0.022262422273521085,0.018971167458535325,-0.16759671049225033,-0.09322973405479185,1,0.07436697643745849
-0.0302545187340318,0.01612339442496906,-0.17000717180697117,-0.10680346566109244,1,0.06320370614587872
-0.031327168177364875,0.015886874809031237,-0.17061624280306611,-0.10833969355166366,0,0.062276549251402455
-0.011461339521104605,0.018029184715927776,-0.15494934156432305,-0.08427493747788617,1,0.07067440408643688
-0.03223201888990969,0.017216609161468603,-0.17412737284638816,-0.10663826493343123,1,0.06748910791295692
-0.004574282532820453,0.016922691457286827,-0.14589355778910262,-0.07955660727653828,1,0.06633695051256434
-0.054576777970021625,0.016165889181904713,-0.19441272076655486,-0.1310424351734884,0,0.06337028559306646
0.006158533709121741,0.018876464916285852,-0.13899013752679854,-0.06499439505495799,1,0.07399574247184054
-0.012789497965876764,0.016099608168978468,-0.15249552997707455,-0.08938506595467897,1,0.06311046402239558
-0.03197727519023348,0.016165450474626353,-0.17181235812050114,-0.10844379225996584,0,0.0633685658605353
-0.002739290525836338,0.018156690583659214,-0.1464772040698084,-0.07530297698186428,1,0.07117422708794413
-0.015955183815876392,0.017316304659170563,-0.1580459409478507,-0.09016602668390208,1,0.06787991426394863
-0.023944973058150895,0.016030944966873715,-0.16351642519322337,-0.10067512092307843,1,0.06284130427014495
-0.02592127257731168,0.016807840824326088,-0.1670154405929908,-0.10112870456163256,1,0.06588673603135825
-0.03333736176064782,0.016117533480950425,-0.17307852738331064,-0.10989779613798499,0,0.06318073124532565
-0.01626943011399666,0.016862137494888754,-0.15747001960397863,-0.0913704406240147,1,0.06609957897996394
-0.021123031152703878,0.015446087883895258,-0.15954816340513858,-0.09899949890026918,1,0.0605486645048694
-0.045248366731183695,0.016346574266809653,-0.1854384522941306,-0.12135988116823679,0,0.06407857112589382
-0.032105268103695864,0.01614418613880642,-0.17189867293575645,-0.10861346327163529,0,0.06328520966412116
-0.014869825898146158,0.016868573140923326,-0.15608302925435588,-0.08995822254193644,1,0.06612480671241944
0.0006265465521869545,0.017923264214106296,-0.1426538513074614,-0.07239465558816471,1,0.07025919571929667
-0.032826904048996505,0.018683319014867316,-0.17759700931813643,-0.10435839877985657,1,0.07323861053827986
-0.06603686143884664,0.015883630978198393,-0.2053195781561155,-0.14305574472157778,0,0.06226383343453773
-0.021592621532772152,0.015966943323242496,-0.16103863044632744,-0.09844821261921687,1,0.06259041782711057
0.026592089203437766,0.018492524197768645,-0.11780405822418878,-0.0453133633689357,1,0.07249069485525308
0.006602022654343773,0.0175693820108101,-0.13598476608684404,-0.06711278860446843,1,0.06887197748237561
-0.020921796943378687,0.01628184736929729,-0.16098501778720137,-0.097160176099556,1,0.06382484168764536
-0.03318117169275535,0.01595907728555636,-0.1726117631724458,-0.1100521802130649,0,0.06255958295938091
-0.008093358343118626,0.0189183945529565,-0.15332421166691337,-0.07916410501932389,1,0.07416010664758949
-0.022707482651800184,0.019007790000444134,-0.1681135510526707,-0.09360301425092968,1,0.07451053680174102
-0.027283622203247496,0.017656160631509415,-0.17004049704100596,-0.10082834736548904,1,0.06921214967551692
-0.0108564260381422,0.017393592761564262,-0.15309866785080817,-0.08491578422547624,1,0.06818288362533192
-0.015735549270597962,0.016649579546219904,-0.15651952518118897,-0.09125317336000696,1,0.06526635182118201
-0.04794771022673615,0.016397584059093022,-0.18823777498255848,-0.12395924547091383,0,0.06427852951164464
-0.014958783714084392,0.016939518759239085,-0.15631104048219302,-0.08990812694597579,1,0.06640291353621723
-0.012117308764965681,0.0172118045295094,-0.1540032456428041,-0.08653297188712727,1,0.06747027375567682
-0.00631858888713259,0.016617106826176453,-0.14703891826643845,-0.08189985950782674,1,0.0651390587586117
-0.023828607664470133,0.0172846975196188,-0.165857414802923,-0.09810140052601729,1,0.0677560142769057
-0.039361292990093874,0.01624883367808315,-0.17935980699913684,-0.1156643789810509,0,0.06369542801808593
-0.02934751731123726,0.016304188244617487,-0.16945452627068755,-0.10554210835178698,1,0.06391241791890057
-0.057498215610925205,0.01682710361482675,-0.19863013869598564,-0.13266789252586478,0,0.06596224617012086
-0.04679706077555586,0.01654780865581105,-0.18738156574094553,-0.1225141558101662,0,0.06486740993077933
-0.04136627255591667,0.0169658130540735,-0.18277006614190072,-0.11626407896993263,0,0.0665059871719681
0.0025321924326871387,0.01900483476442121,-0.14286808370557844,-0.0683691314290473,1,0.07449895227653114
0.009945774982421066,0.017454737632198944,-0.13241631077668886,-0.06399373925846902,1,0.06842257151821984
-0.01765384273943156,0.01735030905808761,-0.15981124849328326,-0.09179803698557985,1,0.06801321150770341
-0.040681917792848785,0.017055740031344746,-0.18226196825428448,-0.11540346733141309,0,0.06685850092287139
-0.025230455429118656,0.01670239107996299,-0.16611794194584611,-0.10064456891239121,1,0.0654733730334549
-0.045508810206457403,0.015988822991551715,-0.18499770326989878,-0.12232151714301605,0,0.06267618612688274
0.0012196736256819135,0.017215012147925812,-0.14067255018425268,-0.07318970256438351,1,0.06748284761986917
-0.015009335955295064,0.01645423088667409,-0.15541042849317627,-0.09090984341741386,1,0.06450058507576241
-0.01302055143536189,0.016650737839807125,-0.15380679760138385,-0.08853590526933994,1,0.06527089233204392
-0.014655846621333332,0.017699421255236457,-0.1574975122815968,-0.08811578096106988,1,0.06938173132052693
-0.005895222353558396,0.01759744956072062,-0.1485370234925708,-0.079555021214546,1,0.06898200227802481
-0.017723466549077208,0.01937511120633437,-0.16384948451349257,-0.08789904858466185,1,0.07595043592883072
-0.04799599389994262,0.015830413568773,-0.1871744044947377,-0.12511918330514754,0,0.06205522118959017
0.0013866575126693509,0.018929670673550215,-0.14386629700748907,-0.06966198796717224,1,0.07420430904031683
-0.03691345904152192,0.01737842125165852,-0.17912596469477263,-0.11100255338827122,0,0.0681234113065014
-0.03301266530699233,0.016767214880388556,-0.1740272064725539,-0.10829972414143077,0,0.06572748233112313
0.0029972980907628927,0.018572153816084225,-0.1415549233887622,-0.06875208042971204,1,0.07280284295905015
-0.015279212353654162,0.018380013993296317,-0.15945483978051495,-0.08740518492679339,1,0.07204965485372156
-0.034913020694895755,0.0161048239396178,-0.17462927561654665,-0.11149836577324487,0,0.06313090984330177
-0.05802021874469819,0.018063813638016738,-0.201576093475211,-0.1307659440141854,0,0.0708101494610256
-0.014713510628829876,0.018232962368648856,-0.15860091687138164,-0.08712770438627812,1,0.07147321248510352
-0.026216883723103226,0.018538609079408058,-0.17070335751874302,-0.09803200992746344,1,0.07267134759127958
-0.037915786168809903,0.016101847135328043,-0.17762620655405287,-0.11450696578356695,0,0.06311924077048592
-0.057026660161554124,0.016301207883093225,-0.19712782761241684,-0.1332270927106914,0,0.06390073490172543
-0.033822530948969656,0.02006462388057524,-0.18129999375489714,-0.10264666814304219,1,0.07865332561185495
-0.009114574439558668,0.01683531674490316,-0.15026259525956887,-0.08426815361954848,1,0.06599444164002038
-0.025947266909806546,0.016392636176236704,-0.16622763381523048,-0.10196850000438261,1,0.06425913381084787
-0.014635853355455239,0.01707595677271794,-0.1562555286299824,-0.08931777808092808,1,0.06693775054905432
0.0002859907335773654,0.0183210128032829,-0.14377399436085714,-0.07195562417198816,1,0.07181837018886898
-0.03951712293691943,0.01769809184197764,-0.1823561829471956,-0.11297966292664327,0,0.06937652002055233
-0.01962230112411177,0.016437941871935802,-0.15999146719310595,-0.0955547350551176,1,0.06443673213798834
-0.02818567461209419,0.016885022759765594,-0.16943111922123477,-0.10324183000295363,1,0.06618928921828114
-0.010902042195281972,0.018991372075494572,-0.15627593146325133,-0.08182975292731262,1,0.07444617853593871
-0.024667236955053393,0.015296835178439569,-0.16279983390479497,-0.10283624000531184,1,0.05996359389948312
-0.022972504171893546,0.016966348752734818,-0.1643773477272538,-0.09786926061653331,1,0.06650808711072048
-0.020695856512854924,0.016327763989429527,-0.1608490739321368,-0.09684423909357306,1,0.06400483483856373
-0.016970131458515683,0.0177157754633739,-0.15984385136672852,-0.09039801155030285,1,0.06944583981642567
-0.03723621278196533,0.017739277868096624,-0.18015599740343471,-0.11061802816049596,0,0.06953796924293876
-0.009152279227568963,0.016871882653648883,-0.1503719692287208,-0.08423418922641715,1,0.06613778000230364
-0.01543411556514633,0.016899305054359073,-0.15670755347169013,-0.09046227765860256,1,0.06624527581308758
-0.04709291507093037,0.016516094134158922,-0.18761525957388187,-0.12287217056797889,0,0.06474308900590298
-0.002220188382371882,0.018359656439059523,-0.14635591500292855,-0.07438606176181523,1,0.07196985324111332
-0.004649558390443939,0.016283455677861828,-0.14471593151905313,-0.08088478526183476,1,0.06383114625721836
-0.020580068276210825,0.016957568590346292,-0.16196770271328956,-0.0954940338391321,1,0.06647366887415745
-0.012499508318993421,0.01749395138560477,-0.15493845303477877,-0.08636216360320809,1,0.06857628943157068
-0.03440902547514167,0.017542690457712007,-0.1769434987722572,-0.10817615217802615,0,0.06876734659423106
-0.015770243228119138,0.01603921505444756,-0.15535790473483635,-0.09248418172140192,1,0.06287372301343443
-0.03643496963717947,0.0167829000517906,-0.17748025373868906,-0.1116912855356699,0,0.06578896820301916
-0.023865754303790523,0.016152192999193453,-0.1636748525822097,-0.10035825602537136,1,0.06331659655683834
0.013120176933279062,0.018522512352926276,-0.13133474727845645,-0.05872649885498544,1,0.07260824842347102
-0.04490129260876265,0.015150160390395172,-0.18274640697393718,-0.12335777824358812,0,0.05938862873034906
-0.008827616139262709,0.0193078647381608,-0.1548218310260579,-0.07913500125246754,1,0.07568682977359036
-0.022220587844068565,0.016415978758796863,-0.16254670621131043,-0.09819606947682671,1,0.06435063673448371
-0.02163345515934635,0.017133907900557327,-0.16336671464443872,-0.09620179567425399,1,0.06716491897018473
-0.006460606829179108,0.015629720206424134,-0.1452456584337704,-0.08397715522458782,1,0.06126850320918259
0.03313749487804031,0.017179113381723038,-0.10868436735013684,-0.04134224289378254,1,0.06734212445635429
-0.025669079576041545,0.016533375252314363,-0.1662252950705777,-0.1014144640815054,1,0.06481083098907231
-0.036299478251496556,0.01653565989251247,-0.17686017164082102,-0.11204038486217212,0,0.0648197867786489
-0.009224100273293692,0.01731608231063144,-0.15131442160213132,-0.08343537894445607,1,0.06787904265767525
-0.05313997226548754,0.015912440985041944,-0.19247915659616976,-0.13010238793480533,0,0.062376768661364435
-0.009549508212224125,0.017979931381968572,-0.15294097372088253,-0.08245964270356573,1,0.0704813310173168
-0.058018324785731254,0.017622690137595494,-0.20070959745541844,-0.13162865211604408,0,0.06908094533937437
-0.0024941231101157507,0.01823991552132319,-0.1463951575319092,-0.0748946886883223,1,0.0715004688435869
-0.060445658044424214,0.015021058934240656,-0.1980377335555359,-0.13915518253331255,0,0.05888255102222334
-0.020423936065054035,0.01664365121013978,-0.161196292436928,-0.09595317969318007,1,0.06524311274374794
-0.024327081296490236,0.01643411297158788,-0.16468874272080247,-0.100267019872178,1,0.06442172284862448
-0.02355757227139048,0.01760159989846292,-0.1662075080723778,-0.09720923647040317,1,0.06899827160197464
-0.010438700688690308,0.01604382366113325,-0.1500353950645115,-0.08714360631286913,1,0.06289178875164236
-0.022525811388814612,0.016198578342739096,-0.16242582494058325,-0.09892739783704599,1,0.06349842710353726
-0.05072980287264063,0.016990135230941027,-0.19218126792528506,-0.1255799378199962,0,0.06660133010528885
-0.03732793296240851,0.01690977565803153,-0.1786218932521503,-0.11233557267266672,0,0.06628632057948358
-0.01518652611066991,0.01744947469135242,-0.15753829650572065,-0.08913635571561918,1,0.06840194079010148
0.0005442080485534989,0.016092926682760952,-0.13914872824965796,-0.07606445565323504,1,0.06308427259642292
0.01012395517898583,0.01666380654873924,-0.1306879056565431,-0.06536578398548526,1,0.06532212167105783
-0.025717677138598224,0.017800178041924374,-0.16875682610077,-0.09898012817642646,1,0.06977669792434354
-0.01264519194004092,0.01721583585428891,-0.1545390302144472,-0.08705295366563466,1,0.06748607654881254
-0.0025018460807328252,0.018650629080543657,-0.1472078790785984,-0.07409741308286727,1,0.07311046599573112
-0.06354954245933515,0.0154989282539288,-0.2020782418370356,-0.14132244308163472,0,0.06075579875540088
-0.02071309578000745,0.018500351698721152,-0.1651245851095009,-0.092603206450514,1,0.0725213786589869
-0.017524270301523356,0.01735554130500281,-0.15969193125932887,-0.09165820934371785,1,0.06803372191561102
0.017337832811358325,0.018680543314766162,-0.12742683208558336,-0.0541991022917,1,0.07322772979388337
-0.035214598299867714,0.015666647371568098,-0.17407202714814118,-0.11265876945159425,0,0.06141325769654693
-0.04748073559960013,0.0163481024473887,-0.18767381639648198,-0.12358925480271829,0,0.06408456159376369
-0.018591164881357466,0.016396832880242452,-0.15887975732663268,-0.09460417243608227,1,0.06427558489055041
-0.046269871339458965,0.016197304060878926,-0.18616738729878166,-0.12267395538013628,0,0.06349343191864537
-0.044010392994080536,0.017593863431538345,-0.1866451653198957,-0.11767722066826539,0,0.06896794465163031
-0.001268782641499669,0.016889825865906673,-0.14252364133867676,-0.07631552394432259,1,0.06620811739435417
-0.021879823975208615,0.017356112931089292,-0.16404860532014365,-0.0960126426302736,1,0.06803596268987004
-0.04222474333336344,0.01715937599019905,-0.18400792027415358,-0.11674316639257332,0,0.06726475388158026
-0.018573817695849718,0.017574038186677198,-0.16116973254173703,-0.09227950284996242,1,0.06889022969177461
-0.0071546849236490545,0.016493406836361062,-0.14763256232291674,-0.08297840752438138,1,0.06465415479853537
-0.028003994757907283,0.017957512371067342,-0.1713515190051993,-0.1009580705106153,1,0.070393448494584
-0.03368639832129687,0.016127358379930398,-0.17344682074596046,-0.11022757589663329,0,0.06321924484932717
-0.027559965527811744,0.0172962286796863,-0.1696113737399969,-0.10181015731562659,1,0.06780121642437031
-0.042361619494353256,0.01615530348843388,-0.18217681433168367,-0.11884802465702285,0,0.06332878967466082
-0.027567210381006332,0.018137712366412744,-0.1712679266191753,-0.10016809414283737,1,0.07109983247633794
-0.03963947124932983,0.016778965565413185,-0.18067704375753968,-0.11490349874111999,0,0.06577354501641969
-0.04152950893509204,0.016246150677986546,-0.18152276426394567,-0.11783785360623841,0,0.06368491065770726
-0.023015869951339626,0.01657814115203474,-0.1636598266093277,-0.09867351329335154,1,0.06498631331597617
-0.04473382488745155,0.016599799889785313,-0.18542023267143076,-0.12034901710347234,0,0.06507121556795842
-0.048933346624877375,0.015357586470626622,-0.18718501610730556,-0.1269832771424492,0,0.060201738964856366
-0.019924558089982877,0.01714152782960745,-0.1616727526360135,-0.09447796354395228,1,0.06719478909206121
-0.02003646453073972,0.01711794555766289,-0.161738437823759,-0.09463609123772046,1,0.06710234658603853
-0.025011380601398833,0.01783165110934214,-0.16811221677570942,-0.09821214442708825,1,0.06990007234862117
-0.03233628058646716,0.01574182871044491,-0.17134106485893918,-0.10963309631399515,0,0.061707968544944036
-0.01609616423828021,0.01829087122189078,-0.16009707183318614,-0.0883968566433743,1,0.07170021518981184
-0.017365228052940454,0.016165482435084803,-0.15720037362570666,-0.09383168248017425,1,0.06336869114553241
-0.007058942444714181,0.017928457616807496,-0.15034951937365687,-0.0800699655157715,1,0.07027955385788537
-0.006110257088320595,0.018654333888674542,-0.1508235515101227,-0.0776985626665185,1,0.07312498884360419
-0.010452475360686872,0.018232389553125804,-0.15433875888481347,-0.0828677918365603,1,0.07147096704825316
-0.01599237436819169,0.01766569940823168,-0.1587679452083258,-0.0895184035280576,1,0.0692495416802682
-0.014438274418393168,0.016733044486064164,-0.15538584161107893,-0.08979230722570741,1,0.06559353438537152
-0.03199751615331449,0.018613880790139405,-0.17663152250198771,-0.10366510980464126,1,0.07296641269734645
0.005970667632287305,0.01743787079577058,-0.13635835912742303,-0.06800190560800237,1,0.06835645351942066
-0.01834945389844421,0.016564800070231384,-0.15896726203609773,-0.0940332457607907,1,0.06493401627530704
-0.041568747978773454,0.01671070484372552,-0.18247252947247547,-0.11696656648507145,0,0.06550596298740402
-0.046770498469848445,0.016927885337104025,-0.18809995373057234,-0.12174264320912456,0,0.06635731052144778
-0.04184427589738586,0.016896358966085344,-0.18311193947091314,-0.11687821232385859,0,0.06623372714705456
-0.006315521196542259,0.0164151902483481,-0.14664009408330453,-0.08229254830978,1,0.06434754577352453
-0.046945705026752924,0.016453505998081333,-0.18734537678299235,-0.12284763327051351,0,0.06449774351247883
-0.015573725122732432,0.016494652176692423,-0.1560540433890496,-0.09139500685641529,1,0.06465903653263431
-0.05568794721021768,0.016348072745545332,-0.19588096979148653,-0.13179652462894884,0,0.0640844451625377
-0.005264812614050027,0.018139724913567558,-0.14896947344464245,-0.07786175178345761,1,0.07110772166118484
-0.005638341635361241,0.01655020598599048,-0.14622754536790258,-0.08135073790281991,1,0.06487680746508268
-0.032647476327003835,0.017527338460496058,-0.1751518597095761,-0.10644469294443157,1,0.06870716676514455
-0.01309507979874143,0.017259467587380825,-0.15507443627000786,-0.08741732332747501,1,0.06765711294253285
-0.007514735115097745,0.018942987378157583,-0.1527937903762866,-0.07853727985390889,1,0.07425651052237771
-0.019170788609856423,0.017865370622249035,-0.16233771502946454,-0.09230546219024832,1,0.07003225283921621
-0.014821371485629412,0.01708668536507755,-0.1564620748011814,-0.08948226817007743,1,0.06697980663110398
-0.000890137482193451,0.016239957766916863,-0.1408712547053505,-0.07721062025903641,1,0.06366063444631409
-0.025405020185856872,0.015564159228126422,-0.16406157227298465,-0.10305006809872909,1,0.06101150417425556
-0.025231742348411787,0.01711044942711308,-0.16691902322555344,-0.09984606147127015,1,0.06707296175428329
-0.009098519406947767,0.017401884774138572,-0.15135701356425937,-0.08314162524963617,1,0.0682153883146232
-0.03116412222596117,0.015955523290621963,-0.17058774787558023,-0.10804209657634212,1,0.06254565129923811
-0.024616895521117996,0.016794940397943443,-0.16568577870108714,-0.09984961234114885,1,0.06583616635993829
-0.040486678663014405,0.017837000267407588,-0.18359799918713327,-0.11367695813889554,0,0.06992104104823772
-0.01851857217480317,0.01765561681712694,-0.161274381136372,-0.09206436321323437,1,0.06921001792313762
-0.034890225967584274,0.017284685410536373,-0.17691900937223556,-0.109163042562933,0,0.06775596680930257
-0.027466788751501034,0.01696092226725319,-0.1688609963953173,-0.10237418110768479,1,0.0664868152876325
-0.032765429807037325,0.017964879667702247,-0.17612739395573374,-0.10570506565834092,1,0.07042232829739281
-0.005198282543574309,0.016536545519925866,-0.145760711762629,-0.08093745332451963,1,0.06482325843810938
-0.0013354169223793316,0.017515917133578734,-0.14381741450419366,-0.07515501934056501,1,0.06866239516362865
-0.026426709432780263,0.018062854626869827,-0.16998070450144512,-0.09917431436411542,1,0.0708063901373297
-0.002194896706681923,0.01802883857457403,-0.14568222031284703,-0.07500917310051683,1,0.0706730472123302
-0.04782853557073195,0.016291766056382478,-0.18791119704124162,-0.1240474741002223,0,0.06386372294101933
-0.03719246063220956,0.01625813798109697,-0.17720921107515963,-0.1134773101892595,0,0.06373190088590014
-0.004406006097940743,0.016724173769659997,-0.14533618668647436,-0.07977742550940715,1,0.0655587611770672
-0.02345604840494518,0.017419214958517972,-0.1657485097236404,-0.09746518708624996,1,0.06828332263739045
-0.03915841587010781,0.015863051059979257,-0.17840079594766717,-0.11621763579254847,0,0.0621831601551187
-0.007311945466462591,0.01762796040897045,-0.15001354786804466,-0.08091194306488052,1,0.06910160480316414
-0.04810277891150842,0.016046926991439402,-0.18770555581472964,-0.1248016020082872,0,0.06290395380644244
-0.026897233253169686,0.01554104238722508,-0.16550847633213084,-0.10458759017420853,1,0.06092088615792231
-0.002647298702390735,0.017417673463310784,-0.14493673869047988,-0.0766594587143016,1,0.06827727997617827
-0.014820827408411522,0.01644710110944259,-0.155207945582919,-0.09073530923390405,1,0.06447263634901496
-0.03634568702387546,0.017047626738082917,-0.17790983543051797,-0.11108313861723294,0,0.06682669681328503
0.006079135546970774,0.01698004999793998,-0.1353525624489916,-0.06879076645706686,1,0.06656179599192474
-0.027885959967047805,0.01672017917912817,-0.16880831115813902,-0.1032652087759566,1,0.06554310238218242
-0.022754492703324206,0.017923050337611646,-0.16603447136504304,-0.09577611404160538,1,0.07025835732343766
0.008287436671581785,0.018865080762973097,-0.13683892162384548,-0.06288780503299095,1,0.07395111659085453
-0.017089878419332558,0.01817706541469053,-0.160867726632126,-0.08961363020653912,1,0.07125409642558689
-0.02768649972531774,0.01794171919005982,-0.171003069337835,-0.1006715301128005,1,0.07033153922503449
-0.05352086020800649,0.01550564529216963,-0.19206272498065896,-0.13128059543535403,0,0.06078212954530493
-0.014748978643291347,0.015523364446806165,-0.15332557295903143,-0.09247398432755127,1,0.06085158863148016
-0.033109210133712416,0.016128415882107096,-0.17287170526264234,-0.1096483150047825,0,0.06322339025785984
-0.027121491746424878,0.016899684007662345,-0.16839567240144307,-0.1021489110914067,1,0.06624676131003637
-0.03673936024699877,0.016907087348054697,-0.178028051449186,-0.11175226904481156,0,0.06627578240437443
-0.02427023723108758,0.01813669087372554,-0.16796895134358963,-0.09687312311858554,1,0.0710958282250041
0.02513556172915353,0.017840395616157023,-0.11798241367851424,-0.04804806286317871,1,0.06993435081533553
0.0017891534269793147,0.017872111790760217,-0.14139098568291072,-0.07133230746313066,1,0.07005867821978007
-0.0195572318388776,0.017365237113846965,-0.16174389658201765,-0.09367216709573756,1,0.0680717294862801
0.00769738963783044,0.018751247785207713,-0.1372058560211767,-0.06370096470316244,1,0.07350489131801424
-0.027924976103508678,0.019010243866981177,-0.17333585408279178,-0.09881569812422558,1,0.0745201559585662
0.0030093584397914014,0.01899700641780538,-0.14237557413910715,-0.06790730898131006,1,0.07446826515779709
-0.05069264762117549,0.01617640846122937,-0.19054920820518506,-0.12713768703716594,0,0.06341152116801912
0.004783412329608258,0.017402806248728173,-0.13747688791789897,-0.06925788742288452,1,0.06821900049501445
-0.02336062598359402,0.017321904632548676,-0.16546235906338944,-0.09756049290379862,1,0.06790186615959082
-0.015491620055453695,0.017622259395252398,-0.15818204847014838,-0.089102791640759,1,0.06907925682938938
0.008878174506947015,0.0180677621493189,-0.13468543930571802,-0.06385981168038796,1,0.07082562762533007
-0.03133403655421492,0.01688980224606296,-0.17258884895649834,-0.10638082415193152,1,0.06620802480456682
0.013867434132045484,0.0174290732775398,-0.12844434949193254,-0.060122382243976515,1,0.06832196724795603
2.854109809120875e-05,0.016041349046586176,-0.1395633030332177,-0.07668121477059989,1,0.06288208826261782
-0.013710166573768265,0.01801955495254928,-0.15717929428076485,-0.08654263886677169,1,0.07063665541399317
-0.03897338287490333,0.016481167060012823,-0.17942727031252848,-0.1148210954372782,0,0.06460617487525028
-0.026114258170150548,0.017155013823031834,-0.16788888526329293,-0.10064123107700816,1,0.06724765418628477
-0.03983591222606546,0.017082421439103098,-0.18146825824670754,-0.11450516620542339,0,0.06696309204128414
-0.019260459954550627,0.017924337208645103,-0.16254296088349504,-0.09227955902560622,1,0.07026340185788882
-0.020599941053731433,0.015754569477424964,-0.15962969722948436,-0.09787178487797851,1,0.06175791235150585
-0.014673044112939557,0.019749281538202167,-0.1615324359278158,-0.08411525229806331,1,0.07741718362975249
-0.03647854699433077,0.018148313321882603,-0.18020004110522067,-0.10905865288344088,0,0.07114138822177979
-0.019408960138383044,0.017652960469809395,-0.16215956265920947,-0.09295995761755663,1,0.06919960504165285
-0.013013415326707758,0.017561366462299808,-0.1555844935928154,-0.08674393706060014,1,0.06884055653221526
-0.04368443089050984,0.015250148257207786,-0.1817255214746371,-0.12194494030638259,0,0.05978058116825452
-0.05419763763597517,0.017203089595323948,-0.1960664932428101,-0.12863038202914023,0,0.06743611121366988
-0.025329899568301825,0.016756294320303164,-0.16632303643609603,-0.10063836270050763,1,0.0656846737355884
-0.01842722780646673,0.016460875012127264,-0.15884134283023618,-0.09431471278269729,1,0.06452663004753889
-0.03239849726238202,0.01865427294253586,-0.17711167222975233,-0.10398692229501173,1,0.0731247499347406
-0.008512416475542059,0.016881150226748444,-0.149750270919969,-0.08357616203111512,1,0.06617410888885389
-0.008419245497796421,0.016761725875737717,-0.14942302821424236,-0.0837170627813505,1,0.06570596543289187
-0.024786051544906054,0.016670038602182698,-0.16561012720518414,-0.10026357588462798,1,0.06534655132055617
-0.02142583948674341,0.017599083822685515,-0.16407084377920703,-0.09508243519427981,1,0.06898840858492722
-0.0407977919896967,0.01814691654255372,-0.184516548413102,-0.11338063556629141,0,0.07113591284681059
-0.0561934218900169,0.017191640836173853,-0.19803983792891766,-0.13064860585111615,0,0.06739123207780151
-0.006684249300185394,0.016648691646002203,-0.14746648492634973,-0.08220361367402108,1,0.06526287125232864
-0.026328390983866787,0.017943876315932382,-0.16964918856309424,-0.09930919340463933,1,0.07033999515845492
-0.02457100555568996,0.015599528994327446,-0.16329688238457177,-0.10214672872680816,1,0.061150153657763606
0.0003896105898127805,0.017332080458724402,-0.14173206710928704,-0.0737903117110874,1,0.06794175539819965
-0.018400413881754465,0.015024093737338236,-0.1559984376069374,-0.09710399015657153,1,0.05889444745036587
0.017798464441112813,0.01928025431016273,-0.12814163400680614,-0.05256303711096824,1,0.0755785968958379
-0.02392874154946982,0.016770319452792205,-0.16494936767694254,-0.09920971542199711,1,0.06573965225494544
-0.03718241087558373,0.017276054464294092,-0.17919427762560014,-0.11147214412556732,0,0.06772213350003282
-0.062169378992050314,0.016043485240402215,-0.20176541006323867,-0.13887494792086197,0,0.0628904621423767
-0.02310925959089659,0.017898107161355075,-0.16634034962715255,-0.09617976955464064,1,0.07016058007251191
-0.015050511500093497,0.016907993300066208,-0.15634097836822328,-0.09006164463196373,1,0.06627933373625955
-0.019512454801926857,0.016815553957950053,-0.16062174055950895,-0.09470476904434476,1,0.0659169715151642
-0.0031409655625479344,0.01859740431744447,-0.14774267802473912,-0.07484085310035678,1,0.07290182492438234
-0.015340165964955813,0.0172467520531493,-0.15729459998912845,-0.08968733194078318,1,0.06760726804834527
-0.03876773746067115,0.017535913926258376,-0.18128892875613756,-0.11254814616520474,0,0.06874078259093282
-0.033609330884409414,0.01737557360790913,-0.17581625515591132,-0.10770400661290752,1,0.0681122485430038
-0.023256196901476137,0.01702466364728739,-0.16477533765015942,-0.09803865615279286,1,0.06673668149736656
-0.04398391550843424,0.017313441869542638,-0.1860690615727378,-0.11820036944413068,0,0.06786869212860713
-0.032750928267791204,0.01758982625524514,-0.1753777877280717,-0.10642566880751073,1,0.06895211892056097
-0.04337614130148283,0.016499173030478965,-0.1838653204412216,-0.11918856216174406,0,0.06467675827947755
-0.01235785577831748,0.01753817641667029,-0.15488348155499126,-0.08613383000164371,1,0.06874965155334756
-0.012324411889462358,0.01782148659792782,-0.15540532562140089,-0.08554509815752384,1,0.06986022746387704
-0.04520622145961929,0.017298087188615637,-0.18726127234930595,-0.11945277056993264,0,0.06780850177937331
-0.0014522621120703488,0.01800652659501139,-0.14489585423829268,-0.07431026998584803,1,0.07058558425244466
-0.013218247527740104,0.016438637147428246,-0.15358877633669948,-0.08914931871878075,1,0.06443945761791874
-0.016865553025332394,0.015269764269266869,-0.15494509099309547,-0.09508761505756934,1,0.059857475935526136
-0.024721573712158926,0.01703285490095733,-0.1662567693180353,-0.09948797810628257,1,0.06676879121175272
-0.03740899231257032,0.018044191284082123,-0.18092640722937128,-0.11019317739576936,0,0.07073322983360192
-0.023734040583200847,0.019429217799075228,-0.16996610746938828,-0.0938035736970134,1,0.07616253377237488
-0.013453862276163839,0.016203326786664873,-0.153363182778027,-0.0898461417743007,1,0.0635170410037263
-0.02026436577296191,0.017229829293656032,-0.16218563118852775,-0.09464470035739608,1,0.06754093083113166
-0.031183295639117384,0.01737346673431741,-0.17338609043837952,-0.10528210083985526,1,0.06810398959852426
-0.03396083652814204,0.015749875638116053,-0.1729813927788495,-0.11124188027743458,0,0.06173951250141492
-0.018982913323018172,0.01826029454617015,-0.16292389063351168,-0.09134353601252468,1,0.071580354620987
-0.02536218554474011,0.016558533137456515,-0.16596771049415487,-0.10105826059532536,1,0.06490944989882952
-0.03820445247486072,0.0166488888560161,-0.1789870746326523,-0.11372343031706916,0,0.06526364431558312
-0.03377916153771081,0.016657833490577978,-0.17457931517924363,-0.10928060789617798,0,0.06529870728306565
-0.018058823258027226,0.016074221712443118,-0.15771509781441573,-0.09470414870163872,1,0.063010949112777
-0.018991622614516576,0.017311619517666566,-0.16107319686914306,-0.09321164835989011,1,0.06786154850925295
-0.0166711095251285,0.017326357991604258,-0.15878157118867287,-0.09086224786158416,1,0.06791932332708871
0.001981976570415031,0.017910137407396255,-0.14127269274808163,-0.07106495411108832,1,0.07020773863699331
-0.02219688227902085,0.017156964597214087,-0.16397533288956045,-0.09672003166848124,1,0.06725530122107921
0.0043249941570915745,0.016838022271512463,-0.13682832949507284,-0.070823282190744,1,0.06600504730432884
-0.03810913970009018,0.01690730555740023,-0.17939825859259464,-0.11312162080758573,0,0.06627663778500892
-0.04865006594945738,0.016633990813211676,-0.18940348794335227,-0.1241982439555625,0,0.06520524398778976
-0.009428130358170653,0.016923307521503415,-0.15074861310031734,-0.08440924761602397,1,0.06633936548429337
-0.018554292583160367,0.018914108618804652,-0.1637767454760175,-0.08963343969030325,1,0.07414330578571425
-0.01930696848655035,0.016221805195255415,-0.15925250666925098,-0.09566303030384973,1,0.06358947636540124
-0.023375262478094197,0.018341300987947517,-0.16747501241447132,-0.09557711254171708,1,0.07189789987275425
-0.002357526658020956,0.016659053826674895,-0.14316007215830376,-0.07785658115773816,1,0.0653034910005656
-0.05839791222794806,0.016088093381632928,-0.1980813752559486,-0.13501604919994753,0,0.06306532605600107
-0.008959990196619319,0.016802531828723724,-0.15004375258091782,-0.08417782781232083,1,0.06586592476859698
-0.032843260094752205,0.01767544198773783,-0.17563792639071835,-0.10635019379878607,1,0.06928773259193227
-0.010168236252149701,0.016282963222714705,-0.15023364416867052,-0.08640442833562889,1,0.06382921583304163
-0.009055236593748364,0.017891377377883995,-0.152273136254401,-0.08213893693309574,1,0.07013419932130527
-0.004422026282635286,0.017967922930385134,-0.14778995522619015,-0.07735569733908043,1,0.07043425788710972
-0.019445504406525996,0.017596251235558868,-0.16208495682822138,-0.09310765198483062,1,0.06897730484339076
-0.01110423638288767,0.017591120208263308,-0.15373363199108375,-0.0847764407746916,1,0.06895719121639216
-0.033151310048329205,0.017125934409938627,-0.17486894149180893,-0.1077352786048495,1,0.06713366288695943
-0.010548625075760223,0.016743053326713535,-0.15151580959611877,-0.08588304055540169,1,0.06563276904071708
-0.025180897282065726,0.015145695413370136,-0.1630172602922712,-0.10364613427186026,1,0.05937112602041095
-0.010429178049287766,0.01600717675812264,-0.14995404449520813,-0.08720591160336741,1,0.06274813289184072
0.004074798691722573,0.01717103391477314,-0.13773122778123278,-0.07042077483532208,1,0.0673104529459107
-0.043673361644287825,0.017866017765988007,-0.18684155646562434,-0.11680676682295134,0,0.070034789642673
-0.010959966757172104,0.01705290864058432,-0.1525344676927174,-0.08568706582162684,1,0.06684740187109055
-0.040612415079946576,0.01498226199237773,-0.17812844858500693,-0.11939798157488624,0,0.05873046701012069
-0.039074394061226495,0.01642656870779236,-0.1794212687284995,-0.11502911939395348,0,0.06439214933454603
-0.010140751369340131,0.017460441030182534,-0.1525140157884979,-0.08406908695018236,1,0.06844492883831554
-0.030878854745225157,0.016215760465181993,-0.17081254525698186,-0.10724676423346846,1,0.0635657810235134
-0.027673381948605205,0.017616169914139022,-0.1703518749803177,-0.10129648891689272,1,0.06905538606342498
-0.024750782154879872,0.016637107923636596,-0.1655103136852076,-0.10029285062455215,1,0.06521746306065546
-0.0150623323220659,0.01772828234696976,-0.15796056572212663,-0.08846569892200518,1,0.06949486680012146
-0.017015032245285763,0.017636330736321558,-0.15973304048847603,-0.0905986240020955,1,0.06913441648638052
-0.02216119220316916,0.017558596089628672,-0.16472684053884135,-0.09589714386749697,1,0.06882969667134438
-0.009487363655516959,0.017004676584349683,-0.15096732976084234,-0.08430899755019158,1,0.06665833221065076
-0.016452823192548913,0.018238262701232088,-0.16035061808696383,-0.08885662829813402,1,0.0714939897888298
-0.007885868295418166,0.016112989044299978,-0.14761812682224612,-0.08445520976859022,1,0.0631629170536559
-0.02527300105311782,0.017178449697028097,-0.1670935624592929,-0.09975403964694275,1,0.06733952281235016
-0.0028676275859428196,0.01833201716544002,-0.14694918123020526,-0.0750876739416804,1,0.07186150728852486
-0.012479317382792246,0.01652502390808922,-0.1530191642426471,-0.08824107052293738,1,0.06477809371970973
-0.05214395862176706,0.015738219861753135,-0.1911416695508032,-0.12944784769273093,0,0.06169382185807226
-0.02284093143410086,0.018246101112560482,-0.1667540896147194,-0.09522937325348232,1,0.07152471636123708
-0.028643346932790206,0.01672015976123451,-0.16956566006480986,-0.10402263380077056,1,0.0655430262640393
-0.02465405754500137,0.016095190652796895,-0.16435143122448329,-0.10125828386551947,1,0.06309314735896382
-0.014388380050923646,0.017759338663138013,-0.15734748383067415,-0.08773087627117315,1,0.069616607559501
-0.033019695156591825,0.01776342491241509,-0.17598680798492541,-0.10635418232825825,1,0.06963262565666717
0.034928306510569926,0.01695595956078829,-0.10645617422857512,-0.039988812750285034,0,0.06646736147829008
-0.001395480637167032,0.016474413611145856,-0.1418361313150129,-0.07725642995932117,1,0.06457970135569174
-0.01873808865303274,0.01780528050323915,-0.16178723843938148,-0.09199053886668401,1,0.06979669957269746
-0.01083407579061356,0.017402295752323216,-0.15309337546516708,-0.08487637611606005,1,0.06821699934910702
-0.00973203202720059,0.017096911578966714,-0.15139277872197535,-0.08437288533242585,1,0.0670198933895495
-0.05166364025121249,0.016634767526326272,-0.192418584602812,-0.127210295899613,0,0.065208288703199
-0.024543499577251396,0.01688720710892001,-0.1657932255107346,-0.09959537364376819,1,0.06619785186696642
0.0060863345217105486,0.018940298974523716,-0.13918745146835593,-0.06494147948822297,1,0.07424597198013295
-0.025206951894776466,0.017423412529592154,-0.1675076404527771,-0.09920786333677585,1,0.06829977711600126
-0.049234402054871076,0.016779495307019363,-0.19027301285662904,-0.12449739125311313,0,0.06577562160351591
-0.016002880505198255,0.01682344128777938,-0.15712762542924585,-0.09117973558115067,1,0.06594788984809519
0.0038331317036530838,0.01648968920732664,-0.13663745914270714,-0.0719978774499867,1,0.06463958169272044
0.005277494562113363,0.016939731662179953,-0.13607517949575934,-0.06967143138001394,1,0.0664037481157454
-0.00033090492927663473,0.01659758512052473,-0.14101297176550512,-0.07595043809304816,1,0.06506253367245696
-0.04039327709656661,0.01760227669774424,-0.18304453942414534,-0.1140436147689879,0,0.06900092465515743
-0.05928469119690606,0.01600563920990405,-0.198806544048318,-0.13606443834549414,0,0.06274210570282385
-0.015543469815979857,0.018768957492253574,-0.16048142650079686,-0.08690711313116287,1,0.07357431336963399
-0.046847888988014744,0.01737135171603565,-0.18904653835144464,-0.12095083962458487,0,0.06809569872685976
-0.03748219895910852,0.01708811456276852,-0.17912570350213483,-0.11214029441608223,0,0.0669854090860526
-0.026371480033416453,0.01635998300054694,-0.16658784671448845,-0.10245671335234446,1,0.06413113336214399
-0.029384093092626754,0.017022867452434625,-0.17089971329939863,-0.10417007288585489,1,0.06672964041354373
-0.02626597578277269,0.016963019726371594,-0.16766429444646103,-0.10116925711908437,1,0.06649503732737666
-0.02400815503677002,0.01695432522966135,-0.16538943248690627,-0.09892847758663378,1,0.06646095490027248
-0.026109412887840786,0.01831656824276658,-0.1701606866436633,-0.09835973913201829,1,0.07180094751164501
-0.012851641867045197,0.016539712031129982,-0.15342027744805997,-0.08858460628603043,1,0.06483567116202954
-0.06020234189720276,0.017046755245981537,-0.20176478217932658,-0.13494150161507895,0,0.06682328056424763
-0.0007825362754312198,0.01689013792477557,-0.14203800660799135,-0.0758286659428711,1,0.06620934066512024
-0.033921616317473965,0.016733714397606198,-0.1748704965367821,-0.10927433609816582,0,0.06559616043861628
-0.0019413747173118306,0.018085078862012126,-0.1455389292868556,-0.07464542014776807,1,0.07089350913908754
-0.0261088093153191,0.01727160204377174,-0.16811194932111173,-0.1004072693095265,1,0.06770468001158524
-0.021051628983002627,0.015297640728009128,-0.15918580480990052,-0.09921905315610474,1,0.05996675165379578
-0.027092686243633937,0.016349786529258746,-0.16728906784098108,-0.10319790464628681,1,0.06409116319469427
-0.018960178615439013,0.016099574518376406,-0.1586661446714568,-0.09555581255942126,1,0.06311033211203552
-0.030200821310115547,0.01786093062198306,-0.17335904532920235,-0.10334419729102876,1,0.0700148480381736
-0.02692924098183748,0.01657681315244808,-0.16757059476063574,-0.10258948720303925,1,0.06498110755759649
-0.0043209013600272045,0.01933318068763593,-0.15036473550779364,-0.07457866721226078,1,0.07578606829553286
-0.03519419280875265,0.016822042238546202,-0.1763161955963032,-0.1103737900212021,0,0.06594240557510112
-0.018209668542472177,0.01705106868491375,-0.15978056316490313,-0.09294037392004123,1,0.0668401892448619
-0.02995206994515083,0.016880881728553374,-0.17118939813311546,-0.10501634175718622,1,0.06617305637592924
-0.02486022300483666,0.017643618058819914,-0.16759251440012368,-0.09842953160954963,1,0.06916298279057405
-0.030093790574008253,0.016364126161694754,-0.17031827785092998,-0.10617090329708653,1,0.06414737455384345
-0.014716564529399692,0.016630223518124192,-0.15546260262492312,-0.09027212643387628,1,0.06519047619104684
0.0009031562979513325,0.016691541058765438,-0.13996306417722892,-0.07453222322686842,1,0.0654308409503605
0.0029141282184054346,0.017300851126290703,-0.13914633998912435,-0.0713270035740648,1,0.06781933641505955
-0.07386186074170671,0.01679221717558218,-0.21492540640584779,-0.14909991507756565,0,0.06582549132828214
-0.02879790968313635,0.01823003472687169,-0.17267957774780487,-0.10121784161846784,1,0.07146173612933704
-0.044894642801819415,0.01715621528348669,-0.18667162475745333,-0.11941926084618551,0,0.06725236391126782
-0.02577871333995689,0.01837935475392679,-0.1699530486576534,-0.09790597802226039,1,0.072047070635393
-0.008055334505446418,0.016505000778274215,-0.14855593603086387,-0.08385633298002897,1,0.0646996030508349
-0.007343707310183398,0.017115198544953778,-0.1490402964582928,-0.081948718162074,1,0.06709157829621881
-0.00920957102321239,0.01693433584469425,-0.15055166927881314,-0.08416907276761167,1,0.06638259651120147
-0.0059143243586508715,0.017009658670351407,-0.14740405535253964,-0.08072619336476211,1,0.06667786198777753
-0.03609921957650018,0.01719924013884853,-0.1779605302486433,-0.11053950890435707,0,0.06742102134428624
-0.01821763301235553,0.01721734132137847,-0.16011442200225734,-0.09262244402245373,1,0.06749197797980361
-0.028755454101190833,0.01614849473403024,-0.1685573037798901,-0.10525520442249157,1,0.06330209935739851
-0.023013876201921732,0.016852925793811237,-0.16419641075779176,-0.09813294164605171,1,0.06606346911174005
-0.04087948593268108,0.015520827548283862,-0.17945110792731744,-0.11860946393804471,0,0.060841643989272734
-0.05334435697644384,0.015143436719357514,-0.19117629294638458,-0.1318140210065031,0,0.05936227193988147
-0.011684453289210098,0.019340761353535036,-0.15774314554213878,-0.08192736103628143,1,0.07581578450585735
-0.024679108063257668,0.018719563017294584,-0.16952025157715506,-0.09613956454936029,1,0.07338068702779477
-0.001844698044122614,0.015937080423790904,-0.1412321756747528,-0.07875882041349244,1,0.062473355261260355
-0.02055190017033824,0.01651175272462402,-0.16106573551060133,-0.09633966483007517,1,0.06472607068052616
-0.003044906628178315,0.016859170090334576,-0.14423968000523407,-0.07815173325112255,1,0.06608794675411152
-0.014522784579131712,0.018244523806260834,-0.15843285123940296,-0.08691431791886048,1,0.07151853332054248
-0.009795259610885856,0.018407193681639893,-0.15402415922690005,-0.08186795999487168,1,0.07215619923202837
-0.055730453157442336,0.015653756878030736,-0.1945626166383826,-0.1331998896765021,0,0.0613627269618805
-0.027470192166194743,0.01704563882932231,-0.16903044427166647,-0.10221154006072303,1,0.06681890421094344
-0.018487021203986584,0.017119560817137315,-0.1601921604055757,-0.09308348200239745,1,0.06710867840317826
-0.02173649579058433,0.01648514443544151,-0.1621981788840497,-0.09757641269711897,1,0.06462176618693072
-0.024921089311252795,0.015090541233094964,-0.16264935012811893,-0.10349442849438667,1,0.05915492163373226
-0.00586145222588981,0.01671331996285563,-0.14677035935308685,-0.08125414509869278,1,0.06551621425439408
0.0049375953014833135,0.019490951930184203,-0.14141547048167774,-0.06501093891535566,1,0.07640453156632208
-0.026277363498759823,0.01614016876937634,-0.16606289428673746,-0.1027934327107822,1,0.06326946157595525
-0.04534946094411786,0.016309670292382526,-0.18546721471718763,-0.12153330717104811,0,0.06393390754613952
-0.03707656734933855,0.016644736089976964,-0.1778510500856934,-0.1126036846129837,0,0.0652473654727097
-0.047671265785746444,0.017186768568793667,-0.18950813218058205,-0.12213599939091085,0,0.06737213278967119
-0.024851286421899557,0.017637889866497468,-0.1675723505602346,-0.09843182228356454,1,0.06914052827667005
-0.003919724257635579,0.017973240017638593,-0.14729807469220724,-0.07684297382306393,1,0.0704551008691433
-0.027944939807836452,0.016009944214876854,-0.1674752304689951,-0.10471624914667782,1,0.06275898132231728
-0.047960964262718744,0.01866743700564037,-0.19269994079377387,-0.11952358773166363,0,0.07317635306211023
-0.022705699226262657,0.016241981634249933,-0.16269078322939254,-0.09902221522313279,1,0.06366856800625975
-0.010298714155691432,0.017325586276834903,-0.15240766325828786,-0.08449136505309503,1,0.06791629820519283
-0.020479885439353043,0.016879378000033706,-0.1617142663194191,-0.09554710455928699,1,0.06616716176013211
-0.01356963735303042,0.017313206480697545,-0.1556543220551976,-0.08778655265086324,1,0.06786776940433437
-0.024204676776189385,0.016601810175221245,-0.16489502471962303,-0.09981592883275575,1,0.06507909588686728
-0.03824389106516511,0.01705682021087125,-0.17982605867847276,-0.11296332345185747,0,0.06686273522661529
-0.021188549217101935,0.018837674740599494,-0.16626119170867695,-0.09241750672552693,1,0.07384368498315003
-0.030370969636436887,0.015721098847574354,-0.16933512337768264,-0.10770841589519116,1,0.06162670748249148
-0.025888972947602992,0.017113864628897142,-0.1675829476202414,-0.1004965982749646,1,0.0670863493452768
-0.031053613623603885,0.01624295178540887,-0.1710405991230053,-0.1073682281242025,1,0.06367237099880278
-0.03472010373359789,0.01671560280033815,-0.17563348522226066,-0.11010832224493514,0,0.06552516297732552
-0.011631767945810792,0.01590405131217573,-0.15095450851767522,-0.08861062737394637,1,0.06234388114372885
-0.036512187096434376,0.0171372500318004,-0.17825199715876316,-0.1110739770341056,0,0.06717802012465757
-0.04547663341699358,0.016852910387416244,-0.18665913777632942,-0.12059572905765775,0,0.06606340871867167
-0.036904268933382514,0.015588025601190245,-0.1756075991117154,-0.11450253875504963,0,0.061105060356665755
-0.04143281460902061,0.017232416106627332,-0.1833591501780102,-0.11580807904003104,0,0.06755107113797915
-0.018201158248330948,0.017135605266082005,-0.1599377445698517,-0.09276617192681022,1,0.06717157264304147
-0.0202328710653132,0.017496031456484956,-0.16267589272002372,-0.09409144941060268,1,0.06858444330942104
-0.03074429387376977,0.017468714150790467,-0.17313377360931909,-0.10465641413822047,1,0.06847735947109862
-0.020149339087142684,0.01875617246899674,-0.1650622371263763,-0.09153804104790908,1,0.07352419607846722
-0.031289251326567055,0.01724069613112493,-0.17323181574357194,-0.1056482869095622,1,0.06758352883400974
-0.024893895446022704,0.017407311190364406,-0.16716302537913694,-0.09892636551290848,1,0.06823665986622846
-0.03745149378168776,0.016883403526923735,-0.1786937646944583,-0.11251082286891724,0,0.06618294182554106
-0.04891256803775988,0.017035734169897725,-0.1904534070107594,-0.12367332906476035,0,0.06678007794599906
-0.05236585815446869,0.016979569904754695,-0.1937966151677879,-0.1272367011411495,0,0.06655991402663841
0.013713219121306422,0.0186514299024048,-0.130994383487407,-0.05788077826998017,1,0.07311360521742682
0.0020309297665654785,0.01646582002880331,-0.13839287748988902,-0.07384686297698004,1,0.06454601451290898
0.0004916051635885516,0.01855951343538733,-0.1440358411697706,-0.0712825485030523,1,0.07275329266671832
-0.01327645128294265,0.016083689672844723,-0.15295128304171832,-0.089903219524167,1,0.06304806351755132
-0.010324379211411008,0.015573503683951745,-0.14899924643195644,-0.0879511119908656,1,0.06104813444109085
-0.0548329270827876,0.016438071242742176,-0.19520234671856226,-0.13076510744701295,0,0.06443723927154932
-0.02388753897638214,0.017538229093916582,-0.16641326800045864,-0.09766340995230566,1,0.06874985804815298
-0.03705279437708352,0.016674920823259966,-0.17788643919067304,-0.11252074956349399,0,0.06536568962717905
-0.015741397143463468,0.01626940723957195,-0.15578023533302449,-0.09200415895390246,1,0.06377607637912203
-0.03325012455709554,0.016370250290172868,-0.17348661512583435,-0.10931523398835673,0,0.06417138113747763
0.011238494706525534,0.018715007486830026,-0.13359371996766134,-0.060230890619287616,1,0.07336282934837372
-0.02150954176079052,0.01720478632205256,-0.16338172295201353,-0.09593896056956751,1,0.06744276238244602
-0.02597658089552564,0.01741928162629101,-0.16826917288305604,-0.09998558890799526,1,0.06828358397506078
-0.03165477197886239,0.016973649050115405,-0.1730739241170886,-0.1065372198406362,1,0.0665367042764524
-0.02003493595899973,0.01814000895832948,-0.16374015351732552,-0.09263131840067396,1,0.07110883511665156
-0.05848414426371058,0.016351064075961777,-0.19868302985259567,-0.1345868586748255,0,0.06409617117777017
-0.044753339565936315,0.015342741633257396,-0.1829759131671208,-0.12283236596475182,0,0.06014354720236899
-0.04480355008606911,0.017193167189156595,-0.18665295777681604,-0.11925574239532219,0,0.06739721538149385
-0.018495312194471328,0.01731747190479412,-0.16058835712786781,-0.09270386726107485,1,0.06788448986679296
-0.03697706702019231,0.016987350259831863,-0.17842307352946277,-0.11183266051092186,0,0.0665904130185409
-0.03487410011972293,0.018469971618658095,-0.1792260444922928,-0.10682375574715307,1,0.07240228874513972
-0.020777522390994937,0.017626394441290837,-0.16347605549592498,-0.09438058928606491,1,0.06909546620986007
-0.026577841664916182,0.0169335336194056,-0.16791836755895118,-0.10153891577088121,1,0.06637945178806996
-0.01766861862367862,0.01686521226133714,-0.15887523465589942,-0.09276360259145783,1,0.0661116320644416
-0.016172167331513762,0.018279665280793802,-0.16015111128186962,-0.08849482338115791,1,0.07165628790071171
-0.035787680427584026,0.018635818831723452,-0.180464685337762,-0.10741227551740606,1,0.07305240982035593
-0.03784797882317885,0.01759800948888293,-0.1804908774213894,-0.11150668022496832,0,0.06898419719642107
-0.011045405023293722,0.018235368789293275,-0.15493752785030854,-0.08345488219627892,1,0.07148264565402962
-0.014335639770118522,0.016271276929914338,-0.15437814255275062,-0.09059473698748643,1,0.06378340556526418
-0.03526174763334393,0.015693787503476553,-0.174172371140158,-0.1126527241265299,0,0.061519647013628095
-0.01116863498697819,0.01726591067901413,-0.15316061991784588,-0.08547825005611051,1,0.06768236986173537
-0.02507584643720452,0.01717542852168736,-0.16689048633971176,-0.0995628065346973,1,0.06732767980501446
-0.014980802286881215,0.016334505407615035,-0.15514723288580667,-0.09111597168795575,1,0.06403126119785092
-0.025782048239004304,0.015723705103317255,-0.16475131024150613,-0.10311438623650249,1,0.061636924005003646
-0.01772104648327015,0.016819138670985744,-0.1588373582784022,-0.09290633468813811,1,0.06593102359026409
0.012351520318700002,0.016911660720433493,-0.12894613469334965,-0.06265242466925036,1,0.06629371002409928
-0.04396000948870531,0.016809513336613242,-0.18505745562846726,-0.11916416334894336,0,0.0658932922795239
-0.022902868152306174,0.01602676046016132,-0.16246611865422236,-0.09964121765039,1,0.06282490100383237
-0.026504831308632862,0.018066304535877046,-0.17006558819895187,-0.09924567441831386,1,0.07081991378063801
-0.010837153845554573,0.016704503493532006,-0.15172878069287732,-0.08624712699823184,1,0.06548165369464548
-0.028158727275472847,0.017505117927999855,-0.17061955841435256,-0.10199949613659315,1,0.06862006227775941
-0.0032564795591467494,0.018198026116023128,-0.1470754107465521,-0.07573914837174142,1,0.07133626237481067
-0.0522557006570397,0.01657447287255167,-0.19289246748724098,-0.12792053382683843,0,0.06497193366040255
-0.032743681722962145,0.017335272611278124,-0.17487161604106727,-0.10691734740485703,1,0.06795426863621024
0.003912113756744065,0.017044399637637268,-0.137645709533025,-0.07083166295348689,1,0.0668140465795381
0.011292008574546611,0.017041901706811306,-0.13026091877080354,-0.06345666408010324,1,0.0668042546907003
-0.029373516558277177,0.01672270279815934,-0.1703008140426695,-0.10474781907388488,1,0.06555299496878463
-0.01974119148731114,0.01855101239431268,-0.16425197578016398,-0.0915320071944583,1,0.07271996858570569
-0.023745889773700193,0.016796918224455903,-0.16481864949363378,-0.09897473005376663,1,0.06584391943986716
-0.04875022033282876,0.018173607155133196,-0.19252129035688983,-0.1212807503087677,0,0.07124054004812214
-0.002228420380762694,0.01751603695386743,-0.14471065281034287,-0.07604778795118253,1,0.06866286485916034
-0.006672877157961568,0.018899681688060065,-0.1518670532665593,-0.07778030104936384,1,0.07408675221719546
-0.014710171628457877,0.01822519207819593,-0.1585823481017219,-0.08713959515519386,1,0.07144275294652803
0.004469530409195913,0.016147697531590174,-0.13533075675272083,-0.07203178242888736,1,0.06329897432383347
-0.029534865692545917,0.01692481718801172,-0.1708583073810489,-0.10451302400404296,1,0.06634528337700595
-0.01862523761426564,0.017881455384684615,-0.1618236901682475,-0.0917283850602838,1,0.07009530510796369
-0.04164528707359798,0.017910198925029635,-0.18490007696665606,-0.11469209718053991,0,0.07020797978611615
-0.05574250313328798,0.014954891236796417,-0.19320488995740895,-0.13458171630916702,0,0.05862317364824193
-0.024139942230685232,0.01695857575028212,-0.1655295507012382,-0.09905193376013227,1,0.06647761694110593
-0.06441572321091184,0.0165926415359429,-0.20508810062135993,-0.14004494580046375,0,0.06504315482089618
-0.027288279396329454,0.016730322442174976,-0.16823051138299241,-0.1026476474096665,1,0.06558286397332591
-0.036256802448805484,0.01734960522640311,-0.1784128286925556,-0.1104023762050554,0,0.06801045248750019
-0.02317890353453557,0.016961266176851474,-0.16457378524116445,-0.09808562182790669,1,0.06648816341325776
-0.026413344979308043,0.01661908612256133,-0.16713755377952827,-0.10199073617908784,1,0.06514681760044043
-0.011250447768351338,0.01620718110443398,-0.15116732273304195,-0.08763517280366075,1,0.06353214992938121
-0.016504206122258766,0.017942663995718814,-0.15982262755386764,-0.0894873846906499,1,0.07033524286321774
-0.04858681020733814,0.017282184229080035,-0.190610691296335,-0.12286452911834128,0,0.06774616217799373
-0.038877538526118985,0.015340119708691806,-0.17709497315515493,-0.11696170389708305,0,0.060133269258071886
-0.02939427373999652,0.017711100247916126,-0.17225883022591212,-0.10283131725408093,1,0.0694275129718312
-0.031215345355435728,0.016037547787835834,-0.17079973901959397,-0.1079325516912775,1,0.06286718732831648
-0.0449849939394963,0.017215928586727776,-0.18687901396948275,-0.11939257390950986,0,0.0674864400599729
0.005309856563302087,0.016206412204483028,-0.13460551135748466,-0.07107637551591119,1,0.06352913584157348
-0.004225418441068565,0.018861737495436886,-0.14934522393212488,-0.07540721295001226,1,0.07393801098211261
-0.03330965988114294,0.01710260153261714,-0.17498155888507255,-0.10793936087721336,1,0.0670421980078592
-0.028121440785211796,0.015833802374923833,-0.16730649344006251,-0.10523798813036109,1,0.06206850530970143
-0.04767144150339429,0.016614633316701308,-0.18838692280412886,-0.12325756020265974,0,0.06512936260146912
-0.028320349078421778,0.01638693901459136,-0.16858954954702085,-0.10435274860982272,1,0.06423680093719814
-0.006152647193749403,0.016854382036919722,-0.14733803598611206,-0.08126885840138676,1,0.0660691775847253
-0.036788297568568704,0.01664520552047296,-0.1775637003886957,-0.11231449474844171,0,0.065249205640254
-0.0077866131991642246,0.016792393952012888,-0.1488505053451095,-0.08302432105321897,1,0.06582618429189052
-0.01892444052944793,0.017878316467724715,-0.16211674080618838,-0.0920337402527075,1,0.07008300055348088
-0.027927831479302792,0.016090758417996214,-0.16761651797857538,-0.10454074498003021,1,0.06307577299854517
-0.02220172897547583,0.018461868007237772,-0.16653779026966187,-0.0941672676812898,1,0.07237052258837207
0.003646809781711266,0.01616262846130515,-0.13618274200244684,-0.07282523843413065,1,0.0633575035683162
-0.03340736833278722,0.01743543329687103,-0.17573161759465444,-0.10738471907092001,1,0.06834689852373443
-0.05694418637170788,0.019427281564496038,-0.20317245823812013,-0.12701751450529564,0,0.0761549437328245
-0.018237929192851318,0.015397381419918614,-0.1565675967758918,-0.09620986160981085,1,0.06035773516608095
-0.019793951560231213,0.017557423458992027,-0.1623573015398556,-0.09353220158060685,1,0.06882509995924874
-0.05540034497366621,0.018208647033132203,-0.19924009315860533,-0.1278621967887271,0,0.07137789636987824
-0.020738599804330196,0.017775263059770934,-0.16372891540148124,-0.09404988420717916,1,0.06967903119430208
-0.0031323007818842424,0.017812649893702535,-0.1461958945735412,-0.07637030699022729,1,0.06982558758331392
-0.04041205528316867,0.01674468552993961,-0.1813824389218503,-0.11574327164448704,0,0.06563916727736326
-0.01350032875720085,0.017047326548956132,-0.15506388879315486,-0.08823836872124684,1,0.06682552007190802
-0.020117775564407067,0.019198363396293213,-0.16589736782114178,-0.09063978330767238,1,0.07525758451346941
-0.03119847908264177,0.018494518867199935,-0.17559853606235365,-0.1031000221029299,1,0.07249851395942375
-0.03405553440995539,0.01676445594740435,-0.17506466806686793,-0.10934800075304286,0,0.06571666731382507
-0.04755105921958931,0.017426611327936218,-0.18985801742234432,-0.12154570101683433,0,0.06831231640550998
0.005870627575556106,0.01705701211353593,-0.1357119161669743,-0.06884842868191347,1,0.06686348748506084
-0.0036626827907293297,0.017152680500978387,-0.14543273657264696,-0.0781942290088117,1,0.06723850756383526
-0.04857217807080842,0.017143903809009396,-0.19032502953646685,-0.12312092660515,0,0.06720410293131684
-0.03992506284513027,0.01521860640986109,-0.17790433140845802,-0.11824739428180253,0,0.059656937126655485
-0.0392120622023653,0.016892599002683764,-0.18047235624762548,-0.11425336815710513,0,0.06621898809052035
-0.013594698494855076,0.016418618801806267,-0.15392599134639537,-0.0895650056433148,1,0.06436098570308058
-0.02971377061464882,0.016734607888743966,-0.170664402076587,-0.10506473915271065,1,0.06559966292387635
0.009268142239328522,0.018323655423373605,-0.13479702239048375,-0.06296829313085922,1,0.07182872925962452
0.007586280459284986,0.018022150716671053,-0.13588793494539028,-0.06524110413603976,1,0.07064683080935052
-0.028403334506583236,0.017120627047283687,-0.17011056351925927,-0.10299770549390722,1,0.06711285802535205
-0.022255021313381154,0.018285563808306985,-0.16624552637766285,-0.09456611624909947,1,0.07167941012856338
-0.041056547854671846,0.017010091151149032,-0.18254712651092395,-0.11586756919841976,0,0.06667955731250419
-0.03796010898531392,0.016496480787594484,-0.17844401132899912,-0.11377780664162873,0,0.06466620468737039
-0.04514116553853116,0.016550415809034484,-0.18573078052423875,-0.12085315055282358,0,0.06487762997141516
0.013189347112574204,0.017357952278280613,-0.1289830393528558,-0.0609398664219958,1,0.06804317293085999
-0.03864365740894958,0.014965115830200736,-0.17612608443614303,-0.11746283038175614,0,0.05866325405438688
-0.019250776235984493,0.018032420211325416,-0.1627451198501823,-0.09205803262178669,1,0.07068708722839562
-0.0392411980564014,0.015681871582790132,-0.17812846635867008,-0.11665552975413275,0,0.06147293660453733
-0.012140469955417801,0.018757467004165508,-0.1570559052835822,-0.0835266346272534,1,0.0735292706563288
-0.0356824440301743,0.015493868309580081,-0.17420122591695125,-0.11346526214339735,0,0.060735963773553905
-0.01762499492800705,0.015926646835596928,-0.15699202272577703,-0.09455956713023708,1,0.06243245559553995
-0.020689683724896588,0.017398374696223178,-0.162941298129494,-0.09473966932029917,1,0.06820162880919484
-0.02307743360775623,0.016314846517021895,-0.16320533278111915,-0.09925113443439332,1,0.06395419834672583
-0.032365487069193136,0.015294328168680005,-0.17049317027980596,-0.11053940385858033,0,0.05995376642122563
-0.029697365046612453,0.016944995938051526,-0.17106035708519346,-0.10463597300803146,1,0.066424384077162
-0.033276949032150796,0.017310489297970362,-0.1753563080561727,-0.1074991900081289,1,0.0678571180480438
-0.016484374464296805,0.017710409222082165,-0.15934757653957785,-0.08992277238901578,1,0.06942480415056207
-0.03797485913229558,0.01683742841201979,-0.17912701881985438,-0.11312429944473679,0,0.06600271937511759
-0.009713941193221373,0.018277671590236137,-0.1536889775100842,-0.08204050487635856,1,0.07164847263372565
-0.03274057066941512,0.017769593821897616,-0.17571977456033444,-0.1060629667784958,1,0.06965680778183864
0.008835599502922523,0.018019531344103147,-0.13463348193151964,-0.06399691906263531,1,0.07063656286888433
-0.02366425097916601,0.015661105932993618,-0.1625108186078335,-0.10111928335049852,1,0.061391535257334984
-0.010421508518576525,0.017394572889134527,-0.1526656713812802,-0.08447894565587286,1,0.06818672572540735
-0.04110308433334557,0.0171329353806035,-0.18283443767932844,-0.11567333098736271,0,0.06716110669196573
-0.02096925746686147,0.01686386416117949,-0.16217323122277327,-0.09606688371094968,1,0.0661063475118236
-0.015664933170690495,0.01760085159782451,-0.15831340230242655,-0.08931806403895445,1,0.0689953382634721
-0.006888145521241049,0.017724740181534686,-0.14977943627704904,-0.08029845476543307,1,0.06948098151161597
-0.03340081332010818,0.0160972171063244,-0.173102158848504,-0.11000106779171236,0,0.06310109105679164
-0.014925939194268309,0.01775270740329095,-0.15787204570471858,-0.08828143268381805,1,0.06959061302090053
-0.007253666102117681,0.017402618194567426,-0.14951359776346984,-0.08129533444076553,1,0.06821826332270431
-0.01693091098653275,0.017700979919042216,-0.1597756316278555,-0.09038779034521002,1,0.06938784128264547
0.0023795119345467047,0.01764281351900822,-0.14035120256270942,-0.07119137356819719,1,0.06915982899451223
-0.018266291256664943,0.017380899888323295,-0.16048365503777862,-0.09235052747555128,1,0.06813312756222734
-0.03043389075960011,0.015702518759123037,-0.16936162752748127,-0.10780775399171896,1,0.061553873535762305
-0.031109922752454375,0.01678596553411621,-0.17216121519932215,-0.10636023030558661,1,0.06580098489373554
-0.05685829975655714,0.01611280541884118,-0.19659019837748587,-0.13342800113562842,0,0.06316219724185745
-0.019987513547017013,0.016072900000808646,-0.15964119754860195,-0.09663542954543208,1,0.06300576800316987
-0.05492432654918429,0.017237697307221765,-0.19686101327133895,-0.12928923982702964,0,0.06757177344430931
-0.02251609014901658,0.01728069207166357,-0.16453704660947718,-0.09679673368855599,1,0.0677403129209212
-0.012818237360884263,0.017549125429246543,-0.1553653232022075,-0.08657275151956104,1,0.06879257168264646
-0.012393238440955037,0.017367400914958645,-0.154584144234274,-0.08650393264763609,1,0.0680802115866379
-0.020471108290789117,0.01678050973736354,-0.16151170737602166,-0.09573210920555658,1,0.06577959817046508
-0.037602225876419634,0.014763154568085171,-0.17468880882986657,-0.1168172429229727,0,0.057871565906893865
-0.008304123353530521,0.017376633522643774,-0.1505131250579123,-0.08239672164914873,1,0.06811640340876358
-0.020822759703083296,0.017403061108727146,-0.16308355947618852,-0.0948635599299781,1,0.06821999954621043
-0.05965752908430448,0.016184567977842484,-0.19953008232087577,-0.1360865758477332,0,0.06344350647314256
-0.012196320834808136,0.017939255277913586,-0.15550806117951876,-0.08518618049009752,1,0.07032188068942125
-0.03382012534917293,0.017106878139732353,-0.17550040650304835,-0.10844144419529753,0,0.06705896230775082
-0.022005383192480868,0.01694090661689141,-0.16336036016158803,-0.09695200622337372,1,0.06640835393821432
-0.02018118522621455,0.017554847368575127,-0.16273948606862182,-0.09392448438380731,1,0.06881500168481451
-0.02838508477815231,0.015992939757908532,-0.16788204670365303,-0.1051897228526516,1,0.06269232385100143
-0.017782669876840088,0.01651066990055187,-0.15829438288192177,-0.09357255687175842,1,0.06472182601016335
-0.023301940778218497,0.017671989698021785,-0.1660898405863412,-0.0968156409700958,1,0.06927419961624538
-0.028627756685686304,0.015359377316834111,-0.16688293622668116,-0.10667417714469145,1,0.06020875908198971
-0.026181770563994997,0.015556926500555226,-0.16482414650508326,-0.10384099462290676,1,0.0609831518821765
-0.03573221832982225,0.016193033603793892,-0.17562136419325827,-0.11214467246638624,0,0.06347669172687204
-0.02908917558612871,0.01639714050714844,-0.16937837098013966,-0.10510158019211777,1,0.0642767907880219
-0.012082444566945114,0.017796052521491423,-0.1551135075090683,-0.08535298162482194,1,0.06976052588424636
-0.02338421973638384,0.015423709188890878,-0.16176548974660998,-0.10130454972615772,1,0.060460940020452256
-0.0203217957276685,0.01686689013248529,-0.16153170038733966,-0.09541349106799735,1,0.06611820931934231
-0.031052474189354487,0.01708762077873098,-0.17269501091566722,-0.10571153746304177,1,0.06698347345262545
-0.033025918233238874,0.016874492968038085,-0.17425072445059353,-0.10810271201588423,1,0.0661480124347093
-0.003497281098773411,0.016511726293222697,-0.1440110646334899,-0.07928509756405694,1,0.06472596706943295
-0.036511937443205564,0.017483657755347857,-0.17893070664368738,-0.11039476824272376,0,0.06853593840096361
-0.0011391446730039528,0.019397367690916517,-0.14730878534720032,-0.0712711039988076,1,0.07603768134839273
0.005409890713473933,0.01750093026279597,-0.13704273260160618,-0.06843908597144596,1,0.06860364663016022
-0.027442664027544986,0.017042315165122397,-0.16899640175118488,-0.1021905263039051,1,0.06680587544727978
-0.02101495442294378,0.01602348360960735,-0.1605717822977742,-0.09775972654811338,1,0.06281205574966081
-0.018971716207981784,0.017464678550533755,-0.16135328616702793,-0.09289174624893563,1,0.0684615399180923
-0.024961747309063045,0.017769043835969427,-0.16793987322756312,-0.09828522139056298,1,0.06965465183700015
-0.020100931800338576,0.018068049065281963,-0.16366510796829123,-0.09283835563238593,1,0.0708267523359053
-0.032137781782668615,0.017121873640288287,-0.17384745411763367,-0.10672970944770357,1,0.06711774466993009
-0.02044653628750613,0.01714399793676232,-0.1621995722435603,-0.09499510033145199,1,0.06720447191210831
-0.029498416288778515,0.01682307634747771,-0.17062244592983483,-0.10467598664772221,1,0.06594645928211262
-0.018647459932761748,0.017764553114168347,-0.1616167840365317,-0.0919797358289918,1,0.06963704820753991
-0.014627154422955022,0.017310719069969994,-0.15670696380009622,-0.08884894504581384,1,0.06785801875428238
-0.03046062739000517,0.01746077367494638,-0.17283454379290009,-0.10438831098711027,1,0.06844623280578982
0.0065986732162682665,0.01580921791428153,-0.13253819389572352,-0.07056605967173994,1,0.06197213422398358
0.01067685480826204,0.01911205442519016,-0.13493357186511068,-0.06001431851836525,1,0.07491925334674543
-0.034413457832389485,0.01685483468839607,-0.1755997338216458,-0.1095287818431332,0,0.0660709519785126
-0.011038510799292287,0.01757204195502561,-0.1536305130311425,-0.0847481085674421,1,0.0688824044637004
-0.005651192187540163,0.017032189229421794,-0.14718508307720687,-0.08041890129787346,1,0.06676618177933341
0.020138316863257358,0.01678610710337641,-0.1209132530593604,-0.055111713214124884,1,0.06580153984523551
-0.026711649548388186,0.017751990412180934,-0.1696563507562628,-0.10006854834051357,1,0.06958780241574924
-0.023500940674196405,0.015576269417217353,-0.1621812287319424,-0.1011222526164504,1,0.061058976115492006
-0.010721841444164451,0.017914382223937347,-0.15398483060308166,-0.08376045228524726,1,0.0702243783178344
-0.05571835346105146,0.015553348718757147,-0.19435371694981546,-0.13338458997228747,0,0.06096912697752799
-0.03220128001571319,0.01618399723593785,-0.17207271459815138,-0.10863144543327502,0,0.06344126916487636
-0.0011119479563816287,0.0183872641513696,-0.14530178569306607,-0.07322371021969722,1,0.07207807547336885
-0.02620038155340955,0.017262775456799856,-0.16818622144873727,-0.10051614165808184,1,0.06767007979065542
-0.03881880129315311,0.016491322118054187,-0.17929259264453934,-0.11464660994176691,0,0.06464598270277243
-0.0468189873230699,0.018293454918260635,-0.19082495896286075,-0.11911461568327905,0,0.0717103432795817
-0.044466292817815264,0.01640825808885475,-0.18477727867197058,-0.12045690696365996,0,0.06432037170831062
-0.023528211197322915,0.0165239969885273,-0.16406604529483643,-0.09929197709980941,1,0.06477406819502701
-0.06575082891097588,0.01667545318597887,-0.20658551715549447,-0.1412177406664573,0,0.06536777648903719
-0.00818146086122927,0.01700530243311792,-0.1496626536301404,-0.08300186809231816,1,0.06666078553782223
-0.038210151767027925,0.016377149997915022,-0.17846016576294138,-0.11426173777111448,0,0.0641984279918269
0.02562772422394545,0.018963339029894874,-0.11969122027464851,-0.045354931277460604,1,0.07433628899718792
-0.004192903221193436,0.015758012658242997,-0.1432294080313497,-0.08145799841103717,1,0.06177140962031254
-0.028629495956702125,0.015679688306753942,-0.16751248503793986,-0.1060481068754644,1,0.061464378162475464
-0.03255828329588527,0.016158547198804003,-0.17237983580554112,-0.10903833078622943,0,0.06334150501931168
0.012117170541314462,0.01860585121957194,-0.13250109784904654,-0.05956616106832454,1,0.07293493678072199
-0.03059380400862162,0.016000444584711972,-0.1701054753946571,-0.10738373262258616,1,0.06272174277207093
-0.021282723666093115,0.016540232172643783,-0.16185237872447494,-0.0970146686077113,1,0.06483771011676365
-0.03950250755868172,0.016335476405365756,-0.1796708413131986,-0.11563577380416484,0,0.06403506750903376
0.005310566380165679,0.017684541808772852,-0.1375019355650291,-0.06817853167463954,1,0.06932340389038956
-0.028490747543843273,0.015933422533880918,-0.16787105571024988,-0.10541203937743668,1,0.0624590163328132
-0.0629310969460118,0.015852117333702828,-0.20215204692006936,-0.14001174697195426,0,0.062140299948115096
-0.04245053539069531,0.018356061511617776,-0.18657921595346616,-0.11462345482792446,0,0.0719557611255417
-0.026288186099849606,0.016642064947440305,-0.1670574333968326,-0.10182053880286662,1,0.06523689459396598
-0.054669497133647424,0.0166803958211816,-0.19551387294316336,-0.1301267213241315,0,0.06538715161903186
0.008245856473069371,0.017276416192556,-0.1337667192643404,-0.06604316778952088,1,0.06772355147481951
-0.004249761859816445,0.017702280269775057,-0.14709703118857556,-0.07770409253105734,1,0.06939293865751822
-0.017758099383644185,0.017431434773258876,-0.16007451153923158,-0.0917432872280568,1,0.06833122431117478
-0.004519746429843749,0.018219293195651316,-0.14838036109332034,-0.07696073176636717,1,0.07141962932695317
-0.0025943167868817812,0.017259549128296026,-0.14457383307834198,-0.07691640049542157,1,0.06765743258292041
-0.04471573363356217,0.016694243627622573,-0.18558725114370242,-0.12014581612342193,0,0.06544143502028049
-0.026249531132150658,0.01597071251774399,-0.1657029276669289,-0.10309773459737244,1,0.06260519306955646
-0.012809437343356253,0.017011910810317596,-0.15430358253157875,-0.08761689215513377,1,0.06668669037644498
-0.018284568936225445,0.017504618440633307,-0.16074442107986672,-0.09212631679258418,1,0.06861810428728254
-0.02461586478959636,0.016483555956324773,-0.16507443446399292,-0.10045889511519981,1,0.0646155393487931
0.0008342502960376613,0.01902643693767316,-0.14460836610180172,-0.07002473330612295,1,0.07458363279567877
0.003226900845080191,0.019471843044199074,-0.14308871152155,-0.06675908678828962,1,0.07632962473326038
-0.009118191580563442,0.01790103299309813,-0.1523550162470358,-0.08218296691409112,1,0.07017204933294467
-0.049657785518442035,0.01767874634130017,-0.19245892834739037,-0.12315824268949371,0,0.06930068565789665
-0.034384110745464144,0.016225213081603664,-0.17433632838540733,-0.11073349310552097,0,0.06360283527988636
-0.0010578132030535231,0.017124909714518983,-0.14277343624351074,-0.07564379016259631,1,0.06712964608091443
-0.028685364698795304,0.015981079403415088,-0.1681590803294889,-0.10551324906810174,1,0.06264583126138716
-0.03713565353038813,0.01717727472406266,-0.17895391198955093,-0.11161899507122533,0,0.0673349169183256
-0.039409391440061406,0.014750975933068261,-0.1764721042688752,-0.11864827861124762,0,0.05782382565762757
-0.025660799094649925,0.016105073791738894,-0.16537754372645816,-0.1022456544628417,1,0.06313188926361646
-0.04444328987815942,0.01665841352014436,-0.18524458037764235,-0.11994359937867648,0,0.06530098099896588
-0.018932126275474984,0.017330716879711165,-0.1610511313597089,-0.0931147211912411,1,0.06793641016846778
-0.03790037432658931,0.016916191381340387,-0.17920690943401646,-0.11289543921916216,0,0.0663114702148543
-0.05449568433846798,0.018091372404962402,-0.1981055742521943,-0.12718739442474167,0,0.07091817982745263
-0.04149526130169297,0.01731129986399936,-0.18357620903513172,-0.11571591356825423,0,0.0678602954668775
-0.030663265380092772,0.01766011021058496,-0.1734278813928393,-0.10420024936734626,1,0.06922763202549304
-0.034715689534492236,0.017374675645180318,-0.17692085379904565,-0.10881212526993882,0,0.06810872852910684
-0.0348378838388763,0.01693355169454008,-0.17617844516017486,-0.10979892251757775,0,0.06637952264259711
-0.025629344978539456,0.018012486644248062,-0.16908461880126566,-0.09847567115581327,1,0.07060894764545239
-0.04878435368956534,0.01633919853376175,-0.18895998281573836,-0.12491032456339232,0,0.06404965825234604
0.012930496268825267,0.018322038177044773,-0.13113149855818249,-0.059309108904166984,1,0.0718223896540155
-0.0174147550944886,0.0165878931340154,-0.15807782563715878,-0.09305328455181842,1,0.06502454108534035
-0.006391012140635657,0.01752666511122792,-0.14889407575864239,-0.08018954852262894,1,0.06870452723601345
-0.03327751356666804,0.016028874990982083,-0.17284490854899293,-0.11001171858434317,0,0.06283318996464976
-0.03063241344995725,0.017130669838565083,-0.1723593263335448,-0.1052071005663697,1,0.06715222576717511
-0.024263888625135913,0.015738582707019725,-0.1632623107308946,-0.10156706651937726,1,0.06169524421151733
-0.009330043735930424,0.01770692547907235,-0.15218641767491223,-0.08277526979694863,1,0.0694111478779636
-0.03158293810243175,0.016466485901771553,-0.172008050469904,-0.10745942573495951,1,0.06454862473494449
-0.016823472789954982,0.017882821797723505,-0.16002460351349307,-0.08992394206641692,1,0.07010066144707615
-0.020771061229007057,0.01621612708835611,-0.16070547032218505,-0.09713825213582908,1,0.06356721818635597
-0.020332581914122808,0.01913931398398422,-0.1659964373227319,-0.09097032650551375,1,0.07502611081721815
-0.007344256098658006,0.01618005494923366,-0.147207963799156,-0.08378214839816003,1,0.06342581540099596
-0.008551174058468766,0.017625555013822188,-0.15124806188556025,-0.08215588623137729,1,0.06909217565418296
-0.032561231748486255,0.017741448584662537,-0.17548527097442485,-0.10593879252254769,1,0.06954647845187716
-0.026311119370034122,0.016493463175538493,-0.16678910719408957,-0.10213473154597869,1,0.06465437564811088
-0.03817846069478388,0.01589990060805466,-0.17749306588657102,-0.11516545550299676,0,0.06232761038357426
-0.01641182084620442,0.01648112926932401,-0.15686563421407948,-0.09225960747832937,1,0.06460602673575011
-0.04401310884728292,0.016160497633241115,-0.18383848420843552,-0.12048933348613033,0,0.06334915072230518
-0.010853736628064645,0.017682318840652026,-0.15366188155574262,-0.08434719170038668,1,0.06931468985535594
-0.03795749243818276,0.017270298307625404,-0.17995807712112855,-0.11225850775523698,0,0.06769956936589157
-0.015266175117306505,0.018564088587049735,-0.159802588747924,-0.08703136148668902,1,0.07277122726123497
-0.01870827335638696,0.01798491457951067,-0.1621095059322279,-0.09160864078054605,1,0.07050086515168184
-0.035030096588941226,0.016079734608793778,-0.17469717642217703,-0.11166461675570544,0,0.06303255966647159
-0.014624848017084788,0.018405488925659925,-0.15885040631137826,-0.08670088972279134,1,0.07214951658858691
-0.0078561119147839,0.019715937321980365,-0.1546501490658654,-0.0773636747637024,1,0.07728647430216301
-0.052003735618309885,0.01645440591557006,-0.19240517121282721,-0.12790390002379257,0,0.06450127118903465
-0.0005430275112219413,0.018105856073275854,-0.14418130541484261,-0.07320634960760128,1,0.07097495580724134
-0.032232441113169766,0.017185747992985428,-0.1740673071794212,-0.10669917504691834,1,0.06736813213250287
-0.009610842988361554,0.016866769868117335,-0.15082051192987153,-0.08470277404685159,1,0.06611773788301994
-0.03391561666721961,0.017618108869847302,-0.17659791005212033,-0.1075349232823189,1,0.06906298676980144
-0.022455496411561568,0.015961762251241324,-0.16189135042399455,-0.09932124239912858,1,0.06257010802486597
-0.013596693663077516,0.014986447483913595,-0.15112093073154817,-0.09237405659460687,1,0.058746874136941296
-0.025267078172305266,0.01607702287497874,-0.1649288430072636,-0.10190691333734694,1,0.06302192966991665
-0.020157813971887942,0.016075063363831427,-0.15981573816499756,-0.09680148977877835,1,0.0630142483862192
-0.0005938750239873197,0.017788670512138983,-0.14361046922777973,-0.07387888082019492,1,0.06973158840758481
-0.025234012886089244,0.017097975397408264,-0.16689684466500945,-0.09987278110716905,1,0.06702406355784041
0.025341654203528755,0.016904591956463065,-0.11594214603113887,-0.04967614556180364,1,0.06626600046933523
-0.03659770397340274,0.015877058015264865,-0.1758675376833219,-0.1136294702634836,0,0.06223806741983828
-0.05594164960184432,0.015609756230122973,-0.19468757181288535,-0.1334973273908033,0,0.06119024442208204
-0.01566536641529158,0.017768442555823216,-0.1586423138247051,-0.08899001900587808,1,0.06965229481882701
-0.010501889661220523,0.016745117483868498,-0.15147311992960277,-0.08583225939283828,1,0.06564086053676449
0.0016980132417001165,0.016878729645131794,-0.1395350968627582,-0.07337047665384158,1,0.06616462020891661
-0.0023998245710290383,0.018579301936377628,-0.1469660563663292,-0.07413519277572889,1,0.07283086359060031
-0.030451664363522132,0.015904057949729745,-0.16977441794499243,-0.10743051078205183,1,0.062343907162940596
0.007894389323822623,0.01867236293727278,-0.13685424203323204,-0.06365857931912272,1,0.07319566271410932
-0.035559024179736984,0.015772561373270284,-0.17462404447134675,-0.11279560388812723,0,0.06182844058321951
-0.055243815558978185,0.017545680359585664,-0.1977841490637661,-0.12900508205419028,0,0.06877906700957581
0.025900305632624868,0.018004664038933933,-0.11753963588368564,-0.04696135285106463,1,0.07057828303262101
-0.03479098499120788,0.016871235709091572,-0.17600940698102735,-0.1098741630013884,0,0.06613524397963895
-0.005740418148641388,0.017670987594544735,-0.14852635383394908,-0.07925608246333371,1,0.06927027137061537
-0.036700299068312445,0.017212957955194532,-0.17858849666049373,-0.11111370147613117,0,0.06747479518436256
0.02397589562589343,0.017435810720249533,-0.11834909338579566,-0.05000071536241749,1,0.06834837802337818
-0.014650148964808832,0.017730033819568742,-0.15755181525116357,-0.0880500826784541,1,0.06950173257270947
-0.007043713660018339,0.017704903534336607,-0.1498961245873181,-0.08049290273271859,1,0.06940322185459952
-0.031095970569643402,0.017456388089469237,-0.17346129122500312,-0.1050322499142837,1,0.06842904131071942
-0.05518497194174356,0.016566271025681485,-0.19580566315207926,-0.13086588073140787,0,0.06493978242067139
-0.04853334260099908,0.015575107128904418,-0.18721135257365173,-0.12615693262834643,0,0.061054419945305305
-0.022703859115739425,0.0174978641743475,-0.16515047289746054,-0.09655884533401833,1,0.06859162756344221
-0.015511246378538332,0.017033197547512962,-0.15704711357166373,-0.09027697918541294,1,0.06677013438625079
-0.015412565990004942,0.016026389405550734,-0.1549750892248844,-0.09215164275512551,1,0.06282344646975889
-0.007454039184129804,0.017853090118971293,-0.15059689581731356,-0.08061278255094607,1,0.06998411326636748
0.0032095690820504036,0.016861167743145066,-0.13798911969451394,-0.07189334214138526,1,0.06609577755312868
-0.024530479276226105,0.017707767061057374,-0.16738850271589856,-0.09797405583655366,1,0.0694144468793449
-0.0034235734231693044,0.018090459067854472,-0.14703167319616406,-0.07611707365017455,1,0.07091459954598951
-0.04754149638899187,0.01506235527221774,-0.18521451272253864,-0.1261700800554451,0,0.05904443266709353
-0.011336072261340938,0.017151500020721633,-0.15310381230195536,-0.08586993222072654,1,0.06723388008122881
-0.019326884083697884,0.016517512895309863,-0.15985200935850521,-0.09510335880889056,1,0.06474865054961465
-0.06591595182468453,0.01594603664367616,-0.2053209836462898,-0.14281252000307926,0,0.06250846364321055
-0.02727473694193293,0.016719265229312018,-0.16819529679138448,-0.10265577709248139,1,0.06553951969890309
-0.03642186996314077,0.015701956248401403,-0.17534850421000753,-0.11379683571627403,0,0.0615516684937335
-0.03386847286458851,0.016786838051752264,-0.17492147544602293,-0.10911707028315408,0,0.06580440516286885
-0.019973107105038426,0.016682614997093455,-0.1608218324993416,-0.09542598171073527,1,0.06539585078860632
-0.0074342046525785604,0.01677032446707493,-0.14845484060804542,-0.08271516869711171,1,0.06573967191093372
-0.027758574776710634,0.017294360277419808,-0.16980632092045345,-0.10201242863296782,1,0.06779389228748563
-0.0088576312814624,0.016414273927479024,-0.1491804081793213,-0.08483645438360352,1,0.06434395379571778
-0.04990730141651241,0.016804956797486417,-0.1909958167395858,-0.12512038609343903,0,0.06587543064614676
-0.03241878842725025,0.015572183557633132,-0.1710910682002112,-0.11004810865428932,0,0.06104295954592187
-0.024798475245032328,0.01616235841653938,-0.16462749774144952,-0.10127105274861514,1,0.06335644499283438
-0.027598921801819512,0.01839897054548653,-0.17181170407097313,-0.09968773953266591,1,0.07212396453830722
-0.06862378647133151,0.016685372376551925,-0.2094779163293733,-0.14407125661328973,0,0.06540665971608356
-0.02281951978710721,0.016672806987565885,-0.16364902148273636,-0.09829161809147807,1,0.06535740339125828
-0.07012900886780242,0.016530546014966608,-0.21067967905713697,-0.14587993867846788,0,0.06479974037866909
-0.02350890386882455,0.015019267102218027,-0.16109746738917188,-0.10222194034847723,1,0.05887552704069465
-0.020512346600236694,0.017508132179936964,-0.16297908567291314,-0.09434720752756025,1,0.06863187814535289
-0.01567535255137177,0.017046965975232423,-0.15723820586282733,-0.09041409923991622,1,0.0668241066229111
-0.023972640855278546,0.0169388317256664,-0.1653235510375847,-0.0989233306729724,1,0.0664002203646123
-0.03539589065688738,0.017252713264984443,-0.1773620086562569,-0.10973137265751787,0,0.06763063599873903
-0.032535290952757825,0.015032974723070325,-0.17015072140997567,-0.11122146049553999,0,0.05892926091443568
0.012635895562515001,0.017264949808687372,-0.12935420606251224,-0.06167560281245776,1,0.06767860325005448
-0.002022509292574484,0.018675871363441635,-0.1467780171649201,-0.07356860142022889,1,0.0732094157446912
-0.025889591583473773,0.018130504772036985,-0.16957618093666627,-0.09850460223028129,1,0.07107157870638497
-0.04876550578314558,0.01703719955749466,-0.19030921691583513,-0.12352339465045604,0,0.06678582226537909
-0.03927512466969972,0.01680863663443499,-0.1803708524731923,-0.11448099686620715,0,0.06588985560698514
-0.01821481066464091,0.017362701607599125,-0.1603965058155352,-0.09233471551374664,1,0.06806179030178855
0.0006473449843174689,0.017619469635718334,-0.14203761550169047,-0.0729692945296746,1,0.06906832097201587
-0.00905693121934488,0.0165721687897126,-0.14968918204718157,-0.08472628039150819,1,0.06496290165567338
-0.00457404297564952,0.016851881518598347,-0.1457545307521023,-0.07969515519919676,1,0.06605937555290553
-0.025381893441564232,0.017386280296349425,-0.16760980282240912,-0.09945558406071936,1,0.06815421876168976
-0.006487111508790597,0.016741061075252275,-0.14745039121628506,-0.08182543180129614,1,0.06562495941498891
-0.021033477775413714,0.018939756853647977,-0.16630620120856376,-0.09206235434226367,1,0.07424384686630009
-0.019931200872982766,0.01650888056165619,-0.1604394067738289,-0.09572459497213665,1,0.06471481180169225
-0.018766309233754733,0.017651335702420244,-0.16151372721049842,-0.09232049125701106,1,0.06919323595348736
-0.026056400662771192,0.017829935967250212,-0.1691538751585816,-0.09926052616696078,1,0.06989334899162082
-0.034032611819454925,0.01592151044535543,-0.17338957229235158,-0.11097725134655828,0,0.0624123209457933
-0.00546436011753286,0.017489144590593978,-0.14789388351509705,-0.07933643671996868,1,0.06855744679512837
-0.036371408027691746,0.01733437309455382,-0.17849757929301724,-0.11054683676236626,0,0.06795074253065098
-0.019861611617250988,0.017553287680501222,-0.16241685547103338,-0.09360796776346861,1,0.06880888770756477
-0.029969293549025264,0.016835785692857357,-0.17111823350702568,-0.10512195359102486,1,0.06599627991600082
-0.006126681503932654,0.018943488363685385,-0.151406718696756,-0.07714824431110931,1,0.0742584743856467
-0.03001667198848222,0.017295954190700454,-0.17206754220225512,-0.10426740177470933,1,0.06780014042754579
-0.007930473465783114,0.017703715093901166,-0.1507805550498294,-0.08138199188173684,1,0.06939856316809256
-0.033507859197765236,0.01801168663893568,-0.17696156501007917,-0.10635575338545131,1,0.07060581162462787
-0.02335873664443751,0.01670009038521409,-0.16424171379945712,-0.0987773594894179,1,0.06546435431003922
-0.03577903968004849,0.01640836266060028,-0.17609023049482503,-0.11176944886527194,0,0.06432078162955308
-0.023508116388997954,0.017966281366743754,-0.1668728278678157,-0.09644500491018021,1,0.0704278229576355
-0.02310327556692708,0.01625742354408305,-0.16311862571332986,-0.09938952542052432,1,0.06372910029280554
-0.020268859263243386,0.015525601641458813,-0.15884983848050266,-0.09798948004598412,1,0.060860358434518536
-0.024200601407371056,0.017277892482234738,-0.16621607067255115,-0.09848673214219097,1,0.06772933853036017
-0.01992705459703871,0.0173076452186118,-0.16200083922551783,-0.0941548699685596,1,0.06784596925695824
-0.013520105804097807,0.01651414184324427,-0.15403862381685657,-0.08930318779133904,1,0.06473543602551753
-0.03595111580018294,0.017635933921929567,-0.17866834628716488,-0.109535485313201,0,0.06913286097396389
-0.04263190233066784,0.01648061723313453,-0.1830847121076115,-0.11848069255372418,0,0.06460401955388734
-0.03983930931266118,0.016367207607548725,-0.18006983622345668,-0.11591038240186569,0,0.064159453821591
-0.02671470323282045,0.016653903450703948,-0.1675071539962002,-0.10222385246944071,1,0.06528330152675949
-0.05533534774218195,0.01878687466543006,-0.20030842208642488,-0.12666387339793903,0,0.07364454868848586
-0.00022723571794551478,0.017559369605693882,-0.14279440014510553,-0.07396167129078551,1,0.06883272885432001
-0.014956962121951453,0.016873506294171288,-0.15617983445852718,-0.09003568978537574,1,0.06614414467315144
-0.04578216135570608,0.01719760436507761,-0.1876402659112582,-0.12022565680015397,0,0.06741460911110424
-0.021087275279084425,0.017744463357776297,-0.16401722346032596,-0.0944589270978429,1,0.06955829636248306
0.0009362287049824863,0.016601484270723745,-0.13975348046563607,-0.07467566212439898,1,0.06507781834123709
-0.023084189453561985,0.015869541528834064,-0.16233929085007676,-0.10013068805704722,1,0.06220860279302953
-0.03531406784740938,0.016849400076314636,-0.17648969199698608,-0.1104400436978327,0,0.06604964829915339
-0.04528493487495898,0.018558050880661415,-0.18980951460105536,-0.11706195514886261,0,0.07274755945219274
0.013769348806547385,0.018950234737682523,-0.13152391127931037,-0.05723899110759487,1,0.07428492017171551
-0.003054246908584149,0.01710657884236582,-0.14473394143962115,-0.07767615237754714,1,0.067057789062074
-0.004974461176894665,0.015360293322720365,-0.1432314360894266,-0.08301908626436276,1,0.060212349825063835
-0.025774773813134547,0.017785936250214917,-0.1687860088635558,-0.0990651387627133,1,0.06972087010084249
-0.055029628176959736,0.016313537812740257,-0.19515496228993065,-0.13120589406398883,0,0.06394906822594182
-0.04385265977673915,0.01804408942398902,-0.18736987504775762,-0.11663704450572068,0,0.07073283054203694
-0.0014942153136547481,0.017763586768925133,-0.14446164538074802,-0.07482838524656149,1,0.06963326013418653
-0.030523612099696354,0.018421791779696023,-0.17478112398790058,-0.10256770021149215,1,0.07221342377640842
-0.033415245007986136,0.016652314129788577,-0.17420458070237174,-0.10892750931360054,0,0.0652770713887712
-0.01739674972651363,0.017946408175849318,-0.1607225097511783,-0.09037258970184897,1,0.07034992004932933
-0.033409050570890955,0.016934651301836058,-0.17475176712248963,-0.10836793401929229,0,0.06638383310319734
-0.008035878656104986,0.015568968186777412,-0.1467018563021887,-0.08567150101002127,1,0.06103035529216744
-0.05999514189137799,0.017134481167481005,-0.20172952497964075,-0.13456235880311523,0,0.06716716617652552
-0.014885379203623691,0.016512516206777426,-0.15540071096890745,-0.09067164743833994,1,0.06472906353056751
-0.021486150823644037,0.01742836909814601,-0.16379655425601022,-0.09547734739127786,1,0.06831920686473236
-0.02121367589424146,0.016503478611726782,-0.16171129397322595,-0.09701765781525698,1,0.06469363615796897
-0.0533423170166895,0.015714591978789445,-0.19229371729511682,-0.13069251673826218,0,0.06160120055685464
-0.020730108145076906,0.016570634269008972,-0.1613593513123345,-0.09640246497781932,1,0.06495688633451518
-0.014051661031431809,0.01536775470601554,-0.15232326025522228,-0.09208166180764135,1,0.060241598447580924
-0.015690670497659223,0.018736079651994288,-0.16056418661556804,-0.08711875437975042,1,0.07344543223581762
-0.0098276155789042,0.017413896522461315,-0.15210965276292837,-0.08384717839488003,1,0.06826247436804835
-0.038430657733948895,0.016059048147046995,-0.178057192102161,-0.1151057233657368,0,0.06295146873642421
-0.022038654570634905,0.01679532727690985,-0.16310829603337823,-0.0972706131078916,1,0.06583768292548663
-0.0358484913033615,0.01779736388950895,-0.17888212452679905,-0.10911645807992396,0,0.0697656664468751
-0.0408969352140358,0.015755309142582805,-0.1799281411334981,-0.1181673292945735,0,0.06176081183892458
-0.010266762702812168,0.017171952019508226,-0.15207458866104828,-0.08476053674457605,1,0.06731405191647223
-0.027493265659154484,0.017219584535258126,-0.16939445134826042,-0.10189367997004856,1,0.06750077137821187
-0.03343251105048993,0.016586110671953893,-0.17409208796751957,-0.1090745341334603,0,0.06501755383405927
-0.009753833435657541,0.017701744222905942,-0.1526000521125532,-0.08320921475876189,1,0.06939083735379131
-0.006791168559366692,0.017847294719194842,-0.1499226662089886,-0.07996127090974481,1,0.06996139529924378
-0.042118804779045824,0.01716714255407599,-0.18391720418503477,-0.11662200537305689,0,0.06729519881197787
-0.018017309206763935,0.01819305254633193,-0.16182649219757453,-0.09050972621595335,1,0.07131676598162118
-0.006464588180606953,0.018038555065690475,-0.1499709561093603,-0.07925982025185363,1,0.07071113585750666
-0.028866047214079968,0.017282092606132504,-0.17088974872209967,-0.10314394570606027,1,0.0677458030160394
-0.0018876355692323682,0.018125725975713266,-0.14556485848163037,-0.07451201265683438,1,0.07105284582479598
-0.03774518096163969,0.017296024427207044,-0.1797961888389655,-0.11199577308431388,0,0.06780041575465162
-0.015288039480052265,0.01680794872449024,-0.15638241898005315,-0.0904952599800514,1,0.06588715900000175
-0.040394923368623784,0.01694505486287686,-0.18175803089986242,-0.11533341583738514,0,0.06642461506247728
-0.007384915096748143,0.01824307443898016,-0.15129214099714927,-0.07977928919634704,1,0.07151285180080223
0.005380322475390095,0.01736068478317797,-0.13679741969963874,-0.06874353534958108,1,0.06805388435005766
0.00889014224683933,0.01938832162366634,-0.1372617681355467,-0.061259547370774645,1,0.07600222076477205
-0.018611390956196697,0.017604924933927683,-0.16126784382669496,-0.09225653808569845,1,0.06901130574099651
-0.012912166349527285,0.0173328730584648,-0.1550353975441183,-0.08709053515493628,1,0.06794486238918201
-0.005759932543192195,0.017051544378675527,-0.14733175952539623,-0.08048970556098817,1,0.06684205396440807
-0.05628292260428454,0.015402637722526126,-0.19462289254043574,-0.13424455266813334,0,0.0603783398723024
-0.03200202094296602,0.016798410914533282,-0.17307770633545125,-0.1072279355504808,1,0.06584977078497045
-0.021592764774474096,0.016053697499619216,-0.16120881187372776,-0.09827831767522044,1,0.06293049419850733
0.002821724292896441,0.01644742925723696,-0.137566037051288,-0.07309211436291913,1,0.06447392268836888
-0.013971256236054344,0.016908132652097695,-0.15526199623416584,-0.08898211623794286,1,0.06627987999622298
-0.014757464533229861,0.017380000491133682,-0.15697306549585188,-0.08884346357060785,1,0.06812960192524403
-0.050927717507466205,0.01746885984935684,-0.19331748281220562,-0.1248395522027268,0,0.06847793060947882
0.015190938096442605,0.02006036420929627,-0.1322781757537781,-0.053641548053336714,1,0.07863662770044139
0.0017295194071239445,0.017318624013560484,-0.14036578365945462,-0.07247677752629751,1,0.06788900613315711
-0.016862470886268313,0.017449342420444776,-0.1592139820303401,-0.09081255974219656,1,0.06840142228814354
0.0029910138755545462,0.016683892934477154,-0.1378602162760207,-0.07245935597287023,1,0.06540086030315045
0.00853351323124564,0.017391524881712424,-0.1337046755369107,-0.06552989800059802,1,0.06817477753631268
-0.003240937411084985,0.017701827743861285,-0.1460873197890531,-0.07669615503311687,1,0.06939116475593622
-0.015404727903474122,0.017059424458752078,-0.15699199984262818,-0.09011905596432006,1,0.06687294387830812
-0.0240214396353048,0.01758122277775895,-0.16663143627971236,-0.09771304299089725,1,0.0689183932888151
-0.03875013060652217,0.016475803223927554,-0.1791935049254202,-0.11460835628762417,0,0.06458514863779602
0.025159477036539327,0.016321416458969354,-0.11498129922304061,-0.05100134670388075,1,0.06397995251915986
-0.009081786466710776,0.016283550359095057,-0.1491483451705371,-0.08531682776288446,1,0.06383151740765264
-0.026101802009562095,0.015972054915149712,-0.16555782964325555,-0.10294737437586866,1,0.06261045526738689
-0.02206210128241025,0.016799518972565604,-0.16313995846863882,-0.09728584409618167,1,0.06585411437245715
-0.014519119104974679,0.01761222861107254,-0.15718988718267685,-0.08814995102727251,1,0.06903993615540434
-0.014904656692699511,0.017652308243326708,-0.15765398084961987,-0.08845693253577916,1,0.06919704831384071
-0.0028675896607930768,0.017442362299620852,-0.14520541976804996,-0.0768313595535362,1,0.06837406021451375
-0.006475110941331005,0.017786281004374693,-0.1494870217099054,-0.07976480017275661,1,0.0697222215371488
-0.03755319884252513,0.0160067103296472,-0.17707715108863364,-0.11433084659641662,0,0.06274630449221702
-0.003779159695438919,0.016886459413632433,-0.1450274201461585,-0.07883249924471936,1,0.06619492090143914
-0.017133887541061224,0.017634892379380103,-0.15984907660464623,-0.09072029847747623,1,0.06912877812717
-0.016975553601273938,0.017700766693718294,-0.1598198563209618,-0.09043285088158609,1,0.0693870054393757
-0.03890412205173267,0.016779845593104026,-0.17994341941421657,-0.11416642468924879,0,0.06577699472496779
-0.01097744277062769,0.018489807608323576,-0.1553682656829419,-0.08288821985831349,1,0.07248004582462841
-0.04240041443707514,0.01885990271193939,-0.18751662375247635,-0.11358580512167393,0,0.07393081863080242
-0.013647235083401973,0.01808590119742131,-0.15724640143034774,-0.08634966873645622,1,0.07089673269389152
-0.02258004995131503,0.016671209927936477,-0.16340642141007053,-0.09805527849255954,1,0.06535114291751098
0.02887579651973811,0.017977192088978505,-0.11451029997465977,-0.04403970698586403,1,0.07047059298879574
-0.03526564783310161,0.01761910551626579,-0.17794989464498256,-0.10888300102122067,0,0.0690668936237619
-0.022123288896662777,0.016630124082658796,-0.162869132098674,-0.09767904569465155,1,0.06519008640402246
-0.015637845548895843,0.017675068444756473,-0.15843177970061853,-0.08914551139717317,1,0.06928626830344536
0.0003465798042799756,0.01871025169942367,-0.1444763135265904,-0.07113212686484964,1,0.07334418666174077
-0.028037006516861404,0.018055723402929335,-0.1715770243866029,-0.10079858864711991,1,0.070778435739483
-0.03293323406715855,0.015855765000655102,-0.17216133346844256,-0.11000673466587456,0,0.062154598802568004
-0.06272024919077869,0.01583920916100957,-0.20191589914635746,-0.13982619923519993,0,0.062089699911157537
-0.028702898344920777,0.01640379800302034,-0.16900514243084064,-0.10470225425900091,1,0.06430288817183973
-0.0029499057898888376,0.016899522621333336,-0.14422377012770218,-0.0779776414520755,1,0.06624612867562668
0.0037964182498321924,0.018588586346462696,-0.1407880109892347,-0.06792075251110093,1,0.07286725847813379
-0.019193615308484388,0.015098159620286945,-0.1569368081642468,-0.09775202245272198,1,0.059184785711524815
-0.005805239800651743,0.017316073557100388,-0.14789554397256852,-0.08001653562873498,1,0.06787900834383354
-0.03775204610425191,0.016662753962718397,-0.17856184387117996,-0.11324384833732386,0,0.0653179955338561
-0.015038247942280744,0.017037510625788215,-0.15658256876882565,-0.08979552711573585,1,0.0667870416530898
-0.029525662183716092,0.017602363846433433,-0.17217709532272563,-0.10317582904470657,1,0.06900126627801906
-0.05465730956604488,0.017024551079824094,-0.1961762296825001,-0.12943998944958968,0,0.06673624023291042
-0.036972932313073345,0.017285207482795495,-0.1790027389793525,-0.11124472564679419,0,0.06775801333255832
-0.06702661184993343,0.015515858089317238,-0.2055884937049952,-0.14476632999487166,0,0.060822163710123556
-0.004264654503950874,0.019638583728766045,-0.15090707861233232,-0.07392383039556943,1,0.07698324821676289
-0.044214933194608966,0.017006906742333926,-0.18569927040958345,-0.11903219597963448,0,0.06666707442994897
-0.044163951035952456,0.01595493510442725,-0.18358642384062987,-0.12104307823127505,0,0.06254334560935482
-0.029613683549138223,0.01881679947432736,-0.17464541051881985,-0.1008835565794566,1,0.07376185393936324
-0.02541178715302879,0.016847040480444483,-0.16658278649469999,-0.1005423878113576,1,0.06604039868334238
-0.011149406982199447,0.018275302213277573,-0.1551197993202235,-0.08348061464417542,1,0.07163918467604807
-0.02066490083485402,0.01753220711723094,-0.16317882678462667,-0.09445257488508138,1,0.06872625189954529
-0.013248881605220655,0.016886835652225627,-0.1544978794835829,-0.08830148372685843,1,0.06619639575672447
-0.05572051767945889,0.01640556759310378,-0.19602623016194232,-0.13171640519697547,0,0.06430982496496684
-0.036413284365229184,0.01661687661408135,-0.17713316252882863,-0.11199500620162975,0,0.06513815632719888
0.010455588973983035,0.017839387270359903,-0.13266041007592239,-0.06273001197611155,1,0.06993039809981083
-0.04369154324667053,0.017048076263003108,-0.18525657272215662,-0.11842811377118445,0,0.06682845895097217
-0.04856509375870889,0.014909782611532389,-0.1859390676773124,-0.1274927198401054,0,0.05844634783720698
-0.020898496537919573,0.01770112379587035,-0.16374349917782546,-0.09435509389801369,1,0.06938840527981177
-0.016296678549865676,0.015462086692072762,-0.1547531684663283,-0.09414178863340307,1,0.060611379832925236
0.019009084987165983,0.01710375548904027,-0.12266507577135294,-0.0556183542543151,1,0.06704672151703783
-0.022910342852957025,0.01737703608707089,-0.165120133583616,-0.09700215212229808,1,0.06811798146131791
-0.025577017008131656,0.016483336006642434,-0.16603515558115084,-0.10142047843511248,1,0.06461467714603836
-0.0074803925061297655,0.01716059104050771,-0.1492659509455249,-0.08199643406673465,1,0.06726951687879024
-0.01545333613777354,0.01750828117591906,-0.1579203672425749,-0.08928790503297218,1,0.06863246220960273
-0.04169812196528701,0.01660368446533248,-0.18239214351733868,-0.11730570041323535,0,0.06508644310410333
-0.0715210941511029,0.016316882147029685,-0.2116529831592811,-0.1476908051429247,0,0.0639621780163564
0.0036936386102402324,0.0157904449031355,-0.13540643339990535,-0.0735078893796142,1,0.06189854402029116
-0.017809027684452847,0.01735270491414436,-0.1599711293161758,-0.0919485260527299,1,0.06802260326344589
-0.02648398608964221,0.01869301455741026,-0.17127309462216633,-0.0979964775571181,1,0.07327661706504823
-0.023617470550808192,0.017226383987759695,-0.1655319831668172,-0.0980045579347992,1,0.06752742523201799
0.012239574141926793,0.019496907818554995,-0.134125165182441,-0.05769728653370542,1,0.07642787864873557
-0.03357554117922483,0.01870059531822344,-0.17837950800294278,-0.1050731743555069,1,0.07330633364743588
-0.05795587741375531,0.01606053748705035,-0.197585330888374,-0.13462802393913664,0,0.06295730694923735
-0.0009731622677608548,0.01731402629593519,-0.14305945380779383,-0.07518847072772789,1,0.06787098308006595
-0.021755673962909713,0.014701831350470753,-0.1587220634098324,-0.10109088451598705,1,0.057631178893845336
-0.029908480346281033,0.016246263620866334,-0.16990195704317906,-0.10621660364938303,1,0.06368535339379604
-0.05317029573445885,0.016517295745706862,-0.1936949953960443,-0.12894719607287342,0,0.06474779932317087
-0.0059195509449776335,0.016369828590479293,-0.14615521498231704,-0.08198548690763822,1,0.06416972807467881
0.00031823480278166116,0.016873567824043357,-0.14090475813234332,-0.07476037226209337,1,0.06614438587024996
-0.02677878706824917,0.01754761247963784,-0.16932290752833934,-0.10053626660815901,1,0.06878664092018033
-0.00454477215236436,0.01843903973826078,-0.1488360900393555,-0.07655505426537323,1,0.07228103577398226
-0.03231185774538557,0.017909220668741083,-0.1755647302561181,-0.10536058523465305,1,0.07020414502146505
-0.03350945784177274,0.017149189290553105,-0.17527266885125684,-0.10804784683228866,1,0.06722482201896818
-0.04244656002759649,0.015935446873489575,-0.18183083589963606,-0.11936388415555693,0,0.062466951744079124
-0.01020754653755794,0.01814827738346922,-0.1539289702091576,-0.08278772286595829,1,0.07114124734319932
-0.008164204652852378,0.018307095595476143,-0.15219691201998561,-0.08043309728571915,1,0.07176381473426646
-0.015069838734368499,0.017492211622439625,-0.15750537351435018,-0.08893590395438683,1,0.06856946955996335
-0.007105230405609883,0.019109947302248916,-0.15271152711801778,-0.07780053369320201,1,0.07491099342481576
-0.038807541653955294,0.01620007787230713,-0.17871049428367727,-0.11520618902423332,0,0.06350430525944395
-0.0031108654055495427,0.017416709387915074,-0.1453984158058631,-0.077124915005236,1,0.06827350080062711
-0.016365575803468216,0.01714346807893903,-0.15811757323818873,-0.09091517836874771,1,0.06720239486944102
0.008811193930491304,0.01644179673345657,-0.13156552766708357,-0.06711368447193383,1,0.06445184319514974
-0.0015978193596428297,0.018917606607962694,-0.14682712831124972,-0.07267011040803595,1,0.07415701790321377
-0.040427594923647045,0.016767253482401313,-0.18144221174915362,-0.11571457809814048,0,0.06572763365101314
-0.05097332810684159,0.01749794218335967,-0.19342009478622654,-0.12482816142745665,0,0.0685919333587699
-0.01911355012018455,0.017221168456672268,-0.1610178402952622,-0.09351085994510691,1,0.06750698035015529
-0.031022889004067813,0.01716558384508026,-0.17281823334042512,-0.10552914466771052,1,0.0672890886727146
-0.036342842439584036,0.017131837560781484,-0.17807204405871574,-0.11091524082045234,0,0.0671568032382634
-0.05252572622235878,0.01685891823875872,-0.19372000597032588,-0.1276330464743917,0,0.06608695949593418
-0.02684340485534316,0.015053027930202696,-0.16449813959854045,-0.10549027011214587,1,0.05900786948639458
-0.017830801955270606,0.018307688328461198,-0.16186467107905456,-0.09009853283148667,1,0.07176613824756789
-0.025046112228049075,0.016525046995213993,-0.1655860043386685,-0.10080782011742966,1,0.06477818422123884
-0.031009397796519414,0.015718690851409853,-0.16996883186528272,-0.1083515637277561,0,0.06161726813752662
0.006843452260668584,0.018607312910556287,-0.13777768104402174,-0.0648370144346411,1,0.07294066660938064
-0.048325341015942866,0.01602278524390964,-0.18788080009400576,-0.12507148193787998,0,0.06280931815612578
-0.020060767512251207,0.0172476307423318,-0.16201692376722154,-0.09440621125728088,1,0.06761071250994066
-0.02857194545657145,0.01647970059035627,-0.16902295861366973,-0.10442253229947317,1,0.06460042631419656
-0.03919511663936194,0.01624421827925616,-0.17918458446670402,-0.11550724881201987,0,0.06367733565468414
-0.014244993194876862,0.01683008865944252,-0.1553827669673842,-0.08940881942236953,1,0.06597394754501468
-0.018517685343893822,0.01779326662207329,-0.16154328792315747,-0.09179368276463018,1,0.0697496051585273
0.0016453826855449688,0.01620811841743797,-0.13827332941263346,-0.07473750521627662,1,0.06353582419635684
-0.029176159222597906,0.018709792261374546,-0.17399815205489202,-0.1006557663903038,1,0.07334238566458823
-0.021194861369036463,0.016910719167187133,-0.16249067093672326,-0.09620065180134968,1,0.06629001913537358
-0.02151173211725775,0.016667002344751713,-0.16232985671297112,-0.09699520752154439,1,0.06533464919142673
0.010774525667615234,0.018488099269233366,-0.13361294890008218,-0.06113959976468737,1,0.07247334913539481
-0.026579019036074833,0.016057873257388004,-0.16620325062055533,-0.10325638745159435,1,0.06294686316896098
-0.03704166401802876,0.017525690779629968,-0.1795428179461035,-0.11084211008995404,0,0.06870070785614946
-0.009714114782419694,0.017256344764384857,-0.15168735052061402,-0.08404247904422538,1,0.06764487147638865
-0.040446369894501774,0.01691060651934978,-0.18174195867242735,-0.11545238111657621,0,0.06628957755585113
-0.021428997207631487,0.01820362654955692,-0.16525890524476305,-0.09390068917049993,1,0.07135821607426313
-0.036287079567811645,0.01742775442712216,-0.1785962782449711,-0.11027948089065222,0,0.06831679735431888
-0.03801561102714705,0.0167151568528886,-0.1789281184588087,-0.1134047035954854,0,0.0655234148633233
-0.03100673219366594,0.016599979912537723,-0.1716934928222399,-0.106621571565092,1,0.06507192125714789
-0.040640375295094774,0.016392395471030434,-0.18092027041831443,-0.11666208017187513,0,0.0642581902464393
-0.04265804323775381,0.01659999642110704,-0.18334483622312361,-0.11827285025238402,0,0.0650719859707396
-0.008545586224578947,0.017057557300777598,-0.15012919853410306,-0.08326357391505486,1,0.0668656246190482
-0.02395394312766215,0.01646089570698861,-0.16436809871335983,-0.09984138754196448,1,0.06452671117139536
-0.05032703061646483,0.016416167033589134,-0.19065351800229954,-0.12630214323063013,0,0.06435137477166941
-0.019333152506728166,0.01750821374666208,-0.16180005145018583,-0.0931678535632705,1,0.06863219788691534
-0.007268424306373963,0.017507677353694014,-0.14973427191961425,-0.0811041766931337,1,0.06863009522648054
0.012047254268323218,0.018315908141216267,-0.13200272568846066,-0.0602043657748929,1,0.07179835991356776
-0.03765757525420878,0.018122345409355263,-0.1813281722565451,-0.11028857825187247,0,0.07103959400467263
-0.0032490846485715846,0.016657939947814046,-0.14404944694628713,-0.07875032235085605,1,0.06529912459543108
-0.036395611241272594,0.017252593838984524,-0.17836149516568228,-0.11073132731686293,0,0.06763016784881935
-0.03849566617619428,0.01720343131043545,-0.18036519154464775,-0.1129277408077408,0,0.06743745073690695
-0.006584863505448971,0.01633450927225258,-0.14675130167906403,-0.08272002533183392,1,0.0640312763472301
-0.008389916622773733,0.017945703001195044,-0.15171429450511603,-0.08136713874043144,1,0.07034715576468459
-0.0513759899927128,0.0164540020952656,-0.19177663409943338,-0.12727694588599223,0,0.06449968821344115
0.02228346895668555,0.019626035941971973,-0.12433436148957952,-0.04740030059704939,1,0.07693406089253013
-0.03666840547226562,0.016369003514357633,-0.17690245236040658,-0.11273595858412466,0,0.06416649377628192
-0.0027177195718645214,0.018207862080415166,-0.14655592924947825,-0.07518110989425081,1,0.07137481935522744
-0.03313129012116896,0.016709041213824376,-0.17403181090026473,-0.10853236934207319,0,0.06549944155819154
-0.013356754603449136,0.016901193650106384,-0.15463389415765766,-0.08838121504924062,1,0.06625267910841703
-0.022345707142320773,0.016592954714624488,-0.16301869838298477,-0.09797431590165678,1,0.06504438248132799
-0.006642426405344973,0.01608436217157593,-0.1463185762616338,-0.08326787654905615,1,0.06305069971257765
-0.005662531342148044,0.016726643092751414,-0.14659755180394082,-0.08102911088035528,1,0.06556844092358555
-0.04453357454383637,0.016461510978483102,-0.18494893606166327,-0.12041981302600949,0,0.06452912303565378
-0.03591273208247443,0.01666318263995941,-0.1767233700567949,-0.111403694108154,0,0.0653196759486409
-0.020864157949210274,0.01619404282128113,-0.1607552818789213,-0.09727463401949926,1,0.06348064785942203
-0.013591789437405924,0.017512460893207432,-0.15606701278809249,-0.08741816608671936,1,0.06864884670137313
-0.038101369123573134,0.01675614446869255,-0.17909421228221054,-0.11341012596493574,0,0.06568408631727479
-0.027110286451623958,0.01698984391162102,-0.16856118051840116,-0.10196099238484677,1,0.0666001881335544
-0.00914416821871071,0.016015243885264926,-0.14868484623382996,-0.08590509020359147,1,0.0627797560302385
0.0010128642787867043,0.017850968073135503,-0.1421258331445589,-0.07215003829786772,1,0.06997579484669118
-0.025314345721562284,0.01673370473877253,-0.16626320700955644,-0.10066708443356813,1,0.0655961225759883
-0.02592010904735227,0.01782721174418559,-0.16901224406595602,-0.09912957402874853,1,0.0698826700372075
-0.022569122152073615,0.016607137901163627,-0.16326991243835431,-0.09816993186579291,1,0.0650999805725614
-0.013941314945873653,0.017785995722894184,-0.15695266656274626,-0.08723156332900106,1,0.0697211032337452
-0.006110707065271101,0.016323167258308558,-0.14625491489155587,-0.08226809923898634,1,0.06398681565256953
-0.020294736433155255,0.017277239888080533,-0.1623089266137931,-0.09458214625251742,1,0.06772678036127568
-0.02925387822700802,0.017544682941030253,-0.17179225679142732,-0.10301709966258873,1,0.06877515712883858
-0.009495789555769116,0.01717593765748823,-0.15131142736444606,-0.08398175174709219,1,0.06732967561735387
-0.00746372276843045,0.017742183072479573,-0.1503892015904904,-0.08083984394637049,1,0.06954935764411992
0.008869384445191933,0.016526798216861597,-0.1316739400598568,-0.06688889104975934,1,0.06478504901009746
-0.026382772620028097,0.01747881255068945,-0.1687920452193794,-0.10027510002067679,1,0.06851694519870262
-0.02702857038160318,0.016290816140752278,-0.16710937001747767,-0.10324937074572872,1,0.06385999927174894
-0.04575150386740791,0.018265985045265557,-0.1897036345561284,-0.11810097317868742,0,0.07160266137744098
0.006991592560928947,0.018345275467689062,-0.13711594735574162,-0.0652024675224005,1,0.07191347983334112
-0.022133274543032447,0.016565015698830315,-0.16275150531273985,-0.09781664377332504,1,0.06493486153941481
-0.008120786489427559,0.017361600646101757,-0.150300323755787,-0.08224284922306813,1,0.06805747453271888
-0.057348664146638376,0.016170803712864702,-0.1971942394238532,-0.13380468886942357,0,0.06338955055442963
-0.0033210409782131606,0.016956601092982793,-0.14470677912045943,-0.07823690283596689,1,0.06646987628449254
-0.022044011214745016,0.01851083457192859,-0.16647604697572504,-0.09391357545376498,1,0.07256247152196006
0.006834181788324276,0.01777158491531853,-0.13614892464570005,-0.0664843117776514,1,0.06966461286804865
-0.005770349658020271,0.017828240822597957,-0.1488645016703123,-0.07897779764572828,1,0.06988670402458401
-0.011562476899900684,0.018092549140085318,-0.15517467321446793,-0.08425188058533346,1,0.07092279262913447
-0.003930948052384323,0.017508369863779828,-0.1463981529853928,-0.07776534311937586,1,0.06863280986601694
-0.0689880000146114,0.015911924198968842,-0.20832617144459034,-0.14595142858463248,0,0.062374742859957866
-0.053910807680973824,0.017016586218475478,-0.19541411666918576,-0.1287090986927619,0,0.06670501797642386
-0.023043475872614363,0.017007028831670445,-0.16452805238268844,-0.09786049936254029,1,0.06666755302014815
-0.03967841645295121,0.01779261165916354,-0.18270273530491177,-0.11295569760099068,0,0.06974703770392109
-0.01586264822545759,0.017246686508736765,-0.15781695378258165,-0.09020994266833354,1,0.0676070111142481
0.02015839344535654,0.01735905398614683,-0.12201615236749125,-0.05396866074179568,1,0.06804749162569557
-0.005292063383145099,0.018079168135341234,-0.14887803292841392,-0.07800769383787629,1,0.07087033909053764
-0.016407551098147635,0.019775576803414574,-0.1633184816328402,-0.08579822056345507,1,0.07752026106938514
-0.04742447823966174,0.01619352859436354,-0.18731459428461428,-0.12383596219470921,0,0.06347863208990506
-0.02006120120740519,0.01693160293233788,-0.16139794295478743,-0.09502605946002296,1,0.06637188349476447
-0.002010470510911508,0.017286008282714597,-0.14404184674503212,-0.0762806942767909,1,0.06776115246824121
-0.031525666334525235,0.016908689887530224,-0.17281749851408448,-0.106535434154966,1,0.06628206435911849
-0.04503984244450336,0.01685098409352226,-0.186218571267807,-0.12016271362119973,0,0.06605585764660726
-0.04459367634974039,0.017093380599886094,-0.18624750232551712,-0.11924145037396365,0,0.06700605195155347
-0.028054411812329746,0.017271078996125643,-0.170056526644736,-0.1023538969799235,1,0.0677026296648125
-0.005084503116096914,0.017457593942740702,-0.1474521872438687,-0.07901841898832515,1,0.06843376825554354
-0.008504020191585845,0.017818900130765442,-0.15157986444788613,-0.08172977593528558,1,0.06985008851260055
-0.03051945842074545,0.01624037967121658,-0.17050140257632995,-0.10683911426516096,1,0.06366228831116899
-0.006309136360444764,0.017398015665165738,-0.14856004706416961,-0.08035982565671992,1,0.06820022140744969
-0.014080689005559185,0.017054812253654607,-0.15565892102272222,-0.08880405698839616,1,0.06685486403432606
-0.00449977301596137,0.018686593212880572,-0.1492762957132073,-0.07602485031871545,1,0.07325144539449185
-0.021708572911457932,0.016590004166089294,-0.16237578107699296,-0.09734296474592292,1,0.06503281633107004
-0.019643327374293487,0.017363761042418047,-0.16182709901743286,-0.09376115573115412,1,0.06806594328627874
-0.018281620805382134,0.017097762537345126,-0.1599440353785786,-0.0929208062321857,1,0.0670232291463929
0.00504577919310896,0.019935872225084035,-0.14217933036805575,-0.06403071124572635,1,0.0781486191223294
-0.0027752154023125003,0.017708416496176098,-0.14563451173481767,-0.07621751906980735,1,0.06941699266501032
-0.02169875873090797,0.017449845028761485,-0.1640512549872805,-0.09564786247453547,1,0.06840339251274502
-0.04336117893621057,0.015879220585687595,-0.18263525128415825,-0.1203887065882629,0,0.062246544695895356
-0.04223660503370984,0.01750780266259645,-0.18470269825239888,-0.1160721118150208,0,0.06863058643737807
-0.041457111345681794,0.017172252461610898,-0.18326552617043917,-0.11595029652092444,0,0.06731522964951474
-0.07210384110804856,0.01527245528066979,-0.21018865345816135,-0.15032062875793578,0,0.059868024700225564
-0.040290227095936146,0.015454470106244062,-0.1787317885041745,-0.11815026568769779,0,0.06058152281647672
-0.01415420305498409,0.018254507725802647,-0.15808383819755728,-0.08652616791241091,1,0.07155767028514637
0.013497296134732814,0.018155145271150405,-0.130237588596722,-0.0590694191338124,1,0.0711681694629096
-0.05137820790868729,0.017158538409987906,-0.1931597431922636,-0.125898272625111,0,0.06726147056715259
-0.026230653229708564,0.017458634899089824,-0.16860037763192462,-0.10016252882749252,1,0.0684378488044321
-0.036992063075845974,0.017874251332332884,-0.18017639568721844,-0.11010933046447352,0,0.07006706522274492
-0.046605407095790155,0.016353119517741,-0.18680832135056252,-0.1227040928410178,0,0.06410422850954473
-0.03252032456908878,0.017081145848712016,-0.17415017043256434,-0.10719207870561323,1,0.06695809172695111
-0.02611685298662779,0.01809974186342914,-0.1697431470389489,-0.09879215893430668,1,0.07095098810464223
-0.020147363878230642,0.01756568676478576,-0.16272690993721073,-0.09386941781925057,1,0.06885749211796016
-0.02705134680042036,0.016173264898191583,-0.16690174600087587,-0.10350254759996486,1,0.06339919840091102
-0.004718714728626186,0.01884486850544986,-0.14980545699930792,-0.07593357245794446,1,0.07387188454136345
0.0016787737229754934,0.018208660501401536,-0.1421610008597715,-0.07078305169427751,1,0.071377949165494
-0.033807032262445094,0.01585575812115661,-0.17303511817991205,-0.11088054634497814,0,0.062154571834933905
0.007089420496973406,0.017837322657056502,-0.13602253191085734,-0.06610022709519586,1,0.06992230481566147
-0.019947755209456283,0.016922998014501853,-0.1612676313178799,-0.09492947910103267,1,0.06633815221684725
-0.03911332931240112,0.01701324072033183,-0.18061008112425153,-0.11391817750055074,0,0.0666919036237008
-0.01693492046395946,0.019870954360355932,-0.16403279101025708,-0.08613864991766185,1,0.07789414109259524
-0.019537875832805154,0.01682444590897428,-0.16066458981439474,-0.09471276185121558,1,0.06595182796317917
-0.029806886604967234,0.015323763431796058,-0.16799226293128752,-0.10792311027864697,1,0.06006915265264055
-0.03475479717744083,0.0166136182661045,-0.17546828897900565,-0.11034290537587602,0,0.06512538360312964
-0.0355410645735328,0.017575329424722935,-0.17813951024598976,-0.10924421890107586,0,0.0688952913449139
0.0016540975647930806,0.01798659991817496,-0.14175043827482986,-0.071242966595584,1,0.07050747167924586
-0.04804240716689613,0.01612279824095509,-0.1877938917191681,-0.12459252261462417,0,0.06320136910454394
-0.013940768758667052,0.01802837502955462,-0.1574271838165941,-0.08675595370074,1,0.07067123011585409
-0.022317134873448122,0.015472938283445013,-0.16079489390900034,-0.1001409758378959,1,0.06065391807110444
-0.031019682826002606,0.017133861810666038,-0.17275285197490803,-0.10558811367709718,1,0.06716473829781085
-0.014269631262720892,0.01605736469800468,-0.15389286607081007,-0.09094799645463172,1,0.06294486961617834
-0.011078493519405527,0.01729914395961053,-0.15313561568024217,-0.0853229713585689,1,0.06781264432167328
-0.03163710825101322,0.016794832208709764,-0.17270577938008436,-0.1068700371219421,1,0.06583574225814226
-0.019132735941198423,0.016250478817295664,-0.15913447442309792,-0.09543259745929893,1,0.06370187696379899
-0.01882575097795834,0.015521817894566536,-0.15739931405130875,-0.09655378790460793,1,0.060845526146700815
-0.06687541100072324,0.015788821164945552,-0.20597230048401652,-0.14408012151742997,0,0.06189217896658655
-0.015999967589303013,0.01730390325280569,-0.15806641796480217,-0.09023511721380387,1,0.0678313007509983
-0.02731812108196062,0.017309102025489177,-0.16939476105191942,-0.10154308111200183,1,0.06785167993991759
0.004129452139457632,0.019002813822436085,-0.1412668629525171,-0.06677583276856765,1,0.07449103018394947
-0.010695447174439529,0.01773930651289968,-0.1536152879397229,-0.08407720640915617,1,0.06953808153056673
0.004131210723970588,0.01628102668459966,-0.13593040157784475,-0.07210877697421408,1,0.06382162460363067
-0.03325166647857168,0.01656844227261571,-0.17387661333289847,-0.1089283196242449,0,0.06494829370865357
-0.03667170049828063,0.01767843398429274,-0.1794722311074944,-0.11017276988906685,0,0.06929946121842756
-0.016201805601175776,0.015918378825325315,-0.1555526280988134,-0.09315258310353816,1,0.06240004499527524
-0.03299609724206194,0.0174483540290484,-0.1753456711389968,-0.10694812334512709,1,0.06839754779386971
-0.051733070765745084,0.016531250891546105,-0.19228512251317545,-0.12748261901831473,0,0.06480250349486072
-0.01704854726380438,0.016921766615537532,-0.15836600983025795,-0.09203268469735082,1,0.06633332513290713
-0.011454969076255386,0.0176503112817506,-0.15420037918848656,-0.08501115896402422,1,0.06918922022446233
-0.02706256325314564,0.017954433842206918,-0.1704040535838712,-0.10002267292242009,1,0.07038138066145111
-0.021863473999481645,0.017434170633884742,-0.16418524844189575,-0.09584329955706755,1,0.0683419488848282
-0.03351777723365078,0.016049546477368004,-0.17312568832929207,-0.1102114661380095,0,0.06291422219128256
-0.053283452451725735,0.016244782274839924,-0.193274025710412,-0.12959447919303949,0,0.06367954651737251
-0.060555272216463105,0.01599577890621147,-0.20005779887263758,-0.13735434556028864,0,0.06270345331234894
-0.00517240626197342,0.01764836767874324,-0.14791400691231016,-0.07873240561163668,1,0.06918160130067348
-0.02400840186631649,0.017371596518411584,-0.1662075310424032,-0.09811087269022979,1,0.06809665835217342
-0.025634501559719483,0.016942049163901515,-0.16699171792096645,-0.10057888519847252,1,0.06641283272249393
-0.02648571753521252,0.018765006979029133,-0.17141593121410964,-0.09785710385631542,1,0.07355882735779422
-0.019569493712613864,0.01717147057057789,-0.16137637603094654,-0.0940642113942812,1,0.06731216463666534
-0.01545888455203244,0.017904614511101924,-0.15870272899379223,-0.08851664011027267,1,0.07018608888351956
-0.03648696617413459,0.01608281381869029,-0.17616008125876756,-0.11311545108950163,0,0.06304463016926593
-0.0035132186621132794,0.017237959574456625,-0.14545041942804826,-0.07787761789617831,1,0.06757280153186995
-0.032969239196405195,0.01694751718940708,-0.17433717288764308,-0.10790290550516732,1,0.06643426738247576
0.007287521268619188,0.018281379804969446,-0.13669478314912092,-0.06503177431364071,1,0.07166300883548021
-0.029529936297027312,0.018474837505129942,-0.173891417807082,-0.10147005478697263,1,0.07242136302010937
-0.00921277642650041,0.01761804091474997,-0.15189493661941036,-0.08283221623359047,1,0.0690627203858199
-0.036505992139515955,0.017636492359599607,-0.17922431716433118,-0.11008926711470074,0,0.06913505004963044
0.008408195530747606,0.01701553385858273,-0.13309305083207454,-0.06639215810643026,1,0.06670089272564428
-0.010017389510597066,0.016763407844451836,-0.15102446888572268,-0.08531191013547147,1,0.06571255875025121
0.0007995577735217946,0.01675866017374136,-0.14019821616701128,-0.07450426828594514,1,0.06569394788106614
-0.018741436697025618,0.01874728284026543,-0.16363691106394587,-0.09014756233010537,1,0.0734893487338405
-0.05592090126763498,0.015248673846316283,-0.1939591020064149,-0.13418430052885508,0,0.059774801477559814
-0.029861404488452495,0.01716173869763448,-0.1716492123358161,-0.10437519664108892,1,0.06727401569472717
-0.032515337869887376,0.016905680846313678,-0.1738012723286622,-0.10753100341111257,1,0.06627026891754961
-0.02973380412864081,0.017009220793325668,-0.17122267688355913,-0.10454653137372251,1,0.06667614550983662
-0.022657660947073013,0.01714224006037794,-0.16440725146541377,-0.09720967042873227,1,0.0671975810366815
-0.014977869920485262,0.017944485321759997,-0.15829986115113487,-0.08795747868983567,1,0.0703423824612992
-0.028997114123535714,0.017305865993456467,-0.1710674114707104,-0.10322841677636105,1,0.06783899469434934
0.009710202683612043,0.016360155233534485,-0.13050650157411556,-0.06637469305866037,1,0.06413180851545519
-0.025497158431335196,0.016361128701960374,-0.16571577068717752,-0.10158014617549287,1,0.06413562451168466
-0.04006935753624967,0.016911051931864297,-0.18136581932270368,-0.11507449574979565,0,0.06629132357290803
-0.03537361100356133,0.018460142224370483,-0.17970628976332748,-0.1073425322437952,1,0.07236375751953228
0.009596632419819659,0.01766397237196507,-0.13317555342923187,-0.06393278173112882,1,0.06924277169810306
-0.0008157302824563922,0.016955911440563503,-0.14220011670596086,-0.07573294385895193,1,0.06646717284700893
-0.03073001984649039,0.015544121595360448,-0.16934729817339686,-0.10841434151958391,0,0.060932956653812945
-0.003867582437187697,0.017625957268807564,-0.14656525868405051,-0.07747150619032488,1,0.06909375249372564
-0.025843769481604037,0.018331923477889707,-0.16992513949826787,-0.09806399946494021,1,0.07186114003332766
-0.029368909232566534,0.014951224821818113,-0.16682410988333005,-0.10821530858180303,0,0.058608801301527014
-0.04023205554869398,0.015936806297032702,-0.1796189958908781,-0.11714671520650989,0,0.062472280684368206
-0.03525184984237863,0.016891998006869097,-0.17651096593584206,-0.1102943337489152,0,0.06621663218692686
-0.025900612043216628,0.01709165698236695,-0.16755105972865586,-0.1005517643577774,1,0.06699929537087845
0.01166443398787377,0.017456779384888627,-0.13070165360650793,-0.06227107841774453,1,0.0684305751887634
-0.016185224539970663,0.01627940433320384,-0.1562436570330502,-0.09242839204689114,1,0.06381526498615907
-0.0340335145542074,0.01658306335651307,-0.17468711873297302,-0.1096815103754418,0,0.06500560835753122
-0.02488972001897892,0.017065063006423662,-0.16648804351156932,-0.09959299652638855,1,0.06689504698518077
-0.0007071616263746722,0.01638119393393202,-0.14096510173688143,-0.07675082151586791,1,0.06421428022101351
-0.02399095776178624,0.015645522856169724,-0.1628069825598789,-0.10147653296369358,1,0.06133044959618533
-0.01678894172789973,0.01554515087105475,-0.15540823743516705,-0.09447124602063242,1,0.060936991414534625
-0.04325296907508901,0.015144665073936081,-0.18108731262000372,-0.1217202255301743,0,0.05936708708982942
-0.03253357958906393,0.017528697203702807,-0.17504062610832144,-0.10632813306980643,1,0.06871249303851501
-0.010281482702896041,0.017392214803522713,-0.15252102371780057,-0.08434354168799153,1,0.06817748202980904
-0.008740015134809778,0.017975395360970488,-0.15212259004231193,-0.08165904022730763,1,0.0704635498150043
-0.0312578539808961,0.01764252412205396,-0.17398800126012187,-0.10482930670167034,1,0.06915869455845153
0.0032299448086351296,0.016120240990295003,-0.13651652753234308,-0.07332518285038667,1,0.06319134468195642
-0.008574198853701767,0.017833454452804133,-0.15167856958119788,-0.08177142812620566,1,0.06990714145499222
-0.024479559916031943,0.016958374704504415,-0.1658687743368606,-0.0993919454952033,1,0.06647682884165729
-0.03935733852972782,0.015280066442933752,-0.17745706875787798,-0.11755920830157768,0,0.0598978604563003
-0.01035492106676976,0.016815695976702735,-0.1514644851811071,-0.0855469569524324,1,0.06591752822867471
-0.03756371059079448,0.015947807883760358,-0.1769722140429648,-0.11445680713862419,0,0.0625154069043406
-0.01126051513791125,0.01737566305595884,-0.15346761472759057,-0.08535501554823192,1,0.06811259917935865
-0.036224105770116685,0.017642498533738993,-0.1789542028962451,-0.10979560864398827,0,0.06915859425225684
-0.053834683469618325,0.01733552899059158,-0.19596312029117782,-0.12800784664805884,0,0.06795527364311899
-0.0066231307194871,0.018142713127732395,-0.1503336484498426,-0.07921421298913162,1,0.07111943546071098
-0.002994100684676107,0.017019708639109444,-0.14450352961733062,-0.0777862717520216,1,0.06671725786530902
-0.028116443748250383,0.015969173862643522,-0.16756682451903168,-0.1049676629774691,1,0.06259916154156259
-0.016339817084103078,0.0183981844190959,-0.16055105854553103,-0.08843017562267513,1,0.0721208829228559
-0.010426702681369596,0.016862309605150796,-0.15162762950746517,-0.08552737585527403,1,0.06610025365219113
-0.019897786041786866,0.017117316973567602,-0.16159852730997937,-0.09449864477359438,1,0.06709988253638499
-0.012328485024777333,0.01715949179329736,-0.15411188893964017,-0.0868466811099145,1,0.06726520782972567
-0.010688187873746133,0.018705552096421166,-0.15550186998273163,-0.08217610576476064,1,0.07332576421797099
-0.026824478916500014,0.017948415507554914,-0.17015417331130767,-0.09979638452169239,1,0.07035778878961528
-0.03329688744064278,0.018062532877605005,-0.1768502518807486,-0.10604512300053698,1,0.07080512888021162
-0.01970397609430176,0.01788304488616039,-0.16290554407117613,-0.0928040081174274,1,0.07010153595374874
-0.023235754243508974,0.01747206348725073,-0.1656317986785204,-0.09714130980849756,1,0.06849048887002285
-0.06379286936249033,0.016550862871474205,-0.20438336059057977,-0.1395039781344009,0,0.06487938245617886
-0.02095291039773907,0.018049650234287506,-0.1644810248569426,-0.09372639593853556,1,0.07075462891840704
0.0019437575647821143,0.01795717570945659,-0.1414031068257528,-0.07101097804468298,1,0.07039212878106982
-0.016344024497368423,0.017335602653501404,-0.15847260569823118,-0.09051704329650567,1,0.06795556240172551
-0.047805531763191564,0.017340888625155888,-0.1899444734684971,-0.12196819005788603,0,0.06797628341061107
-0.04874680336668692,0.016091225399694722,-0.18843640515008858,-0.12535880158328527,0,0.06307760356680331
-0.025835518896882056,0.01784554312639341,-0.16896358342461315,-0.09900905436915097,1,0.06995452905546218
-0.036843828358693195,0.01574395733707005,-0.1758527847393505,-0.1141364719780359,0,0.061716312761314604
-0.025445265351392174,0.015622248059151828,-0.16421567154732977,-0.1029764591554546,1,0.06123921239187517
-0.01730893852975214,0.017172074038801506,-0.1591170036458031,-0.0918024734137012,1,0.06731453023210192
-0.004110447953994831,0.016906348945872427,-0.1453976918879048,-0.07912480402008487,1,0.06627288786781993
-0.03707257849997388,0.017136005547506522,-0.17880994937308667,-0.1116368076268611,0,0.06717314174622557
-0.025883113385527026,0.01683660202196095,-0.16703365334857048,-0.10103417342248358,1,0.0659994799260869
-0.02649648278401269,0.015855318091424927,-0.16572370624320554,-0.10357085932481984,1,0.0621528469183857
-0.022813671011797473,0.01742685740299997,-0.1651211115216774,-0.09680783050191755,1,0.06831328101975986
-0.019954494666082276,0.016996913556097712,-0.1614192452360338,-0.09479134409613077,1,0.06662790113990302
-0.05414837301241847,0.016758451695683373,-0.19514573833595789,-0.12945260768887906,0,0.06569313064707882
-0.027366286144521926,0.017856151714793732,-0.17051514350551764,-0.10051902878352623,1,0.06999611472199141
-0.05752973666050816,0.016489180771082457,-0.19799933097182978,-0.13336174234918655,0,0.06463758862264324
-0.01985763506518494,0.019866220919466868,-0.16694622806734,-0.08907064206302989,1,0.0778755860043101
-0.022821377695543807,0.016162203667919043,-0.16265009688466514,-0.09929425850642248,1,0.06335583837824266
-0.007940757135235219,0.016098759384034485,-0.14764512552794282,-0.08453798874252763,1,0.06310713678541519
-0.019490366849422694,0.01766607996722673,-0.1622666835851871,-0.09301565011365831,1,0.06925103347152878
-0.03464919945307286,0.018134314909991938,-0.17834325667665707,-0.10725674222948867,1,0.0710865144471684
-0.04370489294807732,0.01562667563861057,-0.18248397719975404,-0.12122740869640061,0,0.061256568503353426
-0.01712075900543182,0.018076662897607336,-0.1607018182847422,-0.08984129972612145,1,0.07086051855862074
-0.00048242742095290503,0.0161985683419929,-0.140382421371259,-0.07688403347064683,1,0.06349838790061217
-0.018925776533182656,0.01846916304115258,-0.16327613609384173,-0.0908770169725236,1,0.07239911912131813
-0.02502799666106177,0.016007596955401483,-0.16455368669364867,-0.10180390662847487,1,0.0627497800651738
-0.035049776089063886,0.018212262009074245,-0.17889660962684942,-0.10750454255127836,1,0.07139206707557105
-0.03708571963915801,0.015263999896392773,-0.17515395943608786,-0.11531907984222818,0,0.05983487959385968
-0.041071895291519875,0.016767841383876093,-0.18208766440391702,-0.11635772617912274,0,0.06572993822479428
-0.010060701475762032,0.018314738307856945,-0.15410838855916165,-0.08231461439236243,1,0.07179377416679922
-0.03229617038696743,0.018417629140219882,-0.17654552350179842,-0.10434841727213647,1,0.07219710622966195
-0.05590159802059423,0.01655844477545151,-0.1965069497804792,-0.13159784626070928,0,0.06490910351976992
-0.01987373777952979,0.01629958835218962,-0.15997173094982145,-0.09607734460923814,1,0.06389438634058331
-0.05282277229628386,0.015291168385098319,-0.1909442623310766,-0.13100288226149115,0,0.05994138006958544
0.002024986098246598,0.0162276076907939,-0.13793192497570944,-0.07431970282779737,1,0.06361222214791207
-0.03217366623808525,0.01786008314880561,-0.17533022920974425,-0.10531870326642626,1,0.070011525943318
-0.01685779463417801,0.016580511509172433,-0.15750639719215598,-0.09251079207620005,1,0.06499560511595592
-0.045850831621522856,0.01654087368028583,-0.1864217440348831,-0.12158151920816264,0,0.06484022482672046
-0.017842701231438038,0.016520615974682434,-0.1583739085418156,-0.09361309392106047,1,0.06476081462075513
-0.04680357920848917,0.01508264332479102,-0.18451636012507958,-0.12539239829189877,0,0.059123961833180805
0.006571040495947658,0.016957257999293755,-0.1348159851826681,-0.06834353382543659,1,0.06647245135723151
-0.01642042274652862,0.01730925840821979,-0.15849736922663943,-0.09064507626641784,1,0.06785229296022159
-0.01812651453119403,0.01936029392214537,-0.16422349061859898,-0.0883311384437891,1,0.07589235217480987
-0.024717859532084427,0.016723070303547295,-0.16564587732703712,-0.10009144173713173,1,0.06555443558990538
-0.00864774018308144,0.017989785587731875,-0.1520585199350359,-0.08153856043112698,1,0.07051995950390894
-0.02136205673713694,0.016772781040393096,-0.1623875075763074,-0.09663820589796648,1,0.06574930167834092
-0.019576922435550773,0.01657417732345529,-0.16021310998952315,-0.0952423348815784,1,0.06497077510794474
-0.007342172711049685,0.01562348228412438,-0.14611499798793348,-0.0848709474341659,1,0.06124405055376758
-0.06624668726208154,0.01741292851028303,-0.20852682714223628,-0.1402681473819268,0,0.06825867976030947
-0.016324529586704342,0.016481233823140772,-0.15677854788006026,-0.09217211129334843,1,0.06460643658671184
-0.05007018511295695,0.01644990272237183,-0.19046279444880576,-0.12597917577710815,0,0.0644836186716976
-0.040488293959495755,0.015906923420022256,-0.17981666386273937,-0.11746152405625214,0,0.06235513980648723
0.0019171595549198756,0.017889851626592672,-0.14129774963320177,-0.07116953125695849,1,0.07012821837624328
-0.050097270076086345,0.017145578695642597,-0.19185340431954584,-0.12464273583262686,0,0.06721066848691898
0.0020936044569660056,0.018439747438770346,-0.14219910052302387,-0.06991529056304413,1,0.07228380995997974
-0.014203798672972348,0.017251834342510652,-0.15616819398429324,-0.08854100336165147,1,0.06762719062264178
-0.028950585186275343,0.016810973989808048,-0.17005089420629912,-0.10415187616625157,1,0.06589901804004755
-0.033127406901739556,0.01571196898250273,-0.1720736661074449,-0.11048274769603421,0,0.06159091841141069
-0.011219970112814268,0.017842992179077997,-0.15434303478380715,-0.0843985054418214,1,0.06994452934198575
-0.024488417338917476,0.018320410695734528,-0.16854722230255714,-0.0967312123752778,1,0.07181600992727934
-0.0029300321535942614,0.01781870890047191,-0.14600550159851922,-0.07615616270866932,1,0.0698493388898499
-0.010478129127275373,0.01628781416302694,-0.15055304488680818,-0.08670481336774258,1,0.0638482315190656
-0.014089045826089927,0.01728568333063805,-0.15611978515414052,-0.08835990649803935,1,0.06775987865610117
-0.04047189359898813,0.016428486318521517,-0.1808225267832903,-0.11642286041468597,0,0.06439966636860434
-0.0062092781216673415,0.01854502800008528,-0.1507083330018345,-0.07801182324150019,1,0.07269650976033432
0.004145538426724285,0.01769721496447533,-0.13869180290364735,-0.06931872024290409,1,0.06937308266074327
-0.0092250947497204,0.01736204589852922,-0.1514055047108377,-0.08334628478860313,1,0.06805921992223456
-0.033373285067990435,0.017052792338421562,-0.1749475580512967,-0.10810061208468419,1,0.0668469459666125
-0.02578368280132913,0.017231584944195064,-0.16770838929195148,-0.10016057631070681,1,0.06754781298124467
-0.04649643608089031,0.016311475096782605,-0.18661772727058423,-0.12267674489119641,0,0.06394098237938782
-0.03956394680958321,0.015483622661491758,-0.17806264722610707,-0.11736684639305937,0,0.060695800833047694
-0.0257364224628117,0.017608270353353342,-0.16839943235538427,-0.09937501257023915,1,0.06902441978514512
-0.04029937853800512,0.01623297910967869,-0.18026681759297536,-0.1166335394830349,0,0.06363327810994046
-0.026111917754957317,0.01666936919092862,-0.1669346813691774,-0.10159075414073723,1,0.06534392722844018
-0.03008848028897458,0.017622452194930582,-0.17277928659103853,-0.10369927398691065,1,0.06908001260412788
-0.02803242055794837,0.016258248887688932,-0.1680493883778187,-0.10431705273807806,1,0.06373233563974062
-0.012286234116724984,0.016327415143777464,-0.15243876779852883,-0.08843530043492116,1,0.06400346736360767
-0.025813366053812473,0.016859869362070654,-0.16700951000347097,-0.100918822104154,1,0.06609068789931698
-0.020614722291670898,0.01738473434806094,-0.16283960161387034,-0.09469144296947146,1,0.06814815864439888
-0.0394856624021543,0.018829583971618855,-0.18454244698652728,-0.11073047781778135,0,0.07381196916874593
-0.024222660143091088,0.015791979985365585,-0.16332574091440763,-0.10142117937177454,1,0.06190456154263309
-0.02233120618632299,0.01780781295110881,-0.16538531957049626,-0.09557869280214973,1,0.06980662676834654
-0.019678749858636504,0.01873008778249716,-0.16454052191233093,-0.09111857780494208,1,0.07342194410738885
-0.015460679257485219,0.017040373621807714,-0.15701061155622834,-0.09021234695874211,1,0.06679826459748622
-0.047535038620115475,0.014872417622444567,-0.18483577716010682,-0.12653590008012414,0,0.05829987707998269
-0.036022540929035826,0.01749781116724934,-0.17846905081684455,-0.10987763104122712,0,0.06859141977561743
-0.03626015059951991,0.016476597950068766,-0.17670508258165468,-0.11211681861738514,0,0.06458826396426955
-0.027668402514172394,0.01779966684516177,-0.17070654953068948,-0.10093185549765533,1,0.06977469403303414
-0.02981313503138376,0.016021189278752866,-0.16936546601773939,-0.10656240404502815,1,0.06280306197271124
-0.03790179709373186,0.01608984750888527,-0.17758869821114698,-0.11451649597631673,0,0.06307220223483025
-0.05795215493089316,0.01564433510033205,-0.196765851727544,-0.13544005813424234,0,0.06132579359330165
-0.06442107035817361,0.017547143264267238,-0.2069642711561374,-0.13817946956020982,0,0.06878480159592759
-0.037335338840666074,0.01668329173402493,-0.17818539063935496,-0.11278688704197722,0,0.06539850359737774
-0.01175965856218518,0.01779907353277962,-0.15479664268643323,-0.08502427443793713,1,0.0697723682484961
-0.039548509334269774,0.017257662941032596,-0.18152432869869367,-0.11387428996984589,0,0.06765003872884778
-0.00972808008105093,0.015956563420602282,-0.1491537443854314,-0.08660401577667046,1,0.06254972860876096
-0.03118370787236889,0.01704301198618478,-0.17273881136529107,-0.10593020437944672,1,0.06680860698584434
-0.023601011255720575,0.016391198950806526,-0.1638785611993014,-0.09962506131213979,1,0.0642534998871616
0.00998759151943808,0.017117142514575162,-0.13171280780912925,-0.0646136091519946,1,0.06709919865713465
-0.026822805005641895,0.016657987380646826,-0.16762326027170968,-0.10232394973957412,1,0.06529931053213556
0.028865074941931038,0.018211270044702615,-0.11497981434568609,-0.043591635770451845,1,0.07138817857523425
-0.0009137821036730304,0.018815493258021173,-0.14594294888939452,-0.07218621531795154,1,0.07375673357144298
-0.0018254697734491204,0.01619046732774836,-0.14170958573583592,-0.07824295381106233,1,0.06346663192477359
0.01426200208888119,0.015855062197376677,-0.1249647198179771,-0.06281287600426053,1,0.06215184381371658
-0.03820962444955696,0.01699174323259212,-0.1796642411854375,-0.11305660771367641,0,0.06660763347176109
0.008467344736121138,0.017684304991783882,-0.13434469304777527,-0.06502221747998246,1,0.06932247556779281
-0.01642614673681765,0.016913094989160334,-0.1577266129155719,-0.0914272805580634,1,0.06629933235750851
-0.023220849142066194,0.014985942120474747,-0.1607440956981967,-0.1019992025859357,1,0.058744893112261
-0.05681042671347554,0.01578831075419068,-0.19590631579168927,-0.13401613763526182,0,0.061890178156427444
0.02060625621830066,0.017585975567477916,-0.12201305589395606,-0.053076031669442636,1,0.06893702422451342
-0.05630090344410256,0.01586620243722678,-0.19554946022106706,-0.13335394666713807,0,0.062195513553928994
-0.04255030850355358,0.017558721107800296,-0.18511620187484218,-0.11628601513226501,0,0.06883018674257717
-0.01799026066503566,0.016908632123350188,-0.15928197962680202,-0.0930001417032693,1,0.06628183792353272
-0.021960947628623176,0.01820273978896039,-0.16578911761498555,-0.09443437764226081,1,0.07135473997272473
-0.026418213925482034,0.018429372513511417,-0.1706905840519644,-0.09844744379899967,1,0.07224314025296474
-0.013519273187401606,0.017518143414850404,-0.1560056342805084,-0.08733451209429482,1,0.06867112218621357
-0.029067079283312522,0.01609599538120583,-0.16876603023047596,-0.1056697283361491,1,0.06309630189432686
-0.0156112956138197,0.01801150681301457,-0.15906464896732825,-0.08845954226031115,1,0.0706051067070171
-0.005087097970378804,0.01742997560105551,-0.1474006501484476,-0.07907514579231001,1,0.0683255043561376
0.01142446043622615,0.01751590919544056,-0.13105752158683737,-0.06239515754071036,1,0.06866236404612701
-0.029446939987917684,0.018090237388953805,-0.17305460527026714,-0.10214087470556824,1,0.0709137305646989
-0.019671732506547204,0.018441795000788273,-0.16396845070809224,-0.0916766143050022,1,0.07229183640309005
-0.044908204694612,0.016091222726136455,-0.18459780123783945,-0.12152020815138456,0,0.06307759308645489
-0.03100101582423244,0.016964963502403296,-0.1724031442889429,-0.10590048735952198,1,0.06650265692942092
-0.05294252243387397,0.014742324037687332,-0.18998827754774114,-0.1321983673200068,0,0.05778991022773433
-0.045555303275577705,0.015136135751855915,-0.1833729293492153,-0.12403927720194012,0,0.05933365214727519
-0.020573179220463936,0.016282445764115472,-0.16063757291813027,-0.09681038552279761,1,0.06382718739533266
-0.029154385873383745,0.017141587050019814,-0.1709026964914226,-0.10370767525534491,1,0.06719502123607768
0.0013055078415872695,0.01733636018209618,-0.14082455811532124,-0.07286602620150423,1,0.06795853191381701
-0.03334253139522432,0.016025659144412025,-0.1729036233182719,-0.11008303947217676,0,0.06282058384609512
-0.006350808189419757,0.018745142580002108,-0.15124208764622388,-0.07776112873261563,1,0.07348095891360824
-0.033772372429737116,0.01658952110264335,-0.1744386337909181,-0.10940771106855615,0,0.06503092272236194
-0.03132441618007177,0.01720861484953947,-0.17320410128516914,-0.10574633107497441,1,0.06745777021019472
0.00807860675048995,0.018357076432530477,-0.1360520630572698,-0.06409232344175032,1,0.07195973961551948
-0.04290780517660771,0.01554287808201073,-0.18152264621734873,-0.12059456413586668,0,0.06092808208148205
-0.012315603914117887,0.018297470289188583,-0.15632944568092752,-0.08460336214730826,1,0.07172608353361926
-0.02010901925507562,0.016823699960470884,-0.16123427117759856,-0.09528536733255269,1,0.06594890384504587
-0.0066922750728019426,0.017147719300631026,-0.14845260490203877,-0.08123354524356513,1,0.06721905965847363
-0.03659508377339189,0.015180488654505811,-0.1744996415362233,-0.11499212601056051,0,0.05950751552566279
-0.04800560750071041,0.01611751729135739,-0.1877467413917709,-0.12456607360964993,0,0.06318066778212096
-0.013416096957514237,0.0180994143231913,-0.15704174903096918,-0.08609204488405929,1,0.07094970414690989
-0.020222602543797055,0.017257670992515857,-0.16219843768912814,-0.09454836739846598,1,0.06765007029066217
-0.011454914001676933,0.017002387751844497,-0.15293039399529215,-0.08628103400806172,1,0.06664935998723043
-0.02807329456418685,0.016581889412718372,-0.16872459781311486,-0.10372359131525885,1,0.065001006497856
-0.009359337078294769,0.016513748407418732,-0.1498770839568355,-0.08514319019975405,1,0.06473389375708144
-0.02479238367817839,0.0168905155653511,-0.16604859418626655,-0.09983777317009024,1,0.06621082101617631
-0.031217061830161694,0.017883048561721213,-0.17441863701113527,-0.10431708664918812,1,0.07010155036194715
-0.011979155305859343,0.016606745957681513,-0.15267917738291512,-0.08758073322880358,1,0.06509844415411153
-0.025660166304909734,0.018298665650295958,-0.16967635097948983,-0.09794558163032965,1,0.07173076934916017
-0.05161171149142017,0.016928775268871953,-0.1929429110184092,-0.12658211196443114,0,0.06636079905397807
-0.014817700206305254,0.017707381367477626,-0.15767496768656142,-0.08826203272604911,1,0.0694129349605123
-0.024978047865152855,0.017994156552275205,-0.16839739470761225,-0.09786030102269347,1,0.07053709368491878
-0.01731612155323077,0.017248942327473548,-0.15927484851507892,-0.09165899459138263,1,0.06761585392369629
-0.047523132505954704,0.01561514537509953,-0.1862796174411498,-0.12506824757075963,0,0.061211369870390164
-0.04187029199805857,0.01858858556523892,-0.18645471970592686,-0.11358746429019029,0,0.07286725541573658
-0.04999156526031727,0.017760303626234607,-0.1929525603677371,-0.12333217015289744,0,0.06962039021483968
-0.011988356911507861,0.017740274586423528,-0.15491009510089798,-0.08536821872211775,1,0.06954187637878023
-0.04326898664900315,0.016801019126291596,-0.1843497841365347,-0.11848978916147163,0,0.06585999497506306
-0.025737668667568978,0.01645721210634145,-0.1661446043959982,-0.10163233293913974,1,0.06451227145685846
-0.03983617334894825,0.017243014992095424,-0.1817832827334553,-0.11419066396444122,0,0.06759261876901407
-0.038592203345020185,0.015725499746673886,-0.177564982848501,-0.11592102384153938,0,0.061643959006961624
-0.006682888164036491,0.015960684244443316,-0.1461166292831454,-0.0835507470449276,1,0.0625658822382178
-0.028377865077617734,0.018108022018194645,-0.17202038823327925,-0.10103694192195624,1,0.07098344631132301
-0.007577001790667323,0.016638651014705824,-0.14833955777949076,-0.08311604580184391,1,0.06522351197764685
-0.036271916857666606,0.017757922101912422,-0.17922824417741495,-0.10961718953791827,0,0.06961105463949668
-0.018357526075480343,0.018846627639098484,-0.16344771624811338,-0.08956893590284731,1,0.07387878034526607
0.00495906123617447,0.0181451887194586,-0.13875630865396438,-0.06762716887368668,1,0.0711291397802777
-0.021992799799429905,0.016493472167954527,-0.1624708052486208,-0.09781639435023903,1,0.06465441089838175
-0.012603153748312848,0.01989483749778063,-0.15974783524396288,-0.08176007225266282,1,0.07798776299130006
-0.022330571355413456,0.015741286160978037,-0.1613342922309304,-0.09962845047989652,1,0.061705841751033885
-0.005782520846906267,0.01707044378282797,-0.1473913906612491,-0.08047525103256345,1,0.06691613962868564
-0.03779183959557096,0.016808637049081258,-0.17888756821177024,-0.1129977109793717,0,0.06588985723239854
-0.02263684557566055,0.018256569233026907,-0.1665705212723933,-0.09500476987892781,1,0.0715657513934655
-0.007049811354525218,0.01575236547722821,-0.14607524768989252,-0.08432597501915794,1,0.06174927267073459
-0.03112663707693046,0.017743433321363734,-0.1740545663868034,-0.10450030776705754,1,0.06955425861974585
-0.04332777101675382,0.01601164559437407,-0.182861396381727,-0.12009574565178066,0,0.06276565072994633
-0.015115441431282475,0.017062687288503117,-0.15670910851674857,-0.08982337434581637,1,0.0668857341709322
-0.041038386706723065,0.01756655487931706,-0.18361963427018452,-0.11475873914326162,0,0.0688608951269229
-0.01949702495298429,0.01592787124556262,-0.15886645259428703,-0.09642919731168156,1,0.062437255282605464
-0.024367458878013656,0.01665113585115073,-0.1651544851462691,-0.09988203260975823,1,0.06527245253651087
-0.026775492610252985,0.015071142835396368,-0.16446573256762986,-0.10538685265287612,1,0.059078879914753746
-0.03807486666360703,0.016854232036068274,-0.17925996145430084,-0.11319137187291323,0,0.06606858958138762
-0.05795877055492958,0.015876126514445584,-0.19722677852324294,-0.13499236258661623,0,0.06223441593662671
-0.03392358789238757,0.016608307500912047,-0.1746266705941752,-0.10952210519059996,0,0.06510456540357523
-0.03236437435370852,0.01696647184167072,-0.17376945916338313,-0.10726088954403393,1,0.0665085696193492
-0.040513833935670415,0.01602449669228054,-0.18007264745254029,-0.11725662041880056,0,0.06281602703373973
-0.0008731341407573062,0.018184329279243756,-0.14466521952807507,-0.07338264875343956,1,0.07128257077463551
-0.0033671176668633868,0.016869131153374795,-0.14458141472747799,-0.0784544206062488,1,0.06612699412122919
0.0007626818640227989,0.01841026115298989,-0.1434722299958374,-0.07130400627611702,1,0.07216822371972037
-0.025218077859857316,0.01839288121191977,-0.16941892503522007,-0.09731883068449457,1,0.07210009435072551
-0.005516374622642831,0.016968287129947305,-0.14692501739733954,-0.08040933184794612,1,0.06651568554939342
-0.01820133824225799,0.01759360681224168,-0.1608356075942517,-0.0918686688902643,1,0.0689669387039874
-0.01654077416600809,0.017633892506736047,-0.15925400347921076,-0.09012914485280545,1,0.06912485862640531
-0.051053362526244886,0.015320018190583684,-0.1892313981797889,-0.12917692687270088,0,0.06005447130708802
-0.06855885845250818,0.016356774758459067,-0.20876893697908797,-0.1446503799259284,0,0.06411855705315955
-0.022078856687478762,0.01634098929988733,-0.16225799571525792,-0.09820131765969961,1,0.06405667805555831
-0.009618546445459383,0.017018617523821878,-0.15112583679215028,-0.0844128560987685,1,0.06671298069338177
-0.0006592562143205721,0.017984837019704224,-0.14406033677294086,-0.0735597756557003,1,0.07050056111724057
-0.004149140422691114,0.01796018051673518,-0.14750189423549206,-0.07709798660989017,1,0.07040390762560189
0.0005553963278377566,0.016530452078039302,-0.1399950897451193,-0.07519571759920521,1,0.06479937214591408
-0.015078499344589588,0.01791968888500972,-0.15835188955920865,-0.08810670912997054,1,0.07024518042923811
-0.011191586540881746,0.016248130039059686,-0.15118872141743872,-0.08749605166432477,1,0.06369266975311395
-0.029763522261943384,0.017131925498874507,-0.17149289623973743,-0.10433574828414935,1,0.06715714795558808
-0.01741161176752852,0.01748948811828546,-0.15984180847936802,-0.09128301505568903,1,0.06855879342367899
-0.020030934045954615,0.018668062053561463,-0.1647711356709351,-0.09159233242097414,1,0.07317880324996096
-0.03701162022308914,0.014756575153719888,-0.17408530752438012,-0.11623953292179817,0,0.057845774602581945
0.004627411993008965,0.017580066540091706,-0.1379803184255708,-0.06906645758841129,1,0.0689138608371595
-0.03102106336186701,0.01667897884170436,-0.17186266189160757,-0.10648106483212647,1,0.0653815970594811
-0.022261789164529908,0.016841220509873543,-0.16342138136388207,-0.09740379696517777,1,0.0660175843987043
-0.03845282018978967,0.017780498769283018,-0.1814533977775844,-0.11175384260199496,0,0.06969955517558944
-0.03674502977686954,0.01785411574953108,-0.17988989664595045,-0.10990176290778864,0,0.06998813373816182
-0.01587488116540993,0.017259052785480032,-0.1578534246249508,-0.09019793770586906,1,0.06765548691908174
-0.032434668188045204,0.016834017694093414,-0.1735801428684683,-0.10759079350762212,1,0.06598934936084618
-0.011109889248000646,0.01785341832679034,-0.15425338916850972,-0.08426798932749158,1,0.06998539984101815
-0.044398533455461006,0.017118540408906195,-0.18610167265691716,-0.11899699425400487,0,0.06710467840291229
-0.03721020129916579,0.01541337320043899,-0.1755712127720262,-0.11515078982630537,0,0.06042042294572082
-0.008759641210821581,0.017153092641498592,-0.15053050278815883,-0.08329037963348435,1,0.06724012315467448
0.025650673104927704,0.01634522100573741,-0.11453676006631763,-0.050463493723826976,1,0.06407326634249066
-0.030628531080729285,0.015872292502864434,-0.16988902438634357,-0.107669637775115,1,0.06221938661122857
-0.0198444829113376,0.0182330561142527,-0.1637320728952729,-0.09225849292740232,1,0.07147357996787057
-0.02908914219766938,0.017275333394028248,-0.17109959564996474,-0.10338028874537403,1,0.06771930690459071
-0.0015489008726483483,0.01818253764775188,-0.14533747466224203,-0.07406192708305467,1,0.07127554757918736
-0.006396231683455558,0.01902418485329039,-0.15183443399590474,-0.0772596293710064,1,0.07457480462489834
-0.04742057747024091,0.015910050021395304,-0.1867550755121757,-0.12438767942830611,0,0.0623673960838696
-0.02627579949453475,0.01718182570878453,-0.16810297788375245,-0.10075022110531708,1,0.06735275677843537
-0.060588141066270876,0.01606124529312391,-0.20021898184079373,-0.13725890029174803,0,0.0629600815490457
-0.012492510785614572,0.01856457103123487,-0.15702987000683494,-0.08425675156439423,1,0.0727731184424407
-0.006258759793001209,0.01797988256659467,-0.14965012962352675,-0.07916898996247566,1,0.07048113966105109
-0.022609037562602116,0.01842344568164863,-0.16686979109863342,-0.0946498840265708,1,0.07221990707206262
-0.032715086720543615,0.016154275389751338,-0.17252826648445624,-0.109203506956631,0,0.06332475952782524
-0.027726765208969675,0.017092889295169725,-0.16937962822750235,-0.10237550219043702,1,0.06700412603706533
-0.02631540158273961,0.01789738010258412,-0.16954506658380447,-0.09938733658167474,1,0.07015773000212973
-0.0033860950948246676,0.01744936772401156,-0.14573765583388731,-0.07733613435576202,1,0.0684015214781253
-0.033669948921314766,0.01895923747508191,-0.17898085437247532,-0.10466064347015422,1,0.0743202109023211
-0.04303421488988658,0.016887860725246152,-0.18428522191136903,-0.11808480786840413,0,0.06620041404296491
-0.038077875926553525,0.016086053964880893,-0.1777573416977201,-0.11470001015538697,0,0.06305733154233312
-0.020012307035493407,0.01816344289105892,-0.16376345510196888,-0.09256275896901793,1,0.07120069613295095
-0.024558365542502028,0.016723538097004734,-0.1654873002126313,-0.09993103087237276,1,0.06555626934025854
-0.03951905187144343,0.017131697360168164,-0.18124797869737302,-0.11409172504551383,0,0.06715625365185919
-0.013762883341843127,0.016752834185945302,-0.15474923834629592,-0.08907812833739034,1,0.06567111000890558
-0.03353548353370049,0.016293864451770838,-0.17362225785917135,-0.10975030920822965,0,0.0638719486509417
-0.0010396843250158744,0.01839290931958982,-0.14524058659141192,-0.07314038205861983,1,0.07210020453279209
-0.011046994223584586,0.017392628803684026,-0.15328734667880528,-0.0851082417683639,1,0.06817910491044138
-0.022138859665051816,0.01630450139617834,-0.16224648240156136,-0.09833283692854228,1,0.06391364547301909
-0.02282594298559522,0.017754983451486385,-0.16577651055050854,-0.0961769754206819,1,0.06959953512982664
-0.052617755169243344,0.01707337679520095,-0.19423237368783722,-0.12730473665064948,0,0.06692763703718774
-0.022756171188563004,0.016477456735574072,-0.16320278639028818,-0.09861115598683784,1,0.06459163040345034
-0.009706014328039234,0.01616077978617268,-0.1495319427089377,-0.08618168594714079,1,0.0633502567617969
-0.044572311980899074,0.017474219306376573,-0.18697258182139714,-0.118473642140401,0,0.06849893968099614
-0.05412474685518069,0.01793024358927843,-0.1974188242901664,-0.12713226942019498,0,0.07028655486997143
-0.009258584842694415,0.017411389296343137,-0.15153570786352696,-0.08328306182186188,1,0.06825264604166509
-0.012023180693890259,0.018991329642737906,-0.15739698679365655,-0.08295097459412397,1,0.07444601219953258
0.005805727066787322,0.016718079184078548,-0.13511250813400663,-0.06957763773241873,1,0.0655348704015879
-0.010914981240540203,0.017170379938021698,-0.15271972591906274,-0.08541183656201767,1,0.06730788935704507
-0.03020449944875532,0.016095181249577286,-0.1699018546979268,-0.10680874419958385,1,0.06309311049834294
-0.018199297622912156,0.01644991610668575,-0.15859193319201623,-0.0941082620538081,1,0.06448367113820813
-0.032393271373586566,0.017560588961455716,-0.17496282573803978,-0.10612531700913337,1,0.06883750872890641
-0.03674008056709706,0.015708111147562303,-0.17567877841631918,-0.11410298271787495,0,0.061575795698444236
-0.022395137189926237,0.018346587552852404,-0.16650524879351697,-0.09458662558633553,1,0.07191862320718144
-0.009543914829674413,0.016720498933148715,-0.15046689273864589,-0.08492253692070294,1,0.06554435581794295
-0.019631818975125656,0.01633507576136697,-0.15979936746740492,-0.0957658704828464,1,0.06403349698455851
-0.030654544981250212,0.015935936216438386,-0.17003977996546946,-0.10757090999703098,1,0.06246886996843848
-0.009440260965097355,0.01804584091095489,-0.15296090915056892,-0.08222121277962578,1,0.07073969637094314
-0.04409415688838751,0.016948271320083422,-0.18546356867575103,-0.119026345101024,0,0.06643722357472703
-0.018777575426629264,0.016509364800016125,-0.15928673043466088,-0.09457002041859766,1,0.06471671001606322
-0.03479075268691055,0.018810316350400046,-0.17980977273369464,-0.10607333264012647,1,0.07373644009356817
-0.047571574777046974,0.01793570309745319,-0.19087635284805524,-0.12056839670603872,0,0.07030795614201651
-0.04902944862725604,0.016046158144488978,-0.18863071859045444,-0.12572977866405766,0,0.06290093992639678
-0.01833417819770751,0.01804810012717246,-0.16185925444696553,-0.0911107019484495,1,0.07074855249851603
-0.03719901995809889,0.016509916629017563,-0.1777092565509733,-0.11299038336522448,0,0.06471887318574883
-0.023612525545350274,0.0167590647414262,-0.16461109243854563,-0.09891555865215493,1,0.0656955337863907
-0.0007259427184645867,0.017301293025805964,-0.1427872770490443,-0.0749662083878849,1,0.06782106866115939
-0.022843599338329565,0.01685437610928134,-0.164028976512521,-0.09795982216413815,1,0.06606915434838284
-0.015333499248685309,0.016740097832145164,-0.15629489099968985,-0.09067370749768079,1,0.06562118350200906
0.013037112307958745,0.01747642871804381,-0.12936748797940711,-0.06085988740467539,1,0.06850760057473172
-0.04863461503374515,0.016276715505325154,-0.18868777742418247,-0.12488305264330785,0,0.06380472478087462
-0.004021752451139601,0.01628524965734316,-0.1440916417795322,-0.080253463122747,1,0.0638381786567852
-0.03769556672070014,0.0162690459419725,-0.17773369676696624,-0.11395903667443405,0,0.06377466009253219
-0.04017429097034954,0.01583913031367999,-0.17936978638516232,-0.11728039555553676,0,0.06208939082962556
-0.05262737686671555,0.016119599688008735,-0.19237259225521267,-0.12918376147821845,0,0.06318883077699422
0.009886334471874883,0.018444338943540074,-0.13441536985746366,-0.06211356119878658,1,0.07230180865867708
-0.030868564628261527,0.017289930748719633,-0.172907628895752,-0.10513110036077106,1,0.06777652853498095
-0.032294300799306744,0.016513035997265654,-0.17281065135394744,-0.10807955024466606,1,0.06473110110928137
-0.03038407896163485,0.017533910814784132,-0.17290134415861175,-0.10416841376465796,1,0.06873293039395378
-0.022190141605712407,0.01669580514557047,-0.16306471969103054,-0.09761716352039429,1,0.06544755617063625
-0.03455527713669447,0.016455308052345213,-0.1749584809192911,-0.11045367335409786,0,0.06450480756519322
0.005445428998532217,0.01694017654853835,-0.13590811703660297,-0.06950262496633261,1,0.06640549207027036
-0.028830995655876254,0.01625803315044236,-0.16884754063074328,-0.10511605068100924,1,0.06373148994973404
-0.003595154433547895,0.017233593544563316,-0.145523797780892,-0.0779681110862038,1,0.0675556866946882
-0.03194241416555575,0.015455379530370333,-0.1703857580450816,-0.10980067028602991,0,0.06058508775905169
-0.030880283969040676,0.01832391355861016,-0.1749459545439166,-0.10311621339416477,1,0.07182974114975182
-0.0051070747791902155,0.017191527237169955,-0.14695326816404333,-0.07956248139433711,1,0.06739078676970622
-0.019109117237771714,0.0191057540381975,-0.16470719515263882,-0.08981263932290462,1,0.0748945558297342
-0.007799805682955865,0.016762202583401945,-0.1488045227464237,-0.08309668861948806,1,0.06570783412693564
-0.04038425467860489,0.017903447746449662,-0.18362581226164623,-0.11344429709556356,0,0.07018151516608268
-0.0016186814417955692,0.020478469597125792,-0.14990728185216212,-0.06963168103142903,1,0.0802756008207331
-0.024479056896032372,0.01680268271529608,-0.16556311501801269,-0.09969659877405207,1,0.06586651624396062
-0.03203216017718137,0.017466339212027178,-0.17441698503275466,-0.10594893532160811,1,0.06846804971114655
-0.004278681617646565,0.018011805402188583,-0.1477326202059362,-0.07712634302935695,1,0.07060627717657925
-0.020226887363647986,0.015526364103703796,-0.15880936100690743,-0.09794601372038855,1,0.060863347286518876
-0.018699881095354212,0.01649115875952275,-0.1591733522640188,-0.09452800992668964,1,0.06464534233732916
-0.03340109591462913,0.01623021719065472,-0.17336312160831238,-0.10974067022094589,0,0.0636224513873665
-0.008606318763827822,0.017837336746355098,-0.1517182987866838,-0.08179593874097184,1,0.06992236004571196
-0.014561463312166414,0.017219695490579646,-0.15646286647370253,-0.08896166015063031,1,0.06750120632307222
-0.021002668188454213,0.018508795983992524,-0.16543070831707957,-0.09287622805982887,1,0.0725544802572507
-0.046207117823990604,0.014485985257851637,-0.1827504489293798,-0.1259653867186014,0,0.05678506221077839
-0.03802509605894423,0.015590355439790628,-0.17673299272093387,-0.1156187993969546,0,0.06111419332397927
-0.04089381751997008,0.01606462343868318,-0.1805312794597891,-0.11755795558015106,0,0.06297332387963805
-0.01787038972629755,0.017430054521891204,-0.16018409658920432,-0.09185828286339079,1,0.06832581372581353
-0.03562384791095492,0.017501671328097643,-0.1780779237140263,-0.10947137210788355,0,0.06860655160614276
-0.027367179035962655,0.019199631235090116,-0.17314925625673927,-0.09788670181518604,1,0.07526255444155323
-0.0021936346155348313,0.017272869621808795,-0.14419925907428008,-0.0764896101567896,1,0.06770964891749048
-0.0013745382669187317,0.017759726342537363,-0.14433440189829197,-0.0747162746355455,1,0.06961812726274647
-0.04386438872521729,0.016149019265538914,-0.18366726648567355,-0.12036311096476103,0,0.06330415552091252
-0.004497690625019465,0.017407219667419482,-0.14676664117316165,-0.07853034007687729,1,0.06823630109628437
-0.06235376199336094,0.016666353153832948,-0.20317061417487353,-0.13783850981184836,0,0.06533210436302517
-0.03130830620334531,0.015956958990461425,-0.1707347458246497,-0.10818346658204092,0,0.06255127924260878
0.008778901596436975,0.01715420643964829,-0.13299414302527368,-0.06574965378185238,1,0.0672444892434213
-0.01973175623249794,0.016872994168695088,-0.16095362480314032,-0.09481148766185557,1,0.06614213714128475
-0.010944403863361221,0.01826082381610843,-0.15488641854293375,-0.0833039891837887,1,0.07158242935914505
-0.022106923790121677,0.017488494132762215,-0.16453517229033562,-0.09598027528990774,1,0.06855489700042788
-0.02551752449624438,0.018488001273774486,-0.16990480699284238,-0.09743184199964638,1,0.072472964993196
-0.013189531677905195,0.017287398806733797,-0.15522363333910344,-0.08745703001670696,1,0.06776660332239648
-0.014577846784774237,0.01753680815856221,-0.15710079077555617,-0.08835650279399232,1,0.06874428798156385
-0.024839043057615237,0.017964771264844942,-0.16820079473671135,-0.09777889137851915,1,0.07042190335819219
-0.03899817086425171,0.015558063243422517,-0.17764277482135984,-0.11665516690714359,0,0.06098760791421626
-0.03042580133440355,0.01794656802089414,-0.17375187465535608,-0.10340132801345103,1,0.07035054664190504
-0.021351335692516196,0.016928680819326816,-0.16268235009839677,-0.09632192128663564,1,0.06636042881176113
-0.024594759038677902,0.018611441881237357,-0.16922398512590314,-0.09626713295145269,1,0.07295685217445046
-0.021086526864000935,0.017152051718129495,-0.16285534823153475,-0.09561930549646713,1,0.06723604273506761
-0.002188102434869346,0.01647903688263616,-0.14263781472483622,-0.07803999014490248,1,0.06459782457993374
-0.012996044378763241,0.016537746162144366,-0.1535608268565662,-0.08873286190096029,1,0.0648279649556059
-0.05671778989385824,0.016803235210580126,-0.1978029309065953,-0.1319342488811212,0,0.06586868202547408
-0.029163626139168772,0.017757562370917128,-0.17211924838616635,-0.1025096038921712,1,0.06960964449399515
-0.018876901117793235,0.016704576169667865,-0.15976867041034226,-0.09428673182524422,1,0.06548193858509804
-0.00223647133546577,0.017737221525110636,-0.14515222552468263,-0.07562231714624892,1,0.0695299083784337
-0.02014797390042243,0.016517317270128774,-0.16067271574987482,-0.09592483205097005,1,0.06474788369890477
-0.021275757170630252,0.016017425307109773,-0.1608207107725654,-0.09803240356869511,1,0.0627883072038703
-0.03688581051086941,0.016173387425306978,-0.1767364498644711,-0.11333677115726773,0,0.06339967870720337
-0.0299817118685307,0.015310907481515592,-0.16814189053230127,-0.10812313320476015,1,0.060018757327541125
-0.01126550192778479,0.01780682061553408,-0.1543176703342316,-0.084514933521338,1,0.0698027368128936
0.0058886139071792215,0.01567615684939168,-0.13298745351762847,-0.0715369186680131,1,0.06145053484961538
-0.02356563356279763,0.017452561523390593,-0.1659234541486432,-0.09750941297695206,1,0.06841404117169114
-0.024311039858063446,0.01616765567002067,-0.16415044497130396,-0.10077323474482294,1,0.06337721022648102
-0.027936538687158854,0.01563309564044146,-0.16672820614242412,-0.1054464712318936,1,0.061281734910530516
0.013835000101229997,0.01783386549826234,-0.1292701762753642,-0.05936142352217583,1,0.06990875275318836
-0.001484135319648347,0.016912173416929178,-0.14278279521682954,-0.07648707542246716,1,0.06629571979436238
-0.03971873604012767,0.015337442380303554,-0.17793092310552264,-0.11780814897473271,0,0.060122774130789924
-0.012389390183818058,0.016582025221173097,-0.15304095961731734,-0.08803942075031879,1,0.06500153886699855
-0.03811939578258418,0.016988451668156875,-0.17956756105217164,-0.11297283051299671,0,0.06659473053917493
0.017786625376281298,0.017667388503379754,-0.12499225609034302,-0.055736093157094393,1,0.06925616293324863
-0.028856838076381244,0.016205583783420408,-0.16877058229188524,-0.10524469386087726,1,0.06352588843100798
-0.028114599696749856,0.016865282169333622,-0.16932135274864377,-0.10320944664485596,1,0.06611190610378781
-0.02389588405443803,0.016784477258021183,-0.16494425948015956,-0.09914910862871651,1,0.06579515085144305
-0.0021196298645148187,0.01782144703473128,-0.14520046605258813,-0.07534039367644152,1,0.06986007237614661
-0.03590325302524118,0.017046202217296812,-0.17746460937114295,-0.11064349667933943,0,0.06682111269180352
-0.010976381695698686,0.01818894710578735,-0.1547775180230419,-0.08347684536835548,1,0.07130067265468643
-0.0328413537674906,0.01659160305764769,-0.1735116957604801,-0.10847261177450114,0,0.06503908398597895
-0.02548776100515264,0.015514116315471265,-0.16404622898347632,-0.10323089302682897,1,0.06081533595664734
-0.01738063324035137,0.017236693131854153,-0.15931535177878553,-0.09174751470191723,1,0.0675678370768683
-0.004455712978096202,0.016347843858857066,-0.14464828694145604,-0.08056473901473636,1,0.06408354792671968
-0.06213536701643106,0.016335229538769265,-0.20230321691241882,-0.13826911712044332,0,0.0640340997919755
-0.06372971476546206,0.015206523759087846,-0.20168530133327425,-0.14207572819764988,0,0.05960957313562437
-0.01793780559553508,0.01684745356208077,-0.1591096145772134,-0.09306759661385677,1,0.06604201796335663
-0.03042305714123851,0.017346436088664284,-0.17257287187502052,-0.10457484240745651,1,0.067998029467564
-0.037001080966668,0.017143444773720748,-0.17875303272316068,-0.11155072921017534,0,0.06720230351298534
-0.04938800546551135,0.014976983966981128,-0.18689369404079437,-0.12818391689022834,0,0.05870977715056602
-0.0035525476719157206,0.01698261841251042,-0.14498927976043616,-0.0784174155833953,1,0.06657186417704086
-0.022644754735676856,0.01726299772253529,-0.16463103027184603,-0.09696007919950769,1,0.06767095107233834
-0.004851286903440985,0.01801576561626364,-0.14831298751131772,-0.07769118629556426,1,0.07062180121575345
-0.050360421834751326,0.016378994602950805,-0.1906140512565349,-0.12640839241296775,0,0.06420565884356716
-0.006494807885901774,0.01714400806480629,-0.14824786369292212,-0.08104335207888144,1,0.06720451161404067
-0.034332774871320734,0.016412263904958087,-0.1746516121250386,-0.11031553761760289,0,0.06433607450743571
-0.030693200553261205,0.016005694992863754,-0.17021516273927417,-0.10747283836724825,1,0.06274232437202593
-0.00023741128303812753,0.017192245062264137,-0.14208501160507583,-0.07469141096100043,1,0.0673936006440754
-0.0167457948979418,0.01809038160985182,-0.16035374285325138,-0.08943944694263223,1,0.07091429591061915
-0.04376079177982296,0.0173779328011715,-0.1859723400701191,-0.11785084348952683,0,0.06812149658059226
-0.029901464838117606,0.016417644636728963,-0.17023084832610638,-0.10587368135012884,1,0.06435716697597754
-0.03431680254413917,0.016249329914470277,-0.1743162891765009,-0.11061891591177744,0,0.06369737326472347
-0.017946053777994145,0.018022557068594878,-0.1614210656324401,-0.0907726419235482,1,0.0706484237088919
-0.04754043442938265,0.016747762199618727,-0.18851684834063537,-0.12286562051812995,0,0.06565122782250542
-0.025430599085379355,0.016856143287162957,-0.16661943992821876,-0.10054335824253996,1,0.0660760816856788
-0.021626447545903607,0.018590324829405338,-0.16621428421153808,-0.09334021088026914,1,0.07287407333126894
-0.021168229596287877,0.017013864615156582,-0.1626662042419948,-0.09597185495058098,1,0.06669434929141381
-0.03692003778619947,0.016293937966857335,-0.17700695620123985,-0.1131347193711591,0,0.06387223683008075
-0.00495877194401452,0.01615973282049501,-0.14478264827218473,-0.08143649561584432,1,0.06334615265634042
-0.0331042911855292,0.01638228711854143,-0.1733643739378704,-0.109145808433188,0,0.06421856550468241
-0.004545026578534103,0.01789606113952704,-0.1477721064120071,-0.07761954674506111,1,0.070152559666946
-0.032802946987003964,0.017423746049644417,-0.17510428924430704,-0.10680320472970091,1,0.06830108451460613
-0.01916113283784708,0.016768999385762054,-0.16017917163394071,-0.09444469404175346,1,0.06573447759218726
-0.02415739000152732,0.01789979731797457,-0.1673917927447575,-0.09722458725829716,1,0.07016720548646033
-0.05663485292328478,0.01591699713332362,-0.19598296730459908,-0.1335883385419705,0,0.06239462876262858
0.016478402526343486,0.01801656508716406,-0.12698486504449807,-0.056359929902814965,1,0.07062493514168311
-0.03553865353242218,0.017202660806688235,-0.1774066687135311,-0.10997223835131324,0,0.06743443036221787
-0.0075536252277342425,0.01705285794258068,-0.14912802679519238,-0.08228082366027611,1,0.06684720313491627
-0.01818724225889047,0.015934146650172745,-0.15756896969322906,-0.09510711482455189,1,0.06246185486867717
-0.0268415598935252,0.01801814559414801,-0.1703079252580553,-0.09967679452899511,1,0.07063113072906019
-0.03725347486353557,0.016234367027815663,-0.17722363423805426,-0.11358491548901688,0,0.06363871874903738
-0.009787394171991856,0.016506062246839502,-0.1502900761757973,-0.08558631216818643,1,0.06470376400761085
0.014429933335825054,0.018577184472580888,-0.13013214823043348,-0.057309585097916414,1,0.07282256313251706
-0.04001136671092724,0.01750479498683071,-0.18247156488511546,-0.11385276853673905,0,0.0686187963483764
-0.01797993996979101,0.01711058090091574,-0.15966747853558588,-0.09259400140399617,1,0.06707347713158972
0.004403146876962985,0.019205312945821233,-0.14139006649684663,-0.06610523974922741,1,0.07528482674761922
-0.0030618046969863727,0.018043494254750457,-0.14657785343629726,-0.07584735595767549,1,0.07073049747862177
-0.02064612705997225,0.01672636356538941,-0.16158059964813548,-0.09601325447180901,1,0.06556734517632647
0.003760192313090868,0.017083731618904363,-0.13787472165996167,-0.07090649371385659,1,0.06696822794610509
-0.03694596297906176,0.016640885611543987,-0.17771289877768798,-0.11248062718043556,0,0.06523227159725242
-0.008448863877534865,0.016437772588490954,-0.14881769815097715,-0.0843816296040926,1,0.06443606854688455
-0.02466393435016924,0.017145389151642768,-0.16641969708738907,-0.09920977161294942,1,0.06720992547443966
-0.012352735340705065,0.019019304553627794,-0.15778137226581554,-0.0832256984155946,1,0.07455567385022094
-0.012551651119949783,0.01816911364426764,-0.15631391386271437,-0.0850909883771852,1,0.07122292548552916
-0.04376603666469543,0.016010967080664584,-0.183298332142798,-0.12053534118659286,0,0.06276299095620515
0.005179221142625437,0.01802212653730452,-0.13829494687049143,-0.0676482108442577,1,0.07064673602623373
-0.03301293276926105,0.016188125205236572,-0.17289245817152474,-0.10943500736699738,0,0.06345745080452736
-0.032062629007514845,0.01649946735666081,-0.17255238502657003,-0.10787447298845967,1,0.06467791203811035
-0.008565297750493125,0.01849114746237159,-0.15295874677674143,-0.08047344872424482,1,0.07248529805249661
-0.03998973714878544,0.016102582677601146,-0.1797015991968837,-0.1165794751006872,0,0.0631221240961965
-0.042567832026641536,0.017119174523639834,-0.18427221409297562,-0.11716504996030747,0,0.06710716413266815
-0.0076311560862213496,0.017290051859184998,-0.14967045773022394,-0.08189345444221877,1,0.06777700328800518
-0.038348787660520564,0.015660597275967098,-0.17719435832141608,-0.11580481699962505,0,0.06138954132179103
-0.030631733101215183,0.01784331059839473,-0.17375542187406887,-0.10380964432836151,1,0.06994577754570735
-0.025534572746944664,0.01675137336387386,-0.16651806454013743,-0.10085268095375191,1,0.06566538358638552
-0.020673405314610552,0.01817327688807306,-0.16444382801523377,-0.09320458261398736,1,0.07123924540124642
-0.031056106396942992,0.015083938657496408,-0.16877142616563595,-0.10964238662825004,0,0.05912903953738591
-0.014793839171258885,0.018577914712497687,-0.15935735200775436,-0.08653192633476342,1,0.07282542567299094
-0.0061846274064212975,0.018221188185361382,-0.1500489562497296,-0.078621898563113,1,0.07142705768661661
-0.04427926443231124,0.01611120369479191,-0.1840080236741034,-0.1208521051905191,0,0.0631559184835843
-0.03475241708146175,0.01635304623713578,-0.17495518770624788,-0.11085124645667563,0,0.06410394124957225
-0.032835872891971665,0.016606902879540822,-0.17353620253587168,-0.10843714324807166,0,0.06509905928780002
-0.03386636261569671,0.017010770688531168,-0.1753582731652178,-0.10867605206617563,0,0.06668222109904216
-0.025997057621358885,0.01750817373917904,-0.1684638781501498,-0.09983183709256797,1,0.06863204105758182
-0.0067812479415985255,0.017960229635780096,-0.15013409802772754,-0.07972999785546954,1,0.070404100172258
-0.01184616964641598,0.016091323265848622,-0.15153596324747928,-0.08845797604535269,1,0.0630779872021266
0.0018746417643586283,0.017776438849636287,-0.1411179783809285,-0.07143433809035425,1,0.06968364029057424
-0.02198756471772005,0.017484725050241207,-0.1644084258161928,-0.0958683036192473,1,0.06854012219694551
-0.026866035092285565,0.018842959658221102,-0.17194903602239892,-0.09808463416217221,1,0.0738644018602267
-0.03058041122670467,0.016475262596847014,-0.17102272591652481,-0.10643969653688454,1,0.06458302937964028
2.054430689944764e-05,0.01720820924445527,-0.1418583458122329,-0.07440216557396823,1,0.06745618023826466
-0.04340330814774597,0.017079993014307616,-0.1850308944557889,-0.11807732183970304,0,0.06695357261608587
0.0031095451589299578,0.017652801659766567,-0.1396407460942125,-0.07044176358792759,1,0.06919898250628492
-0.03710304616236097,0.0172617750468825,-0.17908692525425068,-0.11142076707047127,0,0.06766615818377941
-0.037198651615781744,0.01516428700905827,-0.17507145415353595,-0.11562744907802754,0,0.05944400507550841
-0.04229723656180649,0.01718966210116714,-0.1841397742800941,-0.1167562988435189,0,0.06738347543657519
-0.0026751357176188068,0.01812162674333307,-0.14634432413455162,-0.07530754730068599,1,0.07103677683386563
-0.0018363569246845485,0.01819018188821537,-0.1456399134255867,-0.07433440042378242,1,0.07130551300180427
-0.050386813844279135,0.01714218285601367,-0.19213629224206594,-0.12493893544649234,0,0.06719735679557359
-0.031580325111384935,0.015192808135959298,-0.16950902905786516,-0.10995322116490472,0,0.059555807892960444
