bias,std,lcl,ucl,cover,cld
-0.004265978945158969,0.017428195976006536,-0.1465760430581318,-0.07825751483218615,1,0.06831852822594564
0.011164774818383669,0.01622665124508032,-0.12879026162197377,-0.0651817887412589,1,0.06360847288071486
-0.027836844689326498,0.016706936287004544,-0.1687332398118554,-0.1032420495667976,1,0.0654911902450578
-0.002995773344079508,0.01547550320415065,-0.1414785596242148,-0.08081458706394425,1,0.06066397256027055
0.04310650714913895,0.01786189958756629,-0.10005361604249098,-0.030034969659231123,0,0.07001864638325986
-0.021950417737516756,0.015622673749426897,-0.16072165828639348,-0.09948077718864004,1,0.06124088109775344
0.005681787216727005,0.016818452889191805,-0.13543318044608893,-0.06950484512045707,1,0.06592833532563186
0.0442960262453468,0.016370981104891286,-0.09594189672024012,-0.031767650789066286,0,0.06417424593117382
0.009577705160778507,0.01654938112501692,-0.13100988184425466,-0.06613630783418833,1,0.06487357401006633
0.015313722147820466,0.017303218762222492,-0.1267513866261356,-0.058922769078223455,1,0.06782861754791215
0.000933452275660232,0.016091213813497193,-0.1387561267987943,-0.07567856864988527,1,0.06307755814890902
0.0024078185668651303,0.017368633007007507,-0.13978550212686958,-0.07170046073940016,1,0.06808504138746942
-0.0431423006916959,0.01567535169224215,-0.18201679000849053,-0.12056941137490129,0,0.061447378633589234
0.01819442723222038,0.015035134860336573,-0.11942523709403931,-0.06048750844151994,1,0.05893772865251937
0.015517315384852251,0.016637298214250723,-0.12524258911507918,-0.06002438011521634,1,0.06521820899986285
0.022341997831638108,0.01801661804867156,-0.12112137354375815,-0.05049623079296564,1,0.07062514275079251
0.031959603708222775,0.017536264467782246,-0.11056227464863043,-0.04182011793492403,1,0.0687421567137064
0.003256358214654323,0.017092636555811964,-0.13839600943473712,-0.07139287413595424,1,0.06700313529878288
0.011971387567979677,0.0171714623462172,-0.12983547863060604,-0.06252334623343461,1,0.06731213239717143
0.011854143262144443,0.016990808405937547,-0.12959864121349315,-0.06299467226221797,1,0.06660396895127518
-0.018423175085708052,0.016300830079801605,-0.1585236020421192,-0.0946243481292969,1,0.0638992539128223
0.0011744557223762747,0.016402626233136913,-0.13912549169457208,-0.07482719686067538,1,0.06429829483389671
-0.0029478204599939356,0.01733443896424529,-0.14507412082991472,-0.07712312009007317,1,0.06795100073984155
0.010947304908512048,0.015897176135761224,-0.12836196031757996,-0.06604502986539595,1,0.062316930452184005
-0.024252387521564098,0.014877985741696418,-0.1615640395752891,-0.10324233546783912,1,0.05832170410744997
0.002519232274455538,0.015923163233507617,-0.1368409676632194,-0.07442216778786953,1,0.06241879987534987
0.030276869491808925,0.017237064723402928,-0.11165857736606082,-0.044089283650321345,1,0.06756929371573947
0.04126504326297077,0.018588122538813746,-0.10331847691310417,-0.030453036560954293,0,0.07286544035214987
-0.010439075335959183,0.016374853790532717,-0.1506845887654033,-0.08649516190651507,1,0.06418942685888823
0.018073685287301758,0.01672035404878549,-0.1228490086483178,-0.05730522077707869,1,0.0655437878712391
-0.0144262304093601,0.016715169249160864,-0.1553387621377154,-0.08981529868100481,1,0.0655234634567106
-0.015268047741521365,0.01748194071935961,-0.1576834515514662,-0.08915424393157653,1,0.06852920761988968
0.019706215238582306,0.017355263369991998,-0.12246090096660202,-0.05442826855623338,1,0.06803263241036864
0.0008064964232113586,0.017436739140417497,-0.14152031229200696,-0.07316829486157035,1,0.0683520174304366
0.02287872482103466,0.015765641334948413,-0.11617273219546423,-0.054371418162466455,1,0.061801314032997774
-0.00717997603677599,0.01662142660418381,-0.14790877218097626,-0.08275277989257573,1,0.06515599228840052
0.012491521899376426,0.015486671989010591,-0.12601315519908435,-0.06530540100216282,1,0.06070775419692152
-0.00042106041123131377,0.01714800916411876,-0.1421819583729041,-0.07496176244955854,1,0.06722019592334555
-0.0033155972356446045,0.016068820486987597,-0.1429612853901403,-0.07997150908114892,1,0.06298977630899139
0.0185247473679213,0.015229834796945146,-0.1194765288340912,-0.059775576430066216,1,0.05970095240402498
-0.014249971822662647,0.014899599651454376,-0.15160398713951323,-0.09319755650581207,1,0.058406430633701156
0.034314761315353506,0.01580180881594155,-0.10480758396389193,-0.04286449340540106,0,0.06194309055849087
0.010888769092425268,0.01704455369182625,-0.13066935614355418,-0.06385470567159529,1,0.06681465047195889
0.03251041497110892,0.017300261191243865,-0.10954889696372906,-0.041731873094053115,1,0.06781702386967595
0.014752815780529185,0.015505147068147358,-0.12378807247303963,-0.063007895965902,1,0.06078017650713763
-0.009894130130387271,0.015705485699922386,-0.14882768210223515,-0.0872621781585394,1,0.061565503943695754
-0.014909490110935605,0.016805528006733086,-0.15599912500413246,-0.09012145521773876,1,0.0658776697863937
-0.013501822047676984,0.01669255556907334,-0.15437003096306073,-0.08893521313229324,1,0.06543481783076749
0.004266175739765107,0.01695068542532589,-0.13710796769387365,-0.07066128082659615,1,0.0664466868672775
0.02248623266864737,0.017366179070000754,-0.11970227830855412,-0.05162685635415116,1,0.06807542195440297
-0.0020327474991831546,0.01446418787539982,-0.1385333557349668,-0.08183373926339951,1,0.05669961647156729
-0.0005370434752135639,0.018166481195487694,-0.14429414661836945,-0.07308154033205769,1,0.07121260628631176
0.0012830843367481332,0.017671706673993617,-0.14150426074427935,-0.07223117058222439,1,0.06927309016205496
0.009126680297504478,0.01656829458848663,-0.1314979770959293,-0.06655026230906173,1,0.06494771478686757
0.028232222216465944,0.01639108384321141,-0.11204510211622842,-0.04779205345083969,1,0.06425304866538872
-0.0241702802672326,0.016279355825770576,-0.16422861768574293,-0.10041354284872228,1,0.06381507483702065
0.005562222010757081,0.016220328039854362,-0.13438042094735747,-0.07079673503112838,1,0.0635836859162291
0.017437157024135494,0.017413379548718747,-0.12484386689135325,-0.05658341906037577,1,0.06826044783097748
0.010620283305332004,0.015967558727459006,-0.12882693180048765,-0.06623410158884835,1,0.0625928302116393
0.0047625037892731065,0.016683140502580168,-0.13608725159578403,-0.07068934082566977,1,0.06539791077011425
-0.0007737889330225595,0.01622444318572011,-0.14072449757703398,-0.07712468028901115,1,0.06359981728802283
-0.007291288279672528,0.015462253557257003,-0.14574810525189627,-0.08513607130744881,1,0.06061203394444746
-0.004730217809480228,0.016667440483008354,-0.14554920115617662,-0.08021283446278385,1,0.06533636669339277
0.013503826083747103,0.017133581811712408,-0.12822879426720923,-0.061065153565296584,1,0.06716364070191265
-0.005356557716216251,0.0154334491113961,-0.14375691797455262,-0.0832577974578799,1,0.06049912051667272
-0.013309221305805016,0.016574884200948267,-0.15394679433966363,-0.08897324827194641,1,0.06497354606771721
-0.005648064933003169,0.016813047388720886,-0.1467524378148961,-0.08084529205111024,1,0.06590714576378587
0.013582970651080231,0.015991861192730817,-0.1259118772866722,-0.06322378141116737,1,0.06268809587550482
-0.011054899557066886,0.01690280085898865,-0.15233518924068465,-0.08607620987344913,1,0.06625897936723552
0.019084951892560112,0.018440164390967562,-0.1252085703137363,-0.052923125901143474,1,0.07228544441259283
-0.00039624396958883035,0.017607235216040934,-0.14305722499302906,-0.07403686294614861,1,0.06902036204688045
-0.03335679966732098,0.015913280879158914,-0.17269763019047246,-0.11031756914416951,0,0.06238006104630295
0.002049225947613878,0.01618109726074315,-0.1378165246834427,-0.07438662342132955,1,0.06342990126211313
0.03774498317601539,0.017412930940550297,-0.1045351614674632,-0.03627647218050603,0,0.06825868928695716
0.0005962862063214475,0.01609523651468751,-0.13910117736246608,-0.07600785022489104,1,0.06309332713757504
-0.022961264567494907,0.015715428097096883,-0.1619143036378048,-0.10030982549718502,1,0.06160447814061977
0.010409292918414484,0.01643999723115773,-0.12996390165465466,-0.06551911250851637,1,0.06444478914613828
-0.0004854374889308871,0.01809507038565074,-0.14410257544480634,-0.07316989953305544,1,0.0709326759117509
0.0014947207059292505,0.016777384765932928,-0.13953975343529929,-0.07377240515284222,1,0.06576734828245706
-0.011983491832551388,0.017773393496990617,-0.154970143086653,-0.08529844057844979,1,0.0696717025082032
-0.017861703897095335,0.01609233378929531,-0.15755347812411413,-0.09447152967007653,1,0.0630819484540376
-0.031731450815142156,0.017431338617911848,-0.1740476745062494,-0.10571682712403493,1,0.06833084738221445
-0.032067761783837176,0.01657762051067189,-0.17271069798475408,-0.10772642558292028,1,0.0649842724018338
-0.02150410718438843,0.018197815462782187,-0.16532262549144153,-0.09398718887733534,1,0.07133543661410618
0.005021974511035823,0.017574666318183583,-0.137575171472604,-0.06868247950532436,1,0.06889269196727965
0.013062489946507369,0.017454444930553828,-0.12929902211737815,-0.06087759798960713,1,0.06842142412777102
0.015364616838905457,0.016047255612730897,-0.1242388041620471,-0.06133356216014199,1,0.06290524200190512
-0.01996603462477016,0.014461417392730372,-0.15646121271452168,-0.09977245653501864,1,0.056688756179503044
0.003003404472279328,0.01663477605906204,-0.13775155660348226,-0.07254323445195908,1,0.06520832215152318
0.00986538620765269,0.01611506485382513,-0.12987094090584456,-0.06669988667885006,1,0.0631710542269945
0.0015644100156405466,0.017217187619021277,-0.14033207771764117,-0.07284070225107775,1,0.06749137546656342
0.020439320227218907,0.01721873004292527,-0.12146019065691463,-0.05396276888864757,1,0.06749742176826706
-0.009250651891472714,0.01466827837774515,-0.14615127751185322,-0.08865162627109223,1,0.05749965124076099
-0.007985828053691427,0.01544648465471863,-0.14641173797693996,-0.08586151813044292,1,0.06055021984649704
-0.012291398114133947,0.017058745716002632,-0.15387733971749912,-0.08700705651076879,1,0.06687028320673033
-0.018500367912159213,0.018377097547162664,-0.16267027910459803,-0.0906320567197204,1,0.07203822238487763
-0.005378093791909941,0.016564024905892937,-0.14599438260746012,-0.08106340497635979,1,0.06493097763110033
-0.05296947207292073,0.014819767924119157,-0.19016701720419427,-0.1320735269416472,0,0.058093490262547065
0.019073926678050898,0.01645532099673413,-0.121329302475548,-0.05682444416835021,1,0.0645048583071978
0.03130313321434498,0.01563597394860587,-0.10749417572492252,-0.04620115784638752,0,0.061293017878535
0.0014683663602235858,0.01522060686080685,-0.13651482308695784,-0.07685004419259499,1,0.05966477889436285
0.025917060835739872,0.01845485932950015,-0.11840526345008043,-0.04606221487843984,1,0.07234304857164059
0.010863954211307272,0.017283699246429522,-0.1311628963116946,-0.06341079526569088,1,0.06775210104600371
0.013470344833155165,0.018104122602072344,-0.13016453546690665,-0.059196374866783044,1,0.0709681606001236
0.004496226612744916,0.015712320882064326,-0.13445072231610117,-0.07285842445840901,1,0.06159229785769216
-0.01672650678503103,0.016702893649258067,-0.15761497833757684,-0.09213963523248522,1,0.06547534310509162
0.010497345529838789,0.01644953552180014,-0.12989454409288947,-0.06541236484743294,1,0.06448217924545653
0.0004029064327449178,0.016408245809494574,-0.13990805535386447,-0.07558773178064572,1,0.06432032357321875
0.0019613655616852604,0.016287523055255857,-0.13811297962661623,-0.07426588925001326,1,0.06384709037660297
-0.00628572471063564,0.01723399309568485,-0.14821515117817796,-0.08065789824309334,1,0.06755725293508462
-0.020261426152282394,0.015554202913901216,-0.1588984638635288,-0.09792598844103602,1,0.060972475422492775
-0.02710457375291432,0.017497057295268518,-0.16954960605164063,-0.10096114145418802,1,0.0685884645974526
-0.0022592994922384785,0.016110215500052934,-0.14198612187234222,-0.07883407711213473,1,0.06315204476020748
-0.01144580774637581,0.01585651403108418,-0.1506753752473008,-0.08851784024545083,1,0.062157535001849964
0.047317892692461075,0.018501490553512905,-0.09709582879242423,-0.024569985822653635,0,0.0725258429697706
-0.006875885736251017,0.015612732463829826,-0.14562764136535747,-0.08442573010714456,1,0.06120191125821291
-0.01359875620740418,0.017046546022494828,-0.15516078641149406,-0.08833832600331432,1,0.06682246040817974
0.0034957296356940143,0.01632987710810789,-0.13666162949619745,-0.07264851123241453,1,0.06401311826378292
-0.012283576069543181,0.01601678819392902,-0.15182728092964407,-0.08904147120944231,1,0.06278580972020176
0.01934631688574924,0.016554483801554984,-0.12125127136529854,-0.056357694863202995,1,0.06489357650209554
0.004632027341813186,0.017027109743423592,-0.13689190775529705,-0.07014563756107658,1,0.06674627019422047
0.019814651475501113,0.017797078807682592,-0.12321842298755678,-0.05345387406144101,1,0.06976454892611578
-0.025296594811293607,0.016140071790387782,-0.16508193552045367,-0.10181285410213356,1,0.0632690814183201
0.0528714065584527,0.01738091815911988,-0.08934599303342228,-0.021212793849672347,0,0.06813319918374994
0.046550349656822435,0.017893363814021755,-0.09667144341866021,-0.026529457267694928,0,0.07014198615096529
-0.0034925926293086357,0.015571682104345832,-0.14216388955382647,-0.08112289570479081,1,0.06104099384903566
0.008527561747885756,0.017796351941113595,-0.1345040880566969,-0.0647423884475316,1,0.06976169960916528
0.007328703236435072,0.016079797093668337,-0.13233849906715486,-0.069305694459975,1,0.06303280460717986
0.01207823122798575,0.01684763145343607,-0.12909392642074896,-0.06305121112327956,1,0.0660427152974694
0.0022127827159012653,0.017668849724713113,-0.14056896274453645,-0.07130707182366104,1,0.06926189092087541
-0.030238935805275244,0.014685141197197766,-0.16717261255178287,-0.10960685905876763,0,0.05756575349301524
-0.0022638186090649798,0.016320653586043208,-0.14240309963770967,-0.0784261375804203,1,0.06397696205728937
-0.01575532445176088,0.0166808897413622,-0.1566006683448308,-0.09121158055869097,1,0.06538908778613983
0.006549576414104627,0.016977860533179602,-0.1348778302309274,-0.06832461694086336,1,0.06655321329006403
0.009647068685691193,0.016564461178849597,-0.13097007522485402,-0.06603738740376361,1,0.0649326878210904
-0.02444897860486138,0.01602940704781135,-0.16401741641857165,-0.10118214079115113,1,0.06283527562742051
-0.024228632246620266,0.0145249746503578,-0.16084838256132156,-0.10391048193191899,1,0.05693790062940257
-0.025552103445341826,0.015583189450016532,-0.16424595476737425,-0.10315985212330943,1,0.06108610264406482
-0.0018673897220251728,0.017752441996868932,-0.14481297603588827,-0.07522340340816208,1,0.06958957262772619
0.005729765559168806,0.01669643783007938,-0.13514605258778678,-0.06969601629387562,1,0.06545003629391116
0.018039705915187734,0.017512729606828627,-0.12443604411419637,-0.055786144055428165,1,0.0686499000587682
-0.02254083277066858,0.016732428703120885,-0.1634871930287855,-0.09789607251255165,1,0.06559112051623385
-0.0126329758811181,0.015590970411709442,-0.1513420778880686,-0.0902254738741676,1,0.06111660401390101
0.010380909844847755,0.017184368813119858,-0.13145125302886718,-0.06408852728143732,1,0.06736272574742985
-0.001647831093210192,0.01586040245052701,-0.14088501989624314,-0.07871224229017726,1,0.06217277760606588
-0.014236310799304472,0.016518015299212353,-0.1547624207857607,-0.09001180081284826,1,0.06475061997291243
0.0009347124358299458,0.015801616021731146,-0.1381872549667631,-0.07624492016157701,1,0.061942334805186086
-0.021433198862138944,0.016464858447541066,-0.16185512141931943,-0.09731287630495847,1,0.06454224511436096
-0.0030818805210405947,0.017169890855246773,-0.14488566659732427,-0.07757969444475693,1,0.06730597215256734
0.025354124066438152,0.01790382883373472,-0.1178881804476819,-0.047705171419441805,1,0.0701830090282401
0.0013426698668908693,0.015993916765389117,-0.1381562069932718,-0.07546005327294647,1,0.06269615372032533
-0.0077866545398023596,0.014924376290041756,-0.1451892320682842,-0.08668567701132052,1,0.058503555056963696
0.01877345605188964,0.01738625371252931,-0.12345440122466782,-0.055300286671552915,1,0.0681541145531149
0.01160670784906935,0.01691785847056334,-0.1297030947532348,-0.06338508954862651,1,0.06631800520460829
-0.02945013333516107,0.016077083683458695,-0.16911201735474013,-0.10608984931558203,1,0.0630221680391581
0.013369935154720944,0.015243789094619457,-0.12465869147073319,-0.06490303821982493,1,0.05975565325090826
-0.0050745685040760186,0.01647530307048611,-0.1455169625222288,-0.08093377448592325,1,0.06458318803630554
-0.011229202156923093,0.017168918425885287,-0.15303108227165826,-0.08572892204218793,1,0.06730216022947033
-0.003150235982148905,0.01708961730479346,-0.1447966858995441,-0.07780538606475373,1,0.06699129983479035
0.019898114907950085,0.01708148993986133,-0.12173240537417812,-0.05477296480992171,1,0.0669594405642564
-0.009812539827178848,0.01446589415110833,-0.14631649236335117,-0.08961018729100653,1,0.05670630507234464
0.03377529660618524,0.01837520294770042,-0.11039090117130759,-0.03836010561632195,1,0.07203079555498565
0.02259099074568717,0.017920040490178733,-0.12068308861506315,-0.05043652989356252,1,0.07024655872150062
0.010027814224693968,0.016794402886259704,-0.13104001543237506,-0.06520595611823701,1,0.06583405931413805
0.017921694040268346,0.017607324394669433,-0.12473946177328374,-0.05571875014617957,1,0.06902071162710416
-0.013547112388387503,0.01668464899776735,-0.1543998244240115,-0.0889960003527635,1,0.065403824071248
-0.009578073154530006,0.01554613680837187,-0.14819930129893888,-0.08725844501012114,1,0.060940856288817735
-0.010983767479903497,0.014200587382271677,-0.14696771874915598,-0.09130141621065102,1,0.055666302538504964
-0.011077162926894882,0.016010466743762317,-0.150608477744669,-0.08784744810912075,1,0.06276102963554826
0.00017496682679014885,0.014809831731217736,-0.13700310336639662,-0.07894856298002309,1,0.05805454038637353
0.016668123013365524,0.01720170665119292,-0.1251980220229726,-0.05776733195029636,1,0.06743069007267623
0.0033832151229833546,0.016974985521339362,-0.1380385564988418,-0.0714966132551915,1,0.06654194324365031
0.006593557545882964,0.016844602111671835,-0.13457266259299383,-0.06854182231524025,1,0.06603084027775358
0.013281855159156489,0.015946722082764726,-0.12612452012306238,-0.06361336955862465,1,0.06251115056443773
-0.003467658968080947,0.015672938187796685,-0.14233741781616246,-0.08089950011999945,1,0.06143791769616301
0.0031696592060165146,0.016535182018394143,-0.137390097550036,-0.07257218403793098,1,0.06481791351210503
0.004174438979989772,0.015864756423662574,-0.1350712836103889,-0.07288143842963159,1,0.062189845180757305
-0.0061074587849781065,0.016343054644941415,-0.1462906458890633,-0.08222587168089293,1,0.06406477420817036
-0.0016839522643090493,0.016896987729921806,-0.1429528482149558,-0.07671665631366231,1,0.06623619190129348
0.007424088857142533,0.017480276481915445,-0.13498805304741174,-0.0664653692383032,1,0.06852268380910853
0.006509390170984661,0.0160407026009544,-0.13308118692688597,-0.07020163273114471,1,0.06287955419574126
0.015591120354782537,0.0171173921391064,-0.12610976823786602,-0.05900959105256893,1,0.0671001771852971
-0.045181362789106214,0.01580751074853654,-0.18431488385623784,-0.12234944172197461,0,0.061965442134263235
-0.01650064229164029,0.01702918933688732,-0.15802865339193944,-0.09127423119134115,1,0.0667544222005983
-0.007665615974112042,0.016647548565428043,-0.148445611162351,-0.08318722078587308,1,0.06525839037647792
-0.03405534996877056,0.017054024110444918,-0.17563203722524262,-0.10878026271229853,0,0.06685177451294409
0.012469305703919395,0.016920614029058763,-0.1288458977930358,-0.06251709079912543,1,0.06632880699391036
-0.0049282464068310244,0.017269996552145162,-0.14692823964903556,-0.07922985316462651,1,0.06769838648440905
-0.03476107285676845,0.015282144733020808,-0.17286487653348925,-0.11295886918004767,0,0.05990600735344158
-0.012105543525452442,0.015560965161228955,-0.1507558352414612,-0.08975685180944369,1,0.0609989834320175
0.020722107258399,0.01652689525157848,-0.11982140743469483,-0.055035978048507184,1,0.06478542938618764
-0.008111643007801109,0.01722040092079279,-0.15001442881255497,-0.08251045720304725,1,0.06750397160950772
-0.022266934789079665,0.015514009489861974,-0.16082519338920914,-0.1000102761889502,1,0.060814917200258944
-0.011797045856974955,0.01841390014744574,-0.15603909014596862,-0.0838566015679813,1,0.07218248857798731
0.017083554032287437,0.01783352537623871,-0.12602095570514044,-0.0561135362302847,1,0.06990741947485574
-0.001240556431878273,0.017402976233965237,-0.14350118985045013,-0.07528152301330641,1,0.06821966683714371
-0.01604178176926839,0.01606810819646478,-0.15568607383433936,-0.09269908970419743,1,0.06298698413014192
0.008218429380859052,0.017792399165514148,-0.13480547298354867,-0.06505926825473322,1,0.06974620472881544
0.0039002826723498613,0.017296710690044844,-0.13815207028013804,-0.07034896437516225,1,0.06780310590497579
-0.029504520910298884,0.01622824724754343,-0.16946268551548402,-0.10584795630511376,1,0.06361472921037026
-0.018495367558832534,0.01611214583670334,-0.1582259733987711,-0.09506636171889399,1,0.0631596116798771
-0.0040752601464542765,0.015999803962741383,-0.14358567591342739,-0.08086644437948118,1,0.06271923153394621
-0.019833352139350155,0.0165413322433088,-0.1604051633362354,-0.09556314094246492,1,0.06484202239377047
0.026297790097779758,0.01659223337410977,-0.1143737873154754,-0.0493322324889651,1,0.0650415548265103
0.007752851881342934,0.017747976415698575,-0.13518398189342629,-0.06561191434388786,1,0.06957206754953843
-0.004896055674988117,0.016638656517306075,-0.14565862244890804,-0.08043508890106821,1,0.06522353354783983
-0.0007721875074274825,0.016883151121388402,-0.14201396370534874,-0.07583201130950623,1,0.06618195239584251
-0.03763138603909934,0.015219782608709138,-0.17561295995216925,-0.11595141212602944,0,0.059661547826139805
0.0023444835199883246,0.015643469075176476,-0.13646751586735756,-0.07514511709266579,1,0.06132239877469177
0.004972027057878622,0.016144440613932394,-0.13482187654542888,-0.07153566933881389,1,0.06328620720661499
0.012243680963382256,0.017766043941828707,-0.130728565162602,-0.061085672910633486,1,0.06964289225196851
0.036909726723868566,0.016034582816768925,-0.10266885559699854,-0.03981329095526435,0,0.0628555646417342
0.003323909636798114,0.01763362116777383,-0.1393887878520386,-0.07026499287436519,1,0.0691237949776734
0.027850753525134067,0.017533536369866837,-0.11466577775980494,-0.04593431518992694,1,0.068731462569878
0.0064235063983139745,0.01764863204829604,-0.13631861241634627,-0.06713597478702579,1,0.06918263762932048
0.005017916440947498,0.01758427324215734,-0.1375980591136809,-0.06866770800442412,1,0.06893035110925677
0.02820039307066606,0.01892552049695447,-0.11704442710336471,-0.042856386755303184,1,0.07418804034806153
-0.027466431878415146,0.017006439166557127,-0.16894985264486712,-0.10228461111196319,1,0.06666524153290393
-0.0021491933835607463,0.016711354448339412,-0.143054248102306,-0.07754573866481551,1,0.06550850943749048
0.0054401042932629845,0.015227729347349563,-0.13255704522754216,-0.07286434618593188,1,0.059692699041610287
0.03143253466907332,0.01940931290457054,-0.11476051862388495,-0.03867601203796842,1,0.07608450658591653
-0.006463328916297265,0.01565632072627921,-0.14530051753980452,-0.08392774029279002,1,0.06137277724701451
0.020170748476022474,0.016137849050055074,-0.11961023566208548,-0.056349867385869584,1,0.0632603682762159
0.008533136535874855,0.01689202863533108,-0.13272603958937407,-0.06650928733887623,1,0.06621675225049783
-0.0028253148009170642,0.016555760916789057,-0.14342540619782362,-0.07852682340401052,1,0.06489858279381311
-0.007809990676127934,0.017648422507016478,-0.15055169878988023,-0.08136988256237565,1,0.06918181622750458
-0.027354284187690633,0.016882175388901233,-0.16859414794993705,-0.10241602042544423,1,0.06617812752449281
0.011331053459006965,0.016671707559125736,-0.12949629335687948,-0.0641431997251066,1,0.06535309363177288
0.016364802264516906,0.01781294323217776,-0.12669936647055152,-0.05687262900041469,1,0.06982673747013683
-0.01595466436316638,0.017154555710417862,-0.15772839355558538,-0.09048253517074738,1,0.067245858384838
-0.0030594597208055824,0.016512660053168364,-0.14357507342501558,-0.0788454460165956,1,0.06472962740841998
0.017009567384681942,0.017438072223705067,-0.12531985417378,-0.056962611056856134,1,0.06835724311692387
-0.008954011544728371,0.016063012822536967,-0.14858831667690084,-0.08562130641255591,1,0.06296701026434492
-0.013495242119542075,0.016979100704212484,-0.15492507949979856,-0.0883670047392856,1,0.06655807476051295
-0.02821218652720718,0.01619399108649665,-0.16810320905674062,-0.10462276399767376,1,0.06348044505906686
0.025948734332103332,0.015915209768478177,-0.1133958768141139,-0.05100825452167945,1,0.06238762229243444
-0.006557450862094402,0.016332759985084638,-0.1467204604328603,-0.08269604129132851,1,0.06402441914153179
0.015200143793570278,0.0166195064901248,-0.12552488892707434,-0.06037642348578512,1,0.06514846544128922
0.030832852360401355,0.018102697634512825,-0.11279923500324379,-0.041836660275953515,1,0.07096257472729028
0.03794145114488025,0.017629980649692532,-0.10476411092851712,-0.0356545867817224,0,0.06910952414679472
-0.022686098058587192,0.01642975971801492,-0.16303922710589644,-0.09863456901127796,1,0.06440465809461848
0.033106599913112086,0.015816326828986614,-0.10604420067170169,-0.04404419950207415,0,0.06200000116962753
0.015521617423968528,0.016277254726553766,-0.12453260184007686,-0.06072576331198609,1,0.06380683852809077
0.023461988960159455,0.015992234020380122,-0.11603358971978558,-0.05334403235989551,1,0.06268955735989007
-0.009630852869704512,0.016014852971610514,-0.14917076469406113,-0.08639254104534791,1,0.06277822364871322
0.016156686171734977,0.015738573057359293,-0.12284171702068925,-0.06114651063584081,1,0.06169520638484843
0.013750205604224283,0.018392684240417886,-0.1304502555069948,-0.058350933284556664,1,0.07209932222243813
-0.0037608166840932405,0.015695114399047888,-0.1426740409062271,-0.08114919246195938,1,0.06152484844426771
0.032946126249008015,0.016198191566724477,-0.10695312922177197,-0.04345621828021202,0,0.06349691094155996
0.02000946198198582,0.017864187547898848,-0.12315514561189593,-0.053127530424132444,1,0.07002761518776349
-0.0027748171852854248,0.017724890930280648,-0.14566640340863551,-0.07618483096193536,1,0.06948157244670015
-0.02368534478089053,0.016641481464581807,-0.16445344845147086,-0.0992188411103102,1,0.06523460734116067
-0.008370295435363065,0.017230397353957306,-0.15029267424911938,-0.08274951662160676,1,0.06754315762751262
-0.010872506448541888,0.017838611779620716,-0.1539869855365985,-0.08405962736048529,1,0.06992735817611322
0.023363724501769698,0.018230921448011167,-0.12051968153633219,-0.04905446946012842,1,0.07146521207620377
-0.0038475434370336264,0.01787547145844528,-0.14703426749558637,-0.07696241937848089,1,0.07007184811710548
-0.0053551135354936025,0.016538055349896847,-0.14592050202129142,-0.0810913250496958,1,0.06482917697159563
-0.0248223022593365,0.015602327708883913,-0.16355366456874898,-0.10239253994992403,1,0.06116112461882495
0.018472551120143246,0.01575320027808921,-0.1205545214249116,-0.05880197633480191,1,0.061752545090109696
0.004359904718871752,0.016245133265743072,-0.13563135648198468,-0.07195043408027182,1,0.06368092240171286
0.022267388965160548,0.017135483174104855,-0.11946895805608498,-0.05229786401359394,1,0.06717109404249105
0.0014814934239495287,0.01666609653204706,-0.13933485577886273,-0.07400375737323824,1,0.0653310984056245
0.009204967282711515,0.01653912615373917,-0.13136251997861725,-0.06652914545595973,1,0.06483337452265753
0.014526887086359644,0.01609746247061128,-0.12517493935603846,-0.062072886471242254,1,0.0631020528847962
-0.01562844783708038,0.015247395262933543,-0.15366414255243013,-0.09389435312173064,1,0.059769789430699494
-0.025644150462781554,0.014983703253194324,-0.16316300883904244,-0.10442689208652069,1,0.05873611675252176
0.011383186166183015,0.01628532137021216,-0.12868684371943284,-0.06484838394820115,1,0.06383845977123169
-0.043127488392383354,0.01480720353505937,-0.18030040732109973,-0.12225616946366699,0,0.058044237857432734
-0.003434469696329004,0.016022642789170018,-0.14298964956310223,-0.08018088982955578,1,0.06280875973354645
-0.00270590938999761,0.016107036280792533,-0.142426500500351,-0.07928691827964425,1,0.06313958222070674
0.0010638775982032417,0.016438672289052696,-0.13930672008834005,-0.07486712471525347,1,0.06443959537308658
0.007445297862288827,0.016459811073535148,-0.13296673184184007,-0.06844427243358228,1,0.06452245940825779
0.024884722475123702,0.017679042126663765,-0.11791700009313728,-0.04861515495661532,1,0.06930184513652196
-0.01338777266555026,0.017637656392575578,-0.1561083791949984,-0.08696876613610213,1,0.06913961305889627
0.013175643158910191,0.016197609663310273,-0.12672247178117796,-0.06322784190100168,1,0.06349462988017628
-0.01755692573814814,0.01544282788877492,-0.15597566840014698,-0.09543978307614931,1,0.060535885323997674
-0.009613787321813852,0.01586153260397206,-0.1488531912255991,-0.08667598341802862,1,0.06217720780757047
0.03129015024993366,0.01627659318245224,-0.10876277238767273,-0.044958527112459956,1,0.06380424527521278
-0.024270248264553526,0.01620182412434093,-0.16417662354826176,-0.1006654729808453,1,0.06351115056741646
0.01959013127149571,0.018592691567178205,-0.1250023442001736,-0.052118993256835014,1,0.07288335094333857
-0.01628085971578906,0.01596187780694694,-0.15571694021740506,-0.09314637921417307,1,0.062570561003232
-0.017737270578521272,0.01590141391300733,-0.15705484184801563,-0.09472129930902691,1,0.06233354253898872
-0.013914493795309499,0.01662953945052984,-0.154659191118348,-0.08947139647227101,1,0.06518779464607699
0.026449591482867504,0.018505812101966335,-0.11797260023698652,-0.045429816797278484,1,0.07254278343970805
0.02901506679159853,0.017318954259977745,-0.11308088355795785,-0.0451905828588451,1,0.06789030069911275
0.00940467832233459,0.0158116918328326,-0.12973703767001732,-0.06775520568531351,1,0.061981831984703806
-0.0213027111850201,0.016299150770211213,-0.16139984669463409,-0.09750717567540612,1,0.06389267101922796
-0.0026457688810014174,0.016854016731983962,-0.14383044167568998,-0.07776269608631287,1,0.06606774558937711
-0.003939724357561528,0.016350678136957147,-0.14413785350599753,-0.08004319520912553,1,0.064094658296872
0.010159404623167459,0.018275392385136844,-0.13381116445170077,-0.062171626301964336,1,0.07163953814973643
0.010444945398186564,0.016226007609541234,-0.12950882951651427,-0.06590287968711261,1,0.06360594982940165
-0.004320349458022163,0.01539736434222892,-0.14264998356879086,-0.08229231534725348,1,0.060357668221537375
0.011905911022755192,0.017302074357001738,-0.13015695471696823,-0.06233282323752141,1,0.06782413147944683
-0.00511353097466595,0.017623863236218094,-0.14780710291765342,-0.07872155903167849,1,0.06908554388597493
0.011440948650497176,0.019498096548165193,-0.1349261205839066,-0.05849358211509905,1,0.07643253846880754
0.0028136464210972018,0.016350967852098962,-0.13738505056901676,-0.07328925658878885,1,0.06409579398022791
-0.0009252625287286126,0.01511596823548142,-0.1387033602702722,-0.07944876478718504,1,0.05925459548308715
-0.012198411036918558,0.017059018242996205,-0.15378488679319113,-0.08691353528064599,1,0.06687135151254514
0.023116959835917536,0.016663391557109664,-0.1176940876160174,-0.05237359271214753,1,0.06532049490386987
-0.0021949042428764526,0.01815745057007622,-0.14593430736022583,-0.07475710112552707,1,0.07117720623469877
0.0074835694643622525,0.018656377089570554,-0.13723372963119604,-0.06410073144007947,1,0.07313299819111657
0.001086907590696809,0.0170549473345067,-0.14049158918493632,-0.07363619563367006,1,0.06685539355126625
-0.0008916583296048469,0.016193554236906046,-0.1407818246339407,-0.077303092025269,1,0.0634787326086717
-0.0035598770225420545,0.016149680729730723,-0.14336405125281426,-0.08005730279226984,1,0.06330674846054442
0.0006748285980928276,0.0160921240135133,-0.13901653446839324,-0.07593540833542112,1,0.06308112613297212
-0.017267358606635794,0.016078283461484075,-0.15693159419114458,-0.09390472302212702,1,0.06302687116901756
0.04264104543789128,0.017234588718481582,-0.09928954845033262,-0.031729960673884824,0,0.0675595877764478
-0.0013201137909371746,0.01665542396084234,-0.14211554475418817,-0.0768262828276862,1,0.06528926192650197
-0.022029031828850257,0.016182406086958184,-0.1618973477592883,-0.09846231589841223,1,0.06343503186087607
-0.015285057424938728,0.014991768257761065,-0.15281972321015042,-0.09405199163972705,1,0.058767731570423365
0.011845594691609465,0.01724417144535654,-0.13010378134128936,-0.06250662927549172,1,0.06759715206579764
0.006901530333072184,0.016917665718165126,-0.13440789447453147,-0.06809064485932417,1,0.0663172496152073
0.011056166646699658,0.01595248669490791,-0.12836150727531986,-0.06582775943128084,1,0.06253374784403902
0.023211566619124588,0.016700998110433504,-0.11767318967732508,-0.05220527708442575,1,0.06546791259289933
-0.04009936773257951,0.016191007793907586,-0.17998454300863836,-0.11651579245652065,0,0.06346875055211772
0.005038288837925828,0.016191393417414053,-0.13484764226020574,-0.07137738006394263,1,0.0634702621962631
-0.007127719756149106,0.015830185959326715,-0.14630568423642948,-0.08425135527586874,1,0.062054328960560734
0.020669565386399483,0.01730039247917218,-0.12139000387277799,-0.05357246535442305,1,0.06781753851835493
0.004228777815234994,0.016613073481951304,-0.13648364620938958,-0.07136039816014045,1,0.06512324804924913
-0.0076665468205912995,0.01622948357045107,-0.1476271346186754,-0.0840075590225072,1,0.06361957559616821
0.010218297343570812,0.01879604136272814,-0.13477274372737635,-0.06109226158548204,1,0.07368048214189432
0.003662894540994152,0.015724418341354466,-0.1353077654080606,-0.0736680455099511,1,0.06163971989810951
-0.01454497443560758,0.01596640017367402,-0.15398991877600868,-0.0914016300952065,1,0.06258828868080218
-0.0331348278214461,0.017323152206236203,-0.17523900614566906,-0.10733224949722314,1,0.06790675664844592
-0.0045825337640120895,0.017040842123252742,-0.14613338432558748,-0.07933328320243672,1,0.06680010112315075
0.008540993999853766,0.016169192028107716,-0.13130142237523737,-0.06791818962505511,1,0.06338323275018226
0.015188694546556428,0.017104543910109057,-0.12648701151725733,-0.059437199389629825,1,0.0670498121276275
0.002226962519749201,0.014966894518050467,-0.1352589507356297,-0.0765887242248719,1,0.05867022651075782
-0.006594192619559999,0.015973819992522415,-0.14605367980490394,-0.08343630543421607,1,0.06261737437068787
0.01790898409767712,0.01781759283319452,-0.12516429785538413,-0.055319333949261626,1,0.0698449639061225
0.008565156607115224,0.016910345913021853,-0.1327299213824076,-0.06644136540336196,1,0.06628855597904565
0.024404360202306644,0.016501134924810767,-0.11608866425032247,-0.05140421534506426,1,0.06468444890525821
0.013095447945615082,0.017512563207872017,-0.12937997594181408,-0.06073072816695577,1,0.06864924777485831
-0.007489902514589045,0.015604949232654408,-0.1462264030105917,-0.08505500201858641,1,0.061171400992005284
0.0203356342630278,0.01666328178542765,-0.1204751980364104,-0.05515513343753402,1,0.06532006459887638
0.007900343145412006,0.016877908716648102,-0.1333311579392183,-0.06716975576995772,1,0.06616140216926057
0.011058520510249567,0.01617741270005164,-0.12880000838185166,-0.06538455059764922,1,0.06341545778420243
0.0010217855094245692,0.016440906708459824,-0.1393531916391567,-0.07490483734199418,1,0.0644483542971625
-0.020091125195123558,0.015436484854793224,-0.1584974355105183,-0.09798641487972884,1,0.06051102063078945
0.034848124420150575,0.016710328267799376,-0.10605491898473621,-0.04055043217496265,0,0.06550448680977355
-0.002292844445490508,0.016415383245093,-0.1426177956058728,-0.07826949328510824,1,0.06434830232076455
0.013796012181962178,0.017163204731436916,-0.1279946690916542,-0.06071490654442147,1,0.06727976254723272
-0.00882451039971259,0.01754248031495424,-0.1513585718170229,-0.08259204898240229,1,0.0687665228346206
-0.019951989137015028,0.01643249292868268,-0.16031047527723308,-0.09589510299679699,1,0.06441537228043609
0.006297861442567845,0.016159239306841603,-0.1335250475988417,-0.07018082951602261,1,0.06334421808281909
0.02009526006433944,0.016723890523574918,-0.1208343653618674,-0.05527671450945373,1,0.06555765085241366
-0.017818425522767675,0.015905007580520044,-0.15714304038058696,-0.0947954106649484,1,0.062347629715638564
-0.01648736501683519,0.01630060010158102,-0.15658734121593398,-0.0926889888177364,1,0.06389835239819758
0.03283622149178862,0.016829867925142954,-0.10830111964149157,-0.042328037374931196,1,0.06597308226656037
-0.025796181618091676,0.01605739237427196,-0.16541947067166474,-0.10247449256451864,1,0.0629449781071461
-0.010256403956481017,0.017768660795287675,-0.15323377911524486,-0.08358062879771719,1,0.06965315031752767
0.004112011406911156,0.018178651711170436,-0.1396689459469829,-0.0684086312391948,1,0.0712603147077881
0.021110816629659537,0.01764185814123659,-0.12161802532716419,-0.05246194141351675,1,0.06915608391364744
-0.00580803122745617,0.016370748440900848,-0.14604549817162182,-0.08187216428329051,1,0.06417333388833131
-0.004399481632700944,0.01694633752329454,-0.14576510317835825,-0.07933546008704365,1,0.0664296430913146
-0.008709003270844187,0.016546102128887574,-0.14929016344346385,-0.08442944309822455,1,0.0648607203452393
0.013577658645193905,0.01644409086711136,-0.12680355945434435,-0.06234272325526784,1,0.06446083619907651
-0.02274689458084707,0.015526242999927038,-0.16132913086070408,-0.10046625830099008,1,0.060862872559713996
0.020442981917406858,0.016620691167715553,-0.12028437277131562,-0.055131263393870665,1,0.06515310937744495
-0.024958662111923505,0.015785192457931235,-0.16404843932946872,-0.10217048489437829,1,0.061877954435090435
0.034278819021623344,0.016987959569031725,-0.10716838173367885,-0.04057558022307448,0,0.06659280151060437
0.006710714691852401,0.0169069616814003,-0.13457773020369218,-0.06830244041260303,1,0.06627528979108915
-0.008419370566817505,0.017459610151519558,-0.15079100646379584,-0.08234933466983918,1,0.06844167179395666
0.012798381712319909,0.017328141651353247,-0.12931557592433246,-0.06138926065102773,1,0.06792631527330473
0.005687248285942095,0.01593091331071956,-0.13368814180306823,-0.07123896162504757,1,0.06244918017802066
-0.004614267017774856,0.015374820416130933,-0.1428997150333915,-0.08263041900215823,1,0.060269296031233266
-0.007235521589065083,0.016723297202326317,-0.14816398410562467,-0.0826086590725055,1,0.06555532503311917
-0.010332306043617526,0.01520517766431664,-0.14828525426567815,-0.08868095782155691,1,0.05960429644412124
0.0034418627367405613,0.015606172949840808,-0.13529703624494743,-0.07412083828157146,1,0.06117619796337598
-0.004853888562484407,0.01585027187735966,-0.14407122144210935,-0.08193815568285948,1,0.06213306575924987
-0.011535241643239977,0.017279854516528092,-0.15355455649563504,-0.08581752679084492,1,0.06773702970479012
-0.004109049352385111,0.0169030921966978,-0.1453899100579128,-0.07912978864685744,1,0.06626012141105536
0.005015987280133957,0.016869050175702064,-0.1361981510642421,-0.07007147437549,1,0.0661266766887521
0.024969344852012035,0.015550438673054036,-0.11366031494717388,-0.05270259534880206,1,0.06095771959837182
-0.008316292612079904,0.01563476329907932,-0.14711122867827536,-0.08582295654588444,1,0.06128827213239092
-0.04207448542088525,0.01497458576593688,-0.17957547352212155,-0.12087509731964897,0,0.05870037620247258
0.0004768422970599512,0.016824832931035746,-0.1406506302477701,-0.07469728515811,1,0.06595334508966011
0.05092681965566111,0.017093387837381728,-0.09072702050560708,-0.023720940183070714,0,0.06700608032253635
0.028477607780534667,0.018260651075018054,-0.11546406832650072,-0.04388231611242995,1,0.07158175221407076
0.002109517337037639,0.01773388877289516,-0.14079970465783687,-0.07128286066808785,1,0.06951684398974901
-0.006932899175758803,0.016526473873657715,-0.14747558796812793,-0.08269181038338969,1,0.06478377758473824
0.010977172094017065,0.014988393027061972,-0.1265508782390244,-0.06779637757294148,1,0.05875450066608291
-0.0019207023512431282,0.01569708767999254,-0.1408377942040285,-0.07930521049845776,1,0.06153258370557074
0.0012314073755518157,0.017252333483812315,-0.14073396625272033,-0.07310481899617605,1,0.06762914725654429
0.015447916953813992,0.01691289701910449,-0.1258521612036308,-0.059553604888741216,1,0.06629855631488958
0.004592419927253885,0.014973566365098005,-0.1329065701483382,-0.07421018999715404,1,0.05869638015118417
-0.026327824586620405,0.015045039264526026,-0.16396690154509141,-0.1049903476281494,1,0.05897655391694201
0.006325048950852993,0.016815316666483917,-0.1347837717154555,-0.06886773038283853,1,0.06591604133261697
0.007639387994127653,0.01719206289475564,-0.1342078552795934,-0.0668149687321513,1,0.06739288654744209
0.020590357387821542,0.016465967568557453,-0.11983373904655106,-0.055287146177805856,1,0.0645465928687452
0.0013287518448629326,0.016182458924905486,-0.13853966764795184,-0.07510442866232232,1,0.06343523898562951
-0.019299116735581476,0.015307731137971237,-0.1574530697660051,-0.09744676370515785,1,0.06000630606084724
-0.012438971289918596,0.015849312206546593,-0.15165442321474992,-0.08952511936508728,1,0.06212930384966264
-0.028483436000561344,0.0161041358178962,-0.16819834220363789,-0.1050701297974848,1,0.06312821240615309
-0.02407638368420746,0.01702443678290619,-0.1655950797787036,-0.09885928758971133,1,0.06673579218899228
-0.017530804781978424,0.01654835161120994,-0.1581163739399499,-0.09324683562400696,1,0.06486953831594294
0.03018065167660479,0.01678068413450176,-0.11086028922701867,-0.045080007419771764,1,0.0657802818072469
0.03407147917511709,0.018183440463296938,-0.1097188641329449,-0.03843977751682092,1,0.07127908661612398
0.00893278280728542,0.01852382155301055,-0.13552470743661527,-0.0629113269488139,1,0.07261338048780136
-0.021585737308198447,0.016690702809110156,-0.16245031481405436,-0.09702275980234254,1,0.06542755501171182
-0.0067137075771226545,0.016132128362226272,-0.14648347916708615,-0.08324553598715917,1,0.06323794317992698
-0.02577510448746008,0.015341602381885594,-0.16399544515595585,-0.10385636381896432,1,0.06013908133699153
0.014217773412523935,0.01680645676477312,-0.12687368184643139,-0.060992371328520756,1,0.06588131051791063
0.00549047776421023,0.01771104483266561,-0.13737397010781438,-0.06794667436376518,1,0.0694272957440492
0.00382485828794564,0.01538955241537767,-0.13448946444619458,-0.07416241897791413,1,0.06032704546828045
0.008549160705245931,0.01705444727866683,-0.13302835596094106,-0.06617492262856708,1,0.06685343333237398
0.01876887202026463,0.01774727139350198,-0.12416657991099925,-0.0545972760484715,1,0.06956930386252774
0.004842388654487315,0.016549717807108552,-0.13574585824744545,-0.07087096444357993,1,0.06487489380386552
-0.018491278832690375,0.015747821146849347,-0.1575078082805151,-0.09577634938486566,1,0.061731458895649446
0.023525065473772935,0.016231568232183486,-0.1164396082613067,-0.05281186079114744,1,0.06362774747015926
-0.013260357766264622,0.018196734465700557,-0.15707675731903772,-0.08574555821349153,1,0.0713311991055462
-0.004105649478460746,0.01678636337657146,-0.14515772169654081,-0.07935517726038069,1,0.06580254443616013
0.021976119944957476,0.015811763824700155,-0.11716573715145484,-0.055183622958630225,1,0.061982114192824615
0.010237792320951386,0.01726314310268061,-0.13174876816030262,-0.06407724719779462,1,0.067671520962508
-0.0059156254660055335,0.01730168967181224,-0.14797773722275753,-0.08015511370925354,1,0.06782262351350399
-0.033481276034616966,0.017324568008546384,-0.1755882293313679,-0.10767592273786605,1,0.06791230659350184
0.008476729112747897,0.015214190745814475,-0.1294938847490485,-0.06985425702545574,1,0.059639627723592756
0.004528307148008018,0.01691343867658094,-0.13677283265809062,-0.07047215304589335,1,0.06630067961219727
-0.013980284480095709,0.015170262742456652,-0.15186479945531076,-0.09239736950488067,1,0.059467429950430084
-0.032447909852718296,0.01654521438509285,-0.1730273300475003,-0.10817008965793631,0,0.06485724038956397
-0.015406134349978048,0.017546579815248344,-0.1579482307878648,-0.0891656379120913,1,0.0687825928757735
0.01981299737460819,0.01698651564196923,-0.1216313732836515,-0.05504423196713213,1,0.06658714131651938
0.00042138795292413767,0.016939400415001214,-0.14093063686047824,-0.07452818723367349,1,0.06640244962680475
0.006468799782677323,0.016993782024369505,-0.13498981298508692,-0.06837418744955845,1,0.06661562553552847
0.026843003106118882,0.016493547506653283,-0.11363515000692156,-0.04898044378084069,1,0.06465470622608088
-0.015477282178058868,0.01706964604587512,-0.15708458842797413,-0.09017157592814364,1,0.06691301249983049
-0.004221929366889213,0.01655038669983268,-0.14481148729856128,-0.07993397143521716,1,0.06487751586334412
-0.002305890995241963,0.014818557180175445,-0.13950106306838583,-0.0814123189220981,1,0.05808874414628773
0.003327689751475474,0.017673501921554775,-0.13946317401477187,-0.07018304648227718,1,0.0692801275324947
-0.005461514764620576,0.015839790860681203,-0.14465830485155573,-0.08256632467768543,1,0.0620919801738703
-0.005901566584099363,0.016017854064927336,-0.14544736055135693,-0.08265737261684179,1,0.06278998793451514
0.002485393711672071,0.016653715933688838,-0.13830668951835806,-0.07302412305829781,1,0.06528256646006025
0.009407313569920181,0.015785026805174844,-0.1296821389682225,-0.06780483389193713,1,0.061877305076285374
-0.01074180372819454,0.016363583947893515,-0.15096522826606584,-0.08681997919032325,1,0.0641452490757426
0.01222638792242757,0.016315574598808485,-0.12790293829123706,-0.06394588586390781,1,0.06395705242732924
-0.0026646734443752512,0.016549267124310343,-0.14325203700802353,-0.07837890988072699,1,0.06487312712729654
-0.022483418298886462,0.015463722694277062,-0.1609431147796695,-0.10032532181810343,1,0.06061779296156607
0.010214675001694776,0.017059925568374122,-0.1313735791123185,-0.06449867088429195,1,0.06687490822802655
0.017047679346545455,0.01662886131021222,-0.1236956888214705,-0.0585105524854386,1,0.0651851363360319
-0.005446779986298431,0.01709695676257288,-0.1471076152409413,-0.0800875447316556,1,0.0670200705092857
0.01336060974104715,0.017147520842048423,-0.12839933110936777,-0.06118104940853795,1,0.06721828170082983
-0.011636321686012488,0.014804038565210703,-0.14880303727382546,-0.09077120609819951,1,0.05803183117562595
0.002947226736169914,0.017528266453057228,-0.13955897551182225,-0.07084817101583793,1,0.06871080449598432
-0.018195033839520217,0.01705185505981898,-0.15976746975676542,-0.09292419792227502,1,0.0668432718344904
-0.0017042971821638747,0.01749736448201858,-0.1441499315669203,-0.07556026279740746,1,0.06858966876951283
0.03655467784377282,0.01773345136390899,-0.1063536868294888,-0.036838557482965564,0,0.06951512934652324
-0.01744998524430401,0.01632575450177601,-0.157599264067785,-0.09360230642082304,1,0.06399695764696195
0.008328020417648949,0.016576358842749335,-0.13231244291413974,-0.06733311625056236,1,0.06497932666357738
-0.0003131242047700461,0.015445079292090077,-0.1387362796172666,-0.0781915687922735,1,0.06054471082499309
-0.0004033594506238497,0.015766969045901164,-0.13945741878059015,-0.07765090012065758,1,0.06180651865993257
0.01014013693477532,0.016229888265546007,-0.12982124406569484,-0.06620008206475451,1,0.06362116200094033
0.05607509942045831,0.016716446301834924,-0.08483993533113815,-0.019311465827945247,0,0.06552846950319291
-0.005497101950448904,0.014974434855978908,-0.14299779426816756,-0.08429800963273025,1,0.058699784635437305
-0.014088129867245516,0.01627801071747179,-0.15414383087349023,-0.09033402886100081,1,0.06380980201248942
0.0027736910610785676,0.016385628873681793,-0.13749294153133776,-0.07326127634650512,1,0.06423166518483264
-0.02836992063123457,0.016761869959082586,-0.16937398575103646,-0.10366745551143271,1,0.06570653023960375
0.020605101990636185,0.01794984423574782,-0.12272739271142954,-0.052364003307298096,1,0.07036338940413145
-0.0333500032808063,0.016655026281557243,-0.1741446547926585,-0.1088569517689541,0,0.0652877030237044
0.02514100158324102,0.01897073504176232,-0.12019243909861313,-0.04582715773490484,1,0.07436528136370829
-0.033630725477855575,0.01690944723448941,-0.17492404205745482,-0.10863900889825634,0,0.06628503315919848
0.007996605182167368,0.017885299551972322,-0.1352093819396984,-0.06509900769596688,1,0.07011037424373151
-0.0018761365180603035,0.01543783478757271,-0.1402850927017028,-0.0797687803344178,1,0.06051631236728501
-0.0013713910724149486,0.016064772137216132,-0.14100914446135857,-0.07803523768347134,1,0.06297390677788722
0.006617377571092528,0.01690919720132195,-0.1346754489434985,-0.06839139591431645,1,0.06628405302918206
-0.003919149076891601,0.01637839480042936,-0.14417160288573316,-0.07996829526805006,1,0.0642033076176831
-0.03781398332520429,0.014806187880500574,-0.17498491157098542,-0.11694465507942317,0,0.05804025649156225
-0.017498003871847037,0.0158859345463171,-0.15678523558262855,-0.09451237216106553,1,0.06227286342156302
0.0082842980885824,0.018038508363909234,-0.1352219783046797,-0.0645110255181555,1,0.07071095278652419
0.01411038913938216,0.016663232085937153,-0.12670034574905467,-0.06138047597218103,1,0.06531986977687365
0.03929836439405095,0.017676053537705752,-0.10349750053985232,-0.03420737067204579,0,0.06929012986780653
-0.009205907140485955,0.017799681718318024,-0.1522440833083893,-0.08246933097258263,1,0.06977475233580666
0.007989924050047184,0.01790305100677153,-0.13525085592322503,-0.06507089597668061,1,0.07017995994654441
0.021180715855320456,0.016720572411524994,-0.11974240607126854,-0.05419776221809056,1,0.06554464385317799
-0.04211937119278948,0.016705233280091443,-0.1830124284217687,-0.11752791396381027,0,0.06548451445795844
0.0034422029227727108,0.017353184898722625,-0.13872083947872363,-0.07069635467573096,1,0.06802448480299267
0.0005284128051453868,0.018308548683744142,-0.14350714261499314,-0.07173763177471609,1,0.07176951084027705
0.035426425914209594,0.017251068007899797,-0.10653646738127401,-0.03891228079030681,0,0.0676241865909672
-0.012264488759472461,0.016263076535812018,-0.15229091876966402,-0.08853965874928091,1,0.06375126002038312
-0.022432413633855328,0.01675019469329209,-0.16341359523270782,-0.09775283203500285,1,0.06566076319770497
0.005577305320123474,0.016698526195636148,-0.1353026060233234,-0.06984438333642967,1,0.06545822268689372
-0.025378193208230107,0.017343698849938895,-0.16752264295411035,-0.09953534346234988,1,0.06798729949176047
-0.025782920688390235,0.01539943433964201,-0.16411661199408858,-0.1037508293826919,1,0.06036578261139669
0.02972268201001073,0.017142938672582625,-0.11202827778825122,-0.04482795819172733,1,0.0672003195965239
-0.0006179168661989559,0.015962771411945586,-0.14005574883361233,-0.07748168489878561,1,0.06257406393482672
-0.015019206292872192,0.016480936147592735,-0.15547264114215395,-0.09086737144359044,1,0.0646052696985635
0.014084344333434543,0.016405748591325164,-0.12622172290556277,-0.06191118842756814,1,0.06431053447799463
0.01720199040827601,0.01599842922639955,-0.12230573087546712,-0.05959188830798088,1,0.06271384256748624
-0.011282147704207726,0.01544216522628403,-0.14969959154772444,-0.08916630386069103,1,0.06053328768703341
-0.017822267497437108,0.017624061898392183,-0.16051622881828578,-0.09142990617658844,1,0.06908632264169734
-0.005772951359246117,0.01670814412584575,-0.1466717138459038,-0.08117578887258844,1,0.06549592497331536
-0.012849007418776245,0.01664988221625012,-0.1536335765626265,-0.088366038274926,1,0.06526753828770049
-0.004830442476179628,0.016714997364799953,-0.14574263731118753,-0.08021984764117172,1,0.0655227896700158
-0.013697130872916921,0.016412149728125394,-0.1540157443400427,-0.08968011740579115,1,0.06433562693425154
-0.015568724371217715,0.016571131065799306,-0.15619894126018435,-0.09124010748225109,1,0.06495883377793327
-0.00733980344923936,0.015972219543506177,-0.14679615375451147,-0.08418505314396726,1,0.0626111006105442
-0.021630646139156565,0.01590863615065546,-0.16096237299444127,-0.09860051928387187,1,0.062361853710569404
-0.019149768798663466,0.01622084506058665,-0.1590934251174133,-0.09550771247991363,1,0.06358571263749968
0.0008186176915021132,0.015664503048086562,-0.13803460828274755,-0.07662975633424823,1,0.06140485194849932
0.006764659277993315,0.014917298440736162,-0.13062404566584956,-0.07214823577816382,1,0.05847580988768575
-0.006240444193586006,0.01539581268492647,-0.1445670370560419,-0.08421545133113013,1,0.06035158572491177
-0.01103412863712848,0.015497696005101768,-0.14956041280712795,-0.08880944446712902,1,0.060750968339998934
-0.00221397386073853,0.016216283096580103,-0.14214868873003553,-0.07858085899144154,1,0.06356782973859398
-0.0017047640573953776,0.01604867223453547,-0.1413109616370849,-0.07840016647770587,1,0.06291079515937903
0.011932309114950648,0.017611964327353312,-0.13073794096666186,-0.06169904080343687,1,0.06903890016322499
0.018622468385447635,0.01722721751783934,-0.12329367794951748,-0.055762985279587264,1,0.06753069266993023
0.0025907822010521747,0.015243999483794138,-0.13543825678718435,-0.07568177881071132,1,0.05975647797647303
0.018191858294350896,0.01664522008831111,-0.12258357307873888,-0.057334310332559334,1,0.06524926274617954
0.014050688864232011,0.016969443739238862,-0.12736022086467616,-0.06084000140685983,1,0.06652021945781633
-0.00991327042735958,0.017586764853319153,-0.15253412953986512,-0.08359401131485406,1,0.06894011822501106
0.03574054561219096,0.018327825653487218,-0.10833279266864398,-0.03648771610697409,1,0.07184507656166988
0.0034441480788168083,0.01706565844077055,-0.13815534246509348,-0.07125796137727292,1,0.06689738108782056
-0.017554636960490463,0.0163671520375741,-0.1577850549541357,-0.09362581896684524,1,0.06415923598729045
-0.023656202491809677,0.015996113326570686,-0.16315938461188823,-0.10045462037173114,1,0.06270476424015708
-0.02695374906877697,0.015645874575492977,-0.16577046323674322,-0.10443863490081073,1,0.06133182833593248
0.013577739585770757,0.016662370240848556,-0.1272313060862924,-0.06191481474216608,1,0.06531649134412633
-0.018305512516744657,0.01662452091521269,-0.15904037351056155,-0.09387225152292779,1,0.06516812198763376
-0.0014241317417276883,0.015595351616635287,-0.14014182091033286,-0.07900804257312254,1,0.06113377833721033
-0.03290537788640367,0.01768518821728725,-0.17571914679228667,-0.10639320898052067,1,0.069325937811766
0.015896825057765532,0.016998470592496234,-0.1255709773035271,-0.058936972580941854,1,0.06663400472258524
0.02260605671209183,0.016474193492150128,-0.11783416253252244,-0.053255324043293924,1,0.06457883848922852
-0.009839092877838115,0.016845305053375205,-0.15100669078245352,-0.08497309497322272,1,0.0660335958092308
-0.000314791141014667,0.017202537598098273,-0.14218256483328728,-0.07474861744874206,1,0.06743394738454522
0.012260501793248793,0.018888073620635944,-0.13291092250319766,-0.058869673910304766,1,0.0740412485928929
0.00875398981472704,0.01602054364835856,-0.13079707573605576,-0.06799654463449019,1,0.06280053110156557
0.0039041876011431526,0.017600560094077032,-0.13874371018324783,-0.06974951461446588,1,0.06899419556878195
0.026690813375128866,0.01740593704341337,-0.11557562322996134,-0.047344350019780934,1,0.06823127321018041
-0.006335777554619379,0.015888681596189398,-0.1456283934831506,-0.08334476162608817,1,0.06228363185706243
-0.004021408368227966,0.017707705252300917,-0.14687931066273777,-0.07746510607371818,1,0.06941420458901959
0.007018558660661464,0.016440122721373893,-0.13335488187323136,-0.06890960080544571,1,0.06444528106778565
-0.007601521595139313,0.016490356828495912,-0.1480734209789913,-0.08343122221128733,1,0.06464219876770395
-0.009247275097280364,0.015748616720914776,-0.14826536387027334,-0.0865307863242874,1,0.061734577545985936
-0.016277886883294637,0.016143206325018346,-0.1560693712803306,-0.09278800248625868,1,0.06328136879407192
0.00814379128993968,0.01804765635584309,-0.13538041516751279,-0.06463360225260786,1,0.07074681291490492
-0.012032850794544012,0.0160641579377381,-0.1516694003525107,-0.08869790123657734,1,0.06297149911593336
-0.009196700958880241,0.01828091842203664,-0.15317810106607205,-0.08151690085168845,1,0.0716612002143836
-0.01887561213747098,0.015242549489643018,-0.1569018091371713,-0.09715101513777066,1,0.05975079399940064
0.014824306841216564,0.017008850578384808,-0.12666384029241767,-0.059989146025149216,1,0.06667469426726846
0.024349599046670264,0.017408564394044132,-0.11792198716565624,-0.049680414741003244,1,0.06824157242465301
-0.004546356558365869,0.017224012758389685,-0.14645622156480964,-0.0789380915519221,1,0.06751813001288755
0.017595463967864503,0.017912127892286123,-0.1256631067010163,-0.0554475653632547,1,0.07021554133776159
-0.025106634899517685,0.01634762422575497,-0.1652987783819974,-0.10121609141703795,1,0.06408268696495946
-0.016506264065466222,0.017097166541833998,-0.15816751048746086,-0.0911466176434716,1,0.06702089284398927
0.0062580928185931445,0.016507107899759253,-0.134246638664935,-0.06953877569787872,1,0.06470786296705627
-0.0029877479020918724,0.018047974168398505,-0.14651257727215294,-0.07576451853203081,1,0.07074805874012213
-0.007060136883731236,0.017207564964244318,-0.1489377642136501,-0.08148410955381238,1,0.06745365465983771
0.015114103875778565,0.01704741580775345,-0.1264496311074182,-0.059623761141024675,1,0.06682586996639352
-0.026800884318051763,0.016857385722531364,-0.16799216033421324,-0.1019112083018903,1,0.06608095203232295
-0.006585310955750448,0.01564002966176793,-0.14539056909281559,-0.08408165281868532,1,0.061308916274130265
0.016605220917811178,0.018143350585518355,-0.1271065462298048,-0.05598461193457285,1,0.07112193429523195
0.0054153893694579985,0.015556107316987413,-0.13322538097183734,-0.07224544028924668,1,0.06097994068259066
-0.013240690078484538,0.017028009755146633,-0.15476638919857194,-0.08801659095839715,1,0.0667497982401748
0.02187940142422866,0.014930354842500618,-0.11553489406707255,-0.05700790308447014,1,0.05852699098260242
-0.006514235712054076,0.017096705088315636,-0.14817457768515274,-0.08115549373895543,1,0.06701908394619731
0.0011324657575390723,0.01651693695237215,-0.13939153066911034,-0.07464513781581153,1,0.0647463928532988
0.03218369009660378,0.017977873365365587,-0.11120374169951278,-0.04073047810727967,1,0.0704732635922331
0.003476731468946545,0.016152023955436252,-0.1363320354837085,-0.07301610157839841,1,0.0633159339053101
-0.004131111198294499,0.01581920096176232,-0.14328754508334865,-0.08127627731324036,1,0.06201126777010829
-0.03159985075503079,0.015367198315434576,-0.16987035945328255,-0.10963094205677902,0,0.06023941739650353
0.005646867516990353,0.015623225009806974,-0.13312545350223132,-0.07188241146378799,1,0.06124304203844333
-0.007389857316374718,0.016217079327883653,-0.14732613279902668,-0.08375518183372277,1,0.06357095096530391
-0.002183661181038951,0.01601665044246521,-0.14172709604827077,-0.07894182631380714,1,0.06278526973446363
-0.011369987870198758,0.016507982004541673,-0.15187643259910044,-0.08716514314129709,1,0.06471128945780336
-0.009438140136000125,0.015694309611012723,-0.14834978697358506,-0.08682809329841519,1,0.06152169367516987
0.03755307217945998,0.01707697795458099,-0.10406860461151876,-0.03712685102956128,0,0.06694175358195747
0.02569662323225687,0.017170071278069843,-0.11610751647276002,-0.04880083706272625,1,0.06730667941003377
0.008020937234909806,0.01612563963787719,-0.13173611645532948,-0.06852360907485092,1,0.06321250738047857
0.025717893811647977,0.016645214340538502,-0.11505752629580748,-0.04980828608089657,1,0.06524924021491091
-0.005002717675348281,0.015643406648391787,-0.14381459470619617,-0.08249244064450038,1,0.06132215406169579
0.03227142288605096,0.017240962987538414,-0.10967166456952433,-0.04208708965837375,1,0.06758457491115058
-0.025191482632863985,0.016181033868829988,-0.16505710901577075,-0.10162745624995721,1,0.06342965276581354
0.02734264169737123,0.016303001596189033,-0.11276204143115928,-0.04885427517409827,1,0.06390776625706102
-0.002539778914343996,0.015615273045338822,-0.1412965140832081,-0.08008464374547991,1,0.06121187033772818
0.013842041349350784,0.01564676198712125,-0.12497641214540688,-0.06364110515589157,1,0.06133530698951531
0.020340928313159215,0.016262666974073258,-0.11968469895602438,-0.055935044417657204,1,0.06374965453836717
-0.008955107772900886,0.014945138672537323,-0.14639837957107404,-0.08781343597472774,1,0.058584943596346306
0.034890447962115115,0.017456916560188263,-0.1074759084958539,-0.03904479557991589,0,0.06843111291593801
0.02812990286680629,0.01680400255595666,-0.11295674214286877,-0.047085052123518656,1,0.06587169001935012
0.010278764023075773,0.016881249830647517,-0.13095928564499337,-0.06478478630885509,1,0.06617449933613828
-0.029832034190378345,0.015412880939985607,-0.16819208083275014,-0.10777358754800656,1,0.06041849328474358
-0.013777038786614806,0.01772278232615931,-0.15666449214588707,-0.08719118542734255,1,0.06947330671854451
-0.018074508606768472,0.016674232543738374,-0.1589068043924957,-0.09354381282104127,1,0.06536299157145442
0.00790551092360016,0.017807716477553817,-0.13514841337240532,-0.06534216478039437,1,0.06980624859201096
0.01108420900701483,0.017380265523669416,-0.13113191141937725,-0.06300127056659312,1,0.06813064085278413
0.004037647655501034,0.01625735907008607,-0.13597757612186767,-0.07224872856713027,1,0.0637288475547374
-0.012777974053048355,0.017909698861057595,-0.15603178382072125,-0.08582576428537547,1,0.07020601953534578
0.0029585416650188406,0.014849887353353566,-0.13429803754755415,-0.07608647912240818,1,0.05821155842514597
0.01047450300714746,0.015495004820156493,-0.12804650644035928,-0.06730608754534582,1,0.06074041889501346
-0.025162922723901512,0.01615911656439525,-0.16498559119011622,-0.10164185425768682,1,0.0633437369324294
-0.025592056511583597,0.016399985296999917,-0.16588682769370344,-0.10159888532946376,1,0.06428794236423968
0.0009887405301613889,0.018220728272748087,-0.14287468688442487,-0.07144943205525237,1,0.0714252548291725
0.009760069886059972,0.016648638083947974,-0.13102206075847805,-0.06575939946940201,1,0.06526266128907604
-0.014838527869764237,0.01742982766915829,-0.1571517901013145,-0.08882686563821399,1,0.06832492446310051
0.009972276260706167,0.016891701882259632,-0.1312862594285227,-0.06507078805006497,1,0.06621547137845774
0.008275632922032053,0.015862311446382886,-0.13096529751287841,-0.06878503664305749,1,0.062180260869820925
-0.004163253681611093,0.01828907570437266,-0.14816064206218152,-0.07646746530104068,1,0.07169317676114084
-0.00697429631576417,0.01728061625889054,-0.14899510418318962,-0.08125508844833872,1,0.0677400157348509
-0.017099725426208037,0.016916596832626245,-0.15840705521815548,-0.0920939956342606,1,0.06631305958389488
-0.02645901447154285,0.016224979913526737,-0.16641077510205526,-0.10280885384103045,1,0.06360192126102482
0.020153176937568365,0.017845288391504798,-0.12297438830978105,-0.053020857815082235,1,0.06995353049469882
-0.005750032487868054,0.016371612893722062,-0.1459891937595633,-0.08181247121617283,1,0.06417672254339046
-0.0072523598617472845,0.015895066133835928,-0.14655748948406572,-0.08424883023942888,1,0.06230865924463684
0.021046776641632695,0.016362380374647066,-0.11917428889267556,-0.05503375782405906,1,0.0641405310686165
0.008197920230710434,0.01793661724466586,-0.13510864956883467,-0.06479710996974448,1,0.07031153959909019
0.03964893977812013,0.01743061507856382,-0.10266586577586495,-0.03433785466789479,0,0.06832801110797015
-0.00028968397748736774,0.01577374552120773,-0.13935702519905452,-0.07752394275592023,1,0.06183308244313429
-0.01645841591275278,0.01641036130776951,-0.15677352407598102,-0.09244490774952455,1,0.06432861632645648
-0.03898683437772814,0.01721308642221011,-0.18087528376525996,-0.11339998499019632,0,0.06747529877506364
-0.0023765345302227264,0.016225898076595083,-0.14233009476034908,-0.07872457430009637,1,0.06360552046025271
0.004661850448416396,0.014849426248614423,-0.13259382499886788,-0.07438407410429934,1,0.058209750894568535
0.0017464505103992195,0.016614437356352447,-0.1389686467080516,-0.07384005227114998,1,0.06512859443690161
0.015231320470285595,0.01744180500196618,-0.12710541733356812,-0.0587335417258607,1,0.06837187560770741
0.015689008237591354,0.017203006095523703,-0.12617968370963512,-0.058743899815182195,1,0.06743578389445293
-0.010110723324673235,0.017922886430784483,-0.15339038072901082,-0.08313266592033566,1,0.07025771480867515
-0.021688057451475604,0.015284774762066662,-0.15979701598512627,-0.09988069891782494,1,0.05991631706730133
-0.00814766030165344,0.01551078401039391,-0.1466995969620255,-0.08589732364128139,1,0.060802273320744116
-0.022709873674031808,0.014642528763883169,-0.15956003005124283,-0.1021613172968208,1,0.05739871275442203
-0.008107578649565059,0.01593713618478668,-0.14749516557174697,-0.08502159172738318,1,0.06247357384436379
-0.01660240708719203,0.015266182011989628,-0.1546749238306917,-0.09483149034369237,1,0.05984343348699933
0.013945174238270366,0.01713448586632636,-0.12778921805972931,-0.06062203346372998,1,0.06716718459599934
0.011439361911869741,0.016907561566615027,-0.1298502587586957,-0.06357261741756481,1,0.0662776413411309
-0.015137269831592429,0.016935849152975163,-0.15648233417142376,-0.09009380549176112,1,0.06638852867966265
0.024020067926692326,0.016932721484806897,-0.1173188661835292,-0.05094259796308616,1,0.06637626822044304
0.010736048386890615,0.016740306550645696,-0.13022575245237494,-0.06460375077384384,1,0.0656220016785311
0.011441586107340987,0.015385633476482882,-0.12686505550656546,-0.06655337227875258,1,0.060311683227812884
-0.01181179636589795,0.015816173927112143,-0.15096229726303775,-0.08896289546875816,1,0.061999401794279596
-0.010166410936244222,0.017543969993508917,-0.15270339212352171,-0.08393102974896674,1,0.06877236237455497
0.004120142181562855,0.018612944261005345,-0.14051202857000764,-0.06754928706686666,1,0.07296274150314097
0.009647487737296415,0.015966534608449517,-0.12979772009526463,-0.06720890443014255,1,0.06258881566512209
0.0107244522182557,0.01686001982304148,-0.1304719866349056,-0.064380708928583,1,0.06609127770632262
-0.01050934468946603,0.018183104573028897,-0.15429902965260267,-0.0830212597263294,1,0.07127776992627327
-0.019027632420547183,0.016074408693316868,-0.15868427345944824,-0.09567259138164613,1,0.06301168207780211
-8.236648653865697e-05,0.017350011964829645,-0.14223918993760476,-0.07422714303547256,1,0.0680120469021322
-0.009008487332154355,0.01772863806277439,-0.15190741793519216,-0.08241115672911656,1,0.0694962612060756
-0.017814022646794672,0.015602055352016333,-0.15654485113674668,-0.09538479415684267,1,0.06116005697990401
-0.016169210474311427,0.0170106145700404,-0.15766081503159063,-0.09097920591703225,1,0.06668160911455838
-0.002664835847694294,0.01505455158742533,-0.14032255695904794,-0.08130871473634066,1,0.05901384222270728
0.0026769855294459383,0.016978626198583053,-0.13875192181977686,-0.07219570712133128,1,0.06655621469844558
0.008474651920725287,0.01631027942603754,-0.1316442957543083,-0.06770800040424114,1,0.06393629535006716
0.023421422819300722,0.01724334936932426,-0.11852634194457484,-0.05093241241682373,1,0.06759392952775112
-0.002428932220489302,0.017063619033960753,-0.14402442552705239,-0.07713503891392623,1,0.06688938661312616
0.029828930369022247,0.0178953471236812,-0.11339674999339291,-0.04324698926856261,1,0.07014976072483031
-0.01791123486372924,0.016291191704074115,-0.1579927706037145,-0.09413129912374399,1,0.06386147147997051
-0.023949608261515168,0.015767927294519396,-0.16300554575877318,-0.10119527076425716,1,0.061810274994516023
0.009778687565227692,0.016490465094882112,-0.13069342402074124,-0.06605080084880338,1,0.06464262317193786
2.2701119494858424e-05,0.01803340188905784,-0.14347356658305851,-0.07278263117795178,1,0.07069093540510674
0.00624041461914511,0.017865422597944044,-0.13692661367282521,-0.06689415708888458,1,0.07003245658394064
-0.0034079510193324863,0.017635821371607244,-0.14612496090768268,-0.07699254113098229,1,0.06913241977670039
0.020569465717995297,0.01788189118859756,-0.12262984101165593,-0.05253282755235349,1,0.07009701345930244
-0.03540996646206519,0.01674988291918071,-0.1763905369836594,-0.110730995940471,0,0.06565954104318839
0.015379293476500869,0.016045048295468545,-0.12421980118261748,-0.06132321186438079,1,0.06289658931823669
-0.010952843483780214,0.016448866910941787,-0.15134342262922612,-0.08686386433833432,1,0.0644795582908918
0.012906281105166909,0.0162898463243226,-0.1271726176905054,-0.0633164200991608,1,0.06385619759134459
0.011127108558010398,0.017244763490099603,-0.13082342788258483,-0.06322395500139438,1,0.06759947288119045
0.014127742850619587,0.015459620006133701,-0.12432391236140247,-0.06372220193735836,1,0.06060171042404411
0.0008179666465763374,0.017171944822903344,-0.14098984520631422,-0.07367582150053312,1,0.0673140237057811
0.005545521192110478,0.016609712956271113,-0.1351603162021809,-0.07005024141359814,1,0.06511007478858277
-0.009624230468932612,0.016062929000007924,-0.14925837130894815,-0.08629168962891709,1,0.06296668168003106
0.012917927796900416,0.01672783891411042,-0.128019436474756,-0.062446307931443165,1,0.06557312854331283
-0.005529973413572961,0.017262948622133227,-0.1475161527129541,-0.07984539411419184,1,0.06767075859876226
0.011996932864390839,0.017640090498497924,-0.1307284445126651,-0.061579289758553236,1,0.06914915475411187
0.02043762310431986,0.018010192430526383,-0.12301315405951185,-0.05241319973184844,1,0.07059995432766342
-0.02723945339916166,0.01716249972637956,-0.1690287528628656,-0.10175175393545774,1,0.06727699892740785
0.01290620539541755,0.01630581749691929,-0.12720399689854428,-0.06328519231062064,1,0.06391880458792364
-0.020100077348076992,0.015837956249254072,-0.159293271596615,-0.09720848309953901,1,0.06208478849707598
-0.018866567257011732,0.015246847078625184,-0.1569011875311171,-0.09713354698290638,1,0.05976764054821071
0.007575000375918503,0.014885158827857332,-0.12975071092668186,-0.07140088832148113,1,0.05834982260520073
-0.013472092057793025,0.017022856265843014,-0.15498769033884535,-0.08825809377674072,1,0.06672959656210463
-0.004167518502689302,0.015993798813494352,-0.14366616417713823,-0.08097047282824038,1,0.06269569134889785
-0.0041677053162174765,0.01575958179087642,-0.14320728562633528,-0.0814297250060997,1,0.06177756062023558
0.010672947617497389,0.015490245532022637,-0.127838733625267,-0.06711697113973825,1,0.06072176248552874
0.011806886142372089,0.016934284749395158,-0.12953511196644243,-0.0631527157488134,1,0.06638239621762904
0.004650221292238951,0.016709980107095207,-0.13625213971766764,-0.07074901769785445,1,0.06550312201981319
0.013540854321218362,0.016079819521017884,-0.12612639193997668,-0.0630934994175866,1,0.06303289252239008
0.00633543653951725,0.015373543489529445,-0.13194750869996047,-0.07168321822100504,1,0.06026429047895543
0.019463158321762056,0.017064685667214727,-0.12213442558597881,-0.05524085777049709,1,0.06689356781548172
0.0013324529558674386,0.017713565866492774,-0.1415369361424584,-0.07209975794580673,1,0.06943717819665168
0.01755094091083549,0.01626342751884214,-0.12247617702609512,-0.05872354115223392,1,0.06375263587386121
0.016536997599251604,0.016692535867966197,-0.12433117270196214,-0.05889643209953466,1,0.06543474060242749
-0.025416370506689226,0.01566669770275324,-0.1642738980040856,-0.10286044300929288,1,0.06141345499479271
0.0006330216244797432,0.01788317106266113,-0.14256879365833608,-0.07246676309270444,1,0.07010203056563163
-0.005222232892164988,0.017477569202909632,-0.14762906852986787,-0.07911699725446211,1,0.06851207127540576
0.0043824968097255085,0.015563884829144604,-0.13427351745539792,-0.07326308892515107,1,0.06101042853024685
0.007131210939991209,0.015917803175614205,-0.13221848328421265,-0.06982069483580496,1,0.062397788448407696
-0.007639989793460963,0.016120876477889044,-0.1473877076901235,-0.08419387189679844,1,0.06319383579332505
0.056483772872887375,0.01683148894367904,-0.08465674545672355,-0.018677308797501714,0,0.06597943665922185
0.025383994634362486,0.01647036429988957,-0.11504871939342107,-0.050484891337853964,1,0.0645638280555671
-0.0025208941377551225,0.01655070107554271,-0.14311106824581885,-0.07823232002969141,1,0.06487874821612744
0.015487597200886535,0.01671204330018923,-0.12541880766748437,-0.05990759793074258,1,0.0655112097367418
0.020377145122197446,0.017246321334578797,-0.12157644469357701,-0.05397086506202812,1,0.0676055796315489
-0.030065118460512477,0.015723430199791263,-0.16903384165210336,-0.1073979952689216,1,0.06163584638318176
0.0038709599782546095,0.017591067507081882,-0.1387583323356259,-0.0698013477078649,1,0.068956984627761
0.028754561127317294,0.01698269265936816,-0.11268231648504431,-0.046110161260321116,1,0.0665721552247232
-0.001367223351630295,0.01830291232507152,-0.1453917315087705,-0.07364431519449012,1,0.07174741631428037
-0.022561142135229376,0.01530065749641999,-0.16070123082821255,-0.10072265344224621,1,0.05997857738596635
0.012270668124456333,0.016551545987746056,-0.12832116201152594,-0.06343910173956141,1,0.06488206027196453
0.032637683575891516,0.0176798122233394,-0.11016554838185372,-0.04086068446636327,1,0.06930486391549046
0.0206735516572248,0.015699675858653547,-0.11824861302573615,-0.05670588365981426,1,0.061542729365921894
0.01486715339164156,0.01663710347518261,-0.12589236941971635,-0.060674923797000534,1,0.06521744562271581
-0.01735433724457365,0.017921056392517887,-0.16063040777390872,-0.0903798667152386,1,0.07025054105867012
-0.03675349835856344,0.01698802927688263,-0.1782008357412534,-0.1116077609758735,0,0.0665930747653799
0.0030357619927146445,0.016449552835908914,-0.13735616156566682,-0.0728739144489039,1,0.06448224711676293
-0.02438018358794121,0.015003635879808599,-0.16193810991236607,-0.10312385726351636,1,0.05881425264884971
-0.014315005458533467,0.01675223455497222,-0.15530018518627903,-0.08963142573078792,1,0.06566875945549111
-0.008417908517324005,0.015448532552956449,-0.14684783232111864,-0.08628958471352938,1,0.060558247607589266
-0.009080540968728998,0.01689826879242444,-0.1503519478018809,-0.0841107341355771,1,0.06624121366630381
-0.005869611810227035,0.01473439317031177,-0.14289982242403812,-0.08514100119641597,1,0.057758821227622145
-0.005034096152641207,0.014893958347293167,-0.14237705451333582,-0.0839927377919466,1,0.05838431672138922
-0.0012694225504138595,0.01667798905316416,-0.14210908109461562,-0.07673136400621211,1,0.06537771708840351
0.004560381540873362,0.01644242291131314,-0.1358175673653004,-0.07136326955295288,1,0.06445429781234752
-0.03572069569181373,0.016100733541972577,-0.17542893343407998,-0.11231405794954749,0,0.06311487548453248
0.023061818244728624,0.0183252877035783,-0.12100654565428484,-0.049171417856257914,1,0.07183512779802692
-0.006647590942007328,0.016650251902564094,-0.14743288467103297,-0.0821638972129817,1,0.06526898745805126
0.02137428908317103,0.018484929254054726,-0.12300697225477623,-0.050546049578881716,1,0.07246092267589452
0.011021669940352044,0.01769254896149935,-0.1318065260241867,-0.062451734095109235,1,0.06935479192907745
-0.00030125248969810337,0.017754314821425157,-0.14325050953969143,-0.0736535954397048,1,0.06959691409998663
-0.003969205338274592,0.016973350921093852,-0.14538777314361856,-0.07885223753293065,1,0.06653553561068791
0.005279382514315825,0.01647333853119305,-0.13515916100682257,-0.0705836739645458,1,0.06457548704227677
-0.018408497638820978,0.01674131348972713,-0.15937227207868615,-0.09374632319895582,1,0.06562594887973033
-0.004641021102844242,0.016274125613067163,-0.1446891073044559,-0.0808945349012326,1,0.06379457240322328
0.020180212554700774,0.017625357003536235,-0.12251628717223026,-0.05342488771836821,1,0.06909139945386206
-0.011915615923251424,0.015615295808683321,-0.15067239570827073,-0.08946043613823212,1,0.06121195957003861
0.007600134968989189,0.017422806357900906,-0.1346993654924966,-0.06640196456952505,1,0.06829740092297154
0.008199562527853102,0.015623585047975308,-0.13057346416617852,-0.06932901077811529,1,0.061244453388063225
0.005360186484325166,0.015159033531432537,-0.13250231923728262,-0.07307890779406706,1,0.05942341144321556
-0.005495621713591539,0.018592163882526568,-0.15008706292334362,-0.07720578050383947,1,0.07288128241950415
0.0054877695148737166,0.016718841231883805,-0.13543195929961854,-0.06989410167063403,1,0.06553785762898451
0.024115738122304733,0.015513440117325496,-0.11444140450765325,-0.053628719247737294,1,0.060812685259915955
0.02138630963759812,0.016587190987552552,-0.11927538469800489,-0.054253596026798884,1,0.065021788671206
-0.04614964979172505,0.014917960475762711,-0.18353965232421998,-0.12506124725923012,0,0.05847840506498986
-0.005938863969669875,0.016363971453182836,-0.14616304801790825,-0.08201627992143151,1,0.06414676809647674
-0.03298868973958331,0.016995053288398957,-0.17444979418484527,-0.10782918529432137,1,0.0666206088905239
-0.012927700205474776,0.018713658747342106,-0.1577572713502653,-0.08439972906068426,1,0.07335754228958104
0.010333429882643089,0.0157269799481712,-0.12864225081577246,-0.06699248941894137,1,0.06164976139683109
0.005838966743191967,0.01719345765509089,-0.13601101026078619,-0.06861265625282989,1,0.0673983540079563
0.013041216849573115,0.018267169833797694,-0.13091323602467037,-0.05930593027618341,1,0.07160730574848695
0.01398811108599017,0.018303530772913613,-0.13003760922892052,-0.058287768599099156,1,0.07174984062982137
-0.013952469013403843,0.016195884011810754,-0.1538472016765529,-0.09035933635025477,1,0.06348786532629815
0.004475829566684006,0.017371070106057363,-0.13772226784118843,-0.06962767302544356,1,0.06809459481574487
-0.007103674649583072,0.01637739307810446,-0.14735416508266783,-0.08315478421649833,1,0.0641993808661695
-0.0011742683256036751,0.0160958855878401,-0.1408730040777703,-0.07777713257343707,1,0.06309587150433321
-0.022734144726834063,0.01517714907427856,-0.16063215691242005,-0.1011377325412481,1,0.05949442437117196
-0.02549555254211848,0.017738928044501494,-0.16841465150934143,-0.09887805357489556,1,0.06953659793444587
0.021137074368281786,0.018250813117775266,-0.12278531934255774,-0.051242131920878696,1,0.07154318742167903
-0.0010630874404500418,0.015753007203486158,-0.14008978155928292,-0.07833799332161717,1,0.06175178823766575
0.017443883035836313,0.016300363571368562,-0.12265562956404608,-0.05875820436428131,1,0.06389742519976477
-0.0011546414972924829,0.015511209744117689,-0.13970741259576316,-0.07890347039882181,1,0.06080394219694135
0.021149197279501444,0.017433385998390463,-0.12117103927734388,-0.05283216616365325,1,0.06833887311369063
0.0067570501967759294,0.017973396179563825,-0.13662160631516918,-0.06616589329127898,1,0.0704557130238902
0.0047875582013327395,0.017542142040991426,-0.13774584019901046,-0.06898064339832408,1,0.06876519680068638
-0.03075121643968738,0.014814782578518034,-0.16793899029358272,-0.10986504258579204,0,0.05807394770779069
-0.011496797774399561,0.01604745792008134,-0.15110061529775898,-0.08819458025104014,1,0.06290603504671884
0.0052387023841613395,0.017644576290343106,-0.13749546714491115,-0.06832872808676618,1,0.06916673905814497
-0.002757595476105032,0.01640801237160049,-0.143068099724442,-0.07874869122776808,1,0.06431940849667393
0.0020637877372263608,0.01592409985854704,-0.13729824798552584,-0.07487577654002145,1,0.06242247144550439
0.01908198520232683,0.015163753834365091,-0.11878977231302876,-0.0593478572823176,1,0.05944191503071116
0.021004660752167822,0.017325410644044748,-0.12110394411015989,-0.05318833438550448,1,0.0679156097246554
-0.004831360208791366,0.014712764338748829,-0.14181917831273907,-0.08414514210484367,1,0.05767403620789541
-0.018913761981995,0.015729181215178106,-0.1578937571637441,-0.09623536680024591,1,0.06165839036349818
-0.01202104016367854,0.016318707766464442,-0.15215650738594885,-0.08818717294140824,1,0.06396933444454062
-0.025744845204886194,0.015155538460319069,-0.16360050058711156,-0.10419078982266082,1,0.05940971076445074
0.004530474020580447,0.015121386042241454,-0.1332582426222128,-0.07398240933662631,1,0.0592758332855865
0.01940576786856517,0.016845609867765548,-0.12176242747225531,-0.05572763679061436,1,0.06603479068164095
-0.010815762162368472,0.01790946620243736,-0.1540691159191457,-0.08386400840559124,1,0.07020510751355447
-0.019614394502984953,0.015273068944601205,-0.15770040963440332,-0.0978299793715666,1,0.05987043026283673
-0.005676320048815839,0.016293057147450066,-0.14576151205781798,-0.0818927280398137,1,0.06386878401800428
0.009750651588954176,0.017699920404408938,-0.13309199240368735,-0.0637083044184043,1,0.06938368798528305
0.0026900425206191764,0.0151752893119648,-0.13520432453083184,-0.07571719042792982,1,0.05948713410290202
0.012956640821127116,0.017057210432785675,-0.12862629162713282,-0.061762026730612964,1,0.06686426489651986
-0.001833217156127817,0.01697028127031293,-0.14324576844594117,-0.07672226586631448,1,0.06652350257962669
-0.014835803317399573,0.01581996973038199,-0.15399374398894827,-0.09197946264585088,1,0.06201428134309739
0.008242832526835844,0.017072723042592466,-0.1333705046366454,-0.06644543030968293,1,0.06692507432696247
-0.012311496173471562,0.015537497532266796,-0.15091579133671448,-0.09000880101022865,1,0.06090699032648583
0.0005484478513885366,0.016899087218735984,-0.140724563097334,-0.07448014119988894,1,0.06624442189744506
-0.012993224293718283,0.01598353033971693,-0.15247174375956346,-0.0898163048278731,1,0.06265543893169036
-0.0044730520761699505,0.0162602966922561,-0.1444940335929919,-0.080753670559348,1,0.0637403630336439
0.016843625579619506,0.0159728984872405,-0.12261405545537188,-0.06000029338538912,1,0.06261376206998276
-0.018163813495971057,0.016923406224105115,-0.15948448969521709,-0.09314473729672504,1,0.06633975239849205
-0.03255799300079633,0.016210510667442724,-0.17248139390898407,-0.1089361920926086,0,0.06354520181637546
-0.012462574200406792,0.016640598076061157,-0.15322894642948667,-0.08799780197132692,1,0.06523114445815975
-0.020842443481099024,0.017816103373529985,-0.1639128060932178,-0.09407368086898027,1,0.06983912522423752
0.0040327941026031405,0.01624437609776022,-0.13595698304900689,-0.07227902874578683,1,0.06367795430322006
0.0010307387258520068,0.01665045706382123,-0.1397549571192376,-0.07448516542905839,1,0.06526979169017921
-0.004027313368049221,0.015652358595663957,-0.1428567362155506,-0.08149949052054786,1,0.06135724569500273
0.005846159162863088,0.016350413880188323,-0.13435145204230603,-0.0702578296319678,1,0.06409362241033822
-0.011175857058766711,0.015722613618496965,-0.15014297975102076,-0.08851033436651266,1,0.06163264538450809
0.0003003094542420731,0.01671506304298077,-0.14061201411000024,-0.07508896698151563,1,0.06552304712848461
-0.010115479659200302,0.016445369310789784,-0.15049920350834828,-0.08603335581005234,1,0.06446584769829594
-0.022936960238123014,0.014582249802127214,-0.15966896985029236,-0.10250655062595368,1,0.05716241922433868
-0.02617383872816291,0.015161737450822617,-0.16404164413177524,-0.10460763332455059,1,0.05943401080722466
0.035287843717212344,0.017262234674091968,-0.10669693624400792,-0.039028976321567405,0,0.06766795992244051
0.024414404884046156,0.017565954959648786,-0.11816566683686547,-0.04930712339504223,1,0.06885854344182324
0.027004145654077452,0.01913887338329026,-0.11865884617717146,-0.04363446251467364,1,0.0750243836624978
-0.0010714461370614353,0.0142367694437473,-0.13712631424680616,-0.08131817802731674,1,0.05580813621948942
0.0050462579289362736,0.015613182844720585,-0.13370638044671607,-0.07250270369541138,1,0.061203676751304684
-0.02711513132295705,0.016415712691570168,-0.16744072819843459,-0.10309113444747953,1,0.06434959375095506
0.0012687282217075518,0.01727097544981216,-0.1407331836599243,-0.07303095989666061,1,0.06770222376326368
-0.013542661027438244,0.01670548930327956,-0.1544362200618662,-0.0889507019930103,1,0.06548551806885589
0.004240222738846153,0.016130670206629158,-0.135526690866147,-0.07229446365616071,1,0.06323222720998628
-0.005023558165101097,0.016540058028479635,-0.14559287190092118,-0.08075584442928102,1,0.06483702747164016
0.03291096711818643,0.016956911646279358,-0.10847537970852111,-0.04200428605510603,1,0.06647109365341508
0.004971320708301322,0.01621985402125589,-0.13497039317336024,-0.07138856541003713,1,0.0635818277633231
-0.010745611782096612,0.01551450528269736,-0.14930484213618345,-0.08848798142800979,1,0.06081686070817366
-0.006972772191811125,0.015803992356482287,-0.1460993972105164,-0.08414774717310584,1,0.06195165003741056
0.007529152818565324,0.016037838653269545,-0.132055810941843,-0.06918748342102637,1,0.06286832752081661
-0.029269476907006695,0.01801524919659653,-0.1727301653323359,-0.1021103884816775,1,0.0706197768506584
-0.021183902049723882,0.01727056166468989,-0.1631850029125161,-0.0954844011869317,1,0.06770060172558438
-0.022566001217333168,0.015789424024843946,-0.1616640723060273,-0.09976953012863904,1,0.06189454217738827
0.007044173503901116,0.018331440748792786,-0.13703625036373274,-0.06517700262846503,1,0.07185924773526771
-0.016077516912343617,0.01609286207628477,-0.15577032658186177,-0.09268630724282548,1,0.06308401933903629
-0.013224114023375574,0.017262333678539032,-0.15520908803331207,-0.08754074001343908,1,0.067668348019873
0.0010477368791668856,0.015685797393322015,-0.13784722601174426,-0.07635890022992198,1,0.061488325781822284
-0.005492316063025485,0.017552725092491353,-0.14804645724430854,-0.07923977488174244,1,0.0688066823625661
0.012674071317365879,0.016164416839455232,-0.12715898568796638,-0.06379447167730187,1,0.06336451401066451
0.0077074509386670514,0.017696176517254237,-0.13512785503515126,-0.06575884308751465,1,0.06936901194763662
-0.011572578709829487,0.016334039712504977,-0.15173809654633924,-0.08770866087331974,1,0.0640294356730195
-0.009178512257247126,0.016182359113648927,-0.14904673611999902,-0.08561188839449524,1,0.06343484772550378
0.010476477786310043,0.01616322421019501,-0.1293542416656722,-0.06599440276170773,1,0.06335983890396446
0.006190962609580061,0.015105341317349537,-0.13156630637242503,-0.07235336840841486,1,0.05921293796401017
-0.012762556580253673,0.017807418829456585,-0.1558158974859886,-0.08601081567451876,1,0.06980508181146983
0.019251939741114374,0.015904092508607703,-0.12007088157575672,-0.05772683894201454,1,0.062344042633742186
-0.004854228345348807,0.015924947643147936,-0.14421792572591877,-0.08179213096477886,1,0.06242579476113991
0.009269804776505478,0.016686663454810735,-0.13158685559492356,-0.06617513485206548,1,0.06541172074285807
0.0021481195066680864,0.015422038108034686,-0.1362298751850799,-0.07577548580158394,1,0.060454389383495954
0.0036840061849641587,0.01620583069698642,-0.13623022198112922,-0.07270336564894246,1,0.06352685633218676
0.03617022699513768,0.01950948574820127,-0.1102191650713368,-0.03374198093838784,1,0.07647718413294896
-0.021540386590210084,0.016035511731234513,-0.16112078958342974,-0.09826158359699044,1,0.06285920598643929
-0.003665178396032656,0.01582785116322574,-0.1428385666759551,-0.08079339011611021,1,0.062045176559844886
-0.008454760743653297,0.01673043138244365,-0.14939720625324285,-0.08381391523406376,1,0.06558329101917909
0.009613075041019145,0.015732865708699056,-0.12937414174803102,-0.06770130816993071,1,0.061672833578100314
0.0025247029211612065,0.016941280407115573,-0.13883100667678533,-0.07242118748089227,1,0.06640981919589306
0.01751309770148428,0.01732506242448462,-0.12459482465050559,-0.05668057994652587,1,0.06791424470397972
-0.02203100662167727,0.015315729594422107,-0.1602006366267446,-0.10016297661660994,1,0.060037660010134664
-0.01600805263186368,0.017420981547126048,-0.15830397646423075,-0.09001372879949662,1,0.06829024766473413
0.026726518613295988,0.0159143254631112,-0.11261635929440197,-0.05023220347900607,1,0.06238415581539591
0.025677084709545647,0.015661691553387688,-0.11317063073509423,-0.051776799845814486,1,0.061393830889279744
-0.008064155450189028,0.015907511243947417,-0.14739367748832596,-0.0850362334120521,1,0.06235744407627386
0.0007539231292749832,0.01808574104272061,-0.14284492931445741,-0.07194882442699263,1,0.07089610488746478
0.010188848028862038,0.015962419327758427,-0.12924829385354447,-0.06667561008873145,1,0.06257268376481302
-0.02382863556462876,0.01724385781938711,-0.1657773968906275,-0.09818147423863002,1,0.06759592265199749
0.017305412807814766,0.016674961596132788,-0.12352831192060551,-0.058162462463764976,1,0.06536584945684054
0.004631669577009903,0.01635363476780359,-0.13557225456788513,-0.07146600627809507,1,0.06410624828979006
0.0013589859874969662,0.015825141974817724,-0.13780909228314578,-0.0757745357418603,1,0.06203455654128548
0.025213230293198594,0.01781089228545756,-0.11784691858629823,-0.048028220827304596,1,0.06981869775899363
-0.003484150377289344,0.016257613779030212,-0.14349987338418857,-0.07977002737039013,1,0.06372984601379844
0.002534230778374849,0.017373028702554544,-0.13966770547863205,-0.07156543296461826,1,0.0681022725140138
-0.022313894619072752,0.017066727037634892,-0.16391547961283714,-0.09701390962530837,1,0.06690156998752878
-0.028615093691522528,0.015003374631720624,-0.16617250796969496,-0.1073592794133501,1,0.058813228556344854
0.00432273925657338,0.017026908948194582,-0.137200802281888,-0.07045531920496526,1,0.06674548307692274
-0.03930084129913676,0.015058156027610401,-0.17696562711325314,-0.11793765548502039,0,0.059027971628232756
-0.004798947417815766,0.015606670404108576,-0.14353882140986857,-0.08236067342576296,1,0.061178147984105605
-0.008845542548718402,0.016529628251214453,-0.14939441392109873,-0.08459827117633809,1,0.06479614274476064
-0.00710101695539779,0.01651936873584728,-0.14762977967765845,-0.08287385423313713,1,0.06475592544452131
0.005825670254841334,0.015483164006169179,-0.13267213119725027,-0.07197812829306709,1,0.060694002904183184
0.011378137984796047,0.017368859589109564,-0.1308156268098587,-0.06272969722054922,1,0.06808592958930948
0.009408503614099575,0.016437022324648467,-0.13095886014221142,-0.06652573262958944,1,0.06443312751262198
-0.0301368703774698,0.0166888831794948,-0.17099788140927963,-0.10557745934566,1,0.06542042206361963
-0.02015666176169191,0.015848608292180745,-0.1593707340143662,-0.09724418950901766,1,0.06212654450534853
1.3954886477554607e-05,0.0178086983921868,-0.14304189396220857,-0.07323179626483632,1,0.06981009769737224
-0.004032372572110657,0.01520971205285556,-0.14199420819570757,-0.08237213694851377,1,0.059622071247193806
-0.02374778983612623,0.015838796603475865,-0.16294263117893892,-0.10085454849331354,1,0.06208808268562538
0.02797419183315615,0.01698800227168971,-0.11347309261935569,-0.04688012371433202,1,0.06659296890502367
0.01579647896618648,0.01699382239759498,-0.12566221293309968,-0.059046429134527366,1,0.0666157837985723
-0.010085746584814162,0.016398837298283023,-0.1503782676894489,-0.08609482548017944,1,0.06428344220926946
0.0028176280409940163,0.017768928966903984,-0.14016027273413778,-0.07050607118387418,1,0.0696542015502636
-0.024656410628151423,0.015288694670543718,-0.1627730521824171,-0.10284136907388575,1,0.059931683108531364
-0.0017469488913987724,0.01713672044468112,-0.14348572096297377,-0.07630977681982379,1,0.06717594414314998
0.014081995112790527,0.017032571468927886,-0.12745264496630815,-0.06068496480811082,1,0.06676768015819733
-0.010014244188889979,0.016025311335151938,-0.14957465440578777,-0.08675543397199219,1,0.06281922043379558
0.01737535698055233,0.01702560986407469,-0.12414563835303408,-0.057405247685861284,1,0.0667403906671728
0.0018911425268616916,0.01733947502517667,-0.14024502852248458,-0.07227428642379205,1,0.06797074209869253
-0.011919100556212661,0.017596067024492842,-0.15455819192421863,-0.0855816091882067,1,0.06897658273601193
0.008980991518367218,0.016841994568941022,-0.1321801178367572,-0.06615949912650838,1,0.06602061871024882
0.023464218929407046,0.016154439305076096,-0.1163492821085421,-0.053023880032643814,1,0.06332540207589829
-0.005222845801147583,0.016106913687806212,-0.14494319662924776,-0.08180409497304741,1,0.06313910165620035
-0.028741577109874475,0.017393075092116267,-0.17098280429042237,-0.10280194992932659,1,0.06818085436109578
0.001242380820799735,0.016456078179700708,-0.13916233241141365,-0.07465450594698689,1,0.06450782646442677
0.004281845007975751,0.017818522024723293,-0.1387932581604819,-0.0689446518235666,1,0.06984860633691531
-0.0279830166980765,0.01676618154741475,-0.1689955325310094,-0.1032721008651436,1,0.0657234316658658
0.004864110253569323,0.016320731768839816,-0.13527532401335673,-0.07129805547950464,1,0.06397726853385209
0.017879204875349816,0.01697901374566298,-0.12355046206614963,-0.05699272818315075,1,0.06655773388299888
-0.01799371761466316,0.015983007567352554,-0.15747121244667417,-0.09481782278265216,1,0.06265338966402201
0.010820715522945293,0.016350306593990182,-0.12937668540127548,-0.06528348355283395,1,0.06409320184844153
0.0017275072700302513,0.01700610759688467,-0.1397552636198637,-0.0730913218400758,1,0.0666639417797879
-0.0032289548460774226,0.018068986564361927,-0.14679496851222681,-0.07596454117992804,1,0.07083042733229877
-0.00911019881187515,0.015182503833853878,-0.14701870632622877,-0.08750329129752156,1,0.059515415028707205
-0.02358488620177744,0.015058063274689452,-0.16124949022016877,-0.10222188218338613,1,0.05902760803678264
0.019439281985943926,0.017525000318822082,-0.12306051863894736,-0.0543625173891648,1,0.06869800124978256
0.02125618508004716,0.016477632616773784,-0.11919077484882945,-0.05459845499107623,1,0.06459231985775321
-0.03373609426815437,0.01622359053261119,-0.1736851317120723,-0.11008865682423644,0,0.06359647488783587
-0.011223047736421785,0.015833073121968667,-0.1504066710554804,-0.0883410244173632,1,0.062065646638117186
-0.013389009972131424,0.014538352673166607,-0.15003498121153797,-0.09304463873272488,1,0.056990342478813086
0.003521856596149467,0.017408255251995467,-0.13874912369776166,-0.07050876310993942,1,0.06824036058782224
-0.01030526615923412,0.016254268213888524,-0.15031443185845564,-0.08659770046001261,1,0.06371673139844303
0.039164366098298944,0.016301955420511504,-0.10093826652590361,-0.03703460127749851,0,0.0639036652484051
0.02861755512666654,0.017198348644827093,-0.11324200821719457,-0.04582448152947236,1,0.06741752668772222
-0.009639309755926126,0.01668493554616371,-0.150492583426407,-0.08508763608544526,1,0.06540494734096175
-0.00026411674615316183,0.017881910604650636,-0.1434634615312684,-0.07336637196103793,1,0.07009708957023048
-0.019611190094322203,0.015849693535246366,-0.15882738942340507,-0.09669659076523933,1,0.062130798658165745
-0.015624906419215254,0.018030489837853148,-0.15911546650140743,-0.08843594633702309,1,0.07067952016438434
-0.015837022380071605,0.01589527221870318,-0.15514255592872983,-0.09283308883141338,1,0.062309467097316454
0.034798783113825185,0.016432455227201093,-0.10555962913148896,-0.04114440464086068,0,0.06441522449062828
-0.013756632819943923,0.016838941195288094,-0.15491175756270859,-0.08890310807717927,1,0.06600864948552931
0.009998962145999227,0.016945170971549305,-0.1313643729582374,-0.06493930274976414,1,0.06642507020847327
-0.017812421825830857,0.01746654562191637,-0.16019765124478694,-0.09172879240687479,1,0.06846885883791215
0.011897356853279153,0.017000438678307413,-0.12957430295620337,-0.06293258333723832,1,0.06664171961896505
-0.015071672656773685,0.015999584889420933,-0.15458165904003873,-0.09186328627350866,1,0.06271837276653007
0.004752504089553841,0.017264568314999954,-0.13723684980784606,-0.06955974201304625,1,0.06767710779479981
0.002430200088318693,0.017808391277039662,-0.14062504681467905,-0.07081615300868357,1,0.06980889380599548
0.0034457240335375866,0.016497853239858015,-0.13704086831658413,-0.07236928361634071,1,0.06467158470024342
-0.0027112578279376437,0.01697214033793491,-0.14412745289029008,-0.07759666276558522,1,0.06653079012470486
-0.0007633388004616576,0.015507977033604181,-0.13930977378632586,-0.07851850381459746,1,0.0607912699717284
-0.007790878395634485,0.016210654305514674,-0.14771456083444326,-0.08416879595682572,1,0.06354576487761754
0.014894101296113085,0.016751612188505165,-0.12608985859335703,-0.0604235388144168,1,0.06566631977894023
-0.018433023348625635,0.015666625111427027,-0.15729040856702262,-0.09587723813022866,1,0.06141317043679395
0.01565635774612302,0.017311182303703765,-0.12642435956913636,-0.05856452493861761,1,0.06785983463051876
-0.00039519573861095114,0.01526220447522435,-0.13845991651005068,-0.07863207496717123,1,0.059827841542879456
0.03729823046593973,0.017419068664109732,-0.10499394411571535,-0.0367111949524052,0,0.06828274916331015
-0.0010505791120081348,0.016091652727130548,-0.140741018457184,-0.07766173976683227,1,0.06307927869035174
0.015224526854234852,0.015869231960477813,-0.12402996778830166,-0.06182257850322864,1,0.06220738928507302
-0.011681488977416679,0.017701248905512022,-0.15452673683222024,-0.08513784112261312,1,0.06938889570960712
-0.003257355362345213,0.016573985629851296,-0.14389316719685374,-0.07892314352783668,1,0.06497002366901707
0.005206458734745886,0.015952072836010425,-0.13421040402383455,-0.07167827850667369,1,0.06253212551716086
0.013956289456054247,0.01766973059990154,-0.12882718251975278,-0.05956183856813874,1,0.06926534395161404
-0.00231720268209841,0.017146367063999416,-0.14407488212753727,-0.07686112323665956,1,0.06721375889087772
0.008648825218944098,0.01640924960689958,-0.1316641040105791,-0.06733984555153273,1,0.06432425845904637
0.021001415301659596,0.016153999120935316,-0.11881122297537364,-0.05548754642130719,1,0.06332367655406645
-0.0019325690547145474,0.016177792344479736,-0.14179184204989484,-0.07837489605953427,1,0.06341694599036057
0.020573656581163904,0.015999184770200216,-0.11893554556842853,-0.05621874126924368,1,0.06271680429918486
0.012502726739428746,0.01658692799753063,-0.1281584521357313,-0.06313769438541122,1,0.06502075775032007
-0.008006501695183507,0.01666053131329754,-0.1488119430692467,-0.08350266032112033,1,0.06530928274812636
-0.011733964440997183,0.016941870619169137,-0.1530908308545687,-0.08667869802742567,1,0.06641213282714303
-0.036963129873190295,0.016422219130496973,-0.17730147936896437,-0.11292638037741623,0,0.06437509899154814
0.0059465231729097096,0.016222954068531907,-0.13400126680141283,-0.07040728685276776,1,0.06359397994864507
-0.020690032910538572,0.015523755804349205,-0.15926739428706302,-0.09841427153401414,1,0.06085312275304888
-0.004350101650831398,0.016851564724507218,-0.14552996851086555,-0.07947183479079725,1,0.0660581337200683
0.009057968174980793,0.016780235944552583,-0.13198209427634228,-0.06620356937369615,1,0.06577852490264613
0.013017335713610814,0.018237960294594978,-0.13087986646379535,-0.059387062108983035,1,0.07149280435481231
0.003821559573120567,0.01654321503517723,-0.1367539418958268,-0.07190453895793207,1,0.06484940293789472
-0.014125980863225404,0.015989220757561866,-0.15361565354804668,-0.09093790817840415,1,0.06267774536964253
0.010810284087618097,0.017706172457208767,-0.13204461392851108,-0.06263641789625272,1,0.06940819603225835
-0.0010708283608824448,0.016526494536925552,-0.14161355765325653,-0.07682969906850837,1,0.06478385858474817
-0.03779839685554133,0.015207296867486524,-0.17575549871581492,-0.11614289499526775,0,0.059612603720547164
0.010042096264964454,0.017033353888823207,-0.13149407735712904,-0.06472333011294207,1,0.06677074724418697
-0.015314155419363776,0.015591750904870574,-0.1540247871929101,-0.09290512364581746,1,0.06111966354709264
0.0075290335148602144,0.01445522072372048,-0.12895399910363192,-0.07228953386664765,1,0.05666446523698428
0.0035506279372664457,0.016587221901623064,-0.13711112698991476,-0.07208921713555236,1,0.0650219098543624
-0.006819740476419353,0.016556652544213245,-0.14742157946307732,-0.0825195014897614,1,0.06490207797331593
0.004611735777971984,0.01642131438630764,-0.135724840419191,-0.07135328802486504,1,0.06437155239432596
-0.00039220551610417986,0.01917259286969487,-0.14612128754070614,-0.07096472349150224,1,0.0751565640492039
-0.009637673241479863,0.01716511747122079,-0.1514321034850726,-0.08414484299788713,1,0.06728726048718547
-0.004648359236050767,0.01724225873884167,-0.14659398636418045,-0.0790043321079211,1,0.06758965425625935
-0.015954382297068123,0.016538083422357918,-0.15651982580488966,-0.0916905387892466,1,0.06482928701564306
-0.004997803875915349,0.01566417501492679,-0.14385038690517188,-0.08244682084665884,1,0.061403566058513034
0.010671120079723387,0.017171816578301982,-0.1311364404137485,-0.06382291942680474,1,0.06731352098694376
-0.0011106631918496729,0.016068294964675482,-0.14075532132261362,-0.07776760506108574,1,0.06298771626152788
0.008204362820420766,0.01755155095634155,-0.13434747705400868,-0.0655453973051498,1,0.06880207974885888
-0.009946785702611385,0.017492345834959153,-0.15238258353913134,-0.08381258786609144,1,0.0685699956730399
-0.005497475910635222,0.015880440859566726,-0.14477393999538601,-0.08252261182588444,1,0.062251328169501574
0.015465371861284535,0.01604563893938221,-0.12413488045990459,-0.06123597581752634,1,0.06289890464237824
-0.01721964805648936,0.01568794980974259,-0.15611882968358484,-0.09462206642939389,1,0.061496763254190956
0.016829428167081564,0.016346369856678488,-0.12336025675200828,-0.059282486913828605,1,0.06407776983817967
0.02681812517917835,0.016659891930766835,-0.11398606300512465,-0.04867928663651866,1,0.06530677636860599
-0.008172121529153378,0.016723303715418206,-0.14910059681137305,-0.0835452462469337,1,0.06555535056443935
0.003693799146928342,0.014515884475403038,-0.1329081344248616,-0.07600586728128171,1,0.05690226714357989
0.002832608889708446,0.016091110516911148,-0.1368567677234374,-0.0737796144971457,1,0.0630771532262917
-0.006609345924903684,0.016683718985344105,-0.14746023513617812,-0.08206005671362925,1,0.06540017842254887
0.005436887527150422,0.017102893895253508,-0.13623558450754647,-0.06919224043815271,1,0.06704334406939376
-0.013654496475910341,0.014981486646101704,-0.15116901030226967,-0.092441582649551,1,0.05872742765271867
0.0042276131950924195,0.016186541308894225,-0.13564880777034027,-0.0721975658394749,1,0.06345124193086538
-0.010533032538470308,0.015103769631189406,-0.14828722101560154,-0.08908044406133908,1,0.05920677695426246
0.004961370740231022,0.016002613650937414,-0.13455455201560632,-0.07182430650393165,1,0.06273024551167466
0.005617097569131271,0.016061740900972864,-0.13401471459677555,-0.07105269026496192,1,0.06296202433181364
-0.009666047525482654,0.01669227469409511,-0.1505337059259091,-0.08509998912505624,1,0.06543371680085285
0.031047605304831707,0.01593793973924237,-0.10834155658408334,-0.04586483280625325,1,0.06247672377783009
0.03553870445487124,0.017851961442074463,-0.1076019399715947,-0.03762225111866282,0,0.06997968885293188
-0.011292323498925491,0.01591764859333775,-0.1506417147418675,-0.0882445322559835,1,0.062397182485883995
0.007059749295061632,0.016356304650959743,-0.13314940782081947,-0.06903269358905728,1,0.06411671423176218
0.019604087728861144,0.017650683309428507,-0.12314205155761873,-0.053951372984658984,1,0.06919067857295974
0.04215259669456713,0.015959858773971557,-0.09727952650241714,-0.034716880108448624,0,0.06256264639396852
-0.0017295808601343193,0.017118352358158548,-0.14343235148212508,-0.07632841023814357,1,0.0671039412439815
0.0012510383834487965,0.015822649621476413,-0.13791215487464498,-0.07588736835845744,1,0.062024786516187536
0.008239776024774562,0.015787216772267593,-0.13085396884886993,-0.06896807910158095,1,0.06188588974728898
-0.03024180684108678,0.014912362859209785,-0.16762083804513797,-0.1091643756370356,0,0.05845646240810237
-0.012315289559041723,0.01619395953902075,-0.1522062502555224,-0.08872592886256106,1,0.06348032139296134
0.021406694726130757,0.01833870277440153,-0.12268796271169624,-0.05080024783604225,1,0.07188771487565399
0.00264552922193427,0.018265961011369656,-0.14130655436035025,-0.06970398719578122,1,0.07160256716456903
-0.01846685956803766,0.01548887896817489,-0.15697586234566044,-0.09625945679041488,1,0.06071640555524556
-0.022572736083221176,0.015904481441489426,-0.16189631970854046,-0.0995507524579019,1,0.062345567250638556
-0.024800111371884773,0.016355589333752647,-0.16500786646603996,-0.1008939562777296,1,0.06411391018831036
-0.0004785472385024775,0.015164900982218003,-0.13835255316364978,-0.07890614131335519,1,0.05944641185029459
-0.04143180400449219,0.01577074176048117,-0.18049325785503528,-0.1186719501539491,0,0.06182130770108618
0.011375322359725201,0.015961181124048474,-0.12805939264340982,-0.06549156263713979,1,0.06256783000627003
-0.015303375153521356,0.0163745540571675,-0.15554830110556966,-0.09136004920147306,1,0.0641882519040966
0.04418900067039562,0.016790054537174845,-0.09687030622246709,-0.031053292436741688,0,0.06581701378572541
0.017334321725252358,0.016671613223700255,-0.12349284019320014,-0.05814011635629515,1,0.06535272383690499
-0.002162529004565858,0.01637193091249983,-0.14240231359306554,-0.0782243444160662,1,0.06417796917699935
-0.015167759093879504,0.017072118075660996,-0.15677991052217505,-0.08985720766558396,1,0.06692270285659109
0.028307723472195026,0.017639306651656493,-0.11441611756505171,-0.045270035490558254,1,0.06914608207449346
-0.005254678763094975,0.016390092800302604,-0.14553006065168808,-0.08128089687450188,1,0.0642491637771862
0.006942903580294937,0.016861742583570705,-0.13425691188350364,-0.06815888095590648,1,0.06609803092759715
-0.01854605713343775,0.016191358591260467,-0.15843191997230827,-0.09496179429456725,1,0.06347012567774102
0.019330892028648974,0.017655873131866385,-0.12342541930980915,-0.05421439663289292,1,0.06921102267691623
-0.006085298294834965,0.0161905160401532,-0.14596950973353523,-0.08250268685613471,1,0.06346682287740052
-0.036350722195320886,0.015295719603776995,-0.1744811326187238,-0.11452191177191798,0,0.05995922084680583
-0.027500150316806096,0.016206153672642234,-0.1674150115151849,-0.10388688911842732,1,0.06352812239675758
-0.0017294386052474492,0.01595061758741173,-0.14114344907657445,-0.07861702813392046,1,0.06252642094265398
-0.02251485191193274,0.01771671030912127,-0.16539040411781042,-0.09594089970605506,1,0.06944950441175536
0.026780788137484926,0.015894456482847697,-0.11252314656889656,-0.05021687715613359,1,0.06230626941276297
0.016262774161703117,0.01633800098465763,-0.12391050776822585,-0.05986554390836793,1,0.06404496385985792
-0.0076188086713839115,0.016222966234947383,-0.1475666224918808,-0.08397259485088704,1,0.06359402764099376
0.010787989059946754,0.015960740031498978,-0.12864586140179124,-0.06607976047831526,1,0.06256610092347598
0.01312662648664599,0.01750719859941759,-0.1293382827682125,-0.06071006425849554,1,0.06862821850971695
-0.022960646084619465,0.01762287882621031,-0.16565228858399167,-0.09657060358524727,1,0.0690816849987444
0.00021375987545195485,0.016404817402030748,-0.14009048223252832,-0.07578359801656778,1,0.06430688421596054
0.009960852798517258,0.01609567298632607,-0.12973746625468185,-0.06664242814828364,1,0.06309503810639822
0.0004170847233567615,0.015160537663749044,-0.13744836909759137,-0.07801906145569512,1,0.059429307641896245
-0.0028179097068660314,0.015087158340339094,-0.14053954005393066,-0.08139787935980142,1,0.05914166069412924
0.02152360795857948,0.0167183105619714,-0.11939508074288446,-0.05385930333995658,1,0.06553577740292788
0.02901224497770817,0.01729460383388997,-0.11303597853671618,-0.045241131507867495,1,0.06779484702884869
0.005982907764989234,0.017033968151766096,-0.13555446981247232,-0.06878131465754922,1,0.0667731551549231
-0.02066697728267715,0.015944014034258436,-0.16006804478982367,-0.09756750977553062,1,0.06250053501429305
-0.015744239127654755,0.01612083404334307,-0.15549187385260718,-0.09229820440270234,1,0.06319366944990484
0.026690887043423497,0.01781177627570313,-0.11637099445695465,-0.04654883145619838,1,0.06982216300075628
-0.008171384784501343,0.0153127097841244,-0.14633509596138516,-0.08630927360761753,1,0.06002582235376763
-0.021298017195164512,0.0151597576345444,-0.15916194215887153,-0.09973569223145749,1,0.059426249927414035
-0.014539267937811476,0.015703036251437822,-0.15346801899062962,-0.09191211688499334,1,0.06155590210563627
-0.0073363181446669395,0.016361807787459593,-0.14755626140808775,-0.08341797488124614,1,0.06413828652684161
-0.024126144674104746,0.01670644971092838,-0.16502158610752438,-0.09953230324068513,1,0.06548928286683925
-0.0021675652950352703,0.01610537655972814,-0.14188490335210244,-0.07875182723796811,1,0.06313307611413432
-0.010180830924548481,0.017270308713613586,-0.1521814360032311,-0.08448182584586586,1,0.06769961015736525
-0.02832672353039202,0.016939181690615254,-0.16967831964399793,-0.10327672741678613,1,0.0664015922272118
-0.011691614119858793,0.01743894120986193,-0.15402273889118817,-0.08566208934852942,1,0.06836064954265875
-0.005153953393362068,0.016233081467870804,-0.14512159307038885,-0.08148791371633529,1,0.06363367935405356
-0.00426321545087964,0.01675079394639583,-0.14524557158581547,-0.07958245931594382,1,0.06566311226987165
-0.006996027324840379,0.01599721755308511,-0.1465013737288872,-0.08379228092079358,1,0.06270909280809361
-0.008964858035982112,0.018125807191585536,-0.15264224013148978,-0.08158907594047446,1,0.07105316419101532
-0.0275374944164075,0.016397143060102724,-0.16782669481420884,-0.10354989401860618,1,0.06427680079560266
0.03537579329335584,0.017720647465860107,-0.10750747573972996,-0.038042537673558356,0,0.0694649380661716
0.005946753247593625,0.017534093747215897,-0.13657087049694955,-0.06783722300786321,1,0.06873364748908634
0.012340747816948147,0.016618999232255714,-0.12838329067827306,-0.06323681368783066,1,0.0651464769904424
-0.005088599516760842,0.01579721303335972,-0.1442019370621459,-0.08227686197137579,1,0.06192507509077011
-0.00911035283097307,0.017797571830233304,-0.15214439361823034,-0.0823779120437158,1,0.06976648157451454
-0.00017312639536078145,0.01646603783612277,-0.14059736055416142,-0.07605049223656016,1,0.06454686831760126
0.014672871218958786,0.015968429016099465,-0.12477604965259617,-0.06217980790948627,1,0.0625962417431099
-0.009553436678702634,0.016767346829357814,-0.15056823646424394,-0.08484023689316132,1,0.06572799957108262
0.008274332016932992,0.01699208620468573,-0.13318095694425103,-0.06657197902188298,1,0.06660897792236804
-0.0039597207842338306,0.015427332192100891,-0.1423480918807516,-0.08187294968771609,1,0.0604751421930355
0.0034166515394020297,0.016397421204688865,-0.13687309402178816,-0.0725952028994078,1,0.06427789112238036
0.016045381352694996,0.01684764307001799,-0.12512679906454027,-0.059084038230069746,1,0.06604276083447053
0.014420022738889829,0.016524096941717324,-0.12611800726687614,-0.06134354725534422,1,0.06477446001153192
-0.006198014493487794,0.018663191102240094,-0.1509286690538784,-0.07776895993309721,1,0.07315970912078118
0.001944517055084874,0.017556098240975645,-0.1406162354972274,-0.07179633039260286,1,0.06881990510462455
-0.01864917828658276,0.014705956192736885,-0.15562365242434706,-0.09797630414881847,1,0.05764734827552859
0.007307864311689741,0.016632217502683296,-0.13344208199356952,-0.068243789383051,1,0.06519829261051852
-0.017027311076572835,0.01671723619006558,-0.1579438940091014,-0.09241232814404429,1,0.0655315658650571
0.009710972194389753,0.017259232703020846,-0.1322679239035311,-0.0646117317076894,1,0.0676561921958417
-0.016758031848910962,0.016741932666559083,-0.15772301987536677,-0.09209464382245516,1,0.06562837605291161
0.00794991828815654,0.017308983290999905,-0.13412648896220328,-0.06627527446148365,1,0.06785121450071963
-0.002348768404805232,0.016630468436786047,-0.1430952865409059,-0.07790385026870458,1,0.06519143627220131
-0.0062799342746521075,0.016097415021841532,-0.14598166771746152,-0.08287980083184271,1,0.06310186688561881
0.013965168812663173,0.016961394685150944,-0.1274299647702327,-0.06094129760444098,1,0.06648866716579171
0.019096205111916134,0.01762588509241403,-0.12360132966921536,-0.054507860106952376,1,0.06909346956226298
-0.02935874691134667,0.015575600458727414,-0.1680377238104524,-0.10698137001224095,1,0.06105635379821145
0.02533193614712427,0.017702890039660402,-0.11751652833061013,-0.048121199375141345,1,0.0693953289554688
-0.011660954863748726,0.01788862764875139,-0.15487346505530145,-0.08475004467219602,1,0.07012342038310543
0.011471175396533043,0.016832795191941807,-0.12967190317967292,-0.06368734602726102,1,0.0659845571524119
-0.008356532553540783,0.016801609110826787,-0.1494384864107613,-0.08357617869632028,1,0.06586230771444102
0.008869573125851807,0.016985128569602017,-0.13257207887056816,-0.06599037487772824,1,0.06658170399283991
0.01677513367877438,0.016711160124491878,-0.1241295401652297,-0.058621792477221546,1,0.06550774768800816
0.004835085252802754,0.01718466437043959,-0.13699765691325885,-0.06963377258113565,1,0.0673638843321232
0.017533865893664582,0.017241355639372413,-0.12440999115950535,-0.056823877053165495,1,0.06758611410633986
0.025357605964167765,0.01716629662999321,-0.11643913543061893,-0.049147252641045545,1,0.06729188278957338
-0.0038453675554797756,0.015594811786762286,-0.14256199865753386,-0.0814303364534257,1,0.06113166220410815
0.04785236791252047,0.017183113184175987,-0.09397733392846447,-0.026619530246494605,0,0.06735780368196986
-0.012630484410237133,0.016947406946262362,-0.15399820202491138,-0.08756436679556291,1,0.06643383522934847
-0.033592078355899904,0.016556703758482137,-0.1741940177225249,-0.10929173898927491,0,0.06490227873325
0.011975280504343724,0.0178284868895344,-0.1311193537991437,-0.06123168519216886,1,0.06988766860697483
0.009515477048814794,0.017726222593459164,-0.13337871923436517,-0.06389192666800525,1,0.06948679256635992
0.021376297023917315,0.016601747193453118,-0.1193139274752508,-0.054235078476914576,1,0.06507884899833621
0.022485962733517065,0.017456165247592897,-0.11987892115176502,-0.051450753381200864,1,0.06842816777056415
-0.005655679289123652,0.01574149948219247,-0.1446598182742209,-0.08295314030402642,1,0.06170667797019447
0.018219632192996674,0.017616164463109436,-0.12445885015469782,-0.055403485459308836,1,0.06905536469538898
-0.007399183223326708,0.01595179232779393,-0.1468154961858028,-0.08428447026085062,1,0.06253102592495219
-0.02937177309167642,0.016779196717370437,-0.1704097986577225,-0.10463534752563036,1,0.06577445113209213
0.05400847446373937,0.015082350466331763,-0.08370373245027089,-0.024580918622250383,0,0.05912281382802051
-0.02016925214386779,0.01581731418897588,-0.15932198795426053,-0.09731811633347508,1,0.06200387162078545
0.020717557924530602,0.017352437398308593,-0.12144401937615425,-0.05342246477478456,1,0.06802155460136969
-0.015112590985189286,0.016022802305577257,-0.1546680835041207,-0.09185869846625787,1,0.06280938503786283
0.03503500403457878,0.016142682288918363,-0.10475545325170121,-0.04147613867914123,0,0.06327931457255997
0.005663948287893503,0.016579904747237653,-0.1349834650166923,-0.0699902384075207,1,0.06499322660917162
0.024342734302261207,0.016616806548378084,-0.11637700653255983,-0.051239124862917755,1,0.06513788166964207
-0.0017604701771646164,0.01678678813799456,-0.14281337492763396,-0.07700916542669528,1,0.06580420950093868
-0.03315307428985985,0.014747528849430638,-0.1702090308347439,-0.11239871774497581,0,0.057810313089768084
-0.022311803767911295,0.0162188855827123,-0.16225161951002742,-0.09867358802579519,1,0.06357803148423223
0.0010952881107958862,0.01584427686396246,-0.13811029454257054,-0.0760007292358377,1,0.06210956530673284
0.010212109740458872,0.017416867635499236,-0.13207575082511963,-0.06380162969396264,1,0.068274121131157
0.002771679539586777,0.01618870051001171,-0.13710897346003617,-0.07364926746079029,1,0.06345970599924589
0.01038826767990804,0.016361514584159634,-0.12983110090504485,-0.06569396373513908,1,0.06413713716990577
0.025110586592020104,0.017475559446960505,-0.11729230992402248,-0.048788116891937315,1,0.06850419303208516
-0.003731284995419401,0.016265546415772214,-0.14376255597033294,-0.08000161402050587,1,0.06376094194982707
0.013261449751465884,0.017492456959216605,-0.12917456588859866,-0.06060413460846958,1,0.06857043128012907
-0.027727724365595466,0.015562779981420825,-0.16638157312918028,-0.10537547560201066,1,0.06100609752716962
0.011314346077852463,0.017287179914836023,-0.13071932655522614,-0.06295358128906894,1,0.0677657452661572
0.0009404557239009043,0.017096799908161264,-0.14072007209609516,-0.07370061645610303,1,0.06701945563999213
-0.03727159974323478,0.016099336053721235,-0.1769770984085284,-0.11386770107794117,0,0.06310939733058724
0.0065175274387964804,0.015608893575539271,-0.1322267039692605,-0.07103984115314656,1,0.06118686281611395
-0.004678156941595388,0.01668110851686421,-0.14552392963464925,-0.08013398424854154,1,0.0653899453861077
-0.007321636576103505,0.01639607349753849,-0.14760874063127893,-0.08333613252092807,1,0.06427260811035086
0.004738109226691781,0.01565145849168048,-0.13408954941700196,-0.07273583212961449,1,0.06135371728738748
0.02390027886995645,0.016094422120389862,-0.11579558848600768,-0.052705453774079425,1,0.06309013471192826
-0.00476637380575777,0.015217354220837222,-0.14274318807859873,-0.08309115953291682,1,0.05965202854568191
0.012524926325973337,0.01733800661155481,-0.1296083666326741,-0.06164338071537924,1,0.06796498591729487
-0.03431240219093666,0.016434082487249826,-0.17467400386594634,-0.11025240051592701,0,0.06442160335001933
-0.023488698980776948,0.014646811043300173,-0.16034724862564528,-0.10293174933590861,1,0.057415499289736674
-0.003196231121342083,0.015441152392362375,-0.14161168981037234,-0.08108237243231184,1,0.0605293173780605
-0.0024490616516035374,0.01722145954050949,-0.14435392235100214,-0.07684580095220495,1,0.0675081213987972
-0.0415954708523555,0.014445861952469836,-0.17806016027919638,-0.12143238142551463,0,0.056627778853681754
-0.012143919630042868,0.016659660366548163,-0.15294765394847726,-0.08764178531160847,1,0.06530586863686878
-0.04452285956182979,0.016968198890539566,-0.18593132938728735,-0.11941598973637224,0,0.0665153396509151
-0.0063359233210468074,0.01568769460188072,-0.14523460474073302,-0.0837388419013606,1,0.061495762839372414
-0.001709689651657173,0.01831956991541115,-0.14576684668586304,-0.07395413261745132,1,0.07181271406841172
-0.0063681915276245366,0.01824482366742915,-0.15027884591578566,-0.0787591371394634,1,0.07151970877632226
0.0008073316884691512,0.015285098982226237,-0.1373022623166943,-0.07738467430636743,1,0.05991758801032686
-0.014128909508196022,0.016168674763292434,-0.1539703120442492,-0.09058910697214285,1,0.06338120507210636
-0.0016017004792506923,0.015351503052040243,-0.13984144646124957,-0.07966355449725182,1,0.060177891963997754
0.03712225898361994,0.017899637182842806,-0.10611182989475196,-0.035945252138008164,0,0.07016657775674379
0.02181601869895601,0.0185424683407247,-0.1226780192488644,-0.04999154335322358,1,0.07268647589564081
0.0024736428633728574,0.016571002841937722,-0.1381563227068251,-0.07319799156642921,1,0.06495833114039588
-0.02288487989759601,0.016567737011865435,-0.16350844444085227,-0.09856291535433975,1,0.06494552908651252
-0.01410003738836517,0.016507723297581014,-0.15460597505162396,-0.08989569972510639,1,0.06471027532651757
-0.00012381232373730178,0.017794483523369153,-0.14315180002954084,-0.07339742461793378,1,0.06975437541160706
0.024308715921471644,0.015821074232035274,-0.1148513895733175,-0.05283277858373922,1,0.06201861098957828
0.01695248696037048,0.01592268489806354,-0.12240677543983405,-0.05998985063942499,1,0.062416924800409064
0.013475011888836083,0.01694608558392751,-0.12789011585566185,-0.061461460366666006,1,0.06642865548899585
0.003677138407865002,0.017368405828552244,-0.1385157370160974,-0.0704315861681726,1,0.0680841508479248
0.02240981405912508,0.01702947984394606,-0.11911876643500921,-0.05236320544674065,1,0.06675556098826857
-0.0014003065796788644,0.016593636794707375,-0.14207463469730533,-0.07702757846205241,1,0.06504705623525292
0.0036124017727405394,0.015389669721944376,-0.13470215088227044,-0.07437464557224849,1,0.060327505310021956
0.0006529781862389256,0.017510468313742686,-0.14181833970869673,-0.07317730391882542,1,0.06864103578987131
-0.00048405560714963325,0.015889852376743143,-0.13977896626556618,-0.07749074494873308,1,0.062288221316833106
-0.009764899699058624,0.017141233598043665,-0.15151251755122422,-0.08431888184689304,1,0.06719363570433118
0.020104818070931854,0.015466046935224093,-0.11835943392210738,-0.057732529936028926,1,0.06062690398607845
-0.02174244439421001,0.015074321523822145,-0.15943891458090143,-0.10034757420751861,1,0.05909134037338282
0.00015153793255677506,0.01529886332657731,-0.13798503418753477,-0.0780134899473517,1,0.05997154424018307
-0.003759946767037156,0.015490291909243878,-0.14227171890915516,-0.08154977462491916,1,0.060721944284235996
0.014449887571072392,0.017691424848823877,-0.1283761051326224,-0.059025719725232816,1,0.06935038540738958
-0.00588962387523366,0.016469899484517138,-0.14632142686488725,-0.08175942088558008,1,0.06456200597930717
0.013171634890572284,0.01727214736297125,-0.12883257394085137,-0.061125756278004074,1,0.06770681766284731
-0.012005501996180737,0.016847309511825934,-0.15317702863935956,-0.08713557535300191,1,0.06604145328635765
-0.001329462433114395,0.016844104889905856,-0.14249470801732989,-0.07646581684889892,1,0.06602889116843097
-0.0096478818935027,0.0169890410786113,-0.15109720240758084,-0.08450016137942455,1,0.06659704102815629
-0.005106674861386842,0.01605869520481124,-0.14473251746281687,-0.08178243225995682,1,0.06295008520286005
-0.005114803712135171,0.015932192471312317,-0.14449270095590733,-0.08203850646836304,1,0.06245419448754429
0.0022441074235619723,0.01861793761930791,-0.14239785031028154,-0.06941553484259452,1,0.07298231546768702
-0.004079492680589006,0.01663393565722469,-0.14483280656874942,-0.07962777879242862,1,0.0652050277763208
-0.0002430720880082088,0.01624157463021557,-0.14022735836323072,-0.07656038581278571,1,0.06366697255044501
0.005382721030884621,0.017135680764008364,-0.13635401326657176,-0.069182144671659,1,0.06717186859491277
-0.010005547513612031,0.01528260326235336,-0.14811024990782462,-0.08820244511939945,1,0.05990780478842517
-0.015994984583415847,0.017162648293836204,-0.1577845752393348,-0.09050699392749689,1,0.06727758131183792
-0.011492451352745556,0.016553844760836864,-0.15208878708398582,-0.0871977156215053,1,0.06489107146248052
0.0037385064393834627,0.015948434869720585,-0.1356712259052689,-0.07315336121596419,1,0.0625178646893047
-0.03294881850384192,0.014465712731933311,-0.1694524154584312,-0.11274682154925264,0,0.056705593909178564
0.02084121150498104,0.016506082837884826,-0.11966151085727322,-0.054957666132764704,1,0.06470384472450852
0.012173711377308619,0.016506276820916675,-0.12832939119168807,-0.0636247860536947,1,0.06470460513799337
-0.018906933497227926,0.01559969778941224,-0.1576331411644759,-0.09648232582997994,1,0.06115081533449597
-0.0015750842663653092,0.018143237939310487,-0.14528663062741387,-0.07416513790531676,1,0.07112149272209711
0.03030035722904402,0.01607112405523748,-0.10934984591922145,-0.04635103962269053,1,0.06299880629653093
0.00016294323901562546,0.015271822735827783,-0.13792062932320684,-0.07805508419876192,1,0.05986554512444492
-0.018562653355318495,0.01615258637314047,-0.1583725226466738,-0.09505438406396319,1,0.06331813858271063
-0.027312690220057154,0.01639877247623443,-0.16760508427347665,-0.10332189616663767,1,0.06428318810683897
0.03795770017253254,0.01516591346298997,-0.0999182902149278,-0.040467909440007124,0,0.05945038077492068
0.01944633963916155,0.01653095854087317,-0.12110513910094986,-0.05630378162072704,1,0.06480135748022281
0.015055300638855393,0.016722340599322132,-0.125871286935816,-0.06031971178647323,1,0.06555157514934278
-0.010737877233804607,0.01700588627927319,-0.15222021434118005,-0.08555714012642916,1,0.06666307421475089
-0.036475652187425,0.014981031833203063,-0.173989274580503,-0.11526362979434701,0,0.058725644786155995
-0.015263734605329857,0.018129018705257113,-0.1589474112676338,-0.08788165794302592,1,0.07106575332460786
0.018910497407000113,0.014510888995983177,-0.11768164502512692,-0.06079896016087287,1,0.056882684864254046
-0.013878454457685804,0.016449936898040755,-0.15427113077784568,-0.08978737813752594,1,0.06448375264031975
-0.011826159985964688,0.015277902354343217,-0.1499216486004774,-0.09003227137145199,1,0.05988937722902542
0.003975059498688496,0.016401436426971706,-0.13632255589817605,-0.07202892510444697,1,0.06429363079372907
-0.0030706382448496966,0.017411116526312533,-0.14534722663642227,-0.07709564985327713,1,0.06825157678314514
0.01996222582497252,0.01710819829726442,-0.12172064283766575,-0.05465650551238922,1,0.06706413732527652
-0.03889708357421211,0.016165257640585753,-0.17873178854976018,-0.11536397859866404,0,0.06336780995109614
0.001957740689150514,0.0153391836212692,-0.1362578592085371,-0.07612825941316186,1,0.06012959979537526
0.0011405608792500327,0.016798748187537287,-0.13993578556832306,-0.07408469267317688,1,0.06585109289514618
0.0027131266362548506,0.016977754454036285,-0.13871407209365627,-0.07216127463383404,1,0.06655279745982223
-0.03353636523007979,0.014663923648721783,-0.1704284555815745,-0.1129458748785851,0,0.057482580702989394
0.004290195085007623,0.01807173847223453,-0.13928121232057206,-0.06843999750941271,1,0.07084121481115935
0.0036129127411467926,0.015677228626153686,-0.13526525536611445,-0.073810519151592,1,0.06145473621452245
0.004501142439546815,0.01757311465539492,-0.13809296228502724,-0.06920635283587914,1,0.0688866094491481
0.010713571165054156,0.018201587276936156,-0.1331123398977407,-0.06176211777215098,1,0.07135022212558972
-0.01978281761443869,0.016680699921364898,-0.1606277894603139,-0.0952394457685635,1,0.0653883436917504
-0.006671591792317397,0.015085664951223415,-0.1443902950967153,-0.08525448848791951,1,0.05913580660879579
-0.015480616353997681,0.0168876501293313,-0.15673121060748704,-0.09053162210050833,1,0.06619958850697871
-0.011031258948362863,0.01645383794839292,-0.151431581327213,-0.08693253656951275,1,0.06449904475770024
0.014906414876603671,0.015458366852643898,-0.12354278415457837,-0.0629459860922143,1,0.060596798062364066
-0.010175423707427064,0.01645688007029262,-0.1505817086452006,-0.08607073876965354,1,0.06451096987554705
-0.011002377743851724,0.015482349880572531,-0.14949858350977388,-0.08880777197792956,1,0.060690811531844316
0.025454658519151338,0.018026514032889376,-0.11802810898531185,-0.04736417397638549,1,0.07066393500892637
0.008108109959730228,0.01781634599508529,-0.13496272819063693,-0.06512265188990261,1,0.06984007630073431
-0.013546421572092252,0.018435979775423234,-0.1578317419319218,-0.08556270121226273,1,0.07226904071965906
0.005746227967857273,0.017736040881183548,-0.13716721215926247,-0.06764193190502299,1,0.06952528025423949
0.008077735312250492,0.016773851323795257,-0.13294981328238822,-0.0671963160931108,1,0.06575349718927742
-0.0004427528810452691,0.017066166860714452,-0.1420432399280456,-0.07514386583404495,1,0.06689937409400065
0.025399745080536454,0.017289879848563693,-0.11663921942264839,-0.04886289041627871,1,0.06777632900636968
-0.012082345514942736,0.016228667724460084,-0.1520413342548845,-0.08842495677500098,1,0.06361637747988352
0.003778918273509055,0.016576944648044573,-0.1368626932366583,-0.07188107021632359,1,0.06498162302033472
-0.02242266616611495,0.01616178575753053,-0.1622505662508748,-0.09889636608135512,1,0.06335420016951969
0.006392043646209808,0.015838766470486532,-0.1328027386359438,-0.0707147740716366,1,0.06208796456430721
0.035384978337803255,0.016752818337851246,-0.1056013456043852,-0.039930297720008306,0,0.06567104788437689
0.021963459394472598,0.017955776027644206,-0.12138066161971005,-0.050994019591344766,1,0.07038664202836528
0.002345392734338078,0.01680591748171219,-0.13874500552981783,-0.07286580900150604,1,0.0658791965283118
0.006605140608191132,0.015344103637266874,-0.13162010252085193,-0.0714712162627658,1,0.060148886258086134
0.016795454141933272,0.01709679951933433,-0.12486507291596202,-0.05784561880017145,1,0.06701945411579058
-0.033391065520503235,0.015601750371202849,-0.17212129624806083,-0.11096243479294565,0,0.06115886145511518
-0.014550846760101974,0.0156366128424694,-0.153349407931342,-0.09205388558886196,1,0.061295522342480036
-0.011460804838909475,0.016969562522059698,-0.1528719473821465,-0.08635126229567247,1,0.06652068508647402
0.02494173201983592,0.0182015421466648,-0.11888409058762708,-0.04753404537270108,1,0.071350045214926
0.005830811473452754,0.015179940182666022,-0.13207267128457265,-0.07256730576852186,1,0.05950536551605079
0.008418867366577529,0.01686682409194089,-0.13279090785362663,-0.06667295741321833,1,0.0661179504404083
-0.0265670457484196,0.015535737475894883,-0.1651678912011736,-0.10426780029566564,1,0.06090009090550795
0.03963385871353976,0.019035671718016855,-0.10582685785377327,-0.031207024719147207,0,0.07461983313462606
0.018765311172229474,0.017298352884575544,-0.1232902604815386,-0.055480717174002464,1,0.06780954330753614
0.0032391520956626535,0.017801020532799708,-0.13980164814862478,-0.07002164766004992,1,0.06978000048857486
0.019872444071571696,0.017062877468453988,-0.12172159576659813,-0.05483511609025849,1,0.06688647967633965
0.026764176966334277,0.016575993089673578,-0.11387556948942594,-0.048897676577905516,1,0.06497789291152042
0.020030502214850768,0.016760717279317904,-0.12097130365261233,-0.05526929191768615,1,0.06570201173492618
0.011175415445554601,0.016627963993382924,-0.12956619398147592,-0.06438457512741488,1,0.06518161885406104
0.002729352549347766,0.01680679536533521,-0.13836276636670924,-0.07248012853459523,1,0.06588263783211401
-0.02234562910486594,0.017457454697557252,-0.16471304031207817,-0.09627981789765373,1,0.06843322241442444
0.04638570536192911,0.017240190641647012,-0.09555586829569904,-0.02797432098044275,0,0.06758154731525629
0.01562233943775447,0.015685381411995738,-0.12327180812975719,-0.06178511299473389,1,0.0614866951350233
-0.003265069774001275,0.016860091164000522,-0.1444616484554423,-0.07837009109256027,1,0.06609155736288203
0.005244756324403396,0.01718453463037041,-0.1365877315511226,-0.06922435580007061,1,0.067363375751052
0.015037197715585607,0.016108617160535212,-0.12468649191906342,-0.061540712649765385,1,0.06314577926929804
0.0019800186607655396,0.015955771322977565,-0.1374440931322705,-0.07489746954619844,1,0.06254662358607205
0.013725843793438844,0.015002090531243803,-0.12382905364779902,-0.0650208587653233,1,0.05880819488247571
0.014664921949920848,0.018295095631004163,-0.12934426548684733,-0.057627490613310996,1,0.07171677487353634
-0.020685044346860318,0.014785016001249419,-0.15781447570930918,-0.09985721298441147,1,0.05795726272489771
0.02345603296105371,0.017470552117146498,-0.11893704918855344,-0.05045248488933916,1,0.06848456429921429
0.007016526277314597,0.01676261660243798,-0.13398900226346383,-0.06827954518190697,1,0.06570945708155686
0.006576989715625245,0.016409803929843304,-0.13373702598686762,-0.0694105945818819,1,0.06432643140498573
-0.015127555028920062,0.015671051914743026,-0.1539936167818164,-0.09256309327602374,1,0.061430523505792645
0.006184235417689518,0.016477829855493155,-0.13426311109907707,-0.0696700180655439,1,0.06459309303353317
-0.022847680141153306,0.016859254843036724,-0.1640426196335053,-0.09795434064880133,1,0.06608827898470397
0.005110179511296178,0.01730227877445996,-0.13695308688664534,-0.06912815409076231,1,0.06782493279588303
-0.0035472063631740852,0.01739960321528592,-0.1458012286651345,-0.07759478406121369,1,0.06820644460392082
0.058822728479036426,0.01587004139453648,-0.08043335265425508,-0.018222790387672078,0,0.062210562266583
-0.0047219571672815625,0.017263711272417905,-0.14670963126122066,-0.07903588307334247,1,0.06767374818787819
-0.004151717389511242,0.015942389749516464,-0.1435496012985635,-0.08105543348045897,1,0.06249416781810453
0.008980852678322646,0.016091865190427736,-0.1307100030949157,-0.067629891548439,1,0.0630801115464767
0.02706249599334616,0.017617271877601485,-0.11561815688675275,-0.046558451126554934,1,0.06905970576019782
-0.00805358818608358,0.01753062855077194,-0.1505644201455966,-0.08184435622657057,1,0.06872006391902602
-0.01341698846065971,0.014743300845600169,-0.15046465811803605,-0.09267091880328339,1,0.057793739314752665
-0.04235673594485291,0.015248212494413615,-0.1803940324339036,-0.12062103945580223,0,0.05977299297810136
-0.005133845217750191,0.015821452900078116,-0.1442946929019033,-0.08227459753359709,1,0.062020095368306216
0.024909509936612298,0.018025064203976586,-0.11857041590318182,-0.0479121642235936,1,0.07065825167958822
0.021905623579607805,0.017107289803068627,-0.1197754644344067,-0.05271488840637769,1,0.067060576028029
0.0049843101593361056,0.01701115982029919,-0.13650836308845032,-0.06982461659287749,1,0.06668374649557283
0.024150072703508482,0.01903674555722164,-0.12131274858864594,-0.04668870600433711,1,0.07462404258430883
-0.018740124698978608,0.017423129144663964,-0.16104025782252,-0.09274159157543724,1,0.06829866624708275
0.008078150434110073,0.017071333390364762,-0.13353246301100485,-0.066612836120775,1,0.06691962689022986
-0.0030170421033868106,0.016764793626177693,-0.1440268376106951,-0.07830884659607854,1,0.06571799101461656
-0.030569137580889347,0.017203723297198367,-0.17243923524339816,-0.10500063991838055,1,0.06743859532501761
-0.008281938847419859,0.01624152410511727,-0.14826612609344972,-0.08459935160139001,1,0.06366677449205971
-0.04062000905842207,0.01599938618642473,-0.18012960598381456,-0.1174120121330296,0,0.06271759385078496
0.01655032690424381,0.017003601070992375,-0.12492753119490124,-0.05827341499661114,1,0.06665411619829009
-0.02311470989647714,0.015384458201575392,-0.16141904797156492,-0.10111197182138938,1,0.06030707615017554
-0.021263642512447042,0.017938228984627595,-0.16457337132231714,-0.09425551370257695,1,0.07031785761974019
-0.004713460510115938,0.01707660741742912,-0.14633441104827702,-0.07939410997195487,1,0.06694030107632215
0.0017415290534968236,0.016939770698876602,-0.13961122151630131,-0.07320732037670505,1,0.06640390113959627
0.011042954393102392,0.01701310303032908,-0.1304535275463426,-0.06376216366745262,1,0.06669136387888998
0.0010830985876803673,0.016675034523280417,-0.13975076907794926,-0.07438463374669002,1,0.06536613533125923
0.008865446442264127,0.01676898287231316,-0.13215255998746966,-0.06641814712800209,1,0.06573441285946757
-0.033828197964892906,0.016075204059197587,-0.1734863979209202,-0.11047159800886563,0,0.06301479991205455
-0.009589918802502415,0.01650664538855136,-0.1500937437640631,-0.08538769384094175,1,0.06470604992312134
0.024607307563904793,0.016674403719309016,-0.11622532372594088,-0.05086166114624954,1,0.06536366257969134
-0.012790622430202361,0.01693756937118537,-0.15413905839772568,-0.08774378646267905,1,0.06639527193504663
-0.03184564667587132,0.01697437480019411,-0.1732662212842518,-0.10672667206749087,1,0.06653954921676092
0.003920724087402169,0.017969955617197254,-0.13945118892230446,-0.06900896290289121,1,0.07044222601941325
0.010032825948397814,0.015285695154854626,-0.12807793655511726,-0.06815801154808712,1,0.05991992500703014
0.03839887505032098,0.01677400876388364,-0.10262898212689095,-0.03687486777246709,0,0.06575411435442385
-0.0024943862046814397,0.016331655463704617,-0.14265523091354249,-0.0786351414958204,1,0.06402008941772208
-0.0025966085056976923,0.01631114125710289,-0.14271724536961936,-0.07877757164177604,1,0.06393967372784332
0.014036313168701728,0.01663123166914681,-0.12671170090282602,-0.06151727275977053,1,0.06519442814305548
0.004133464790691335,0.015537958096179747,-0.13447173307782098,-0.07356293734079636,1,0.060908795737024624
-0.0232946866526776,0.01611048618473434,-0.16302203957475692,-0.0998689337305983,1,0.06315310584415862
-0.03911770276884936,0.016015122243093777,-0.1786581423653132,-0.11587886317238556,0,0.06277927919292763
0.02583547768452056,0.016900654716318284,-0.11544060555946328,-0.049190039071495606,1,0.06625056648796768
0.009384167178143596,0.016811696968526895,-0.13171755888016912,-0.0658157067635437,1,0.06590185211662541
0.005568589023093665,0.015858536220769104,-0.1336649419696138,-0.0714994799841989,1,0.062165461985414894
-0.006597259025646882,0.017171028383191317,-0.14840327465670186,-0.08109284339459191,1,0.06731043126210995
0.042453617675091274,0.01883858741564127,-0.10262081365956562,-0.028773550990251848,0,0.07384726266931377
-0.010369537802135162,0.01689881526280607,-0.15164201571723507,-0.08539865988703527,1,0.0662433558301998
-0.027460959915252728,0.015999429408203078,-0.16697064155533076,-0.10425287827517471,1,0.06271776328015605
0.013164750888050511,0.01616634124625242,-0.12667207795460422,-0.06330002026929475,1,0.06337205768530947
0.0013332082929698869,0.016799316276136185,-0.13974425160825704,-0.0738909318058032,1,0.06585331980245385
0.0027788858456892634,0.01600671200895556,-0.13674506969186365,-0.07399875861675784,1,0.06274631107510581
-0.03153267717392243,0.015420399261999887,-0.1699074597274422,-0.10945949462040265,0,0.06044796510703955
0.010060548218051676,0.017163294489401362,-0.131730308981175,-0.06445019458272166,1,0.06728011439845333
0.020212770035641273,0.016983849452064492,-0.12122637489040514,-0.05464968503831233,1,0.06657668985209281
-0.004377345916404832,0.01712987420040491,-0.14610269934919845,-0.07895359248361121,1,0.06714910686558724
0.013705983448040207,0.016659756603295474,-0.12709793949441894,-0.06179169360950067,1,0.06530624588491828
-0.01231922184678648,0.015632338739786644,-0.15110940577676832,-0.08983063791680466,1,0.061278767859963654
-0.007010484576031886,0.018049599575935965,-0.15053849974486638,-0.0797840694071974,1,0.07075443033766898
-0.02100530700106172,0.015704650304983775,-0.15993722159882992,-0.09837499240329353,1,0.06156222919553639
0.008287709674569946,0.01689342026209717,-0.13297419403914051,-0.0667519866117196,1,0.06622220742742091
0.007637325083709998,0.017814732505131062,-0.1354303506263469,-0.06559659920623312,1,0.06983375142011378
0.007153684248214262,0.016395729092309682,-0.13313274477271272,-0.06886148673085876,1,0.06427125804185396
0.008652078078022055,0.017737674868408385,-0.1342645646640584,-0.0647328791798975,1,0.06953168548416089
-0.019840093709294224,0.015645613986276445,-0.15865629712239607,-0.09732549029619239,1,0.061330806826203677
0.02008728610012271,0.017535478379642606,-0.1224330515239768,-0.05369397627577779,1,0.068739075248199
0.006464518369665259,0.015232661547945652,-0.13154229826430822,-0.07183026499636128,1,0.05971203326794694
0.03843970920043756,0.01599086316696749,-0.10105318260681873,-0.03836899899230617,0,0.06268418361451256
0.021479448531314074,0.0170952091598573,-0.12017796142200624,-0.05316474151536562,1,0.06701321990664061
-0.012252432661408255,0.01708177684792968,-0.15388351528335042,-0.0869229500394661,1,0.06696056524388433
-0.020644137994770537,0.015215223989437997,-0.158616777014069,-0.09897309897547207,1,0.05964367803859694
0.0012698752067167168,0.015961044791121405,-0.13816457258388123,-0.07559727700268534,1,0.06256729558119589
-0.00016686887424639807,0.017517857181622517,-0.14265266895022655,-0.07398266879826627,1,0.06867000015196027
-0.0015750152755132224,0.01726153435674405,-0.14355842261473156,-0.07589320793629489,1,0.06766521467843667
-0.02279368126434421,0.016309478114853143,-0.16291105836945638,-0.09897790415923205,1,0.06393315421022433
0.0003491131985211421,0.015783444851406432,-0.13873723871023547,-0.07686613489272226,1,0.06187110381751321
0.0059662100361445175,0.017219237050999568,-0.13593429458381465,-0.06843488534389633,1,0.06749940923991832
-0.004064909409528097,0.017106208117702866,-0.14574387732022573,-0.07868754149883048,1,0.06705633582139525
-0.007947857185733417,0.015116872950815607,-0.14572772816933202,-0.08646958620213484,1,0.059258141967197184
0.03131185499150098,0.017899029825344574,-0.11192104346617439,-0.041756846550823665,1,0.07016419691535072
-0.025538411080511067,0.016187086816708125,-0.165415901241259,-0.10196252091976316,1,0.06345338032149583
-0.00029424924135044994,0.01685304856468607,-0.14147702442813515,-0.07541307405456577,1,0.06606395037356938
-0.007039659414078622,0.015615368211859578,-0.1457965811093234,-0.08458433771883386,1,0.06121224339048953
-0.016698091553830743,0.01676979639948473,-0.15771769249682083,-0.09198009061084067,1,0.06573760188598016
0.009949323703559262,0.015481656382785884,-0.12854552280670106,-0.06785742978618041,1,0.06068809302052065
0.0022283182386800132,0.015921627033680615,-0.137128870747334,-0.07471609277530598,1,0.062412777972028
0.017529290022529717,0.0155230741832554,-0.12104673537665087,-0.060196284578289704,1,0.06085045079836116
-0.0016559231735652075,0.01609627775626884,-0.14135542757585212,-0.07825801877127829,1,0.06309740880457383
0.005679063330944992,0.01805675675384276,-0.13786297990658683,-0.0670804934315232,1,0.07078248647506363
-0.005469789201278399,0.015409239727584503,-0.14382269906734402,-0.08341847933521278,1,0.06040421973213124
0.03261332294046361,0.017391363039696326,-0.1096245486173412,-0.041450405501731596,1,0.0681741431156096
-0.009982239243111604,0.015271778247212297,-0.14806572460764772,-0.0882003538785755,1,0.05986537072907222
-0.020801532596302227,0.015095042073457953,-0.15853861506027983,-0.09936605013232465,1,0.05917256492795518
0.016383508928942178,0.016185459984789725,-0.12349079264124568,-0.06004378950086997,1,0.06344700314037571
-0.020929228516843354,0.016872874504571988,-0.16215086254580446,-0.09600919448788225,1,0.06614166805792221
0.0005279932261549741,0.0168790657037883,-0.1407057755532701,-0.07453983799441996,1,0.06616593755885014
-0.007625585020586176,0.01739749058628532,-0.1498754665697054,-0.08167730347146696,1,0.06819816309823845
-0.013202310976549017,0.01709370489956626,-0.15485677257969888,-0.08784944937339915,1,0.06700732320629972
-0.005788023795920985,0.01659039339469195,-0.1464559948495172,-0.08142165274232477,1,0.06503434210719244
-0.02097014279474653,0.01592716732771854,-0.16033819075707487,-0.0979036948324182,1,0.06243449592465666
-0.014523219176064237,0.01731714307055851,-0.15661561959435893,-0.08873241875776956,1,0.06788320083658937
0.010681291357196906,0.016819259817065172,-0.13043525788425084,-0.06450375940135536,1,0.06593149848289548
-0.0016645731666882352,0.01718688997405206,-0.1435016775158303,-0.07612906881754619,1,0.0673726086982841
-0.019981742848497533,0.01535966815529295,-0.15823749243287172,-0.09802759326412336,1,0.06020989916874836
0.0017219021373175575,0.01675421846196948,-0.13926716604814263,-0.07359062967722227,1,0.06567653637092036
0.021777157758861257,0.01658643525852233,-0.11888305534784252,-0.053864229134434984,1,0.06501882621340754
0.033301621900602554,0.017750244774690106,-0.10963965785779006,-0.040058698341004846,1,0.06958095951678522
-0.012582480161813223,0.01789983097831462,-0.15581694887930989,-0.08564961144431657,1,0.07016733743499332
0.018674109401587993,0.01659218289848704,-0.12199736907944661,-0.056956012117377414,1,0.0650413569620692
-0.010705980056174805,0.01427052164692875,-0.14682700248415514,-0.09088655762819446,1,0.05594044485596068
-0.013300296432492184,0.016586991467585303,-0.1539615997089594,-0.088940593156025,1,0.0650210065529344
0.015119076819705604,0.01666058829431873,-0.12568647623715912,-0.06037697012342969,1,0.06530950611372943
0.01643550128975367,0.015711709030256298,-0.12251024840954867,-0.060920349010943994,1,0.06158989939860468
-0.02852174399582101,0.015881210516103278,-0.16779971660738344,-0.1055453713842586,1,0.06225434522312484
0.04233414310786478,0.015745190995460488,-0.09667723124323778,-0.034956082541032676,0,0.0617211487022051
-0.01828801552040886,0.016713952130993137,-0.15919816169715542,-0.09367946934366231,1,0.06551869235349311
0.010081385416299452,0.015929272096025716,-0.12929078789191095,-0.06684804127549016,1,0.0624427466164208
-0.014355780915902353,0.01657962401983805,-0.15500264399478492,-0.09001051783701979,1,0.06499212615776513
0.006937116826636711,0.01837198187220528,-0.13722276764288566,-0.06520459870384095,1,0.07201816893904471
0.001557856277873651,0.016467231241758952,-0.13886871695597391,-0.07431717048827881,1,0.0645515464676951
0.01746040753483409,0.01811349463505283,-0.12619284194986946,-0.05518794298046237,1,0.0710048989694071
0.008296193537347438,0.015928361120377498,-0.13107419425859246,-0.06863501866671268,1,0.06243917559187978
-0.020647653497675153,0.015401776422736073,-0.15898593528623786,-0.09861097170911245,1,0.06037496357712541
-0.016934490941862793,0.01737502662841197,-0.15914034313355024,-0.09103023875017534,1,0.0681101043833749
0.004634380472301705,0.017099798121904854,-0.13703202384663182,-0.07000081520876478,1,0.06703120863786705
0.007573221487164453,0.016059344092373768,-0.13205389293388814,-0.06910126409178297,1,0.06295262884210517
-0.009819047339077722,0.016461094079114693,-0.15023359173414252,-0.08570610294401293,1,0.0645274887901296
-0.004122695178202754,0.015333995971366789,-0.14232812728208166,-0.08221886307432386,1,0.06010926420775781
0.012033876058269319,0.01741833599864115,-0.13025686249906734,-0.061976985384394036,1,0.06827987711467332
0.024604656147207846,0.017695804187114673,-0.11822992005953692,-0.0488623676460474,1,0.06936755241348952
-0.009507357717480278,0.0164612138374496,-0.1499221368388815,-0.08539417859607906,1,0.06452795824280244
-0.0020004609598185535,0.016791948069993606,-0.14306347917700601,-0.07723904274263109,1,0.06582443643437492
-0.007085600176580595,0.015148073038765203,-0.1449266233325604,-0.0855461770206008,1,0.0593804463119596
0.0003503925473046371,0.01677207151201748,-0.14067366761624964,-0.0749271472891411,1,0.06574652032710854
0.011444273570641192,0.01688379666722369,-0.12979876789711725,-0.06361428496160038,1,0.06618448293551688
0.0017053776653669778,0.018189413535953197,-0.1420966728651013,-0.07079417180416477,1,0.07130250106093654
0.0003423734200184575,0.01603372304061121,-0.1392345237395795,-0.07638232942038359,1,0.06285219431919592
0.014946851858427826,0.01692366804618408,-0.12637433751209298,-0.06003355877105138,1,0.0663407787410416
0.016021996459772828,0.016148767546258706,-0.12378038793089424,-0.06047721914956011,1,0.06330316878133413
0.027647909875942303,0.015518737157874418,-0.11091961495349156,-0.05008616529462384,1,0.06083344965886772
0.005137289396278402,0.016073497549750113,-0.1345175658012318,-0.07150945540621138,1,0.06300811039502043
-0.0002311450864185688,0.016991132410905847,-0.14168456461179402,-0.07507932556104312,1,0.0666052390507509
-0.0260283611335745,0.016069103575514974,-0.16567460414158386,-0.10268371812556515,1,0.06299088601601871
0.027655341204399095,0.015690468972133467,-0.11124877798098251,-0.04974213961021932,1,0.06150663837076319
-0.0011051399355529318,0.015998839772309766,-0.1406136658892801,-0.0778982139818258,1,0.0627154519074543
0.011213874980125368,0.01633580045631548,-0.12895509391425297,-0.0649187561254963,1,0.06403633778875667
-0.03230234689702012,0.01689749763363447,-0.1735722422589437,-0.10733405153509656,1,0.06623819072384712
0.018330320086750132,0.01654426531874687,-0.12224723993799375,-0.05739371988850601,1,0.06485352004948775
0.0035278285093070655,0.01649448917588395,-0.1369521702754255,-0.0722937727059604,1,0.0646583975694651
0.024464750722028597,0.018271466036302395,-0.1194981227091241,-0.04787397584681871,1,0.0716241468623054
0.019031799706085165,0.016516093122880115,-0.12149054281475986,-0.05674745777306982,1,0.06474308504169005
0.008042623729291584,0.01709301274632543,-0.13361048125350627,-0.06660587128791058,1,0.0670046099655957
0.02098564281677047,0.018997463662710348,-0.12440018596214181,-0.04993012840431726,1,0.07447005755782454
-0.05279969108211592,0.014944497796152898,-0.1902417067625756,-0.13165927540165626,0,0.05858243136091934
-0.029225110087303677,0.01618200069203554,-0.16909263144369335,-0.10565918873091402,1,0.06343344271277933
0.0004309206641787272,0.016558688849778482,-0.1401749094813871,-0.07526484919025545,1,0.06491006029113167
-0.012111577647504021,0.01726218937452534,-0.15409626882157368,-0.08642848647343436,1,0.06766778234813932
0.002931574949434093,0.016405183772951814,-0.13737338524555148,-0.07306506485558036,1,0.06430832038997113
0.040104486460307134,0.015993886185526694,-0.09939433046332519,-0.036698296616060555,0,0.06269603384726463
0.012184189642737667,0.015910830586347922,-0.12715183830650426,-0.06478138240802041,1,0.06237045589848385
0.0020581980815400497,0.016335469468566996,-0.13811012207685128,-0.07407508176006863,1,0.06403504031678264
-0.021962953634299773,0.015067482154527728,-0.15964601865717412,-0.10058148861142543,1,0.05906453004574869
0.002340291720148671,0.016610075686711807,-0.13836625662580648,-0.07325475993389619,1,0.0651114966919103
0.0167189986663681,0.017297876483599785,-0.1253356392414875,-0.057527963425776325,1,0.06780767581571118
-0.0034163112454695804,0.016055653710585035,-0.14303619251821625,-0.08009802997272292,1,0.06293816254549334
-0.01840843225833981,0.016766181705671467,-0.15942094840145588,-0.09369751611522374,1,0.06572343228623213
-0.026377249673648698,0.0167491354671957,-0.16735635518935227,-0.10169974415794514,1,0.06565661103140713
-0.009336724316544878,0.01664728081253224,-0.1501161947091081,-0.0848588539239817,1,0.06525734078512639
0.017741312949517765,0.01666523760983085,-0.12307335276575071,-0.05774562133521378,1,0.06532773143053694
0.018717372431445764,0.016154255793725817,-0.12109576892425684,-0.05777108621285164,1,0.0633246827114052
-0.009665550477847853,0.01664124690575267,-0.15043319441312308,-0.08519950654257263,1,0.06523368787055045
0.02200499207030364,0.01653617451990486,-0.11855670998870989,-0.053734905870682845,1,0.06482180411802704
-0.0023983878816551257,0.015411155790302139,-0.14075505323064733,-0.08034332253266294,1,0.06041173069798439
0.013601473581093551,0.01735577233779948,-0.12856664020099345,-0.06053201263681947,1,0.06803462756417399
0.0018488721026293647,0.017835780812061705,-0.1412600582890116,-0.0713437975057297,1,0.06991626078328189
0.003981481148203722,0.017186478525631255,-0.13785481676203354,-0.07048382094155903,1,0.06737099582047451
0.008820323637656877,0.016489964541177925,-0.13165080686305186,-0.0670101458616344,1,0.06464066100141747
0.03034363459521046,0.01682962538705371,-0.11079323116341482,-0.04482109964616428,1,0.06597213151725054
0.029689853220815035,0.01635762677866859,-0.11052189526537541,-0.04639999829299453,1,0.06412189697238088
0.003592079804688994,0.017006267552960648,-0.13789100459911388,-0.07122643579150814,1,0.06666456880760574
-0.021718995553158052,0.01578262754957224,-0.16080374555031965,-0.09893584555599647,1,0.06186789999432318
-0.015538083300818503,0.015703713239424693,-0.1544681612500909,-0.0929096053515461,1,0.06155855589854481
-0.027999249114771627,0.016813166465978385,-0.16910385538808925,-0.103196242841454,1,0.06590761254663526
-0.049289790290453064,0.01589191183261218,-0.18858873748237293,-0.1262924430985332,0,0.06229629438383971
-0.012953135472163632,0.01598569559163609,-0.15243589883177036,-0.08977197211255691,1,0.06266392671921345
0.006557459626559917,0.016105350775543474,-0.1331598278935053,-0.07002685285337487,1,0.06313297504013043
0.03322438193004941,0.017438649017878748,-0.10910617014499294,-0.04074666599490825,1,0.06835950415008468
-0.0208090965857083,0.016915351163349183,-0.1621139848658727,-0.09580580830554392,1,0.06630817656032878
0.0018834797793790409,0.01704024114423182,-0.13966619286331533,-0.0728684475779266,1,0.06679774528538873
-0.012011379895262256,0.015962481772414088,-0.15144864416919387,-0.08887571562133065,1,0.06257292854786323
-0.021909844102698126,0.016891822715884394,-0.16316861662583154,-0.09695267157956472,1,0.06621594504626682
-0.0005302665326541306,0.017004909660565146,-0.14201068946736184,-0.07535144359794645,1,0.06665924586941539
-0.0069847509919099965,0.01629372252736907,-0.14707124714555336,-0.08319985483826663,1,0.06387139230728674
-0.0016934820262826805,0.016931462226448445,-0.14302994799012164,-0.07665861606244373,1,0.06637133192767791
-0.008396933188940373,0.01643459590018199,-0.1487595411532971,-0.08433592522458368,1,0.06442361592871342
0.009549364893773657,0.01585125059707986,-0.12966988627650286,-0.06753298393594982,1,0.06213690234055304
0.012766656992397915,0.01675217946526169,-0.128218414759515,-0.06254987125568917,1,0.06566854350382584
-0.010558394590842138,0.01637156563899465,-0.15079746324327165,-0.08662092593841263,1,0.06417653730485902
0.03251037835091576,0.016528947074055757,-0.10803715791423352,-0.043243685383934964,0,0.06479347253029855
0.006673868709127964,0.01742724414019159,-0.13563432980564755,-0.06731953277609654,1,0.06831479702955101
-0.007640785058012842,0.016029132498913027,-0.1472086847558824,-0.08437448536014332,1,0.06283419939573907
-0.0007130486071579706,0.018105820997062632,-0.14435125776140073,-0.07337643945291522,1,0.07097481830848551
0.0007421050046437089,0.016516070812658167,-0.1397801937881663,-0.07503719620254629,1,0.06474299758562002
-0.003852385126795574,0.016156724366230574,-0.1436703648846075,-0.08033600536898365,1,0.06333435951562384
-0.0046131743589169355,0.015551849822327369,-0.1432456000106786,-0.0822823487071553,1,0.0609632513035233
-0.01581900055008896,0.017591723425539822,-0.158449578464147,-0.08949002263603092,1,0.06895955582811608
0.01878114003751309,0.015556901861033551,-0.11986118761011268,-0.05887813231486115,1,0.060983055295251526
-0.02429384021722482,0.015746721192975762,-0.16330821375545732,-0.10158106667899233,1,0.06172714707646498
0.01662310605745372,0.01682674514689727,-0.12450811443046493,-0.05854727345462764,1,0.06596084097583729
0.0007036449490820801,0.015243440001500144,-0.1373242974538582,-0.07757001264797764,1,0.059754284805880575
-0.0032337258292897547,0.01550753184501434,-0.14177928824551786,-0.08098976341306166,1,0.0607895248324562
0.003910777617877434,0.016023294424210587,-0.1356456794535753,-0.07283436531066982,1,0.06281131414290549
0.0020229870890920015,0.016483667261747412,-0.13843580074393294,-0.07381982507788307,1,0.06461597566604987
-0.00404897872928027,0.015734526236631886,-0.14303945015307878,-0.08136010730548178,1,0.061679342847597005
0.006017987453721355,0.017877163103559208,-0.1371720522292547,-0.06709357286330261,1,0.07007847936595207
-0.00580755788042818,0.01669033121070011,-0.1466714070534004,-0.08124530870745597,1,0.06542609834594443
-0.038351105471355465,0.017537159123667902,-0.18087473735374454,-0.11212907358896639,0,0.06874566376477816
0.010448530902301398,0.01697760164170423,-0.1309783683154389,-0.06442616987995832,1,0.06655219843548059
-0.00977334319377314,0.016111549163580784,-0.14950277955439148,-0.08634550683315481,1,0.06315727272123667
0.025732116429486043,0.016633474347984678,-0.11502029329256393,-0.049817073848464,1,0.06520321944409993
0.013324922967126576,0.016482994777202827,-0.12713254679619096,-0.0625192072695559,1,0.06461333952663506
0.01805913423498258,0.016241088922049875,-0.12192420005223517,-0.058259131477799674,1,0.06366506857443549
-0.007559257007522205,0.01464246055230004,-0.14440927969003028,-0.08701083432501414,1,0.05739844536501615
-0.015588404248474644,0.015622187835822275,-0.15435869240668632,-0.09311971609026298,1,0.06123897631642333
-0.00011129789893866981,0.01625710845244985,-0.14012603046574038,-0.07639816533213697,1,0.0637278651336034
-0.00560132143776261,0.014743449100864541,-0.14264928167545712,-0.08485496120006811,1,0.057794320475389016
-0.029211308164292724,0.01638228502797293,-0.16947138681911966,-0.1052528295094658,1,0.06421855730965387
0.007586878118376342,0.016086916753709973,-0.1320942787188952,-0.06903356504435212,1,0.06306071367454308
0.01833124796721393,0.01701435545433264,-0.12316768872327805,-0.05647141534229411,1,0.06669627338098394
-0.003160264417064726,0.017460526264901084,-0.14553369589627085,-0.07708843293785861,1,0.06844526295841225
-0.0029683280231980608,0.01603912936828117,-0.14255582158502916,-0.07968243446136697,1,0.0628733871236622
-0.0027387629437510136,0.017001933062768357,-0.144213351746777,-0.07756577414072505,1,0.06664757760605194
-0.03322917306103977,0.015679589763811494,-0.1721119689981103,-0.11064797712396925,0,0.06146399187414105
-0.03661921904080366,0.01691262654137647,-0.17791876706190154,-0.11162127101970579,0,0.06629749604219576
0.013451690857041718,0.016868899348023776,-0.12776215186508488,-0.061636066420831685,1,0.06612608544425319
-0.007367101335368012,0.01613983650059249,-0.1471519808765293,-0.08388382179420674,1,0.06326815908232257
0.0010065976476918287,0.016353870356686354,-0.13919778825141343,-0.07509061645320292,1,0.06410717179821052
-0.0036241802802644413,0.017532542574941336,-0.14613876372714946,-0.07741119683337944,1,0.06872756689377002
0.005829448127038853,0.015449382032742574,-0.1326021406571366,-0.0720405630887857,1,0.0605615775683509
0.01096607681541327,0.016552794069631387,-0.12962819956106425,-0.06474124680810922,1,0.06488695275295503
-0.010367262222434961,0.015841645667237746,-0.14956768773022094,-0.08746843671464899,1,0.062099251015571955
0.022651393189460148,0.015340925578117998,-0.11556762094365114,-0.05543119267742858,1,0.06013642826622256
-0.009079038231913764,0.0169920517648338,-0.15053425969098802,-0.08392541677283952,1,0.0666088429181485
0.03930463069037539,0.01632300030600893,-0.10083924990940213,-0.03685308870984711,0,0.06398616119955503
-0.004978057542770656,0.017540797567530818,-0.14750882077513106,-0.07874889431041027,1,0.06875992646472079
0.01438285614958483,0.016243006445796997,-0.1256042364841773,-0.06193165121665306,1,0.06367258526752423
-0.009551249096534112,0.016162555262926048,-0.14938065741186918,-0.08602344078119906,1,0.06335721663067012
0.025025881522396667,0.016591750722563893,-0.11564474989382856,-0.05060508706137811,1,0.06503966283245044
0.02023774214077763,0.01571627623404773,-0.11871695927795592,-0.05710915644048883,1,0.06160780283746709
0.021463541282686946,0.017466553200942418,-0.1209217029911602,-0.05245281444346592,1,0.06846888854769428
-0.0004908897114406369,0.015313410859386247,-0.13865597499583768,-0.07862740442704359,1,0.060028570568794085
-0.026109519601933237,0.01550073042982202,-0.1646417512443844,-0.10387888795948208,1,0.060762863284902324
-0.0163030497707103,0.01679453276202342,-0.1573711339842762,-0.0915365655571444,1,0.06583456842713181
-0.021362469555002192,0.016657884567859455,-0.16216272330800674,-0.09686381580199767,1,0.06529890750600907
-0.017016939077136736,0.01634114563743348,-0.15719638452650636,-0.09313909362776712,1,0.06405729089873924
-0.005767768727515818,0.01653161363540197,-0.1463205314529037,-0.08151660600212796,1,0.06480392545077573
0.006076272560334231,0.01689686642143346,-0.13519238562567537,-0.06895666925365619,1,0.06623571637201918
-0.010340808978292912,0.01710200740221879,-0.15201154348664175,-0.0849716744699441,1,0.06703986901669766
0.040285660198798215,0.016921799783708752,-0.10103186737727093,-0.03469841222513264,0,0.06633345515213829
0.0013113801235942607,0.017503711271177166,-0.141146693967913,-0.0725321457848985,1,0.06861454818301449
-0.01356982551710674,0.016509255511812343,-0.15407876632025894,-0.08936248471395455,1,0.06471628160630438
-0.011868738466318127,0.01801520320490493,-0.15532933674793178,-0.08470974018470448,1,0.0706195965632273
0.028659721570484367,0.017275557860850218,-0.11335117183678206,-0.04563098502224921,1,0.06772018681453285
0.01676871192499764,0.01601070208932035,-0.12276306417007025,-0.06000111197993448,1,0.06276195219013578
-0.015359491188322097,0.016225333633109795,-0.1553119451092173,-0.0917086372674269,1,0.06360330784179041
0.016374914564537366,0.01712805124707382,-0.12534686587972732,-0.05820490499119795,1,0.06714196088852936
0.003199225827448568,0.017291563447869553,-0.13884303853037577,-0.07106010981472712,1,0.06778292871564866
-0.012803022542643719,0.015741006077466525,-0.15180619445447813,-0.09010145063080933,1,0.06170474382366879
-0.010854669830808003,0.01576892645740753,-0.14991256568732678,-0.08809837397428924,1,0.061814191713037536
-0.007948723000613403,0.01601639998090963,-0.14749166696319627,-0.08470737903803054,1,0.06278428792516573
0.0016812796359294974,0.016007900996920826,-0.1378450063180353,-0.07509403441010569,1,0.06275097190792962
0.02556983639764225,0.01762526885858803,-0.11712649056519028,-0.04803543663952522,1,0.06909105392566506
0.013785977941047453,0.016814900621110945,-0.12732202727633002,-0.0614076168415751,1,0.06591441043475492
-0.009686550796699486,0.01624264190715894,-0.149672928934731,-0.08600177265866797,1,0.06367115627606303
0.00048819066198375893,0.01627442351806528,-0.1395604794334242,-0.07576473924260829,1,0.06379574019081591
0.024327433615405805,0.01699793380197665,-0.11713931663646843,-0.050507416132719966,1,0.06663190050374845
0.007578668912771855,0.016254010906225247,-0.13242999246342962,-0.06871426971102668,1,0.06371572275240295
0.0016401561644913548,0.01576822835130976,-0.13741637140407578,-0.07560491626694152,1,0.061811455137134264
-0.02537405879179737,0.014935290081513184,-0.1627980273515632,-0.10425169023203154,1,0.058546337119531666
-0.007683480600633799,0.0157244503479019,-0.14665420328252152,-0.08501435791874608,1,0.06163984536377544
0.010737596109777689,0.017063578411275534,-0.13085781757632237,-0.06396859020412227,1,0.0668892273722001
0.010391097459488421,0.01678988250047949,-0.13066787224145138,-0.06485153283957179,1,0.06581633940187959
-0.0013272815449493908,0.014858730339571254,-0.13860119301050905,-0.08035497007938974,1,0.05824622293111931
0.02290978147187335,0.01645325725693057,-0.11748940275171058,-0.05299263430454274,1,0.06449676844716784
0.025395357933959042,0.017839535951438668,-0.11772093253086074,-0.047789951601221174,1,0.06993098092963956
-0.009099698024325045,0.017410592608794313,-0.1513752595375619,-0.0831257365110882,1,0.06824952302647369
-0.022748564859472256,0.015869254063378364,-0.16200310282369385,-0.09979562689525066,1,0.06220747592844318
0.011662929902365685,0.015891918295233804,-0.12763602995629258,-0.06533971023897607,1,0.062296319717316515
-0.014191107765199676,0.014777869841343877,-0.1513065326542337,-0.09337728287616567,1,0.057929249778068015
0.01036286596219603,0.016986414819227226,-0.13108130708348933,-0.06449456099211862,1,0.06658674609137072
-0.005962374521054678,0.015584340148631127,-0.14465848121237168,-0.08356786782973767,1,0.06109061338263401
-0.03451114053079553,0.01595335261871695,-0.17393051166348075,-0.11139336939811031,0,0.06253714226537044
0.012352245259445518,0.016215523278700617,-0.1275809803668077,-0.06401612911430127,1,0.06356485125250644
0.023613671308262543,0.016600449220788936,-0.11707400916448377,-0.05200024821899115,1,0.06507376094549261
-0.005377776425997335,0.0156583705772331,-0.14421898275737421,-0.08283817009462047,1,0.06138081266275375
0.004808695637037716,0.01779314498718523,-0.13821666853784534,-0.06846754018807924,1,0.0697491283497661
0.013568431720045446,0.015942602009974827,-0.12582986821950523,-0.0633348683404039,1,0.06249499987910133
0.005561043344978825,0.017094176884286497,-0.1360943433482227,-0.06908516996181965,1,0.06700917338640305
0.014725247088651985,0.01639210570699379,-0.12555408009705585,-0.06129702572564019,1,0.06425705437141566
0.0055369491328682435,0.015969008515090994,-0.1339131075567101,-0.07131459417755341,1,0.06259851337915669
-0.00452824180895757,0.0180638758074457,-0.14808423839155116,-0.077273845226364,1,0.07081039316518715
-0.00644338065065285,0.017271983032305406,-0.14844726739397146,-0.08074109390733425,1,0.06770617348663721
0.002398560370206762,0.01819890482643364,-0.14142209308960318,-0.0700823861699833,1,0.07133970691961988
-0.0008488860800844461,0.01808840492576285,-0.14445295973457964,-0.07354641242558926,1,0.07090654730899038
-0.048316234259613164,0.0157997293834546,-0.18743450385118418,-0.12549956466804216,0,0.061934939183142024
0.0022678711739243934,0.01571782364443544,-0.1366898631691691,-0.07507599448298215,1,0.06161386868618694
0.020334402185704134,0.01753244331320883,-0.12217998670818517,-0.05345280892040657,1,0.06872717778777859
-0.00021568513423535218,0.016515561324711235,-0.14073698533066936,-0.07599598493780134,1,0.06474100039286802
-0.021785493879234383,0.016076729539378366,-0.161446683776416,-0.09842590398205278,1,0.06302077979436321
-0.028088606280804604,0.016723998511745938,-0.16901844336382665,-0.10346036919778256,1,0.06555807416604409
-0.004845899197938527,0.016275947380114546,-0.14489755606296303,-0.08109584233291403,1,0.063801713730049
-0.00756768744695728,0.015196056934512219,-0.14550275903860124,-0.08593421585531334,1,0.0595685431832879
-0.008207199420433006,0.0166604089678518,-0.14901240099742252,-0.08370359784344349,1,0.06530880315397904
0.00964244005841329,0.016734958035592717,-0.13130887769134844,-0.06570784219182499,1,0.06560103549952345
0.010298386430506692,0.01582439100284426,-0.12886821993506806,-0.06683660720391857,1,0.06203161273114949
-0.007616227489301117,0.017997898543755702,-0.1510429086350623,-0.08049114634353995,1,0.07055176229152237
-0.002264451445897084,0.017026105539440818,-0.1437864183032011,-0.07704408458859308,1,0.06674233371460803
0.0016619405338832854,0.015908851408888976,-0.13767020822753911,-0.07530751070469432,1,0.06236269752284479
0.009065493582718645,0.017136069177766257,-0.13267200200570323,-0.0654986108288595,1,0.06717339117684373
0.009617784599603482,0.01766264982502545,-0.1331518090574464,-0.06391422174334664,1,0.06923758731409975
-0.025739575170535337,0.016194745557038506,-0.1656320764623308,-0.10214867387873988,1,0.06348340258359092
-0.012077864373856398,0.016284601230248573,-0.1521464827851436,-0.0883108459625692,1,0.06383563682257438
-0.037797998450574286,0.0155425257730407,-0.17641214896573407,-0.11548544793541451,0,0.06092670103031955
0.002537939445746165,0.017856263471241272,-0.14061113695788674,-0.07061458415062094,1,0.0699965528072658
0.0025073238019371197,0.015326235866297342,-0.13568289849600568,-0.0756040539001201,1,0.06007884459588558
0.018497048576101224,0.016867262333334035,-0.1227135855972335,-0.05659391725056407,1,0.06611966834666944
-0.002964044879213021,0.016301512400906683,-0.14306580918499012,-0.07916388057343593,1,0.06390192861155419
-0.0126320159942762,0.01568983761259838,-0.15153489771496903,-0.09003073427358338,1,0.06150416344138565
-0.01448951146688078,0.014762037378880129,-0.15157390472948584,-0.09370671820427573,1,0.05786718652521011
0.008946712742173388,0.015340250333320838,-0.12927097791113545,-0.06913719660451778,1,0.06013378130661767
0.022726552618273735,0.01710125637715604,-0.11894270988095211,-0.05190578488250043,1,0.06703692499845168
0.008326643496356825,0.017700879449423557,-0.13451788022451336,-0.065130432782773,1,0.06938744744174036
-0.0030679154873416853,0.015046328423085375,-0.14070951919658903,-0.08172791177809435,1,0.058981607418494675
-0.017991919281294746,0.016127035390407045,-0.15775170864649257,-0.09453372991609695,1,0.06321797873039563
-0.01945266350358206,0.015293349644788614,-0.15757842880736775,-0.09762849819979638,1,0.05994993060757137
-0.02154367553882612,0.01654904715713213,-0.16213060796680512,-0.09725834311084715,1,0.06487226485595797
0.005266695716404132,0.01663928582230146,-0.13549710449530672,-0.07027110407188501,1,0.0652260004234217
-0.015509345851180176,0.015557763008745699,-0.15415336134832175,-0.09316693035403861,1,0.060986430994283136
-0.027964699521321537,0.01660303316251426,-0.1686574445198495,-0.1035735545227936,1,0.06508388999705589
-0.0019569739896106025,0.016847810945722942,-0.14312948344322757,-0.07708606453599365,1,0.06604341890723392
-0.02294613022776397,0.016070982915362707,-0.16259605674187488,-0.09959780371365307,1,0.06299825302822182
0.02439539156886579,0.01837363389376981,-0.11976773086292304,-0.04774308599934539,1,0.07202464486357765
-0.011149999587888162,0.01564951678131059,-0.14997385247925693,-0.0886277466965194,1,0.061346105782737526
0.010203604982348194,0.017556253318809042,-0.13235745152251754,-0.06353693851278608,1,0.06882051300973147
-0.018152795192453317,0.0157786108424878,-0.1572296724437294,-0.09537751794117724,1,0.06185215450255216
0.004316625897453977,0.019100465508924164,-0.1412710865000374,-0.06639726170505467,1,0.07487382479498272
-0.028044006836964494,0.014154068127289372,-0.16393678036645168,-0.10845283330747733,0,0.055483947058974345
0.026641680260217362,0.01634771941876824,-0.11355064980056839,-0.04946758967899689,1,0.0640830601215715
0.008699027173264026,0.015872125452114232,-0.1305611387128799,-0.06834240694059208,1,0.0622187317722878
0.008046931009529704,0.01728988266696698,-0.13399203901772558,-0.06621569896321503,1,0.06777634005451055
0.01106494135925358,0.016124079794800333,-0.12868905503855507,-0.06548266224293778,1,0.0632063927956173
0.01977640498219406,0.016862844459962653,-0.12142557015933275,-0.055323219876279146,1,0.06610235028305361
-0.0031997208005896255,0.016620052241481387,-0.14392582319389313,-0.07877521840728612,1,0.06515060478660702
0.011070141476211728,0.01781746672586603,-0.13200289330648568,-0.06215842374109086,1,0.06984446956539482
0.013695498537121528,0.01625960378642548,-0.12632412488427242,-0.06258647804148454,1,0.06373764684278788
-0.04310140740291808,0.016020247927154663,-0.18265189334014123,-0.11985252146569494,0,0.06279937187444629
-0.001875470782173469,0.014999062114110822,-0.1394244325258307,-0.08062810903851626,1,0.058796323487314436
-0.027821351331669394,0.014500539688678156,-0.1643932091214786,-0.10755109354186021,1,0.05684211557961838
-0.018462123910396047,0.015794907523172978,-0.1575709426558151,-0.09565490516497702,1,0.06191603749083807
0.0208971405705156,0.016220174817258008,-0.1190452020713101,-0.05546211678765871,1,0.06358308528365139
-0.025533812303470613,0.015436454531465117,-0.16394006318514226,-0.10342916142179899,1,0.06051090176334327
0.023095063995383816,0.01856632127399829,-0.12144572570165284,-0.04866574630757954,1,0.0727799793940733
0.007159163833003482,0.016737106048985997,-0.13379636402300907,-0.06818690831098398,1,0.06560945571202509
-0.006303345119101453,0.016811390263582332,-0.14740447003572282,-0.08150382020248009,1,0.06590064983324273
-0.008756264082588658,0.016288536152665383,-0.1488325949418128,-0.08498153322336452,1,0.06385106171844829
0.0137900327617652,0.016163038083309524,-0.12604032188152148,-0.06268121259494813,1,0.06335910928657335
0.002191466156904451,0.01604715359366579,-0.1374117548866805,-0.0745069127995106,1,0.0629048420871699
0.01899687980520083,0.01656600254216631,-0.12162328517744514,-0.0566845552121532,1,0.06493872996529193
0.012445548106165702,0.015075373568641163,-0.125252984088371,-0.06615751969929762,1,0.05909546438907337
0.008692003799767381,0.01626170981612322,-0.13133174743983414,-0.06758584496063111,1,0.06374590247920303
-0.021218118906665764,0.015660291931649514,-0.1600630910926988,-0.09867474672063273,1,0.061388344372066084
0.016592118288185645,0.017575788630513095,-0.12600722742762002,-0.05711013599600869,1,0.06889709143161132
0.03632539069772679,0.015939042695494843,-0.1030659329854431,-0.040584885619103325,0,0.062481047366339776
0.008532057175550264,0.017241358460286946,-0.13341180540661216,-0.06582568024228733,1,0.06758612516432483
-0.006523838927466233,0.016434811922248493,-0.1468868702950733,-0.08246240755985919,1,0.06442446273521411
-0.0027742043896523266,0.015616000547298323,-0.14153236546235703,-0.08031764331694762,1,0.06121472214540942
-0.021556772654421477,0.015370831460072567,-0.15983440231616372,-0.09958074299267924,1,0.060253659323484476
-0.018661724351109008,0.014876713964685345,-0.1559708837218923,-0.09765416498032574,1,0.05831671874156656
-0.007739186602598966,0.01583199221334021,-0.14692069134074578,-0.08485928186445216,1,0.06206140947629363
-0.011356703029315032,0.017047024404068415,-0.15291967086128913,-0.08609533519734094,1,0.06682433566394819
-0.0005093011468476488,0.016062889385835992,-0.1401433643430862,-0.07717683795060912,1,0.06296652639247707
-0.006034109278369407,0.016976198202705264,-0.14745825775567173,-0.0809115608010671,1,0.06654669695460463
-0.003828402096251002,0.016397092035614857,-0.14411750248605612,-0.0798409017064459,1,0.06427660077961023
0.006377342007078915,0.01614392448102456,-0.13341554997572924,-0.07013136601011295,1,0.06328418396561629
-0.0018918307657350558,0.018200319070953104,-0.14571525614480313,-0.07437000538666698,1,0.07134525075813615
0.0068159899956185405,0.016124012713286437,-0.13293787492242287,-0.06973174508634006,1,0.06320612983608281
-0.010775926779618653,0.016772020033790327,-0.1517998860458477,-0.08605356751338962,1,0.06574631853245809
0.004023839837074231,0.017191391371678178,-0.137822087251415,-0.07043183307443654,1,0.06739025417697847
0.009111371461634335,0.018245733195115608,-0.13480106560079225,-0.06327779147593908,1,0.07152327412485317
-0.0005392956645561969,0.01725705371143361,-0.1425139209389661,-0.07486627039014632,1,0.06764765054881977
0.010945521075991296,0.01733883973121345,-0.13118940479718708,-0.06322115305083034,1,0.06796825174635673
-0.02429327762389656,0.015143789077121845,-0.16212590421505538,-0.10276225103273776,1,0.05936365318231762
-0.009455820771542903,0.016517052616056894,-0.14998004389901443,-0.08523319764407139,1,0.06474684625494304
-0.011826677959701978,0.0155419419958571,-0.15043968427158189,-0.08951527164782207,1,0.06092441262375982
-0.009604902587705258,0.017026286650207955,-0.15112722442211285,-0.08438418075329768,1,0.06674304366881517
-0.012568235046146,0.0157757645864523,-0.15163953363559252,-0.0897985364566995,1,0.06184099717889302
-0.014547936160157163,0.01618106101974372,-0.15441361575885487,-0.09098385656145948,1,0.0634297591973954
-0.024926643076683866,0.015980796621631665,-0.16439980445508193,-0.10175508169828582,1,0.06264472275679611
-0.03197470960019659,0.01668033851351263,-0.17281897308668134,-0.10743204611371185,1,0.0653869269729695
-0.019312003583657297,0.01774911221277404,-0.1622510635206944,-0.09267454364662019,1,0.06957651987407422
0.016472903111554568,0.017487937681067964,-0.12595425474333866,-0.057401539033552225,1,0.06855271570978644
-0.013343935244087765,0.016477773040098998,-0.1537911704026818,-0.08919830008549373,1,0.06459287031718808
0.013260100869265615,0.015699998443534244,-0.1256626960800615,-0.06411870218140728,1,0.061543993898654226
-0.007519127556274249,0.015442488334043566,-0.14593720469099963,-0.08540265042154886,1,0.06053455426945077
-0.0013981154147044567,0.015433808303355319,-0.13979917968928088,-0.07929865114012805,1,0.06050052854915283
0.02560529732401491,0.01713138142851035,-0.11612301027586538,-0.04896799507610481,1,0.06715501519976058
-0.0037150496210048706,0.015373599325402151,-0.1419981042987931,-0.08173359494321666,1,0.06026450935557642
0.04448925661026361,0.017572522438177404,-0.09810368736856412,-0.029219399410908682,0,0.06888428795765544
0.012117404039144644,0.018081740358546317,-0.13147360706360614,-0.06059318485810458,1,0.07088042220550156
0.015559397892051921,0.015859651545896435,-0.1236763191379051,-0.06150648507799107,1,0.062169834059914025
0.039170536251277824,0.017701863751285872,-0.10367591670124249,-0.034284610796201875,0,0.06939130590504061
-0.002727685502888308,0.015622053599111195,-0.14149771055714624,-0.08025926044863037,1,0.06123845010851588
0.028502302054297587,0.01597206592622352,-0.11095374716110051,-0.04834324873030432,1,0.06261049843079619
0.014318212155810958,0.016769319603357993,-0.1267004542667707,-0.06096472142160738,1,0.06573573284516332
0.0029201585606296737,0.016316927643100526,-0.13721181961984735,-0.07324946325889331,1,0.06396235636095404
-0.027485719788263543,0.0159105083584607,-0.16682111617084652,-0.10445192340568057,1,0.06236919276516595
0.03876915706822566,0.018195324985389248,-0.10504447990313727,-0.03371880596041142,0,0.07132567394272585
-0.03752390753159056,0.016582663014218724,-0.17817672703945925,-0.11317268802372187,0,0.06500403901573738
-0.015360547205540656,0.015860806942632047,-0.15459852881309946,-0.09242416559798185,1,0.062174363215117615
0.012119374135565533,0.016494166399803962,-0.12835999200805023,-0.06370285972081871,1,0.06465713228723152
-0.0022911275878026854,0.016980140589530835,-0.14372300314328312,-0.07716085203232226,1,0.06656215111096087
-0.004579528799974877,0.015876541625095632,-0.14384835038516233,-0.08161230721478745,1,0.062236043170374886
0.007832745980352232,0.016175785368668052,-0.13202259334223715,-0.0686135146970584,1,0.06340907864517875
-0.003266632630292629,0.016384849704847083,-0.14353173805179292,-0.07930312720879235,1,0.06422861084300058
0.0035330098366893187,0.016711270060742165,-0.13737187948236534,-0.07186370084425604,1,0.0655081786381093
0.023592624915563534,0.01579019616766487,-0.11550695957305962,-0.05360939059581332,1,0.0618975689772463
0.03114521998285681,0.018228550761548428,-0.1127335395097781,-0.04127762052450828,1,0.07145591898526982
-0.004637240139785961,0.017852379601366507,-0.14777870415846434,-0.07779737612110761,1,0.06998132803735672
0.0060947226141745,0.016302712164947133,-0.1340093932291219,-0.07010276154252912,1,0.06390663168659277
-0.01846334465258033,0.01714862891722918,-0.16022545733034954,-0.09300283197481114,1,0.0672226253555384
-0.004125887385223889,0.016027751496331576,-0.1436910803180338,-0.080862294452414,1,0.0628287858656198
-0.02668902468522262,0.015741688876447862,-0.16569353488306043,-0.10398611448738482,1,0.061707420395675616
-0.018356433163356875,0.015869006304378475,-0.1576104855199387,-0.09540398080677506,1,0.062206504713163635
0.009268793222939262,0.017743596926774068,-0.1336594567535379,-0.06410455680058358,1,0.06955489995295433
-0.005243709840409741,0.015338341978340119,-0.14345766011795638,-0.08333135956286311,1,0.06012630055509327
0.03126405863464195,0.016470931325278527,-0.10916976676290396,-0.044603715967812145,1,0.06456605079509181
-0.011057244424963156,0.016296951001304745,-0.15115006838752046,-0.08726602046240586,1,0.0638840479251146
0.009457172551820228,0.017539660413898612,-0.13307136185942106,-0.06431589303693849,1,0.06875546882248257
-0.009162885707951998,0.015555675103971716,-0.14780280891173656,-0.08682456250416744,1,0.06097824640756912
-0.010193430792948863,0.015040726604416712,-0.14782405493760561,-0.08886440664829212,1,0.05895964828931349
0.024839185709066167,0.01657736640067645,-0.11580325243625968,-0.050819976145608,1,0.06498327629065168
-0.005800735606686244,0.0158327085489036,-0.1449836443625373,-0.0829194268508352,1,0.0620642175117021
-0.00020742701556238086,0.015581947981048587,-0.13889884505841762,-0.07781760897270716,1,0.061081236085710464
0.0033074634146969956,0.015878230060413473,-0.13596466750371342,-0.0737220056668926,1,0.06224266183682081
0.015158266116885546,0.01746514967792557,-0.12722422725184857,-0.058760840514380346,1,0.06846338673746821
-0.01480151541748663,0.016257816050876492,-0.15481763487720457,-0.0910869959577687,1,0.06373063891943587
-0.020797888825951058,0.014495486988789651,-0.1573598433239788,-0.10053753432792335,1,0.056822308996055435
0.015887030162150526,0.01613815658802745,-0.12389455675038327,-0.06063298292531568,1,0.06326157382506759
0.0005272092159089165,0.01658818395156579,-0.14013643132916004,-0.07511075023902214,1,0.0650256810901379
0.017206964222640772,0.016817507266620287,-0.12390615001993499,-0.05798152153478347,1,0.06592462848515152
-0.001482651394700621,0.01780314710872916,-0.14452761972780978,-0.07473928306159147,1,0.06978833666621831
0.012688550100747223,0.01616890725397173,-0.12715330811703737,-0.06377119168146819,1,0.06338211643556918
-0.004093146489927549,0.015281724741162926,-0.1421961269826069,-0.08229176599724822,1,0.05990436098535867
-0.0050663586839466285,0.01703668225542799,-0.1466090559045855,-0.07982526146330778,1,0.06678379444127773
0.008129247060608788,0.016182329952704015,-0.1317389196466911,-0.06830418623209135,1,0.06343473341459975
-0.002710594997690094,0.016113127124366224,-0.1424431241614479,-0.07927966583393231,1,0.06316345832751558
-0.023537173971918304,0.016566766196229214,-0.16415883571652756,-0.09921711222730906,1,0.0649417234892185
0.004782183266895237,0.01563896274789917,-0.13402098371898713,-0.0727162497472224,1,0.061304733971764724
0.0015534831200874483,0.01708326543209683,-0.14008051712682235,-0.07311411663300277,1,0.06696640049381958
0.005327979975189787,0.016160782295062813,-0.13449795332313333,-0.07114768672648711,1,0.06335026659664622
-0.030223167466255488,0.015506966025423908,-0.16876762087608635,-0.10798031405642464,1,0.06078730681966171
-0.018939924815267864,0.016464077183762547,-0.15936031609544246,-0.09482113353509328,1,0.06453918256034918
-0.03175460803354725,0.015829436307933747,-0.1709311031970974,-0.10887971286999712,0,0.062051390327100275
0.012044217799662402,0.015339660672538618,-0.1261723171185133,-0.06604084728216192,1,0.06013146983635137
-0.019520963050204246,0.016132711533378623,-0.15929187765562636,-0.09605164844478215,1,0.06324022921084421
-0.004011836645895814,0.016954138850783545,-0.14539274879343156,-0.07893252449836008,1,0.06646022429507148
-0.009670726876735855,0.018080101207334318,-0.15325852524311112,-0.0823845285103606,1,0.07087399673275052
-0.010818849841897168,0.014595484868528897,-0.14757680018421382,-0.09036249949958053,1,0.05721430068463329
0.011591566532664313,0.016574453836493547,-0.12904516298686305,-0.06407330394780833,1,0.06497185903905472
-0.00036804870767630227,0.016837976380166163,-0.14152128241280199,-0.07551641500255063,1,0.06600486741025136
0.015524659198121446,0.01680385561608703,-0.12556169780940915,-0.059690583794347975,1,0.06587111401506118
-0.016891404048990408,0.017679080300605627,-0.15969320143817745,-0.09039120665980338,1,0.06930199477837407
0.007372591838747125,0.016421895814786463,-0.13296512395823434,-0.06859129236427142,1,0.06437383159396293
0.025402751481182942,0.016018185155387797,-0.11414369142337714,-0.05135240561425698,1,0.06279128580912016
0.0022287423448471705,0.016657577076881584,-0.13857090872584074,-0.07327320658446493,1,0.06529770214137581
0.0059064143602892555,0.01741156033842608,-0.13637104390302585,-0.06811772737639564,1,0.0682533165266302
-0.0033448861278235903,0.016483920712307056,-0.1438041707239454,-0.07918720153170176,1,0.06461696919224365
0.02204727545457487,0.016997245261020096,-0.11941812525702453,-0.05278892383382575,1,0.06662920142319878
-0.009325874854086633,0.016436527214769684,-0.14969226819503523,-0.08526108151313805,1,0.06443118668189718
0.00602213525877425,0.01830243622976932,-0.1380014397515736,-0.0662558897308779,1,0.07174555002069571
0.00943968725668183,0.015404284585938618,-0.12890351053175786,-0.06851871495487849,1,0.06038479557687937
-0.01056264602463712,0.015836900025293456,-0.1497537700742123,-0.08767312197506195,1,0.06208064809915036
-0.02754127862042298,0.016726225574262694,-0.16847548074597787,-0.1029086764948681,1,0.06556680425110978
-0.0009681470615158089,0.017851123341300845,-0.14410714881046546,-0.07413074531256617,1,0.0699764034978993
-0.011731375163744603,0.016656258806424497,-0.1525284424243366,-0.0872359079031526,1,0.06529253452118401
0.002075358339427111,0.01529777204165575,-0.13605907486221816,-0.07609180845892763,1,0.05996726640329053
0.002852024321541205,0.016277368034751265,-0.13720241702657127,-0.07339513433034632,1,0.06380728269622495
-0.0017569342752774414,0.01705538536666707,-0.1433362895939449,-0.07647917895661,1,0.0668571106373349
-0.017211503503380035,0.016052014766202636,-0.1568242524451372,-0.09390035456162288,1,0.06292389788351432
-0.03071825788863368,0.01565238925938368,-0.1695477408370257,-0.10819037494024167,0,0.06135736589678403
-0.010334092167904804,0.01684514519164901,-0.15150137674353686,-0.08546840759227275,1,0.06603296915126411
-0.001530849088423672,0.01678553270048952,-0.14258129318138313,-0.07678200499546423,1,0.0657992881859189
-0.017382655034963432,0.016747967191087166,-0.15835947072949427,-0.0927074393404326,1,0.06565203138906167
0.03178827650858272,0.016379349113532816,-0.10846604775394161,-0.04425899922889296,1,0.06420704852504866
0.0203338930092304,0.017085295300202922,-0.12130408577916733,-0.05432972820237188,1,0.06697435757679546
0.01366327520149506,0.01640648492823793,-0.1266442352578513,-0.0623308143391586,1,0.06431342091869269
0.0024452236230123464,0.016706585865655568,-0.13845048467367257,-0.07296066808030274,1,0.06548981659336983
0.018726346120145523,0.01632843688682709,-0.12142819017803558,-0.057420717581673386,1,0.06400747259636219
0.0065374441227174646,0.017223084113835052,-0.13537060074039925,-0.06785611101416583,1,0.06751448972623342
0.011127457891130135,0.018603256301805603,-0.13348572446040885,-0.06056095975733089,1,0.07292476470307796
-0.033402944539200716,0.015568922079014235,-0.17206883181406862,-0.11103865726433282,0,0.061030174549735805
-0.04172704665980144,0.016660398113659738,-0.18253222696257454,-0.11722346635702835,0,0.06530876060554619
-0.0016160862638804202,0.015500749422853385,-0.14014835513267307,-0.0793854173950878,1,0.060762937737585274
0.0038154026696386317,0.01651057276836347,-0.13669611995635378,-0.07197467470436897,1,0.06472144525198481
0.024802066196918895,0.016955752405919046,-0.11658200851868245,-0.05011545908747978,1,0.06646654943120267
0.014492603808146723,0.016141811708349562,-0.12529614714021842,-0.06202024524348814,1,0.06327590189673027
0.02130314741859092,0.016299352828955452,-0.11879438412616178,-0.0549009210366564,1,0.06389346308950539
0.016073962160369507,0.017938880088845834,-0.12723704281376833,-0.056916632865492665,1,0.07032040994827565
0.010938323822330134,0.017348377041651788,-0.13121529517930738,-0.06320965717603236,1,0.06800563800327503
-0.007439926759472457,0.016509781599537764,-0.14794989869456648,-0.08323155482437844,1,0.06471834387018804
0.008639728706254471,0.016318423653974293,-0.13149518165553514,-0.06752696093195593,1,0.06396822072357922
0.009729148510433785,0.016257340896514507,-0.13028603964673466,-0.06655726333239778,1,0.06372877631433688
-0.011866901585192227,0.015327975259539496,-0.15006053309388964,-0.08997487007649482,1,0.06008566301739482
0.02043737038451242,0.016748798217294213,-0.12054107412138423,-0.05488578510959093,1,0.0656552890117933
-0.010350837034754548,0.016154520400323065,-0.15016449701938778,-0.08683877705012134,1,0.06332571996926643
0.0038598846898523637,0.016762932866100026,-0.1371462637277037,-0.07143556689259159,1,0.0657106968351121
-0.01219831757707561,0.01625736833299417,-0.1522135595097442,-0.08848467564440704,1,0.06372888386533715
-0.016622703718938023,0.015178266936402883,-0.1545229069142877,-0.09502410052358838,1,0.05949880639069931
0.004237359900501156,0.015901115064233945,-0.13507962562539738,-0.07274725457360032,1,0.062332371051797064
-0.011682925944141373,0.015655940308029255,-0.1505193689478787,-0.08914808294040404,1,0.06137128600747467
0.00770001793042506,0.01649770036172598,-0.13278627477855787,-0.06811528936059202,1,0.06467098541796584
-0.024332080044079565,0.01693659138917524,-0.16567859916686303,-0.09928716092129611,1,0.06639143824556692
-0.019549611973629602,0.01712175169546649,-0.16125904529674392,-0.09414177865051529,1,0.06711726664622863
0.012815391492353181,0.01578918490820936,-0.12628221092773717,-0.06438860608755648,1,0.061893604840180694
0.04469410123297658,0.016985638350359468,-0.09674854993372797,-0.030164847600318866,0,0.0665837023334091
-0.0067334978450598465,0.015981609519650608,-0.14620825250357505,-0.08356034318654466,1,0.06264790931703039
-0.00011830822758319981,0.017309206428661284,-0.14219515282775932,-0.07434306362740709,1,0.06785208920035224
-0.006037605690768985,0.016143899999674166,-0.14583044969013037,-0.08254636169140762,1,0.06328408799872275
0.01958857343516597,0.01612147300002331,-0.12016031364487972,-0.05696413948478835,1,0.06319617416009138
0.01707455771470219,0.015506104033566172,-0.12146820619108752,-0.060684278379508114,1,0.0607839278115794
-0.022262283666963492,0.015713117574611496,-0.16121079411320202,-0.09961537322072497,1,0.06159542089247705
-0.004228314183083129,0.01631599028113908,-0.14435845513411572,-0.08039977323205054,1,0.06395868190206518
-0.030972661556279077,0.015631367536324842,-0.16976094192747576,-0.10848598118508239,0,0.06127496074239337
0.005366568670169727,0.017456597548971275,-0.13699916252581398,-0.06856930013384657,1,0.06842986239196741
0.008437339824253945,0.017100403281067173,-0.13323025060663773,-0.0661966697448544,1,0.06703358086178333
0.0044812703093679435,0.01772260607857024,-0.13840583760462974,-0.06893322177663438,1,0.06947261582799535
-0.015126548178859986,0.016433956132279378,-0.15548790219812758,-0.0910667941595924,1,0.06442110803853518
0.0028201150835407557,0.016169190112707215,-0.1370222975373654,-0.07363907229555311,1,0.06338322524181228
-0.005851128918255358,0.017187571171406867,-0.14768956841421282,-0.0803142894222979,1,0.06737527899191492
0.02806262617455131,0.01787449309127292,-0.11512218028434362,-0.045054167366553766,1,0.07006801291778986
-0.007294264904056755,0.016844609407782728,-0.1484604993433109,-0.08242963046480262,1,0.06603086887850829
-0.026626110464188377,0.015940681117078994,-0.1660206454536632,-0.10353317547471355,1,0.06248746997894966
-0.017993853802133294,0.015474530245015437,-0.15647473308236357,-0.09581457452190305,1,0.06066015856046052
-0.0015674298578411822,0.015440354164051694,-0.1399813240193825,-0.07945513569629986,1,0.06052618832308265
0.006086180829139268,0.0162086371292601,-0.13383354794421054,-0.07029569039751093,1,0.0635378575466996
-0.023815415009697402,0.016897902966043488,-0.16508610482314265,-0.09884632519625217,1,0.06623977962689048
-0.0027082660545298815,0.015475386294929049,-0.14119082319259083,-0.08052730891646895,1,0.06066351427612188
-0.012807690784878298,0.017195172180768895,-0.15466102825918535,-0.08725595331057126,1,0.06740507494861409
0.01788238427332152,0.016531936014047816,-0.12267101031421221,-0.05786582113914477,1,0.06480518917506745
0.011636295747049177,0.015551594510232334,-0.1269956294930062,-0.06603337901289545,1,0.06096225048011074
0.0004129278030196165,0.01696124917794532,-0.1409819205857532,-0.07449382380820757,1,0.06648809677754564
0.004989974959904012,0.01568332246333306,-0.1339001370682288,-0.0724215130119632,1,0.061478624056265585
-0.032589770479950694,0.014484423838874176,-0.1691300412041441,-0.11235109975575731,0,0.056778941448386785
0.005456915998959019,0.015736496025038526,-0.1335374162101165,-0.07185035179196547,1,0.06168706441815103
0.01075233632315066,0.018042741997116404,-0.1327622379911975,-0.06203468936250119,1,0.07072754862869629
-0.01954187825303101,0.016141503418123464,-0.159330024952553,-0.09605533155350902,1,0.06327469339904397
-0.03053601883586625,0.01601839167882756,-0.17008286652636828,-0.10729077114536423,1,0.06279209538100405
0.005913532943006186,0.01599907102763904,-0.13359544627116635,-0.07087908784282129,1,0.06271635842834505
0.0051047513976480025,0.01737207465146693,-0.1370953149192272,-0.06899678228547682,1,0.06809853263375037
0.022535307808211072,0.01605448551108993,-0.1170822837935252,-0.05414870059005267,1,0.06293358320347253
0.007092409986936263,0.01757758692150632,-0.13551046037921613,-0.06660631964691135,1,0.06890414073230477
-0.0002114991356776258,0.01711019749463885,-0.14189828622516978,-0.07482631204618548,1,0.0670719741789843
0.0040870010718858235,0.017242296602523587,-0.1378587002690604,-0.07026889758716795,1,0.06758980268189246
-0.009924230763155448,0.01579357794454336,-0.14903044353446043,-0.08711961799185047,1,0.06191082554260996
-0.02238321024413127,0.01632118739091213,-0.16252353753031906,-0.0985444829579435,1,0.06397905457237556
-0.0005718285395533568,0.017736045585045417,-0.14348527788624238,-0.07395997919286434,1,0.06952529869337803
0.013859494566983419,0.01727858239764021,-0.1281573269323914,-0.06042528393364178,1,0.06773204299874963
-0.0008585716051755093,0.01607083901309374,-0.14050821607083924,-0.07751052713951179,1,0.06299768893132746
-0.00736534554246869,0.016293755316999052,-0.14745190596378682,-0.08358038512115055,1,0.06387152084263627
0.011381595110934187,0.017201398632628744,-0.13048394620901815,-0.06305446356911348,1,0.06742948263990467
-0.012131716360105335,0.017859725582464157,-0.15528757850173508,-0.0852774542184756,1,0.07001012428325948
0.005061009000738456,0.015189415014395176,-0.1328610444274761,-0.073318537571047,1,0.05954250685642909
-0.01625653734119599,0.018033622648021996,-0.1597532377313191,-0.08906143695107288,1,0.07069180078024623
-0.029278167400375685,0.018234477416718995,-0.17316854313714491,-0.10168939166360647,1,0.07147915147353845
-0.031274235213021515,0.01450160624573896,-0.1678481834546699,-0.11100188697137316,0,0.05684629648329674
0.003967073925615114,0.01768041358914573,-0.13883733670911053,-0.06953011543965926,1,0.06930722126945127
-0.017463311979243182,0.01622088379436137,-0.15740704421619148,-0.0938211797422949,1,0.06358586447389658
-0.0015988957365188766,0.01679363892259556,-0.1426652280248062,-0.07683416344823159,1,0.0658310645765746
0.02595759139599528,0.01587063664455467,-0.11329965642733188,-0.05108676078067757,1,0.062212895646654304
-0.006894623016237181,0.016735299856473727,-0.1478466107349257,-0.08224423529754868,1,0.06560237543737701
0.0010256165004955548,0.01637668348824963,-0.13922348313647373,-0.07502688386253517,1,0.06419659927393856
0.03357299207097654,0.01665365692341021,-0.10721897549890747,-0.04193664035913946,0,0.065282335139768
-0.018340483484027212,0.016341931196034616,-0.15852146862825506,-0.09446109833979938,1,0.06406037028845568
0.023052361968549692,0.015233265390809866,-0.11495563819743765,-0.05524123786546298,1,0.05971440033197467
-0.021706870631606548,0.016563487755677356,-0.16232210663273416,-0.09739323463047894,1,0.06492887200225522
-0.012514532041553603,0.01609503376699527,-0.15221159822486435,-0.08911906585824288,1,0.06309253236662148
-0.03434624516453676,0.014466605436536016,-0.17085159182014736,-0.11414249850892617,0,0.05670909331122119
0.031789680647024046,0.016537708061757504,-0.10877502715402067,-0.04394721155193125,1,0.06482781560208942
-0.003306991913213944,0.016121071641981604,-0.14305509233149788,-0.07986049149493,1,0.06319460083656787
-0.008204415473607077,0.015840484888272624,-0.14740256585462141,-0.08530786509259274,1,0.06209470076202868
-0.0030563465218397673,0.0162043309306701,-0.14296763514595318,-0.07944665789772637,1,0.0635209772482268
-0.0008298207204923275,0.016677669435114915,-0.14166885281331756,-0.0762923886276671,1,0.06537646418565046
-0.00817311713687506,0.017423810440418932,-0.15047458560009616,-0.08217324867365397,1,0.06830133692644219
0.02958638295721007,0.017714291516634062,-0.1132844284153927,-0.04384440567018717,1,0.06944002274520553
0.00790885072821336,0.018885269269650496,-0.1372570770403016,-0.06322682150327168,1,0.07403025553702992
0.02088065770912996,0.01686529380630143,-0.12032611815122085,-0.054214166430519246,1,0.06611195172070161
-0.006678705196861576,0.016879137404305772,-0.14791261450930088,-0.08174639588442227,1,0.0661662186248786
-0.014796399950488634,0.017164930002332667,-0.15659046275506067,-0.08930393714591661,1,0.06728652560914405
0.017426175492398513,0.016615707280251493,-0.12329141077689441,-0.05815783823830857,1,0.06513357253858584
0.008680023667446926,0.01692411914127687,-0.13264204984945574,-0.06629950281565042,1,0.06634254703380532
0.01327209706328307,0.016730655846330725,-0.12767078839552515,-0.062086617477908716,1,0.06558417091761642
-0.02257519388950295,0.01816276311396557,-0.16632500959287547,-0.09512697818613045,1,0.07119803140674502
0.017997031086195978,0.01679619877510085,-0.12307431851300168,-0.057233219314606364,1,0.06584109919839531
0.0030164731483199453,0.01536392605030521,-0.13524762191027828,-0.07502103179308185,1,0.06022659011719643
-0.011860035794050247,0.015997516401636196,-0.1513659679412572,-0.0886557036468433,1,0.0627102642944139
0.017028484179848216,0.01731090015972893,-0.1250516801332205,-0.05719295150708309,1,0.0678587286261374
0.005330781518665714,0.016009368464539455,-0.13419838067183162,-0.07144165629083696,1,0.06275672438099467
0.00651900130302234,0.017586855454455503,-0.13610203538771046,-0.06716156200624487,1,0.06894047338146558
-0.00609658642179968,0.016081116368943906,-0.14576637450492974,-0.08272839833866963,1,0.06303797616626011
-0.0012220776226629232,0.015084529127022133,-0.1389385547116263,-0.07980720053369955,1,0.059131354177926754
0.006877246243908605,0.016590457746794924,-0.13379085093980944,-0.06875625657237336,1,0.06503459436743608
0.002925409879129273,0.01605260519177411,-0.13668849629674798,-0.07376228394499348,1,0.0629262123517545
-0.020337137726315416,0.015426222556413753,-0.15872333393688637,-0.09825254151574446,1,0.06047079242114191
-0.02261785401711973,0.016390766852132702,-0.16289455704729983,-0.09864275098693964,1,0.06425180606036018
-0.015277125600353922,0.016966611095299015,-0.15668248334714,-0.09017336785356786,1,0.06650911549357214
0.0035600149427347655,0.016226009050372223,-0.1363937627959948,-0.07278780731853568,1,0.06360595547745912
-0.015874523406878713,0.01689824066309434,-0.15714587510654363,-0.09090477170721381,1,0.06624110339932981
-0.0038707351814551566,0.017344137126543382,-0.1460160439494802,-0.07802702641343012,1,0.06798901753605008
0.018065228431433725,0.016487626225277753,-0.12240131897011067,-0.05776982416702189,1,0.06463149480308877
0.022422742855612146,0.017332717142780944,-0.1197001827442385,-0.05175593154453721,1,0.0679442511997013
-0.009463058892136098,0.015518480052007318,-0.14803007979407046,-0.08719763799020176,1,0.060832441803868695
0.02511992194056513,0.016562032735483963,-0.11549246222098344,-0.05056929389788631,1,0.06492316832309714
-0.041835477167660354,0.0156814770645547,-0.18072197221418757,-0.11925058212113315,0,0.06147139009305441
-0.011868917205888493,0.01658152989273778,-0.15251951579565454,-0.08751991861612245,1,0.06499959717953209
0.02955242068247234,0.017849363780006858,-0.11358313232634111,-0.04361362630871422,1,0.06996950601762689
0.007909726674942927,0.0171407060550914,-0.13383685719303623,-0.06664528945707793,1,0.0671915677359583
-0.0016869000676325435,0.016436037593364643,-0.14205233375062726,-0.07762306638463784,1,0.06442926736598942
-0.0012389151878528654,0.017407200804164982,-0.14350782876401624,-0.0752716016116895,1,0.06823622715232674
0.001276749255696999,0.0174694067755965,-0.14111408802447215,-0.07263401346413387,1,0.06848007456033828
0.0010294729927444596,0.016270458346244267,-0.1390114253658943,-0.07523122864861678,1,0.06378019671727753
0.013105620404141108,0.017255899963957582,-0.12886674352521577,-0.061223615666502036,1,0.06764312785871374
-0.0034308913066597863,0.01584704385761984,-0.1426418972675947,-0.0805214853457249,1,0.06212041192186979
-0.020053730041445297,0.015817265483625758,-0.1592063703893518,-0.09720268969353882,1,0.06200368069581297
-0.0016563653842825293,0.01696877718189444,-0.14306596866079563,-0.07654836210776943,1,0.0665176065530262
0.003030198311601548,0.017829732980448435,-0.1400668783300774,-0.07017432504671953,1,0.06989255328335786
-0.002344415828821514,0.016157745128355026,-0.14216439628039737,-0.07882603537724567,1,0.0633383609031517
0.0008395414434783782,0.01619045991328753,-0.13904455998656517,-0.07557795712647808,1,0.0634666028600871
0.02324735787219108,0.015640428846946896,-0.11555868266782485,-0.05424820158779301,1,0.061310481080031835
0.015806223518934473,0.01665981575473864,-0.12499781536035326,-0.0596913376017778,1,0.06530647775857545
-0.026965593837391708,0.01466706664623337,-0.16386384446400912,-0.10636894321077431,1,0.05749490125323481
-0.004698879746567394,0.014391937661238379,-0.14105787756259464,-0.08464148193054018,1,0.05641639563205446
0.00742392381431993,0.016866048141702297,-0.13378433054341657,-0.06766942182794358,1,0.06611490871547299
0.018046868350804032,0.016546462554459275,-0.12253499825593615,-0.05767286504245579,1,0.06486213321348036
0.01412354153732183,0.017619787261348527,-0.1285620414949213,-0.059492475430435066,1,0.06906956606448622
-0.0023582134242775415,0.015648618124846164,-0.14118030494897604,-0.07983772189957906,1,0.06134258304939698
-0.01637189058041634,0.01566571621531168,-0.15522749436242725,-0.09381788679840544,1,0.061409607564021806
-0.007853537037666544,0.018254565955640477,-0.15178328631072188,-0.08022538776461122,1,0.07155789854611067
0.011932895716760109,0.016910408503912493,-0.1293623049509084,-0.0630735036155714,1,0.06628880133533699
0.0198210860298058,0.016637288971698163,-0.1209388003547226,-0.05572062758566581,1,0.06521817276905678
0.00231961022886433,0.017739931296829162,-0.14060145511292083,-0.07106092442935052,1,0.0695405306835703
-0.002545780064981115,0.016363532941940397,-0.1427691046311843,-0.07862405549877793,1,0.06414504913240637
-0.002198889354520686,0.016933678059740033,-0.14353969835161115,-0.07715968035743023,1,0.06638001799418092
0.03320855984029504,0.016225097055409556,-0.10674343038830769,-0.04314104993110224,0,0.06360238045720545
0.02923000655932119,0.017640475091951158,-0.11349612462090308,-0.04434546226045455,1,0.06915066236044853
-0.017510789832149445,0.016286130827820315,-0.15758240625467726,-0.09374077340962164,1,0.06384163284505562
0.017842016428666715,0.016985421820933343,-0.12360021034036264,-0.05701735680230394,1,0.0665828535380587
-0.010039088412348365,0.015863018812804882,-0.14928140528544595,-0.0870983715392508,1,0.062183033746195146
0.03839392016150335,0.0177200047135533,-0.10448808907706111,-0.03502567059993219,0,0.06946241847712892
-0.005240809098959923,0.016185574944604885,-0.1451153359903855,-0.08166788220753435,1,0.06344745378285116
0.007962258973049127,0.016595083462106596,-0.13271490461267982,-0.06766217744122195,1,0.06505272717145787
0.01655839102803859,0.01731323537594925,-0.12552635030882195,-0.057658467635100887,1,0.06786788267372107
0.015619728252249068,0.016752680346227476,-0.1253663252263568,-0.059695818269145086,1,0.06567050695721172
-0.008080663792818119,0.015588166368688606,-0.1467842698754478,-0.08567865771018845,1,0.06110561216525934
0.01634800206840452,0.01719331982782676,-0.12550170479413594,-0.05810389106905504,1,0.06739781372508091
-0.011986769106618847,0.015574374085746407,-0.15066334231468181,-0.08961179589855589,1,0.061051546416125924
-0.007137080083291156,0.01584303917787577,-0.14634023687192765,-0.08423552329465465,1,0.062104713577273
-0.00038703800104024355,0.01743338342852258,-0.1427072695209445,-0.07436840648113599,1,0.06833886303980852
0.014484867126124443,0.015425624965243663,-0.12390015780575314,-0.06343170794199798,1,0.06046844986375516
-0.03597001472307208,0.013717470440272574,-0.17100705678600633,-0.11723457266013784,0,0.05377248412586849
-0.03154545266183602,0.015519121510297563,-0.17011373082201925,-0.1092787745016528,0,0.06083495632036645
0.019139127924851354,0.01635034808613292,-0.12105835432396918,-0.056964989826328125,1,0.06409336449764105
-0.013452511464063996,0.0163488904766355,-0.15364713679826958,-0.08955948612985842,1,0.06408765066841116
-0.01013831032376912,0.01712019744501431,-0.15184469731599717,-0.08473352333154108,1,0.0671111739844561
-0.0252589257292352,0.016151222119192392,-0.1650661210828523,-0.10175333037561812,1,0.06331279070723417
0.01983739028143934,0.015133322460011273,-0.11797472174018275,-0.05865209769693857,1,0.05932262404324418
-0.0004508342907282997,0.016390399421623222,-0.14072681715710983,-0.07647645142434678,1,0.06425036573276305
0.01273486769730435,0.016319911891489174,-0.12740295961001444,-0.06342890499537687,1,0.06397405461463757
-0.02850167113918632,0.0161654490202054,-0.1683367512187889,-0.10496819105958374,1,0.06336856015920517
0.006720246863416393,0.016469559938177083,-0.1337108906154107,-0.06915021565775653,1,0.06456067495765416
-0.0035038047882372664,0.016482113768591242,-0.14395954777467612,-0.07934966180179844,1,0.06460988597287769
-0.01473204203566085,0.015318243963798541,-0.152906600204706,-0.09285908386661572,1,0.06004751633809029
0.01869823108674913,0.017078807528044193,-0.1229270316682175,-0.05597810615828425,1,0.06694892550993325
0.0034364298341161698,0.015946205557925922,-0.13596893305941865,-0.07345980727234902,1,0.06250912578706963
-0.02116608971506158,0.017975948500628985,-0.16454974877629439,-0.09408403065382878,1,0.0704657181224656
-0.0030855587015323066,0.01581350278754403,-0.14223082416511862,-0.080241893237946,1,0.061988930927172614
-0.008945894750473346,0.016697444984876433,-0.14982368692083115,-0.08436970258011554,1,0.0654539843407156
0.005103440194547934,0.017290678037682142,-0.13693708875930907,-0.06915763085159507,1,0.067779457907714
-0.02545791648766134,0.016096721822260202,-0.16515829125929132,-0.10205914171603135,1,0.06309914954325997
-0.0002476269339819065,0.016096936217220355,-0.1399484219197338,-0.07684843194823002,1,0.06309998997150379
0.005611966666975235,0.01756165016745065,-0.13695966766122802,-0.0681179990048215,1,0.06884166865640652
0.0026232812126275457,0.016567273573056037,-0.1379993749905623,-0.07305566258418263,1,0.06494371240637968
-0.012122322400051608,0.01599889656461849,-0.15163095966670387,-0.08891528513339937,1,0.0627156745333045
0.017699043867447542,0.016321483079921793,-0.12244186296919918,-0.05846164929590575,1,0.06398021367329343
-0.011122208173016832,0.015909254418752645,-0.15045514683377204,-0.08809086951226165,1,0.062364277321510384
0.01620192200587152,0.01515169674256716,-0.12164620360956012,-0.06225155237869685,1,0.059394651230863266
-0.013896036875732251,0.01736266268494033,-0.1560776557382153,-0.08801601801324921,1,0.0680616377249661
0.012846663134903694,0.01782314634996137,-0.1302375037110206,-0.06037077001917203,1,0.06986673369184858
-0.0038581252505088676,0.01690978447405055,-0.14515210281964797,-0.0788657476813698,1,0.06628635513827817
-0.03367186189563272,0.016364379656382714,-0.17389684602214284,-0.10974847776912261,0,0.06414836825302023
0.03897504051089325,0.01775435644534517,-0.10397429812198329,-0.034377220856230226,0,0.06959707726575307
-0.009129762252075554,0.017842615980402623,-0.1522520895736647,-0.08230903493048641,1,0.06994305464317829
0.025422618485821682,0.014930409397934333,-0.11199178393412962,-0.05346457909422703,1,0.05852720483990259
0.009363542803535699,0.015168649372532936,-0.12851780996662887,-0.06905670442629976,1,0.059461105540329115
0.0018168328577482934,0.016775363018787015,-0.13921367865907425,-0.07345425562542916,1,0.06575942303364508
-0.015189307318199716,0.01770542110343539,-0.15804273268093308,-0.08863748195546636,1,0.06940525072546672
0.013090422136450466,0.018173503478522028,-0.1306804446814527,-0.059440311045646364,1,0.07124013363580634
0.03316259954335472,0.01794944692516592,-0.11016911642997049,-0.03980728448332008,1,0.07036183194665041
-0.014334472040193488,0.01511234259846873,-0.1521054635331922,-0.09286508054719478,1,0.05924038298599743
0.011322018416317955,0.0172162762866253,-0.13057268310546763,-0.06308488006189647,1,0.06748780304357116
0.02276908503700044,0.016749742384807684,-0.11821121003722262,-0.05255221988877651,1,0.06565899014844612
0.011282794614747113,0.01581343763682704,-0.1278623431534339,-0.06587366761707189,1,0.061988675536362
-0.0007272087413292133,0.015741799050064526,-0.13973193487945568,-0.07802408260320275,1,0.06170785227625293
0.024340738792704833,0.016359352942210328,-0.11587439297402741,-0.05174572944056293,1,0.06412866353346447
-0.013030232008713435,0.016631560712061677,-0.15377889100435432,-0.08858317301307256,1,0.06519571799128177
0.016726135265230493,0.018422977924538484,-0.12753370146686493,-0.05531562800267408,1,0.07221807346419085
0.001391756647761408,0.014694234120391466,-0.13555974222820588,-0.07795834447627133,1,0.057601397751934555
0.011969228275390056,0.016856249964755567,-0.12921982165553086,-0.06314332179368903,1,0.06607649986184183
0.010895133697939888,0.01624087247710725,-0.12908777635719032,-0.06542355624692991,1,0.0636642201102604
-0.022382157310678566,0.015256421465270661,-0.16043554338260907,-0.10063037123874807,1,0.059805172143860996
0.032522536738748456,0.018876383430607265,-0.11262597478524178,-0.038630551737261314,1,0.07399542304798046
-0.011560557240046579,0.016079294607294892,-0.15122677467034457,-0.0881959398097486,1,0.06303083486059596
-0.013136150939183508,0.015761484143028887,-0.15217945985952014,-0.09039444201884689,1,0.06178501784067325
0.011313872089003599,0.016063396958319317,-0.12832118594930225,-0.06535266987269055,1,0.0629685160766117
-0.01731302663769553,0.017056330474083444,-0.1588942343668991,-0.09203341890849198,1,0.06686081545840711
-0.024004377951482983,0.017675002437450155,-0.1667981827288853,-0.09751217317408069,1,0.06928600955480461
0.013020564261187015,0.01704121178478803,-0.12853101083699753,-0.06172946064062845,1,0.06680155019636907
-0.014732678519964446,0.016722912016602837,-0.155660386072506,-0.09010657096742289,1,0.06555381510508312
-0.009117442075556911,0.017278345878264576,-0.15113379999695548,-0.08340268415415836,1,0.06773111584279712
-0.0076022282686678405,0.01604506966747621,-0.1472013648169212,-0.08430469172041448,1,0.06289667309650672
0.0034851744522941958,0.017553586829303164,-0.13907065573314,-0.07026059536227161,1,0.0688100603708684
-0.00715440074632466,0.015770040832766348,-0.1462144807785467,-0.08439592071410262,1,0.061818560064444084
0.012311210111434837,0.016430256269053648,-0.1280428921759103,-0.06363628760122002,1,0.06440660457469029
0.01938292068514187,0.015573280459141244,-0.11929150901477498,-0.05824424961494129,1,0.06104725939983369
-0.023889990237087225,0.016436890724711384,-0.16425709605752153,-0.09982448441665293,1,0.06443261164086861
-0.017044190719747013,0.016906277032576293,-0.15833129370359655,-0.09205868773589748,1,0.06627260596769907
-0.008951976480996646,0.015980518794650567,-0.14842459331851177,-0.08578095964348154,1,0.06264363367503023
-0.002466294895451457,0.016407429553875766,-0.14277565682104795,-0.07845853296985497,1,0.06431712385119298
-0.00359557219639052,0.018126915367774027,-0.1472751263172276,-0.07621761807555344,1,0.07105750824167417
0.016207815513016657,0.0162544580981418,-0.12380172235934128,-0.06008424661462542,1,0.06371747574471587
0.004878507030173326,0.016650019441295596,-0.13590633107476605,-0.07063825486488731,1,0.06526807620987873
0.021601555069234682,0.01602261540673845,-0.11795357112797268,-0.055144918733557965,1,0.06280865239441472
0.0015979326577140046,0.0179399570035635,-0.14171518306927045,-0.07139055161530154,1,0.0703246314539689
0.006230788038334087,0.016553077116023926,-0.13436404310907282,-0.06947598081425901,1,0.06488806229481381
-0.010189686296927833,0.016111926802909123,-0.14991986283062972,-0.08676110976322596,1,0.06315875306740376
0.025334085403901654,0.0166644717867296,-0.11547907929808837,-0.05015434989410834,1,0.06532472940398004
-0.0247751573871738,0.017141215277848593,-0.16652273933175704,-0.09932917544259057,1,0.06719356388916647
0.02446396150954637,0.016611570750867458,-0.11624551716215385,-0.05112815981875342,1,0.06511735734340043
-0.009144606038197348,0.015685913828163287,-0.1480397971413974,-0.08655101493499731,1,0.06148878220640008
-0.018904323640195994,0.015804179774234057,-0.15803131599769477,-0.09607893128269725,1,0.06195238471499752
-0.015902184315235726,0.01546045952100205,-0.15435548497639975,-0.09375048365407171,1,0.060605001322328045
0.01376485326866668,0.01594553868064035,-0.1256392025453884,-0.06313269091727824,1,0.06250651162811016
0.02224664085370666,0.018043686787886818,-0.12126978525055152,-0.050538533042035184,1,0.07073125220851634
-0.022563775566649055,0.017841158003344616,-0.1656832452532045,-0.09574590588009362,1,0.06993733937311088
-0.011913918167286333,0.014375455228565419,-0.14824061041527456,-0.09188882591929812,1,0.05635178449597644
