bias,std,lcl,ucl,cover,cld
0.004847517537725651,0.0250526148913143,-0.1524064076492504,-0.054200157275298325,1,0.09820625037395207
0.011228687249908262,0.027244005521951387,-0.15032036357311646,-0.043523861927067024,1,0.10679650164604942
-0.024017428039220926,0.028897335162161652,-0.18880700495705777,-0.0755294511213841,1,0.11327755383567367
-0.0004162495207625655,0.023188704180492594,-0.15401690971452806,-0.06311718932699709,1,0.09089972038753097
0.04853377432158012,0.02337007005964175,-0.10542236299531771,-0.013811688361522058,0,0.09161067463379566
-0.019551496272638233,0.02446562446533208,-0.17565492022468912,-0.07974967232058736,1,0.09590524790410176
-0.01878037632962544,0.02754475874918244,-0.18091890347802303,-0.07294344918122786,1,0.10797545429679517
0.061519861765238965,0.025749747800418336,-0.09710044392358097,0.0038385674540588957,0,0.10093901137763986
0.010160008647039073,0.02846116294934882,-0.15377467073368462,-0.04220691197223725,1,0.11156775876144737
0.040275744354472204,0.023527428845008823,-0.11398881618174508,-0.021761295109310512,1,0.09222752107243457
-0.01606518828074477,0.032482353238569205,-0.1878814006283404,-0.06055057593314914,1,0.12733082469519127
0.008677578013205955,0.022611878266037003,-0.14379250338822658,-0.05515394058536152,1,0.08863856280286506
-0.04573191059277264,0.020108074872266776,-0.19329453734241553,-0.11447088384312976,0,0.07882365349928577
0.02120375556278671,0.025166190843899178,-0.13627277849125569,-0.03762131038317091,1,0.09865146810808478
0.030226242241158635,0.024842105523011034,-0.126615084583943,-0.029234030933739746,1,0.09738105365020325
0.003186560561066365,0.02686817157323993,-0.1576258557224839,-0.05230262315538338,1,0.10532323256710051
0.044978390205734006,0.022832139440647214,-0.10792340309793454,-0.01842141649059746,0,0.08950198660733708
0.02600829668533146,0.02138939513208628,-0.12406571777355765,-0.04021928885577944,1,0.08384642891777822
0.01837742389120986,0.025767351090228822,-0.14027738424563863,-0.03926936797194166,1,0.10100801627369696
0.04829858705781407,0.024218527434094913,-0.10732052671301195,-0.01238389917135991,0,0.09493662754165205
-0.034914772932616175,0.025750655954730122,-0.19353685860388722,-0.09259428726134514,1,0.10094257134254209
0.009944506850174645,0.023578577674275333,-0.14442030539140502,-0.05199228090824571,1,0.09242802448315932
0.009155068468595873,0.028216473454354737,-0.15430001950193942,-0.04369144356086885,1,0.11060857594107057
0.005659971057183966,0.02517238414429875,-0.1518287018656416,-0.05315295601999049,1,0.09867574584565111
-0.010885467604311277,0.024652814184157164,-0.1673557834052593,-0.07071675180336325,1,0.09663903160189606
0.03163612501445874,0.022889340758807733,-0.12137778287280443,-0.031651567098278106,1,0.08972621577452633
0.040105443513823155,0.02568732870040953,-0.11839252073897953,-0.01769819223337417,1,0.10069432850560536
0.05507188315971039,0.027061508250146228,-0.10611947301057623,-3.836067000300564e-05,0,0.10608111234057321
0.013484801459131085,0.025772710795681296,-0.14518051170040425,-0.04415148538133358,1,0.10102902631907067
0.04070484377219781,0.024564125724818132,-0.11559164264844574,-0.01930026980715866,1,0.09629137284128708
0.00953702043215604,0.023693833177275782,-0.14505369259530448,-0.05217386654038343,1,0.09287982605492105
-0.01159079686725624,0.021324209023675617,-0.16153704655366047,-0.07794614718085204,1,0.08359089937280843
0.02947629086745536,0.02429000976775132,-0.12628292827733723,-0.03106608998775206,1,0.09521683828958516
-0.02528248619880634,0.030359013762219476,-0.19293695317275653,-0.07392961922485616,1,0.11900733394790036
0.0298701885260812,0.02274396730634056,-0.1228587873943463,-0.03370243555349131,1,0.08915635184085499
0.008640292426383173,0.022993311756774836,-0.1445773986168955,-0.054443616530338156,1,0.09013378208655734
0.03395491625895029,0.024049020794970434,-0.12133196449919176,-0.02705980298290766,1,0.09427216151628409
0.002464738655661672,0.025301872423342912,-0.15527773129409045,-0.056094391394586225,1,0.09918333989950423
0.017987358205484916,0.02412538813968706,-0.13744920254830173,-0.04287768104072845,1,0.09457152150757328
0.033389643547638154,0.022723959551993352,-0.11930011717426882,-0.030222195730454884,1,0.08907792144381393
-0.007603993035557907,0.028585933891232037,-0.1717832234623727,-0.059726362608743123,1,0.11205686085362959
0.08943861032100812,0.02633397184789686,-0.07032677450086973,0.03290239514288597,0,0.1032291696437557
0.008387123040977926,0.022154229898215104,-0.14318596755952367,-0.05634138635852048,1,0.08684458120100319
0.012827222309174824,0.022161513293017052,-0.13876014374513862,-0.05188701163651176,1,0.08687313210862686
0.026395836477870735,0.0240007417766198,-0.1287964174043041,-0.03471350963995447,1,0.09408290776434962
0.0212832851788589,0.0226965579147026,-0.1313527683339582,-0.04238226130832401,1,0.0889705070256342
-0.0012057996301242657,0.026972317166956396,-0.1622223412773588,-0.05649085798288973,1,0.10573148329446906
0.010229843910463277,0.024608328141549434,-0.14615327924697363,-0.04968863293209984,1,0.0964646463148738
0.02775439324851295,0.031694805172319374,-0.14251822488923302,-0.018274588613741087,1,0.12424363627549193
0.01618715551548862,0.03452895243332447,-0.15964039125382734,-0.024286897715195432,1,0.1353534935386319
0.0001071757865565709,0.028676211675113222,-0.16424899909666535,-0.05183824933022152,1,0.11241074976644383
-0.016313368532077724,0.024362903972477663,-0.17221546031813395,-0.07671287674602151,1,0.09550258357211244
-0.00023712165439492006,0.027215820700601884,-0.16173093022757462,-0.05504491308121524,1,0.10668601714635939
0.003868779357197802,0.02563562717012317,-0.15452784989624363,-0.05403619138936079,1,0.10049165850688284
0.009023319527330834,0.02712300781869341,-0.15228857579730826,-0.045966385148030094,1,0.10632219064927817
-0.03691714621751986,0.02632349790565895,-0.1966620021126114,-0.09347389032242834,1,0.10318811179018306
0.020830351209444306,0.02151104569576199,-0.1294820983542492,-0.0451587992268622,1,0.08432329912738701
0.036294612045839836,0.02369047546655847,-0.11828951986861477,-0.025422856039705566,1,0.09286666382890921
-0.0019289251472281999,0.026089673761481504,-0.16121548571973196,-0.05894396457472446,1,0.10227152114500751
0.03651882331883172,0.025885919635521046,-0.12236837916678954,-0.020895574195547037,1,0.1014728049712425
-0.005238216027406067,0.02320727008735673,-0.15887526539862526,-0.06790276665618689,1,0.09097249874243837
-0.006744829191118559,0.021577147672154455,-0.1571868386285413,-0.07260441975369583,1,0.08458241887484547
0.023290137974986164,0.02366412782028378,-0.13124235255277006,-0.03847897149725764,1,0.09276338105551242
0.0003286532607933712,0.022152230294188037,-0.15124051811581518,-0.06440377536259809,1,0.0868367427532171
0.02439187775305128,0.023959748175928514,-0.13072002867176863,-0.036797815822128835,1,0.0939222128496398
0.018697191284871517,0.02288478371568605,-0.13430778479787314,-0.04459943263238383,1,0.08970835216548931
-0.005303283399933384,0.025337775542203893,-0.16311612346265303,-0.06379204333721376,1,0.09932408012543927
0.0016383694164774781,0.02456698365914739,-0.1546637185554514,-0.05836114261159364,1,0.09630257594385777
0.022244114113803323,0.022643411226803623,-0.1302877718907318,-0.04152559988166158,1,0.08876217200907022
0.014598253155389887,0.029883597484403886,-0.15212439791404173,-0.034980695775178504,1,0.11714370213886321
0.03171865935582997,0.023613731717335582,-0.12271505481014777,-0.030149226478192293,1,0.09256582833195548
-0.027478822598244343,0.024113314680199612,-0.18289171937143558,-0.08836752582505311,1,0.09452419354638247
-0.002524035473029762,0.0234191310366006,-0.15657633230476695,-0.06477333864129259,1,0.09180299366347436
0.034864996450600316,0.02913674696784914,-0.13039382760638402,-0.016177779492415376,1,0.11421604811396864
0.00236892356158519,0.02302111570179314,-0.15090326321392938,-0.06066048966290026,1,0.09024277355102912
-0.005126898514453498,0.023158460026778255,-0.15866828016693887,-0.06788711686196813,1,0.09078116330497074
0.0010996991221728786,0.026386280355241456,-0.15876821037410038,-0.05533399138155387,1,0.10343421899254651
0.0055248588739298665,0.026604082722834262,-0.15476994326282528,-0.05048193898931499,1,0.10428800427351029
0.0057177814140931815,0.022508510987226785,-0.14654970012087132,-0.05831633705094232,1,0.08823336306992899
0.0007652345387156173,0.023287753144693543,-0.15302956162488374,-0.061741569297685046,1,0.0912879923271987
-0.012482905355182525,0.023547026695241162,-0.16678587767785522,-0.07448153303250984,1,0.09230434464534537
-0.008830788311186916,0.022387089929035524,-0.16086028457209656,-0.07310289205027728,1,0.08775739252181927
-0.013140197618283597,0.024180592752848683,-0.16868495941386702,-0.07389703582270019,1,0.09478792359116683
-0.020428165664819323,0.0329411494021903,-0.1931436184931123,-0.06401431283652635,1,0.12912930565658592
0.008650730711508611,0.022409872582972612,-0.1434234195511177,-0.05557671902586508,1,0.08784670052525262
0.0361591533235813,0.02246965015121014,-0.11603216097279058,-0.02795113238004683,1,0.08808102859274375
0.03989951345482187,0.02371646036253536,-0.11473554885574744,-0.02176702423460883,1,0.09296852462113861
-0.012581929038922107,0.02078710515120854,-0.16147545513529085,-0.07999000294255337,1,0.08148545219273748
0.007589396730468365,0.02861305876427133,-0.15664299844750346,-0.04447980809155983,1,0.11216319035594363
0.020432636948629568,0.023634121120455973,-0.13404104044746415,-0.04139528565527673,1,0.09264575479218742
0.022384147919404462,0.025199418520361956,-0.13515751238050497,-0.03637579178068611,1,0.09878172059981885
0.043324849598652,0.02516472629420822,-0.11414881393799611,-0.015503086864699894,1,0.09864572707329622
-0.010398878250989396,0.029344397292271465,-0.17606469694384147,-0.06103465955813733,1,0.11503003738570414
0.015164889339508533,0.022109774942496368,-0.13632106954778436,-0.04965075177319859,1,0.08667031777458578
-0.012233052097111285,0.027396922869777667,-0.17408182092187552,-0.06668588327234706,1,0.10739593764952846
-0.035972908066731465,0.02465977204218815,-0.19245686126942024,-0.0957905548640427,1,0.09666630640537754
-0.006828665309936505,0.025744046531873285,-0.16543779651240814,-0.06452113410746488,1,0.10091666240494326
-0.08795119719498089,0.031187903069077462,-0.2572302872103727,-0.13497370717958906,0,0.12225658003078366
0.04789839760323446,0.022518657680044026,-0.10438897144965184,-0.01611583334387926,0,0.08827313810577259
0.032231043664239095,0.026182976344733176,-0.12723838997143794,-0.024601122700083883,1,0.10263726727135405
0.028112672523210924,0.023629474943507364,-0.1263518983660635,-0.03372435658751465,1,0.09262754177854884
0.04431164987895567,0.02658409355582287,-0.11594397349045715,-0.011734326751631517,1,0.10420964673882563
0.019809438811628874,0.021365631762405735,-0.13021799944268636,-0.04646472293405589,1,0.08375327650863047
0.029032165640622373,0.02219933708544346,-0.12262933504684681,-0.03560793367190845,1,0.08702140137493836
0.009431928494622793,0.021623119306957903,-0.1411001853470147,-0.05633755766373972,1,0.084762627683275
-0.022762233053676903,0.02338741274207905,-0.17675236202815184,-0.08507370407920198,1,0.09167865794894986
-0.002915238360177666,0.024033404565743526,-0.15817151130903498,-0.06396056541132036,1,0.09421094589771462
0.011240099515142848,0.02288079447410911,-0.141757057654111,-0.052064343315603306,1,0.0896927143385077
-0.004414942427495544,0.02547678434618312,-0.16250023974601446,-0.06263124510897664,1,0.09986899463703783
0.018542624682224257,0.02337318261935726,-0.13541961325171598,-0.04379673738383552,1,0.09162287586788045
0.027715854072111662,0.022279158832057503,-0.12410209723872105,-0.036767794617055635,1,0.08733430262166542
-0.030719398729461764,0.022758735839835863,-0.18347732097554006,-0.09426307648338347,1,0.08921424449215659
-0.02067691008712265,0.02840507087637405,-0.1845016490048158,-0.07315377116942952,1,0.11134787783538629
-0.003945348166406154,0.02504360433712252,-0.1611816126671663,-0.06301068366564602,1,0.09817092900152027
0.04405834523138545,0.023104085634888246,-0.10937646261299552,-0.018808446924233592,1,0.09056801568876194
0.020068184958809604,0.02417620036171754,-0.1354679677501568,-0.040697262332224024,1,0.09477070541793277
0.01485962094637569,0.023172473140723585,-0.13870922640944255,-0.04787313169780609,1,0.09083609471163646
-0.008531106101361041,0.032185311393530605,-0.17976511643268103,-0.05359869577004106,1,0.12616642066263997
0.009082280742963286,0.023787001729024735,-0.1456910426459252,-0.052445995868148236,1,0.09324504677777695
0.015022276242667859,0.026864620051801822,-0.14578317905886373,-0.040473868455800574,1,0.10530931060306316
0.026747354598874853,0.02300122804982455,-0.12648585237878127,-0.03632103842346904,1,0.09016481395531223
0.045910284278376595,0.02716603196063849,-0.11548593836447485,-0.00899509307877197,1,0.10649084528570288
0.009957917231284391,0.021583665046658887,-0.14049686626016702,-0.0558888992772642,1,0.08460796698290282
0.047981506889505775,0.03016161862115767,-0.11928606560796326,-0.0010525206130251943,1,0.11823354499493807
0.06964155302946004,0.023655227863876076,-0.08487349358373707,0.007854999642657151,0,0.09272849322639422
0.022539634692869473,0.021440428480410226,-0.12763440512873458,-0.04358792548552649,1,0.0840464796432081
0.024503651065217805,0.02397064461096646,-0.13062961237227647,-0.036664685497287935,1,0.09396492687498853
-0.019278611454528125,0.026290486100592377,-0.1789587642116892,-0.07590005869736707,1,0.10305870551432211
-0.014180190259359862,0.02160826175936729,-0.16468318330771975,-0.07997879721099999,1,0.08470438609671976
-0.0019605863091047837,0.022228333405223608,-0.15367891978334305,-0.06654385283486652,1,0.08713506694847653
-0.027641432944962727,0.02374130648932282,-0.18232519366403546,-0.08925927222589,1,0.09306592143814546
-0.01364884154954879,0.021300804784708232,-0.16354921892757693,-0.08005006417152066,1,0.08349915475605627
-0.00636691552423399,0.027401360715692075,-0.16822438252699046,-0.06081104852147753,1,0.10741333400551292
-0.009325186536343705,0.02411700344891774,-0.1647453132962225,-0.07020665977646494,1,0.09453865351975756
0.001378606641465871,0.02683292937759848,-0.15936473493862716,-0.05417965177844112,1,0.10518508316018604
-0.00238832219673403,0.023386418748807973,-0.15637650294439767,-0.0647017414490704,1,0.09167476149532727
-0.027655485547152095,0.02272387198683399,-0.18034507464134672,-0.09126749645295748,1,0.08907757818838924
-0.00790622216145151,0.021249133489400534,-0.15770532380067656,-0.07440872052222647,1,0.0832966032784501
-0.00036001181045428043,0.023895924402669758,-0.155346823639687,-0.061674799981221565,1,0.09367202365846543
0.036447108213356616,0.02395415215309209,-0.11865383000670388,-0.024753553566582896,1,0.09390027644012097
0.029777147436632817,0.026486883583796774,-0.13028794438760888,-0.026459360739125512,1,0.10382858364848337
-0.01186735414877553,0.025567850472818694,-0.17013114107550018,-0.0699051672220509,1,0.10022597385344928
0.009440350346895152,0.023046407175615808,-0.14388140771731184,-0.05353949158889787,1,0.09034191612841397
0.042685686024081446,0.02353967459557618,-0.11160287618324788,-0.019327351768589247,1,0.09227552441465864
-0.0025784745586654306,0.02504712063398401,-0.1598216310012741,-0.061636918116056774,1,0.09818471288521734
-0.015094790915470557,0.022545587925198382,-0.16743494324885938,-0.07905623858208174,1,0.08837870466677764
0.014488435694064744,0.021951052966823207,-0.13668642812090875,-0.050638300490961775,1,0.08604812762994699
-0.015502030845539624,0.024430144030947572,-0.17153591314619687,-0.07576974854488239,1,0.09576616460131449
-0.02739801416334657,0.034316682304899364,-0.20280951148094933,-0.06828811684574382,1,0.13452139463520552
0.037798263138019775,0.02557889786633724,-0.12048717668000122,-0.020217897043959238,1,0.10026927963604199
0.029368923887626547,0.023501177398880732,-0.1248441838141797,-0.032719568410567224,1,0.09212461540361247
-0.023457092577202424,0.022795320289139973,-0.1762867203439168,-0.08692906481048808,1,0.08935765553342871
0.005073050574185639,0.025961270549870862,-0.15396183970356125,-0.05219365914806748,1,0.10176818055549378
0.003931659405681159,0.022697625130456547,-0.14870648585001367,-0.059731795338624015,1,0.08897469051138965
-0.022573871707311025,0.028876069411752567,-0.18732176775434606,-0.074127575660276,1,0.11319419209407006
0.024434641834009577,0.023721603965885418,-0.13021050193912584,-0.03722181439285501,1,0.09298868754627082
-0.008725841526829328,0.024624878413130238,-0.1651414032165646,-0.06861187983709408,1,0.09652952337947052
-0.019616231078252125,0.02266493252285915,-0.17219029882305606,-0.0833437633334482,1,0.08884653548960786
0.005830988852609881,0.024613374679351194,-0.15056202551891845,-0.05407759677586178,1,0.09648442874305667
0.025689576640504655,0.02755699582893911,-0.136472935184216,-0.0284495115347747,1,0.10802342364944129
-0.017466778781417266,0.0242121187507015,-0.1730733315327922,-0.07816182603004233,1,0.09491150550274986
0.06516418782036468,0.022826898473163857,-0.08772733318703649,0.0017541088277658254,0,0.08948144201480232
0.006250077977401222,0.023136528279133095,-0.14724831744969966,-0.05655312659549792,1,0.09069519085420175
0.01869912257283579,0.023854727726891196,-0.13620694377187095,-0.04269641108245747,1,0.09351053268941348
0.028829471709177337,0.027295425543205763,-0.13282036235550596,-0.025822294226139374,1,0.10699806812936657
-0.011311732007876704,0.024998010581638558,-0.16845863274788828,-0.07046643126786514,1,0.09799220148002313
0.0154706603645611,0.022959633158868138,-0.13768102062682044,-0.04767925864405736,1,0.09000176198276308
0.015425804807298105,0.02445202647875622,-0.1406509670910641,-0.04479902329433971,1,0.09585194379672438
0.00604902686975177,0.022689113517206302,-0.1465724356239726,-0.05763111063652388,1,0.08894132498744872
0.017589298838354153,0.022066400197767053,-0.13381164554926928,-0.04731135677402243,1,0.08650028877524685
0.013225185217271354,0.022627187338310324,-0.13927490196581688,-0.05057632759964042,1,0.08869857436617645
0.0015218219364588337,0.027813396357784806,-0.1611432349247994,-0.05211472120228295,1,0.10902851372251646
-0.002603873470637591,0.026121826037290262,-0.1619534525037265,-0.05955589443754868,1,0.10239755806617781
0.009823079693852266,0.02172837599064987,-0.1409153372478215,-0.055740103364474,1,0.0851752338833475
-0.01448401916957899,0.02230618839119634,-0.1663549484163238,-0.07891468992283417,1,0.08744025849348964
0.0028559925894566796,0.026626158948789103,-0.15748207895016997,-0.05310753587091668,1,0.10437454307925328
0.012102895695118729,0.022621657449264965,-0.1403863529054406,-0.05170945570432194,1,0.08867689720111865
-0.002709329438582861,0.023679914380524147,-0.1572727616244102,-0.06444749725275553,1,0.09282526437165467
0.012730719615008546,0.023673854128523082,-0.1418208344768967,-0.04901932629308622,1,0.09280150818381047
-0.020904669394336592,0.02668263979419293,-0.18135344339095474,-0.07675749539771845,1,0.1045959479932363
0.02166157401318776,0.02418210908123998,-0.1338861597860426,-0.03909229218758189,1,0.0947938675984607
-0.013695368356768045,0.026082470240951977,-0.17296781002903394,-0.07072452668450217,1,0.10224328334453177
-0.02872961344851778,0.02356887581463849,-0.18307541004520922,-0.09068541685182635,1,0.09238999319338287
-0.017658333972595266,0.02159463646537289,-0.16813462144472613,-0.08348364650046441,1,0.08465097494426171
-0.011305690993435716,0.024033210534571064,-0.166561583641195,-0.07235139834567644,1,0.09421018529551856
-0.009398173572331206,0.023390173046276157,-0.1633937127430325,-0.07170423440162994,1,0.09168947834140255
0.03626332336452229,0.024635282225599308,-0.12017262979765236,-0.023602323473303072,1,0.09657030632434929
0.014169768523271828,0.022771595766599814,-0.13861335917926382,-0.049348703774192544,1,0.08926465540507128
-0.0015959899775695452,0.024678190715738003,-0.15811604378041605,-0.061377536174723066,1,0.09673850760569298
0.016576262463564195,0.02265554715566377,-0.1359794099615368,-0.047169665111334816,1,0.08880974485020197
0.04571758049679865,0.02453726569628061,-0.11052626026791135,-0.01434017873849136,1,0.09618608152941999
0.0008068215594625311,0.02686458264643888,-0.15999856042755767,-0.054689396453517274,1,0.10530916397404039
-0.02718662412139776,0.02529372507989413,-0.18491312527799025,-0.08576172296480528,1,0.09915140231318498
-0.01770670198751688,0.02520879043544058,-0.1752667312409804,-0.07644827273405334,1,0.09881845850692707
0.05804019409375039,0.02334855100936483,-0.09587376588460468,-0.004347445927894544,0,0.09152631995671014
0.019397658820555705,0.024520297348916722,-0.13681292398332107,-0.04069335837556753,1,0.09611956560775353
-0.020956735998386947,0.027251665166590385,-0.1825207997249041,-0.0756942722718698,1,0.1068265274530343
0.009137785975080762,0.024571794976991287,-0.14717373217982216,-0.05085229587001632,1,0.09632143630980583
0.03505453970924931,0.02214707343158697,-0.11650452421666116,-0.029687996364840236,1,0.08681652785182092
-0.04363526329285285,0.033137819979882924,-0.21673619045342338,-0.08683593613228233,1,0.12990025432114105
0.0012190516841390359,0.022639461470118236,-0.1513050927972927,-0.06255840383442923,1,0.08874668896286347
0.02271904608166249,0.02445519982969554,-0.13336394558454076,-0.037499562252134265,1,0.09586438333240649
-0.014465254342827846,0.023437698590930568,-0.16855394358105177,-0.07667816510460393,1,0.09187577847644784
0.03315339997310021,0.027609699909313157,-0.1291124118491536,-0.020882388204646003,1,0.1082300236445076
0.010452839186655502,0.024053513811924422,-0.14484284788471635,-0.05055307374197264,1,0.09428977414274371
0.021476109642897548,0.021504687861146687,-0.12882387856494998,-0.04452550214925495,1,0.08429837641569503
0.007163405215095689,0.025567799725587387,-0.1511002822470556,-0.05087450732275304,1,0.10022577492430257
-0.021713956165936285,0.0216208740330351,-0.17224166927068507,-0.0874878430611875,1,0.08475382620949758
0.025957729526159934,0.02267320337009349,-0.1266325490792233,-0.03775359186845683,1,0.08887895721076647
0.006445850843937326,0.025843069282772968,-0.1523573649502977,-0.05105253336182766,1,0.10130483158847003
0.006749978760482625,0.02306619772505821,-0.14661056878063147,-0.05619107369840329,1,0.09041949508222819
0.06343951716017474,0.024142146273594338,-0.09202988953607016,0.0026073238564196313,0,0.09463721339248979
-0.001789506708434252,0.02838077213432807,-0.16556662009171727,-0.05431399332515124,1,0.11125262676656603
0.019474831927230207,0.025787584594459206,-0.13921963387790984,-0.03813230226762975,1,0.10108733161028008
-0.009679684829550936,0.02681661609447946,-0.17039105237473068,-0.0652699172843712,1,0.10512113509035947
0.0140919309322812,0.022245215344205843,-0.13765949114236226,-0.050458246993075356,1,0.0872012441492869
0.029599453953359653,0.026253981496368668,-0.13000914977952294,-0.027093542313757768,1,0.10291560746576517
-0.03459365060985119,0.02454544017971871,-0.19085351336209988,-0.09463538785760252,1,0.09621812550449736
0.022305909092655535,0.022548358652845497,-0.13003967386692164,-0.041650107947767294,1,0.08838956591915434
0.016889252890259623,0.02472865486125129,-0.1397297106377929,-0.04279338358168785,1,0.09693632705610505
0.051419518301030365,0.025049623143485945,-0.10582854306020209,-0.007634020337737191,0,0.0981945227224649
0.0014103769315302606,0.02188857762332877,-0.14964203521019415,-0.06383881092674536,1,0.08580322428344879
0.025726719684272814,0.02852679996902511,-0.1383366082550164,-0.02651155237643798,1,0.11182505587857841
0.026454750871219332,0.02348159270640614,-0.1277199708333367,-0.03567212742422464,1,0.09204784340911205
-0.0035656083801189897,0.025696465558518726,-0.1620814808748157,-0.06135133588542229,1,0.1007301449893934
0.004595678950024995,0.026403827283512243,-0.15530662252565902,-0.05180361957429101,1,0.10350300295136801
-0.03130722274337357,0.026350232196036327,-0.19110447784760476,-0.08781156763914237,1,0.10329291020846239
0.018771257348003223,0.025095688389387912,-0.1385670918951971,-0.04019199340879648,1,0.09837509848640061
0.053289089712475604,0.026815669607765123,-0.10742042271874405,-0.0023029978563047573,0,0.1051174248624393
-0.021451084389406586,0.023958983526197148,-0.176561492100753,-0.08264227667806018,1,0.09391921542269283
-0.019240420381770165,0.027637841972952274,-0.18156139064875662,-0.07322105011478372,1,0.1083403405339729
0.04948725796747883,0.023796358326574656,-0.10530440435260749,-0.012022679712434849,0,0.09328172464017265
-0.034521050929325905,0.025917715811666,-0.19347057392019126,-0.09187312793846056,1,0.1015974459817307
-0.030398419519200096,0.028354779840868545,-0.19412458800730245,-0.08297385103109775,1,0.1111507369762047
-0.04495876756606272,0.02098014245937231,-0.19423064678643245,-0.111988488345693,0,0.08224215844073945
0.02750428896817146,0.02359531929160965,-0.12689333684338344,-0.03439968522027363,1,0.09249365162310981
-0.018391538281590444,0.021469843493001375,-0.16862323152787315,-0.08446144503530775,1,0.0841617864925654
0.02294462392635284,0.02386714373538199,-0.13198577779499587,-0.03842657435229847,1,0.0935592034426974
0.04275739037671197,0.022559148954077003,-0.10960934157327895,-0.021177477673297106,1,0.08843186389998184
0.046925141051723365,0.024463434401360062,-0.10917399037494235,-0.01327732752161092,1,0.09589666285333143
0.019275474612482496,0.022085573685597826,-0.13216304981128923,-0.04558760096374577,1,0.08657544884754347
0.06390861575789028,0.024896507431876824,-0.0930393388085883,0.00455497032436885,0,0.09759430913295716
0.0022957416535897973,0.024529386778738525,-0.1539326564327377,-0.0577774602600827,1,0.096155196172655
0.048882297745766655,0.023474422711407046,-0.10527837076859116,-0.013258633739875542,0,0.09201973702871562
-0.0006591979093102246,0.02341742569355231,-0.15470815226867277,-0.0629118435499477,1,0.09179630871872507
0.03370135804825382,0.023892884715330215,-0.12127949599379341,-0.027619387909698964,1,0.09366010808409445
0.013685798454478704,0.02876698934049652,-0.15084830065289448,-0.038081702438148124,1,0.11276659821474636
-0.017142603238727364,0.028635182964971414,-0.18141836185007135,-0.06916844462738339,1,0.11224991722268796
0.02961803571834891,0.02262047600020411,-0.12286889724205116,-0.03419663132125104,1,0.08867226592080013
0.02494985693451217,0.024134474532166016,-0.13050451314853323,-0.035897372982442444,1,0.09460714016609079
-0.0019415583715989837,0.02435345392371416,-0.15782512806207874,-0.06235958868111923,1,0.0954655393809595
-0.0069932708194735405,0.02266510161352049,-0.1595676699819737,-0.07072047165697339,1,0.0888471983250003
0.004937579251934762,0.023469185698597666,-0.14921282471731667,-0.05721361677881382,1,0.09199920793850286
0.008974578784484266,0.02258004890933502,-0.14343311707781237,-0.054919325353219105,1,0.08851379172459325
0.031829488676838755,0.025261145210568676,-0.12583315593587585,-0.02680946671044665,1,0.0990236892254292
0.00911806692571425,0.03063430603436275,-0.15907597290163675,-0.03898949324693477,1,0.12008647965470198
0.04294025708271407,0.024798547920629993,-0.11381569684172071,-0.016605388992851154,1,0.09721030784886955
-0.04060368162540211,0.02358303893830401,-0.19497723794447797,-0.10253172530632626,1,0.0924455126381517
0.03423577586211758,0.02173737321368232,-0.11652027563669977,-0.03130977263906508,1,0.08521050299763469
-0.010204360065731305,0.0260014765935735,-0.16931805418913537,-0.06739226594232725,1,0.10192578824680812
0.04108414387679314,0.021834512397048884,-0.10986230042142267,-0.02427101182499105,1,0.08559128859643161
-0.007893685355684243,0.029843883335008467,-0.17453849669230084,-0.057550474019067654,1,0.11698802267323319
0.006587237107379476,0.023895695716139868,-0.14839912649625467,-0.05472799928898639,1,0.09367112720726828
0.021960790857937576,0.026059394618058267,-0.13726642259345662,-0.03511359569066823,1,0.10215282690278839
-0.010914114981399159,0.02738087219217405,-0.1727314244780603,-0.06539840548473802,1,0.10733301899332229
-0.01986178542056459,0.023018805318672078,-0.17312944384516188,-0.08289572699596733,1,0.09023371684919455
0.003970917273939598,0.023273743204091996,-0.1497964194060807,-0.0585633460460401,1,0.0912330733600406
-0.04408324385159536,0.021319822777096865,-0.19402089649470522,-0.1104471912084855,0,0.08357370528621971
0.01811998856222327,0.02403292128275345,-0.1371353371519735,-0.04292628572357997,1,0.09420905142839354
-0.0008686285160668661,0.024216139128286455,-0.15648306120750832,-0.06155579582462542,1,0.0949272653828829
0.03355275975092001,0.024959994478761512,-0.12351962942745257,-0.025676451070707436,1,0.09784317835674514
0.023537505909155987,0.02545938261129748,-0.13451368400898708,-0.03471290417270096,1,0.09980077983628613
0.054063453813869775,0.021922720207571772,-0.0970558777929709,-0.011118814579289558,0,0.08593706321368133
0.006605841168116841,0.023243231013061454,-0.1471016916174836,-0.055988226046282716,1,0.09111346557120088
0.04384271735596579,0.023010461875621693,-0.10940858792025274,-0.019207577367815698,1,0.09020101055243704
0.002469970786976708,0.02488881920384023,-0.15446291485255015,-0.056898743573496446,1,0.0975641712790537
-0.00657450189521902,0.024003796902200385,-0.1617727438235318,-0.06767785996690627,1,0.09409488385662552
0.029525479580511105,0.027007467323799106,-0.13155995637413515,-0.025690684464842656,1,0.10586927190929249
-0.004652429340121847,0.027173086374280078,-0.16606247863371082,-0.0595439800465329,1,0.10651849858717792
0.027943222464560352,0.027680296369833268,-0.13446095842031286,-0.025954196650566447,1,0.10850676176974641
-0.017724418687864382,0.0246341579765904,-0.17415816832198155,-0.0775922690537472,1,0.09656589926823435
0.009990637406798591,0.023365212578083466,-0.143955979246245,-0.05236434594015782,1,0.09159163330608719
-0.011955481285240085,0.023316617607767664,-0.1658068517964647,-0.07440571077401548,1,0.09140114102244923
0.02442099155401227,0.02756788239221903,-0.13776285793473703,-0.029696758957238438,1,0.10806609897749858
0.03960035927256604,0.023792013288251968,-0.11518278677240781,-0.02191809468246011,1,0.0932646920899477
0.007620510234794778,0.022989905953099944,-0.14559050543328111,-0.05547007409712934,1,0.09012043133615177
0.0038012439147360327,0.02224711301954513,-0.14795389760357242,-0.06074521456695552,1,0.08720868303661689
-0.008898394472898391,0.026723094704244398,-0.1694264600932174,-0.06467192885257939,1,0.10475453124063802
0.007508525042498063,0.02459383415217522,-0.14884618989576537,-0.05243836001923852,1,0.09640782987652685
0.03746638963323916,0.023238632541177823,-0.11623213014746939,-0.025136690586052314,1,0.09109543956141708
0.03716214166060733,0.02221010064507246,-0.1145204556037347,-0.027456861075050652,1,0.08706359452868404
0.0047770221570351545,0.024579093957811333,-0.15154880200027507,-0.05519875368565464,1,0.09635004831462043
0.020655336378784514,0.02318989375255949,-0.1329476553762321,-0.04204327186619889,1,0.09090438351003322
0.003362162607081748,0.03329277838381547,-0.1700424830251966,-0.03953479176063994,1,0.13050769126455664
0.008392772976589705,0.025100293457868586,-0.14895460220083273,-0.05056145184598787,1,0.09839315035484486
0.016720922175842923,0.02182148519662913,-0.13419998880955017,-0.04865976683876399,1,0.08554022197078617
0.005820505752990063,0.023659949131179508,-0.14870379454412178,-0.05595679394989811,1,0.09274700059422367
-0.00048346340681462707,0.022112757418821207,-0.1519752679477042,-0.06529325886592507,1,0.08668200908177912
0.058818477186089645,0.02490684142611671,-0.09814973200909911,-0.0005149136187216075,0,0.0976348183903775
0.03235413913497147,0.023792878732437406,-0.12243070318060585,-0.029162618549451222,1,0.09326808463115463
0.01393889684573095,0.026757302008611535,-0.14665621509114768,-0.041767591217390446,1,0.10488862387375723
0.03949001025340322,0.023460361852102044,-0.11464309897671679,-0.02267848051647678,1,0.09196461846024001
-0.021459020322808317,0.030208429533694955,-0.18881834220885044,-0.07040129843676621,1,0.11841704377208423
0.017360192180893436,0.022788278109973695,-0.135455632914655,-0.04612558272355813,1,0.08933005019109688
0.007880062448437503,0.022191890164038566,-0.1437668422730781,-0.05677463283004691,1,0.08699220944303118
-0.015369744270304159,0.031137798806936463,-0.18455062993189963,-0.0624904586087087,1,0.12206017132319094
0.0420476679981258,0.024640258372904175,-0.11439803841276638,-0.017808225590982024,1,0.09658981282178436
-0.0033576449757907606,0.026717274182716733,-0.16387430237391556,-0.05914258757766597,1,0.1047317147962496
7.023730259946015e-05,0.022214030387383288,-0.1516200622566718,-0.0645410631381293,1,0.0870789991185425
0.027806712425957503,0.021559854868262864,-0.12260140311583773,-0.038086772032247286,1,0.08451463108359045
0.016843422391343843,0.025065683928280517,-0.14043611810808598,-0.04217863710922635,1,0.09825748099885964
0.020554029245801006,0.023919012251186925,-0.13447803476652537,-0.040715506741872624,1,0.09376252802465274
0.013881901944384128,0.02237270709457306,-0.13811940396097908,-0.05041839215025268,1,0.0877010118107264
0.054613423929363775,0.02452566595583873,-0.10160768134408013,-0.0054670707971923235,0,0.0961406105468878
-0.03582883092409979,0.02493813584727246,-0.19285837718475382,-0.09510088466344577,1,0.09775749252130805
-0.01118124893931191,0.023590516459939995,-0.1655694612007943,-0.07309463667782953,1,0.09247482452296477
-0.0012851012172729465,0.024502780579687394,-0.15746135115346024,-0.06141045128108566,1,0.09605089987237458
0.05180127093937747,0.022963072887893943,-0.10135715192089467,-0.011341906200350409,0,0.09001524572054426
0.011460172338051869,0.025038515009122613,-0.14576611707982845,-0.047615138244067816,1,0.09815097883576063
-0.004387137591844767,0.02512863824483424,-0.1617900685517199,-0.06328580663196966,1,0.09850426191975024
0.04400135913127132,0.02141501602696595,-0.10612287228158195,-0.02217600945587543,0,0.08394686282570651
-0.004874325954145067,0.03070516244459523,-0.17320724434555174,-0.05284300756273842,1,0.12036423678281331
0.024468418079034604,0.024003714314602888,-0.13072966197758706,-0.03663510186434374,1,0.09409456011324333
-0.057320857427050384,0.02378113214794313,-0.21208267643701892,-0.11886063841708186,0,0.09322203801993706
0.017187840439973248,0.026722297269729012,-0.14333866220869562,-0.03858725691135789,1,0.10475140529733773
0.012171076751331097,0.027481885585102783,-0.14984421899547035,-0.042115227501867455,1,0.10772899149360289
0.009344860607002084,0.027923933425042204,-0.15353684890608063,-0.044075029879915205,1,0.10946181902616542
0.007742050672583739,0.026969059632096698,-0.1532681062063258,-0.04754939244850674,1,0.10571871375781906
-0.005941645059868286,0.027092489706796383,-0.1671937248851892,-0.06099116523454738,1,0.1062025596506418
0.040860187625313876,0.023415535757732336,-0.1131850624598415,-0.02139616228953075,1,0.09178890017031074
0.03734096612330276,0.023517216920414294,-0.11690357904070926,-0.024716088712685227,1,0.09218749032802404
0.023307370506787578,0.024477817130741732,-0.13281995106946623,-0.03686690791695863,1,0.0959530431525076
0.028076550380215337,0.024273586990613834,-0.12765048012138777,-0.03249801911818156,1,0.0951524610032062
0.005151702864052005,0.02513256463538799,-0.15225892382130846,-0.053739270450587545,1,0.09851965337072091
0.004039604630244914,0.02269310259153254,-0.14858967644915888,-0.05963271429035131,1,0.08895696215880758
0.011404619717326592,0.02157341692425282,-0.13903007745420895,-0.054462283111137884,1,0.08456779434307107
0.02694246081349276,0.02364311271085679,-0.12754884009978656,-0.03486783827322794,1,0.09268100182655863
0.007002884823706479,0.02902720040940662,-0.1580412279787305,-0.044254602373856554,1,0.11378662560487393
-0.009676409780126585,0.02690343206773451,-0.17055793663288624,-0.06509648292736694,1,0.10546145370551929
0.04661654482969657,0.023357117805680002,-0.10731420606943623,-0.01575430427117063,0,0.09155990179826559
0.00047829793294693057,0.023298059458631292,-0.1533366986059704,-0.06200830552813574,1,0.09132839307783466
0.04262889391591751,0.026039933764974772,-0.11656017626343304,-0.014483635904731944,1,0.10207654035870109
-0.01823151966627372,0.023000996634539944,-0.17146427306997203,-0.08130036626257543,1,0.0901639068073966
-0.017679823244784745,0.022427686470784032,-0.16978888872752146,-0.08187235776204804,1,0.08791653096547342
0.007946885160448294,0.024417946374711955,-0.14806308973398713,-0.05234473994511628,1,0.09571834978887085
0.025861495792931857,0.023086261374606343,-0.12753837650129657,-0.03704023191283972,1,0.09049814458845684
0.004456695058116869,0.025434457227418543,-0.15354564110762348,-0.053842568776142796,1,0.09970307233148068
-0.012916599853100813,0.02758583908424187,-0.1751356444582149,-0.06699915524798675,1,0.10813648921022814
0.03857233927955998,0.024099250710111198,-0.11681299211225797,-0.022343929328622072,1,0.0944690627836359
-0.02937636833508113,0.0232492799732289,-0.18309575708260978,-0.09195857958755249,1,0.09113717749505729
-0.0009183282605015469,0.023745562227162235,-0.15561043022573953,-0.06252782629526357,1,0.09308260393047596
0.005387805930720815,0.026518073067830796,-0.15473841728222754,-0.05078757085633083,1,0.1039508464258967
0.015842831076852623,0.024171549284747143,-0.13968420552125177,-0.04493173232504298,1,0.09475247319620879
0.033023333282626716,0.021823750339467145,-0.1179020173827289,-0.032352916052017684,1,0.08554910133071122
0.01430709019549721,0.023135707151884646,-0.1391896958221967,-0.04849772378680889,1,0.09069197203538781
-0.015066250185953853,0.025473219163959605,-0.17314455974731469,-0.07328954062459303,1,0.09985501912272166
-0.007271072153037003,0.023763752496420112,-0.16199882704602042,-0.0688449172600536,1,0.09315390978596683
-0.020211427462686712,0.027452814337571848,-0.18216974356432752,-0.0745547113610459,1,0.10761503220328163
0.033566584389584236,0.0228408208041906,-0.11935222438662935,-0.02981620683420219,1,0.08953601755242716
-0.024809409784002964,0.025420518888287582,-0.18278442680504664,-0.08313599276295931,1,0.09964843404208733
0.07448864957373097,0.022889825958746564,-0.0785262093054123,0.01120190845287422,0,0.08972811775828653
-0.001542781109928712,0.025056071503395727,-0.15880348125658433,-0.060583680963273094,1,0.09821980029331123
0.012873366650916263,0.02301066543373354,-0.14037833759920149,-0.050176529098966,1,0.09020180850023549
0.036392302277424626,0.022298911485141064,-0.11546436423345185,-0.028052631211698896,1,0.08741173302175295
0.0004411348918994251,0.027325549577666742,-0.1612677422803274,-0.05415158793587377,1,0.10711615434445362
-0.004640692573052968,0.023776513347255175,-0.1593934587336731,-0.06618952641243284,1,0.09320393232124027
-0.005022053325640166,0.02273987626868623,-0.1577430108122652,-0.06860269583901515,1,0.08914031497325003
0.013898447037787712,0.02416556707467874,-0.14161686442858262,-0.046887841495841964,1,0.09472902293274066
0.009120155334049668,0.02508474018020118,-0.14819673541914466,-0.04986455391275602,1,0.09833218150638864
-0.01848536997828186,0.030927456524368298,-0.1872539847660437,-0.06601835519052,1,0.12123562957552371
-0.005027152042219249,0.02187249708273296,-0.15604804632437586,-0.07030785776006265,1,0.0857401885643132
-0.022420294118535675,0.024191197826002094,-0.17798584185749977,-0.08315634637957157,1,0.0948294954779282
0.005419275299846177,0.027957363847346716,-0.1575279578409534,-0.04793509155935426,1,0.10959286628159912
0.02679067428463945,0.021866470220688626,-0.12421840734791026,-0.03850184408281085,1,0.08571656326509941
0.01765239787786882,0.022809518238248387,-0.13520505786909803,-0.045791746375164345,1,0.0894133114939337
-0.03722999809139273,0.021942573812821727,-0.18838824276452332,-0.10237335341826215,1,0.08601488934626117
0.008431967268911517,0.023199401882697174,-0.14518966042117495,-0.05424800504100203,1,0.09094165538017293
0.047621930055563616,0.0293277904349739,-0.11801133919698523,-0.003046400691887545,1,0.11496493850509767
0.04426089243825916,0.025995015955922754,-0.11484013883534944,-0.012939676288132244,1,0.10190046254721719
0.011691766189839484,0.024756046752399005,-0.14498088544486257,-0.047937182175458476,1,0.09704370326940409
0.001295712338526836,0.023078938249772304,-0.1520898066310269,-0.061620368691919454,1,0.09046943793910744
0.022477511900472077,0.025296865873365576,-0.13525514521132445,-0.0360914309877314,1,0.09916371422359305
0.006189026482409765,0.023654830940774255,-0.14832524216150778,-0.0555983048736727,1,0.09272693728783507
0.02212528292448479,0.02401157618653251,-0.13308820640111893,-0.03896282774991149,1,0.09412537865120743
0.01033440145804529,0.02170451185439272,-0.14035724177656445,-0.05527555530734499,1,0.08508168646921946
-0.0005228802070703087,0.024522827264715504,-0.1567384216459127,-0.06060893876822793,1,0.09612948287768477
-0.02890067015500551,0.023709730597773985,-0.18352254212664254,-0.09058039818336851,1,0.09294214394327403
0.04326131105560567,0.02269522808668719,-0.10937213599430123,-0.020406841894487444,1,0.0889652940998138
0.03139777160150274,0.022755049264467895,-0.12135292495685435,-0.03215313184014019,1,0.08919979311671417
0.03270022269519392,0.02288655831176367,-0.12030823159586287,-0.030592923013749294,1,0.08971530858211357
0.0077986480190871815,0.026027540167879764,-0.15136613070995716,-0.04933817325186849,1,0.10202795745808868
0.0034989782879161213,0.02214799578000912,-0.14806189344090176,-0.06124174998326601,1,0.08682014345763575
0.007760110130036441,0.024263771455415223,-0.1479476819225774,-0.05283369781734973,1,0.09511398410522767
-0.020988049829781794,0.022931065965579096,-0.17408373912231684,-0.08419396053724677,1,0.08988977858507007
-0.02371366938414117,0.026437337422851558,-0.18368165073293022,-0.08004728803535213,1,0.10363436269757809
-0.03065037921466922,0.026647557935716184,-0.19103039276867295,-0.0865719656606655,1,0.10445842710800746
0.04926677396760522,0.024980047352380092,-0.10784491884305977,-0.009923133221729809,0,0.09792178562132997
0.03774896629342116,0.0250186116844769,-0.11943831260815357,-0.02136535480500413,1,0.09807295780314945
0.015686502098734692,0.023995143107279883,-0.13949477839153387,-0.045433817410996745,1,0.09406096098053712
-0.02511845659918048,0.022729619775581574,-0.1778193113593204,-0.0887192018390406,1,0.08910010952027979
-0.0012889466329501498,0.023778654514092556,-0.15604590948057157,-0.06283358378532874,1,0.09321232569524282
-0.005904312416369004,0.025919621448963377,-0.16485757045633723,-0.06325265437640079,1,0.10160491607993644
0.014202767877932607,0.02458557429785523,-0.14213575774586365,-0.045760306498271154,1,0.0963754512475925
-0.002059115757684596,0.025635433914843367,-0.1604553662307776,-0.0599644652845916,1,0.10049090094618601
0.04194809764502325,0.023839295760024738,-0.11292772204462524,-0.019477682665328275,1,0.09345003937929697
0.0375424267632441,0.027249518856515473,-0.12401743019552625,-0.017199316277985578,1,0.10681811391754067
0.02646938963414766,0.027650884953338936,-0.13587714487439667,-0.02748567585730803,1,0.10839146901708864
0.02268836572766239,0.025073891498991367,-0.13460726161036068,-0.03631760693431454,1,0.09828965467604614
0.007917393612343712,0.02168364516109632,-0.14273335090340508,-0.057733461871907504,1,0.08499988903149758
0.04519400898179339,0.02224117449173346,-0.1065494930220042,-0.019364089014409037,0,0.08718540400759517
0.010146027669467747,0.024621406743028533,-0.1462627295468682,-0.04974681511419633,1,0.09651591443267186
-0.02408517691297428,0.029942243476660132,-0.19092277412722813,-0.07354917969872043,1,0.1173735944285077
0.06711290235003636,0.023489571089907672,-0.08707745698618267,0.005001661686255404,0,0.09207911867243808
0.013848673889600552,0.022992908143494934,-0.13936822607164953,-0.04923602614914938,1,0.09013219992250016
0.007471414710078797,0.0257893990166883,-0.15122660736263027,-0.05013216321721214,1,0.10109444414541813
-0.017930564758220954,0.024520667729209668,-0.1741418735074719,-0.07802085600897002,1,0.09612101749850188
0.007303146964731361,0.027896816820284755,-0.15552541400302677,-0.04616989206751053,1,0.10935552193551625
-0.0013243050757310443,0.02711907441209997,-0.162628490923447,-0.05632171922801511,1,0.10630677169543189
0.01148826420757515,0.02164178397000461,-0.13908043237363388,-0.05424463921121582,1,0.08483579316241806
-0.005516934536358348,0.022423165377907176,-0.1576171386770564,-0.06971833039566029,1,0.08789880828139611
0.013721459925056953,0.022892953069304736,-0.13929952809078033,-0.04955915205910577,1,0.08974037603167456
0.02669842294608002,0.024202324015708983,-0.1288889321247096,-0.03401582198313038,1,0.0948731101415792
-0.030114653466867966,0.026728666843178445,-0.19065364047949773,-0.08587726645423821,1,0.10477637402525952
0.008162364268704203,0.025704129079420938,-0.15036852872696083,-0.049608342735630764,1,0.10076018599133006
0.001428550738081652,0.03018871697108662,-0.16589213452524815,-0.04755236399858857,1,0.11833977052665957
-0.015327492668851542,0.02605562532987231,-0.17454731831540127,-0.07240926702230183,1,0.10213805129309944
0.017632727686656705,0.022622704344990217,-0.13485857282952413,-0.046177571797162476,1,0.08868100103236165
0.013763468021587802,0.020869541093394228,-0.1352916325214649,-0.05348303143535952,1,0.08180860108610538
0.01523204822153687,0.025511774060299124,-0.14292182893664943,-0.04291567462027685,1,0.10000615431637258
-0.007993066998559437,0.024243392740172457,-0.16366091676929745,-0.06862681722782144,1,0.09503409954147601
0.003938963358729106,0.025226776145506724,-0.15365631788646408,-0.05476735539607772,1,0.09888896249038637
0.012843966763397718,0.024623334888719154,-0.14356856961849182,-0.04704509685471275,1,0.09652347276377907
0.013226738692477091,0.023648004414007877,-0.14127414995897836,-0.04857397265606748,1,0.09270017730291089
0.0014016410436541726,0.024440885137216387,-0.15465329382528994,-0.058845024087401714,1,0.09580826973788822
0.033292111208784406,0.02410853048678556,-0.1221114085453153,-0.0276059690371159,1,0.0945054395081994
0.00026595122901340584,0.02277600720497024,-0.15252582289272826,-0.06324387464924493,1,0.08928194824348333
-0.03110003718400968,0.02355706301583998,-0.18542268069505605,-0.09307899367296332,1,0.09234368702209272
0.009737421036783989,0.02788640278447144,-0.15307072842078004,-0.043756029505651994,1,0.10931469891512804
0.02807156049988148,0.02311365492817244,-0.1253820031593365,-0.034776475840900545,1,0.09060552731843596
0.005873444093882435,0.025436889142117225,-0.15213365862466732,-0.05242105318756781,1,0.0997126054370995
0.022601009535731936,0.024039259154662453,-0.13266673840740648,-0.03843284252112966,1,0.09423389588627681
-0.017830104462836213,0.02198151185552055,-0.1690646676996565,-0.08289714122601594,1,0.08616752647364057
0.0305015539717811,0.024169955200718452,-0.12502235822162708,-0.030276133834810738,1,0.09474622438681635
0.025832695224923444,0.02366096778316615,-0.12869360163008223,-0.0359426079200709,1,0.09275099371001133
-0.015736436188045433,0.025385915848556654,-0.17364363125121648,-0.07413084112487439,1,0.0995127901263421
0.07023222190933068,0.02307146042069536,-0.08313864051523223,0.007301484333893583,0,0.09044012484912581
-0.016013244347127614,0.0224115454808962,-0.16809067348968418,-0.08023741520457106,1,0.08785325828511312
0.013623310048037254,0.030334456736953543,-0.1539830251563917,-0.03507195474753381,1,0.1189110704088579
-0.021082622875605847,0.03138908917912054,-0.19075603766668212,-0.06771080808452959,1,0.12304522958215253
-0.001625935387695579,0.0245935503530701,-0.15798009407971297,-0.06157337669567819,1,0.09640671738403478
0.004299826277005148,0.03359536399629293,-0.169697887155729,-0.03800406029026071,1,0.1316938268654683
0.06195020278217085,0.022620668710292238,-0.09053710789000194,-0.0018640865456563682,0,0.08867302134434557
0.015637072202299554,0.021517366221236973,-0.13468776559132492,-0.05033969000407598,1,0.08434807558724894
-0.012059438552222246,0.024137714645603176,-0.16752015925760447,-0.07290031784684003,1,0.09461984141076443
0.028776689674066477,0.02227154082955846,-0.12302633035186811,-0.03572189029999895,1,0.08730444005186916
-0.024683859908081404,0.02354075283182154,-0.17897453545845163,-0.08669478435771119,1,0.09227975110074044
0.004973052153830829,0.03031505916955282,-0.1625952638184927,-0.043760231873845645,1,0.11883503194464706
-0.03524728557121469,0.023656807676821497,-0.18976542861778484,-0.09703074252464455,1,0.09273468609314028
-0.0029200489618708414,0.026814188247231533,-0.16362665792644465,-0.05851503999729704,1,0.10511161792914761
-0.04760389376284867,0.024028072421761745,-0.2028497157095017,-0.10865967181619565,0,0.09419004389330604
0.007145615139927841,0.023894938250194626,-0.14783926383045362,-0.0541711058896907,1,0.09366815794076291
0.004493528396098984,0.02360212816591874,-0.14991744280910174,-0.057397100398700295,1,0.09252034241040144
0.02547052559830619,0.023798025188738015,-0.12932440377162033,-0.03603614503176731,1,0.09328825873985302
0.02775499413633363,0.02337483060676381,-0.12621047385292344,-0.034581137874409314,1,0.09162933597851414
0.012888343867573634,0.02034133115358947,-0.13513146519346173,-0.05539344707139101,1,0.07973801812207071
-0.011686159045986286,0.022616069965531047,-0.16416445617842715,-0.07550946191354543,1,0.08865499426488171
0.005496576402100883,0.02410842281363545,-0.1499067323126246,-0.055401714883173636,1,0.09450501742945097
0.0013745418599225706,0.023470147362473187,-0.15277774697052487,-0.06077476930962999,1,0.09200297766089488
0.005503358055822319,0.024975783709411514,-0.15159997801462424,-0.05369490587373112,1,0.09790507214089311
0.04501769747242523,0.022040294729431812,-0.10633208019726112,-0.019934124857888424,0,0.0863979553393727
0.031179267219412887,0.023950001175636604,-0.12391353508483485,-0.030029530476339376,1,0.09388400460849547
0.013101188084819526,0.02377541887028024,-0.14164943290092974,-0.04844979092943121,1,0.09319964197149852
0.02725340277665181,0.02295826959831932,-0.12589560563605406,-0.03589918881064233,1,0.08999641682541173
-0.0584828813266889,0.023728767863424698,-0.21314206633900132,-0.12012529631437649,0,0.09301677002462483
-0.002082322413549109,0.026770735814149956,-0.16270376460928304,-0.0577624802178152,1,0.10494128439146784
0.01750638953355664,0.025100400109648376,-0.1398411946813542,-0.041447626251532546,1,0.09839356842982165
0.05484438404651105,0.02379703939946151,-0.09994861317643353,-0.006664218730544395,0,0.09328439444588912
-0.021911908983048387,0.02740122779962045,-0.18376911547030447,-0.07635630249579231,1,0.10741281297451216
-0.00240449291445656,0.02343013273942651,-0.15647835308373254,-0.06463223274518061,1,0.09184612033855193
0.0032263510215463642,0.024169305020394116,-0.1522962868184261,-0.057552611138481174,1,0.09474367567994493
-0.01319330120977287,0.02257919059325883,-0.16559931477256018,-0.07708888764698557,1,0.08851042712557461
-0.03470948430143721,0.03313406949878724,-0.20780306051906022,-0.07791750808381422,1,0.12988555243524602
0.03923692498882535,0.021183128220158744,-0.11043280632268579,-0.02739494369966352,1,0.08303786262302226
-0.005805274467382576,0.022693186161917064,-0.15843471934474002,-0.06947742959002515,1,0.08895728975471487
-0.0020278036873173644,0.023603046877627997,-0.15644057556746824,-0.0639166318071665,1,0.09252394376030174
0.02750055591976859,0.025348815564452738,-0.1303339225865588,-0.03096656557390405,1,0.09936735701265474
0.0053652303158712444,0.021818519936728585,-0.14554986876011677,-0.060021270608140734,1,0.08552859815197604
-0.0033740935112402393,0.026682697312844825,-0.1638229802444161,-0.05922680677806439,1,0.10459617346635172
0.00313596724190493,0.024805502097435587,-0.15363361686906882,-0.056396048647121326,1,0.09723756822194748
0.008772422067535951,0.024116381994936036,-0.14664648664253868,-0.05211026922238943,1,0.09453621742014925
-0.031407802904432555,0.02393617171615692,-0.18647349946810013,-0.09264370634076499,1,0.09382979312733514
0.00826325279613363,0.025103311613469344,-0.1490900379662663,-0.05068505644146646,1,0.09840498152479984
-0.03669028150195826,0.02588050985426798,-0.1955668808163235,-0.09411528218759302,1,0.10145159862873049
-0.025776954041543024,0.02783801151459191,-0.18849025661014318,-0.07936525147294288,1,0.1091250051372003
-0.00962501675160464,0.02188669397566701,-0.160673736943912,-0.0748778965592973,1,0.08579584038461469
-0.00043554726465323823,0.021381568743824755,-0.15049422200254975,-0.06667847252675672,1,0.08381574947579302
-0.025798963520032706,0.02176809901120443,-0.17661523758199338,-0.09128428945807203,1,0.08533094812392135
-0.0064030594905920835,0.024223375633274584,-0.16203167573181027,-0.06707604324937391,1,0.09495563248243635
0.003986120053740702,0.02469453945739409,-0.15256597728275173,-0.05576338260976689,1,0.09680259467298484
-0.027357703708428202,0.03282668830053572,-0.19984881277747824,-0.0711681946393782,1,0.12868061813810006
-0.0006850207626564048,0.022316472239171187,-0.15257610635143193,-0.06509553517388089,1,0.08748057117755104
0.006341005965515692,0.022762252535149352,-0.14642380900337704,-0.05719577906559158,1,0.08922802993778545
0.011845267496860296,0.021806723768586504,-0.13904671108956926,-0.05356435391671016,1,0.0854823571728591
0.03612513821646397,0.024687637199333933,-0.12041343069423055,-0.023637892872841522,1,0.09677553782138903
0.028515782125249536,0.02482392739111712,-0.12828991556134003,-0.03098012018816091,1,0.09730979537317913
-0.00162509330999544,0.024288667079223787,-0.15738168078527406,-0.06217010583471683,1,0.09521157495055724
0.029616579776871613,0.02783992308254219,-0.13310046946491108,-0.023967970981345697,1,0.10913249848356538
-0.0006652546193984671,0.024864161043009952,-0.15754981026369796,-0.060082298975098966,1,0.097467511288599
-0.013078909105731257,0.023379965321552273,-0.16705444113597373,-0.07540497707548881,1,0.09164946406048492
0.04044529321431789,0.022951213881027555,-0.11268988599249613,-0.022721127578868107,1,0.08996875841362803
0.014347154588397124,0.02304835193641592,-0.13897841520697807,-0.04862887561622768,1,0.09034953959075039
-0.006001720325789189,0.02373579909033857,-0.16067468654285277,-0.0676303541087256,1,0.09304433243412717
-0.04300584229467273,0.02154711778385739,-0.19338899315103322,-0.10892429143831225,0,0.08446470171272097
-0.029974737401608678,0.022615640379458034,-0.18245219254534642,-0.09379888225787095,1,0.08865331028747547
0.05158459769755751,0.0253452607897492,-0.10624291345035093,-0.006889491154534064,0,0.09935342229581687
0.0054809770757601045,0.02161665139090052,-0.1450384596504049,-0.06030118619807488,1,0.08473727345233002
-0.010790694879356091,0.02647803850304547,-0.17083845034532522,-0.06704453941338698,1,0.10379391093193824
-0.038558523278461834,0.027172968573942313,-0.19996834168338878,-0.09345030487353491,1,0.10651803680985387
0.019530404094173434,0.028393499041309913,-0.14427165402679398,-0.032969137784859145,1,0.11130251624193484
0.022057604411797355,0.02563088724818785,-0.13632973459465084,-0.035856656581754465,1,0.10047307801289637
0.012465958665854218,0.022498680222446495,-0.13978225457014093,-0.05158742809815066,1,0.08819482647199027
0.006356892060571842,0.024093955260233665,-0.14901806024948616,-0.05456975562937018,1,0.09444830462011598
0.023710829217524668,0.02481555084681373,-0.13307845044223024,-0.03580149112272043,1,0.0972769593195098
-0.014975553387871557,0.024648673346937728,-0.17143775314786952,-0.07481495362787362,1,0.0966227995199959
-0.004001317364639892,0.028080081476965026,-0.16718907705949135,-0.05711515766978845,1,0.1100739193897029
0.022822455500110958,0.02469784892906471,-0.13373612840085586,-0.03692056059892222,1,0.09681556780193364
-0.0011387921626785646,0.023622500999581204,-0.15558969412185772,-0.06298949020349942,1,0.0926002039183583
-0.014748486183565848,0.024157578354937034,-0.17024813975924244,-0.07555043260788927,1,0.09469770715135317
-0.004663373738451951,0.025896766837280944,-0.1635718367395226,-0.062056510737381304,1,0.1015153260021413
0.002998565510509213,0.023191769979487246,-0.15060810364928578,-0.05969636532969579,1,0.09091173831958999
0.011181662887872243,0.027224459823281293,-0.1503290783657591,-0.04360919585849643,1,0.10671988250726266
0.010223698649160784,0.02396056977316145,-0.14488981810623566,-0.05096438459544278,1,0.09392543351079288
0.01843247285028765,0.024310694723527326,-0.13736728880782592,-0.042069365491598794,1,0.09529792331622713
-0.010184699064666375,0.029187931426850274,-0.1755438446612929,-0.061127153468039847,1,0.11441669119325307
0.011510212253266344,0.02437058559411228,-0.1444069355111937,-0.048874239982273596,1,0.09553269552892012
-0.02697963460781662,0.02562839665135982,-0.18536209204448187,-0.08489877717115138,1,0.10046331487333049
0.018541368463095897,0.021728021441345547,-0.13219635356194137,-0.04702250951186684,1,0.08517384405007453
0.04111608523321353,0.023645921589822934,-0.11338072108283942,-0.020688708450733527,1,0.09269201263210589
-0.020881661683140748,0.02682029302402424,-0.18160023601022826,-0.07646468735605325,1,0.10513554865417502
0.03024469384381516,0.024397446856099774,-0.1257251019941404,-0.03008711031822929,1,0.0956379916759111
-0.0030845993595433885,0.0251273472226313,-0.16048499991590073,-0.06198579880318605,1,0.09849920111271468
-0.0029975595147505724,0.022661332769046198,-0.15556457174208113,-0.06673214728742002,1,0.08883242445466111
0.035656620204045544,0.023477487877682186,-0.11851005603621154,-0.02647830355569738,1,0.09203175248051415
0.024358856022946934,0.024373832806410065,-0.1315646562776168,-0.03601923167648934,1,0.09554542460112744
-0.008476177604154492,0.02168478595960104,-0.15912915808497252,-0.07412479712333646,1,0.08500436096163606
0.012534291537222741,0.029539579751447893,-0.15351408477561512,-0.03771893214993939,1,0.11579515262567573
-0.027075542937969113,0.026951625870699755,-0.18805152964454064,-0.0824011562313976,1,0.10565037341314304
0.008511325154837907,0.0214730661820757,-0.14172668456203047,-0.05755226512829373,1,0.08417441943373674
0.05376762374068909,0.024035730397281966,-0.10149320783798357,-0.007273144680638263,0,0.09422006315734531
0.010882445396875814,0.02115716461829533,-0.13873639725498305,-0.05580031195126534,1,0.08293608530371771
-0.01590230756766134,0.033073105557376775,-0.18887639446011983,-0.05922982067520287,1,0.12964657378491695
0.03618626381416852,0.02290077498145609,-0.11685005514948542,-0.02707901722217755,1,0.08977103792730787
0.007065905275387266,0.02378004464278607,-0.14769378222447344,-0.05447600722475204,1,0.09321777499972139
0.014763311539179105,0.020426634109785263,-0.13342369131600001,-0.053351285605641785,1,0.08007240571035823
0.04820876130643,0.02340851744353397,-0.10582273288289659,-0.014061344504243421,0,0.09176138837865316
0.011364022733792584,0.024331018861272802,-0.14447557423430213,-0.04909798029811273,1,0.0953775939361894
-0.0029169064959170127,0.02091422242581983,-0.1520595824505239,-0.07007583054131014,1,0.08198375190921375
-0.03106742065122113,0.02269229822597927,-0.1836951251741405,-0.09474131612830178,1,0.08895380904583872
-0.018043156735807628,0.031031351824106632,-0.18701540631105662,-0.06537250716055863,1,0.12164289915049799
-0.007675831368613495,0.020957522797540318,-0.15690337605179253,-0.07474988668543447,1,0.08215348936635805
-0.029933894308436668,0.025217918150231253,-0.18751181388288993,-0.08865757473398342,1,0.09885423914890651
0.0007144505293175535,0.02201300476747612,-0.15058183881493564,-0.06429086012642926,1,0.08629097868850638
-0.003212453086912967,0.025648003741643936,-0.1616333404205351,-0.06109316575329086,1,0.10054017466724424
0.05009963714338823,0.02674712419162153,-0.11047552627218997,-0.005626799441033586,1,0.10484872683115638
0.043764996153862604,0.023161661248714032,-0.10978265989361691,-0.018988947798657903,1,0.09079371209495901
0.0011641721928070808,0.02627126095463614,-0.15847829927827975,-0.05549495633610609,1,0.10298334294217365
0.04363619387382016,0.024561762772019078,-0.11265566115933723,-0.016373551093022458,1,0.09628211006631476
0.004880767539838085,0.023639705289035706,-0.1496038548266719,-0.05693621009365194,1,0.09266764473301997
0.02001872591574491,0.024029066096035306,-0.13522904363248428,-0.04103510453602589,1,0.09419393909645839
-0.044820177084254356,0.029829275379777774,-0.2114363568286188,-0.09450559733988992,1,0.11693075948872889
0.0564185467595381,0.02432695029851658,-0.09941307582555439,-0.004051430655369413,0,0.09536164517018497
-0.0011545920150275724,0.026319006111113107,-0.16089064399280928,-0.05772014003724589,1,0.10317050395556339
0.027143811262132417,0.023972692959978448,-0.12799346693942534,-0.034020510536309834,1,0.09397295640311551
0.04845279476018553,0.02324017851191025,-0.10524875512315857,-0.014147255356470385,0,0.09110149976668819
0.001063893582958872,0.026827221907699757,-0.15966826135613266,-0.05450555147794961,1,0.10516270987818305
0.023527537993595346,0.028505931041245578,-0.14049488684724598,-0.02875163716556333,1,0.11174324968168264
0.03406628778088243,0.02643568107157123,-0.12589844711939718,-0.022270577318837963,1,0.10362786980055921
-0.002262527203526335,0.02530603448326362,-0.16001315479072303,-0.06081349961632964,1,0.09919965517439339
0.0013483504736361979,0.024036574022691166,-0.1539141346108385,-0.05969076444188912,1,0.09422337016894938
-0.007466934093265168,0.02229292516499766,-0.1593118674166606,-0.07192360076986976,1,0.08738826664679084
-0.015319789016664878,0.022631736573573747,-0.16782879270086942,-0.07911238533246034,1,0.08871640736840908
-0.011044766186029467,0.024338190056439845,-0.16689841869665156,-0.07149271367540738,1,0.09540570502124418
-0.014335057984345048,0.02397448378633253,-0.1694758462055568,-0.0754958697631333,1,0.09397997644242351
0.035107870664602234,0.025756432759627784,-0.12352553754426823,-0.022560321126527318,1,0.10096521641774092
-0.007441667575968952,0.021284166705553404,-0.15730943431885364,-0.07387550083308428,1,0.08343393348576936
0.016902058264812794,0.024006819942655067,-0.13830210882279115,-0.04419537464758328,1,0.09410673417520787
0.02434000486739711,0.0251713758944315,-0.13314669188568862,-0.03447489837951716,1,0.09867179350617146
0.005465448946605944,0.020363578167649794,-0.14259796426198765,-0.06277273784480047,1,0.07982522641718717
-0.029037708285551064,0.025252076164222044,-0.1866825775674263,-0.08769443900367586,1,0.09898813856375042
-0.02258728983063947,0.026672456348228755,-0.18301610427316783,-0.07846007538811112,1,0.10455602888505672
0.012121793682067367,0.02121487826015997,-0.13761016770784618,-0.0544478449280191,1,0.08316232277982707
0.0035437178923378165,0.023908530308478934,-0.1514678015122809,-0.05774636270304348,1,0.09372143880923742
0.04205089521693664,0.024077217578874207,-0.1132912512376568,-0.018908558328469924,1,0.09438269290918688
0.013369397333247685,0.026974829151939318,-0.14765206780455337,-0.04191073752895126,1,0.1057413302756021
-0.012452118205849363,0.02399227977893149,-0.1676277865725551,-0.07357804983914365,1,0.09404973673341144
0.004602352283731487,0.024308604937155063,-0.15119331339309244,-0.055903582039444594,1,0.09528973135364785
-0.02961313274974968,0.03028791597593978,-0.19712824806259166,-0.07839961743690771,1,0.11872863062568395
-0.029631923008446345,0.02102162654899863,-0.17898511104448367,-0.09658033497240903,1,0.08240477607207464
0.04013927066596466,0.026061182153220654,-0.11909144635434782,-0.01693161231372286,1,0.10215983404062495
0.014103054393977202,0.026191904422816402,-0.14538387827474294,-0.042711612937302655,1,0.10267226533744028
0.010920533487895762,0.02281271654886973,-0.14194319094788893,-0.05251734207631957,1,0.08942584887156936
0.04083177476983639,0.024177962981161753,-0.11470783267324065,-0.019930217787086577,1,0.09477761488615408
-0.02171085541485017,0.02695310677504328,-0.182689744693935,-0.07703356613576534,1,0.10565617855816967
-0.0029041154514705403,0.03286492218139908,-0.17547016292701273,-0.04663966797592835,1,0.1288304949510844
0.009680459036895947,0.023898589805604754,-0.14531157698208938,-0.051629104944118744,1,0.09368247203797064
-0.002398322982998441,0.023737967903847048,-0.15707554007453867,-0.06402270589145823,1,0.09305283418308044
-0.0033227890494177126,0.022040581500598712,-0.1546731287905912,-0.06827404930824424,1,0.08639907948234696
0.026229135063759512,0.022630688215301613,-0.12627781383823167,-0.03756551603424933,1,0.08871229780398233
0.012510648376731978,0.023787080759369524,-0.1422628299116323,-0.04901747333490376,1,0.09324535657672854
-7.971724365168908e-05,0.023808300830351996,-0.1548947868711416,-0.06156624761616178,1,0.09332853925497983
0.031275611286307584,0.02667789675960368,-0.12916386636251564,-0.024586511064869206,1,0.10457735529764645
0.02779973858590694,0.025969551590984113,-0.1312513825324219,-0.029450740295764208,1,0.1018006422366577
-0.005338284756535389,0.026434198081054877,-0.16530011299540295,-0.061678056517667834,1,0.10362205647773512
-0.0015668765561889092,0.021933996583235468,-0.15270830985933043,-0.0667270432530474,1,0.08598126660628302
0.013369164902542252,0.02398606884040803,-0.1417943300246575,-0.04776894017025801,1,0.09402538985439948
-0.01483601034495824,0.023391547673064207,-0.1688342437841641,-0.0771393769057524,1,0.09169486687841169
-0.03727167476066072,0.02621835102444359,-0.19681044276857015,-0.0940345067527513,1,0.10277593601581886
-0.031765210499452454,0.025437071241814435,-0.18977267013340876,-0.09005935086549616,1,0.0997133192679126
0.03446400505240277,0.024677688616737352,-0.12205506463640245,-0.02531852525879203,1,0.09673653937761043
0.011748947777370289,0.024530992310283484,-0.14448259715078535,-0.048321107294474086,1,0.09616148985631126
0.008336058695893392,0.024270074141801337,-0.14738408662203722,-0.052245395986175995,1,0.09513869063586122
0.001953281349901484,0.02230957450796958,-0.1499242846857189,-0.062470752614478146,1,0.08745353207124074
0.00721762210527685,0.022878718766830203,-0.14577546667771035,-0.05609088911173596,1,0.0896845775659744
-0.00059424160728129,0.029174775873920658,-0.1659276023201658,-0.05156248089439681,1,0.11436512142576899
0.03586602804244318,0.021798583778832696,-0.1150099961640689,-0.02955954775104474,1,0.08545044841302415
-0.009749169911922081,0.022281506098214797,-0.1615717218644231,-0.07422821795942108,1,0.087343503905002
-0.018632598135239195,0.02595548565020167,-0.17765615000963447,-0.07591064626084393,1,0.10174550374879054
0.01009274878896907,0.02255370847278016,-0.14226331981768003,-0.053852782604381824,1,0.08841053721329821
0.014897899263270398,0.024967643417867596,-0.1421894818357501,-0.04431631963770912,1,0.09787316219804096
0.005051710904018361,0.025061910994968063,-0.15222043464611906,-0.05397774354584424,1,0.09824269110027482
-0.020351187289023312,0.030865451756146512,-0.18899827273107048,-0.06800570184697616,1,0.12099257088409432
0.018959810878706268,0.022224784649776393,-0.13275156703485547,-0.04563041120773201,1,0.08712115582712346
0.01856973354276141,0.02516270274570523,-0.13889996383882083,-0.04026216907565635,1,0.09863779476316448
-0.017069415219032477,0.02184622425075925,-0.16803881475052063,-0.08240161568754435,1,0.08563719906297627
0.021210263447887984,0.022634326494160698,-0.131303816480667,-0.042577256623557054,1,0.08872655985710995
0.009613811982215933,0.0240816952714441,-0.1457371107498145,-0.05133686528575364,1,0.09440024546406085
0.02772412813083948,0.02441226763087864,-0.12827471642568267,-0.03257862731263839,1,0.09569608911304428
0.007336282125800439,0.027954819504503573,-0.15560596410302657,-0.04602307164537257,1,0.10958289245765401
0.007266242334367776,0.023284118446543624,-0.14652142982085772,-0.05524768551040673,1,0.09127374431045099
0.0034766674320819563,0.02127201615011112,-0.14636728422213585,-0.06298098091370025,1,0.0833863033084356
0.03495879967403395,0.023879569642316023,-0.11999595682490546,-0.02638804382702665,1,0.09360791299787882
-0.019550835755330717,0.02397135953085422,-0.174685500435805,-0.08071777107485645,1,0.09396772936094855
-0.026928441189900856,0.025354182450282446,-0.18477343879245445,-0.08538504358734728,1,0.09938839520510717
0.025140193366257113,0.02323856490817878,-0.1285581938537733,-0.03746301941371249,1,0.0910951744400608
0.02013259418833055,0.02280955961599225,-0.13272494265901427,-0.04331146896432465,1,0.08941347369468963
0.024422362119820185,0.024837810633212137,-0.1324105467212756,-0.035046329039084036,1,0.09736421768219158
0.0040494648976141245,0.02287012451010969,-0.14892677914220087,-0.05927589106257089,1,0.08965088807962998
0.023766376646693718,0.0274362942122733,-0.13815956000936197,-0.030609286697250618,1,0.10755027331211135
-0.029376591527376303,0.02140346972306205,-0.17947819218457792,-0.0955765908701747,1,0.08390160131440322
0.016059944243764043,0.025887312773429358,-0.1428299887921575,-0.04135172272031442,1,0.10147826607184307
-0.014309392473547608,0.02473228068151114,-0.17093546260930945,-0.07398492233778578,1,0.09695054027152367
0.04804630379860407,0.02678073971027402,-0.11259474603353302,-0.007614246369258851,1,0.10498049966427417
0.04116239692305622,0.022814591883621137,-0.11170500316884122,-0.022271802985046357,1,0.08943320018379486
0.04347607568378642,0.023498518685118954,-0.11073182093904674,-0.018617627693380434,1,0.0921141932456663
0.024737859409707977,0.02287032991162624,-0.12823878721707946,-0.0385870939635046,1,0.08965169325357486
0.029533995939135554,0.025013268461657537,-0.12764281024571322,-0.02959079787601568,1,0.09805201236969754
-0.01514576006398237,0.0218401472542223,-0.1661032486822581,-0.08048987144570666,1,0.08561337723655144
0.013733640041604503,0.027824467826600436,-0.14895311689853236,-0.03988120301825865,1,0.10907191388027371
0.0036559351262371725,0.025617369890692677,-0.15470490985952048,-0.05428481988800519,1,0.1004200899715153
0.043856680982845175,0.023387665180630127,-0.11013394277118987,-0.01845429526311978,1,0.09167964750807009
0.045028232021137454,0.024330115441399725,-0.11080959424400602,-0.015435541713719088,1,0.09537405253028694
-0.009837674773620603,0.023721555193599926,-0.16448272295307648,-0.07149422659416475,1,0.09298849635891172
0.024090080582914425,0.02405638782284112,-0.13121123954985417,-0.036910199284316984,1,0.09430104026553718
-0.026540156251723554,0.02481908903524427,-0.18333637076080234,-0.0860455417426448,1,0.09729082901815754
-0.022974020596388575,0.023407554796238267,-0.17700362799701558,-0.08524601319576158,1,0.091757614801254
0.033898584845227966,0.024423620393014482,-0.12212251112508042,-0.026381919184463656,1,0.09574059194061676
-0.021458979826806626,0.023163844822423365,-0.17501091567875643,-0.08420864397485683,1,0.0908022717038996
0.014833698434210646,0.024105273771901803,-0.14056343815871689,-0.046070764972861826,1,0.09449267318585505
-0.005971367187576682,0.024076406877266338,-0.1613119246670187,-0.06693240970813466,1,0.09437951495888405
-0.0031589249190161345,0.023525675765244992,-0.1574200494188963,-0.06519940041913597,1,0.09222064899976035
0.012169557968591663,0.023989470190972143,-0.14300060360571373,-0.048961880457102945,1,0.09403872314861078
0.012326773708528804,0.024318468667328424,-0.1434882248794349,-0.04815982770350749,1,0.09532839717592742
0.007514463725693893,0.02307591080336948,-0.14586512144891028,-0.055407551099701934,1,0.09045757034920834
0.012955773067991977,0.02465493642126728,-0.1435187023176919,-0.04687135154632416,1,0.09664735077136774
0.010016103997619166,0.024324139642368976,-0.14581000970142402,-0.05045938230333765,1,0.09535062739808636
0.034582230800769165,0.02675813554694039,-0.126014514871234,-0.02112262352722767,1,0.10489189134400632
0.03757171294370702,0.025821103448954552,-0.12118844981624391,-0.019969724296342063,1,0.10121872551990185
0.0241144891233845,0.022593145725811448,-0.12831887649920592,-0.03975374525402507,1,0.08856513124518085
-0.03524903179953452,0.025855221765072333,-0.1940760664590763,-0.09272359713999276,1,0.10135246931908354
0.014880341741531314,0.024934133774987342,-0.14214136045744388,-0.0443995560594935,1,0.09774180439795038
0.004460857871581486,0.022063396191487325,-0.14693419866373367,-0.060445685593103364,1,0.0864885130706303
0.015487897185000002,0.024081959200323844,-0.13986354284763475,-0.045462262782365266,1,0.09440128006526949
-0.0105638471339842,0.028270423405198385,-0.17412467700817302,-0.06330461725979537,1,0.11082005974837765
-0.00022625752868007942,0.022254815550844454,-0.1519964960083352,-0.06475761904902495,1,0.08723887695931025
0.08165232609346526,0.023655264756067367,-0.07286279282842678,0.0198658450153573,0,0.09272863784378407
0.01342017343860373,0.0279013534198847,-0.1494172792643703,-0.04004397385842226,1,0.10937330540594803
0.024794814048972602,0.02191161848922361,-0.12630275818990566,-0.04040921371214913,1,0.08589354447775653
0.03929376047150039,0.02370054801521373,-0.11531011363831853,-0.0224039654186807,1,0.09290614821963783
0.01030729476197488,0.028173010778261624,-0.1530626063634179,-0.042624404112632346,1,0.11043820225078554
-0.012676389348619088,0.024283595223633932,-0.16842303598694158,-0.07323134271029659,1,0.09519169327664499
-0.009525731074084845,0.025084062036433777,-0.16684129266549505,-0.06851176948267465,1,0.0983295231828204
0.036035655021284974,0.02306381151790251,-0.11732021555380395,-0.026910074403626118,1,0.09041014115017784
0.010197423059196922,0.024255833590255196,-0.14549481077770327,-0.0504119431039029,1,0.09508286767380036
-0.017554608831055904,0.02565378506396524,-0.17598682755642778,-0.07542399010568404,1,0.10056283745074374
0.020417028998061082,0.02389923108459756,-0.13457626392775013,-0.040891278076127704,1,0.09368498585162242
0.010716936019424847,0.02598735119944417,-0.14836907233148572,-0.04649865562966459,1,0.10187041670182112
0.04235616286633054,0.02206091708892318,-0.10903403462795891,-0.022555239639380033,1,0.08647879498857888
0.036918386791606944,0.023284124754836055,-0.11686929772787172,-0.025595528688914397,1,0.09127376903895731
-0.02145342121126341,0.02525977267847051,-0.1791133756610656,-0.08009506676146122,1,0.09901830889960439
-0.021059616426355496,0.030083120797470945,-0.18817333318939855,-0.07024749966331245,1,0.1179258335260861
0.03835188022112765,0.023936794245236783,-0.11671503649953645,-0.022882803058208265,1,0.09383223344132818
-0.021200325079356694,0.022394382526351297,-0.17324411483100524,-0.08545813532770816,1,0.08778597950329708
-0.01074870889551209,0.022675302161669596,-0.1633431011323845,-0.07445591665863968,1,0.08888718447374483
0.008673104669612713,0.02209347664611303,-0.14278090955676884,-0.056174481104005754,1,0.08660642845276309
-0.00869814254013411,0.024186370391639327,-0.16425422850774718,-0.06944365657252104,1,0.09481057193522614
-0.030995217886913742,0.026752753782395545,-0.191581415300409,-0.08671062047341849,1,0.10487079482699052
0.025863198365870768,0.02349465796649131,-0.1283371312484522,-0.03623807201980627,1,0.09209905922864592
0.035886800566524074,0.029828862632170702,-0.1307285701925305,-0.013799428674421355,1,0.11692914151810915
0.019197693573281188,0.02400225749477197,-0.1359975311164719,-0.041908681736965755,1,0.09408884937950614
-0.045839910025294514,0.024591880288222054,-0.20219079539020973,-0.10579062466037929,1,0.09640017072983044
0.04029404018376424,0.02829659379780275,-0.12331808365992915,-0.012395435972542376,1,0.11092264768738677
-0.0018033035823286636,0.02522539163228361,-0.15939587118160453,-0.06051233598305279,1,0.09888353519855174
0.0191299300625571,0.03045900758447556,-0.148720524803015,-0.029321215071870806,1,0.11939930973114421
0.00614018396096222,0.022666179287929515,-0.14643632744337964,-0.057584904634695934,1,0.08885142280868372
-0.005246336793798573,0.02383500641896592,-0.16011374937497178,-0.06668052421262538,1,0.0934332251623464
0.01763454881361988,0.02746409258136354,-0.14434587264585266,-0.03668662972690759,1,0.10765924291894508
0.018458231033645148,0.023614914729803916,-0.13597780183677052,-0.043407336095939185,1,0.09257046574083133
-0.006178138482296078,0.023320191807653174,-0.16003651442529632,-0.06862136253929586,1,0.09141515188600045
0.010648056809942186,0.02428718726377023,-0.14510563022704748,-0.04989985615306817,1,0.09520577407397932
8.725960550166889e-05,0.027613509641639406,-0.16218601929211157,-0.0539410614968851,1,0.10824495779522647
-0.02076623519489952,0.024362923434928022,-0.17666836512735845,-0.0811657052624406,1,0.09550265986491785
0.02786479248723228,0.023478038884863772,-0.1263029637271007,-0.03426905129843473,1,0.09203391242866597
-0.04959163190095468,0.033497344441215424,-0.22339722700573691,-0.09208763679617246,1,0.13130959020956445
0.01027009224351158,0.026221390139151,-0.1492746324292244,-0.04648678308375247,1,0.10278784934547193
-0.008199506208473567,0.025035364257118126,-0.1654196201524251,-0.06728099226452205,1,0.09813862788790303
0.011690509861560824,0.02775773748598175,-0.1508654556109634,-0.042055124665914954,1,0.10881033094504844
0.051835925103029964,0.024441434383541367,-0.10422008628871113,-0.00840966350522896,0,0.09581042278348217
0.03653372630434082,0.027310209418199196,-0.1251450841553296,-0.018089063235988766,1,0.10705602091934083
-0.061984823173932266,0.024022994393392578,-0.21722069218498172,-0.12305055416288282,0,0.09417013802209889
-0.004212440738081219,0.024894317985977854,-0.16115610399059782,-0.06357037748556463,1,0.0975857265050332
-0.019737384823413376,0.024247122609389996,-0.1754125451378178,-0.08036382450900899,1,0.0950487206288088
0.015789909313535272,0.02203219869268726,-0.13554400012413176,-0.0491777812487977,1,0.08636621887533405
0.02305439587550312,0.02255873165223492,-0.12931151816287734,-0.04088129008611644,1,0.0884302280767609
0.017145944993433804,0.022635731321538424,-0.13537088839678152,-0.04663882161635089,1,0.08873206678043064
0.034313250794087716,0.02623093992153188,-0.12525019145211477,-0.022424906959709806,1,0.10282528449240497
0.008150306471252713,0.02623051111391629,-0.15141229531202322,-0.04858869174547136,1,0.10282360356655185
0.0005170643368374445,0.02404200432749545,-0.15475606414505363,-0.06051140718127148,1,0.09424465696378215
-0.004175832703896112,0.030711324769893522,-0.17252082925288742,-0.052132436154904815,1,0.1203883930979826
0.006506704196948904,0.02213368399982893,-0.1450261164427158,-0.0582620751633864,1,0.08676404127932939
0.0031892130075584224,0.02101236325310824,-0.14614581896853374,-0.06377735501634943,1,0.0823684639521843
-0.02191180019389509,0.02232396385676139,-0.1738175693531474,-0.08630763103464277,1,0.08750993831850463
-0.02825893502463757,0.02162506806983611,-0.17879486844151635,-0.0940246016077588,1,0.08477026683375755
0.008113560664056607,0.02581095515717134,-0.15062671144399922,-0.049447767227887574,1,0.10117894421611165
0.03487387162056382,0.028245619461512828,-0.12863834252400133,-0.01791551423487104,1,0.1107228282891303
0.01884112578299474,0.022480006703243648,-0.13337048735536283,-0.045248861078647715,1,0.08812162627671512
0.000148800502687646,0.024988038991446197,-0.1569785559205469,-0.05902544307407782,1,0.0979531128464691
0.0029188264294491423,0.031085257870127288,-0.16615907899600035,-0.04430486814510138,1,0.12185421085089898
0.03151650789113507,0.023975825992563465,-0.12362691105428933,-0.029641673163440546,1,0.09398523789084878
0.013276881767977963,0.033318781181594606,-0.16017872934794747,-0.029569107116096616,1,0.13060962223185085
-0.04945290994510758,0.02414514823132556,-0.20492820047850568,-0.11027921941170948,0,0.0946489810667962
0.0025604049894809577,0.02336046675243949,-0.15137690984530044,-0.05980388017573765,1,0.0915730296695628
-0.009103906126020161,0.027991343013452113,-0.1721177384323863,-0.06239167381965403,1,0.1097260646127323
0.015514161098077517,0.02734656941459445,-0.14623591495452762,-0.039037362849317365,1,0.10719855210521026
0.008197885623350165,0.02294173036595703,-0.1449187058939256,-0.054987122859374064,1,0.08993158303455154
0.020170915341707757,0.02836502312772118,-0.14357532998862577,-0.03238443932795874,1,0.11119089066066704
0.041982101637328684,0.023690917530156935,-0.11260289672177892,-0.019734500003563728,1,0.0928683967182152
-0.004311312117617178,0.023605649397005175,-0.15872918493574734,-0.06619503929948704,1,0.09253414563626029
-0.0342895319072128,0.024950685202565815,-0.1913436749042418,-0.0935369889101838,1,0.097806685994058
-0.01459015431125503,0.025893631791977414,-0.17349247262353076,-0.0719894359989793,1,0.10150303662455146
-0.03810746760655011,0.026956732904930423,-0.19909346410021372,-0.09342307111288649,1,0.10567039298732724
-0.023074670039274728,0.02830107325018687,-0.186695573609641,-0.07575536646890846,1,0.11094020714073255
0.023475949645650737,0.025335612755199497,-0.13433265135454028,-0.03501704935415825,1,0.09931560200038203
0.0164739396523033,0.022945457248320582,-0.13664995655440504,-0.04670376414098836,1,0.08994619241341667
-0.0036876146677118082,0.02559020070140499,-0.1619952080424656,-0.06168162129295803,1,0.10031358674950755
0.009486833640306225,0.022223944302263404,-0.14222289719213005,-0.05510503552725751,1,0.08711786166487254
0.020024707696424768,0.022314420677875643,-0.13186235683221148,-0.04438982777493898,1,0.0874725290572725
0.02036101316018911,0.024874926358604117,-0.13654464250267495,-0.03903493117694683,1,0.09750971132572812
0.004686460733167072,0.023830073676375393,-0.1501712836725287,-0.056757394861137164,1,0.09341388881139152
0.0055319797862792425,0.031494508088847656,-0.16434805606786218,-0.04088958435957936,1,0.12345847170828282
-0.032354615552387986,0.023061588345998384,-0.18570612871054482,-0.09530470239423117,1,0.09040142631631365
0.015455181805670543,0.027628632889692317,-0.1468477386581264,-0.038543497730532526,1,0.10830424092759386
0.0009876859255925907,0.024371858665683463,-0.154931957059147,-0.05939427108966783,1,0.09553768596947917
-0.02942636716571352,0.028332777906513715,-0.1931094118624804,-0.08204492246894665,1,0.11106448939353375
-0.026201722279633008,0.023010863842010877,-0.17945381540997435,-0.08925122914929169,1,0.09020258626068266
-0.003998725453938215,0.02350081462677733,-0.15821112212242178,-0.06608792878545466,1,0.09212319333696711
0.008847215217668375,0.025816655342356335,-0.14990422925335006,-0.04870294031131321,1,0.10120128894203685
-0.02628455331964262,0.024131177796813143,-0.18173246180139638,-0.08713824483788887,1,0.0945942169635075
-0.023149380065714778,0.0205149269746129,-0.17150943693595605,-0.0910909231954735,1,0.08041851374048255
0.009840724098271011,0.023449282215753563,-0.14427066904460598,-0.05234948275885201,1,0.09192118628575396
0.0021906005236483894,0.023859555824413892,-0.15272492889220285,-0.05919547006050039,1,0.09352945883170247
-0.03293453996974509,0.02788795194557966,-0.19574572578308122,-0.08642495415640897,1,0.10932077162667225
0.01308904300754049,0.023405760243313867,-0.1409370470693547,-0.04918646691556434,1,0.09175058015379037
0.009226826619377251,0.02348367690224757,-0.144951980109028,-0.05289596665221752,1,0.09205601345681047
-0.0013620878304929501,0.024571905575881056,-0.15767382275921982,-0.06135195290176609,1,0.09632186985745372
-0.017829917009306348,0.027669225334297803,-0.18021239866453004,-0.07174903535408267,1,0.10846336331044737
-0.03230517914302537,0.03370638984817054,-0.20652050324543963,-0.07439145504061112,1,0.13212904820482851
0.02282290919948493,0.023861858660197285,-0.13209713377450175,-0.038558647826528396,1,0.09353848594797334
-0.02435656265953974,0.02509075849286999,-0.18168524930556493,-0.08332947601351456,1,0.09835577329205036
-0.01168320510904286,0.022288786421820413,-0.16352002649581088,-0.07614798372227485,1,0.08737204277353602
0.05055771786790062,0.02441942559527826,-0.10545515629884478,-0.009731007965353998,0,0.09572414833349077
0.0065389879739080475,0.02379605317924618,-0.1482520762574145,-0.05497154779476944,1,0.09328052846264505
0.04535681629223669,0.024102449588818835,-0.11003478490184823,-0.015553182513678404,1,0.09448160238816983
-0.004628214950459175,0.024808828563621328,-0.161404318935157,-0.06415371096576138,1,0.09725060796939562
0.022836572922507126,0.027782565380459114,-0.13976805522319274,-0.030860398931793015,1,0.10890765629139973
-0.02800683607162656,0.02082814876326675,-0.17698080764762938,-0.09533446449562374,1,0.08164634315200564
-0.009178247404690434,0.02402933791255237,-0.16442654971329307,-0.0702315450960878,1,0.09419500461720527
-0.00628012903034586,0.024281883675706134,-0.1620234210347299,-0.06683843702596184,1,0.09518498400876804
0.021573076063787833,0.02175481891654067,-0.1292171690126319,-0.043938278859792464,1,0.08527889015283943
-0.012846944538304497,0.02497279858223691,-0.16994442975948884,-0.07205105931712016,1,0.09789337044236868
0.05116312623309403,0.025469195793571018,-0.10690729752230516,-0.007068050011506781,0,0.09983924751079837
0.02350181332197046,0.023091437154307674,-0.12990820350047258,-0.0393897698555865,1,0.09051843364488607
0.008765838665008019,0.023120742451909336,-0.14470161654073427,-0.05406830612924969,1,0.09063331041148458
-0.009016542482983975,0.025212514967014054,-0.1665838718183315,-0.06775081314763644,1,0.09883305867069507
0.019153114601889565,0.025952239946394503,-0.13986407569304365,-0.03813129510317721,1,0.10173278058986644
-0.008120388390164171,0.02225434092501009,-0.15988969660318395,-0.07265268017714441,1,0.08723701642603954
-0.022411826513556624,0.025701062388686993,-0.18093670879538315,-0.08018854423173012,1,0.10074816456365303
-0.024866152129256622,0.021761822971996324,-0.17567012515436942,-0.09036377910414384,1,0.08530634605022558
-0.0004701289097974459,0.02615374024418369,-0.15988225978839748,-0.057359598031197424,1,0.10252266175720007
-0.03595987542933958,0.027877928926879847,-0.1987514161260241,-0.08946993473265508,1,0.10928148139336902
0.012343315709112249,0.023575070229265565,-0.14201462194024828,-0.04960034664152725,1,0.09241427529872102
-0.01587679981515476,0.027170060654950205,-0.17728091869885715,-0.07077428093145237,1,0.10650663776740478
0.008306750734542914,0.025852739323750196,-0.15051541834000748,-0.04917268019090671,1,0.10134273814910078
0.04099791999130985,0.02272996285089714,-0.11170360719644856,-0.02260215282093176,1,0.08910145437551681
0.006062946166668207,0.024533526939148752,-0.15017356663406334,-0.054002141032600245,1,0.09617142560146309
0.0016230362775510876,0.023302753816985385,-0.15220116120374028,-0.060854366241157566,1,0.09134679496258272
0.011284473059021596,0.025426078927346565,-0.14670144163857768,-0.04703121224337914,1,0.09967022939519854
0.03245440533351403,0.023309588892625355,-0.12138318889603167,-0.03000960043694028,1,0.09137358845909138
0.015686427347884932,0.0267233493617851,-0.14484213740121388,-0.04008660790301628,1,0.1047555294981976
-0.021648349774491912,0.023937796163703024,-0.17671723025534986,-0.082881069293634,1,0.09383616096171586
0.030113488269076602,0.023108947004341737,-0.12333084785943321,-0.0327437756024136,1,0.09058707225701962
0.0162387984479289,0.02231053496838511,-0.13564065009010592,-0.048183353014036284,1,0.08745729707606964
0.0006278441845827126,0.028679323156586625,-0.1637344292023271,-0.051311482428507506,1,0.11242294677381959
0.015719517407079123,0.02482765595124708,-0.14109348825736517,-0.043769076928476605,1,0.09732441132888857
0.008670568382616706,0.02339739412837398,-0.1453391241089963,-0.0536213391257703,1,0.091717784983226
-0.012250504926705125,0.032707058997910585,-0.18450714056260986,-0.056295469290800385,1,0.1282116712718095
-0.017872083934078672,0.023411514846610255,-0.17190945303343477,-0.08013631483472258,1,0.09177313819871219
0.002112511580812021,0.027366661945504904,-0.1596769458323776,-0.05239963100599837,1,0.10727731482637923
-0.0059583685165741085,0.023219659508107178,-0.15961970115246418,-0.06859863588068404,1,0.09102106527178014
-0.004867670900934082,0.027284929211742612,-0.1664969321559496,-0.05954000964591857,1,0.10695692251003103
-0.0006226926595203214,0.024860505291858088,-0.15750008303156218,-0.06004690228747848,1,0.09745318074408371
0.04936302912040519,0.025782773506618555,-0.10932200695256719,-0.00825353480662245,1,0.10106847214594475
0.0017185608279879083,0.021468258886458716,-0.14851002658947118,-0.06435445175455301,1,0.08415557483491817
0.003687110298640023,0.026095350886206136,-0.15561057743832402,-0.053316801964395956,1,0.10229377547392807
0.02376515105296452,0.02593569005574083,-0.1352196014562875,-0.03355169643778346,1,0.10166790501850403
0.040394299720141316,0.023432060431052993,-0.11368333872472255,-0.021829661834994823,1,0.09185367688972773
-0.019965461419598887,0.027110755983711037,-0.18125334314767252,-0.07497917969152526,1,0.10627416345614726
0.007404133942905594,0.02560811068224674,-0.15093856299429803,-0.0505547691198908,1,0.10038379387440724
-0.009109111073349926,0.034149338145538506,-0.1841926138386054,-0.050327208308094465,1,0.13386540553051096
-0.02368294163821842,0.023541088220156468,-0.1779742745497251,-0.08569320872671175,1,0.09228106582301333
0.035231482319834015,0.02657744863461118,-0.1250111170040039,-0.02082751835632808,1,0.10418359864767583
0.02059385900682484,0.022777094144864125,-0.13220004551710884,-0.04291383646924148,1,0.08928620904786735
0.010886469973553858,0.030430770987669234,-0.15690864116227785,-0.03762001889061445,1,0.1192886222716634
0.014515904258435533,0.025836947883207527,-0.14427531359265122,-0.04299447789047772,1,0.1012808357021735
0.013320048632900067,0.02389371846691376,-0.1416624395622509,-0.04799906317194897,1,0.09366337639030195
0.016318035713508802,0.023352946056799856,-0.13760453855781893,-0.046060990015163485,1,0.09154354854265545
-0.032874552581048086,0.023815651800439288,-0.1877040301099091,-0.09434667505218708,1,0.09335735505772202
-0.03190164073855105,0.02299170293827879,-0.1851161784975775,-0.09498870297952462,1,0.09012747551805288
-0.015746016174523925,0.02798801239155066,-0.17875332046196324,-0.06904031188708463,1,0.1097130085748786
-0.05650476028553418,0.02962675501223542,-0.2227240001095156,-0.10658712046155278,1,0.11613687964796282
-0.0033459791868989675,0.024372460774172152,-0.1592668023042764,-0.06372675606952155,1,0.09554004623475484
-0.015285467774752579,0.027795395468639177,-0.17791524289328536,-0.0689572926562198,1,0.10895795023706556
-0.00664591447521172,0.025163219972439442,-0.16411662562119303,-0.06547680332923042,1,0.09863982229196261
0.016499874505539622,0.02314471657364049,-0.13701456997879574,-0.046287281010125025,1,0.09072728896867072
0.0029329918486253326,0.024076769517341192,-0.15240827640536342,-0.05802733989738594,1,0.09438093650797748
0.014585297205037318,0.026173028019384138,-0.1448646377129556,-0.04226636787696978,1,0.10259826983598583
-0.01871420201791578,0.021898760752476487,-0.1697865730927697,-0.08394343094306186,1,0.08584314214970784
-0.02239688937637986,0.02541969264949866,-0.18037028696939725,-0.08072509178336248,1,0.09964519518603476
0.013632321020907903,0.02416216325446277,-0.14187631895783914,-0.047160639000345075,1,0.09471567995749407
-0.01279264414135678,0.02739161787719495,-0.17463101518065888,-0.06725587310205469,1,0.10737514207860419
-0.02195722983750585,0.0234998869953144,-0.17616780834832207,-0.08404825132668964,1,0.09211955702163244
0.02391860880605691,0.024243478411571127,-0.1317494088806225,-0.03671497350726369,1,0.09503443537335882
0.02191995317337178,0.025184584888280622,-0.13559263320765824,-0.036869060445598206,1,0.09872357276206004
-0.009204819577255982,0.022813606507741696,-0.1620702883324297,-0.07264095082208227,1,0.08942933751034743
0.008971027336168794,0.02380124582708217,-0.14583021448491226,-0.05252933084275016,1,0.0933008836421621
-0.03721900408313504,0.025422740998806613,-0.19519837644079602,-0.09554123172547409,1,0.09965714471532193
0.00465435009300888,0.024087316783755267,-0.15070759080315144,-0.05628530901083081,1,0.09442228179232062
0.0326578176395388,0.024989141950770438,-0.12447170058397125,-0.026514264136951148,1,0.0979574364470201
-0.03396361601599261,0.02547806170792893,-0.1920514169635333,-0.09217741506845192,1,0.09987400189508139
0.05154593977897464,0.025251605300615376,-0.1060980066102315,-0.00711171383181923,0,0.09898629277841227
0.007074506436512307,0.023389877537692987,-0.14692045353736594,-0.05523213358960945,1,0.09168831994775649
0.013186981397722133,0.020795789625040563,-0.13572356626735738,-0.05420407093719837,1,0.08151949533015901
0.005542250767125556,0.024926110342090926,-0.15146372550337267,-0.053753372962376235,1,0.09771035254099644
0.011066977933193,0.026785217210481587,-0.1495828477993509,-0.04458479633426309,1,0.10499805146508781
-0.009387103038928993,0.025382414888218262,-0.1672874362198368,-0.0677883698580212,1,0.0994990663618156
-0.018116527721748085,0.0229529064049614,-0.17125502427547243,-0.08127963116802375,1,0.08997539310744868
0.004950321825629739,0.022221479922561505,-0.14675457882259083,-0.059646377526149714,1,0.08710820129644112
0.01796857969392468,0.023718503043926222,-0.1366704862721707,-0.04369395433997993,1,0.09297653193219077
-0.019962608724125572,0.02377826179675728,-0.17471880184576985,-0.0815080156024813,1,0.09321078624328855
0.015860693827574185,0.024374469715135388,-0.14006406681409117,-0.04451614553076046,1,0.0955479212833307
0.03094527678459899,0.022320724122521687,-0.12095414249554352,-0.033456903935258506,1,0.08749723856028502
0.010495843423853485,0.022925821233484894,-0.1425895661937769,-0.05272034695851613,1,0.08986921923526078
0.03896717371766062,0.0246484389404361,-0.11749456660559414,-0.020872685959084633,1,0.0966218806465095
0.021645934991443933,0.024753527479288807,-0.13502177886796213,-0.03798795114915001,1,0.09703382771881211
0.011336800216943804,0.02483945457889799,-0.14549933075769625,-0.048128668808416146,1,0.0973706619492801
-0.007696906988486726,0.021983924509354342,-0.15893619902682124,-0.07275921495015222,1,0.08617698407666902
-0.03167841599390171,0.02906428797330556,-0.1967952204215806,-0.08286321156622282,1,0.11393200885535777
0.021823904260617547,0.024564910026664617,-0.1344741193916451,-0.03817967208711981,1,0.0962944473045253
0.030600445390433773,0.021800965524425966,-0.12028024703744113,-0.03482046218169134,1,0.08545978485574979
-0.01953597437605291,0.02604413297600827,-0.17873327500902914,-0.0766402737430767,1,0.10209300126595243
-0.010013073953109242,0.0237670355468709,-0.16474726362497621,-0.07158048428124228,1,0.09316677934373394
-0.022104116240096547,0.025314151095247144,-0.17987065238678096,-0.08063918009341214,1,0.09923147229336882
0.024236135886799973,0.024413465002666904,-0.13176505551842715,-0.036064272707972904,1,0.09570078281045424
-0.002513035574518957,0.024177145417021654,-0.1580510405918814,-0.06327663055715652,1,0.09477441003472489
0.06437277610804026,0.0243850807812116,-0.09157278222313447,0.004016734439214985,0,0.09558951666234947
0.04143298038428955,0.025903221214029822,-0.1174881331952089,-0.015947506036212,1,0.1015406271589969
0.00029370638082029665,0.023268769279726126,-0.1534638814074429,-0.0622503058309165,1,0.0912135755765264
0.008843538469434906,0.02434902828082584,-0.14703135696098374,-0.05158316610014645,1,0.09544819086083728
-0.017286328468068143,0.027028155246496648,-0.17841231275120156,-0.07246194418493472,1,0.10595036856626684
-0.004120804731946176,0.02363685347045755,-0.15859983753404297,-0.06594337192984939,1,0.09265646560419358
-0.002156720027865641,0.021719859543001742,-0.15287844473214907,-0.06773659532358223,1,0.08514184940856684
0.044434014788573145,0.029412557440060917,-0.12136539779394626,-0.0060681726289074644,1,0.11529722516503879
-0.03352960300588388,0.031896590634333574,-0.20419772064917768,-0.07916308536259008,1,0.1250346352865876
0.0012600820582186895,0.02267974060274557,-0.15134300952316262,-0.0624384263604,1,0.08890458316276262
-0.007122150051722731,0.02472629581954772,-0.16373648985803627,-0.0668094102454092,1,0.09692707961262706
0.021743682626996524,0.03173884550249002,-0.14861525455788394,-0.024198980188123033,1,0.12441627436976091
0.005148753008478543,0.025798044724665185,-0.1535662146518652,-0.0524378793311777,1,0.1011283353206875
-0.00046741197815469704,0.02683844371043075,-0.16122156165059898,-0.056014862305710435,1,0.10520669934488855
-0.0031478566810814734,0.030175166428043233,-0.17044198288004622,-0.05215533048211674,1,0.11828665239792949
0.01732869879777614,0.021234743824607563,-0.13244219909845467,-0.049202003305993045,1,0.08324019579246163
0.025260615353764254,0.0247062091433843,-0.13131435456726898,-0.03446601472520252,1,0.09684833984206645
0.014592513940171609,0.02250744389359588,-0.13767287609127632,-0.049443696028380474,1,0.08822918006289585
0.010280769653930127,0.024531138104016283,-0.1459510610299418,-0.049788999662197964,1,0.09616206136774383
0.05242986356605526,0.025050785663248545,-0.1048204763339119,-0.0066213965339776,0,0.0981990797999343
0.007180772615753658,0.025678028640963607,-0.151298963520535,-0.050641091247957674,1,0.10065787227257733
0.00681522132472151,0.023150881439162177,-0.14671130629603635,-0.05595985105452063,1,0.09075145524151572
-0.0078807565748725,0.02899185471992078,-0.17285559182591723,-0.059207521323827776,1,0.11364807050208944
0.06008508762646814,0.02403530970081218,-0.09517491938712375,-0.0009565053599399978,0,0.09421841402718376
0.01871711822228081,0.02257522210178251,-0.13368111709721292,-0.04518624645822548,1,0.08849487063898745
0.006389099473575424,0.02487494896929443,-0.15051660050624166,-0.053006800546607495,1,0.09750979995963416
-0.024346316100612567,0.025125073791954312,-0.18174226073284303,-0.08325197146838212,1,0.0984902892644609
0.001497272662067034,0.022942002384846512,-0.15161985201223213,-0.06168720266363381,1,0.08993264934859832
0.03225732799257644,0.025373702212690988,-0.1256259283442979,-0.02616101567054923,1,0.09946491267374866
0.02044853337167278,0.02368054349451591,-0.1341161318775784,-0.041288401379076044,1,0.09282773049850235
-0.007822335262662725,0.02619434478321682,-0.1673140510377677,-0.06463221948755776,1,0.10268183155020993
0.01160297263346928,0.021142462403407176,-0.1379870536772088,-0.05510860105585266,1,0.08287845262135612
0.029844065024731914,0.025525019894999706,-0.12833577396946752,-0.02827769598106867,1,0.10005807798839886
0.006578645231205299,0.024405842960556166,-0.1494076069714848,-0.05373670256610462,1,0.09567090440538019
0.033015005484718446,0.030626649042125486,-0.13516402663784752,-0.015107562392715608,1,0.12005646424513192
-0.036938708730636524,0.03355211332677019,-0.2108516508511061,-0.07932736661016696,1,0.13152428424093915
0.010858595115342179,0.02353614101262135,-0.14342304126939567,-0.051161368499919986,1,0.0922616727694757
-0.007941431708991531,0.02410830966144027,-0.16334451864541447,-0.0688399447725686,1,0.09450457387284586
-0.03721587806082792,0.02162424109816074,-0.18775019061322296,-0.10298316550843288,1,0.08476702510479008
0.0013257031285310444,0.02428427255647577,-0.15442227108216147,-0.05922792266077645,1,0.09519434842138502
-0.01046402801687836,0.022267298693003035,-0.1622587334551643,-0.07497092257859242,1,0.08728781087657189
0.019914691043328644,0.02419474592097147,-0.13565781096177543,-0.04081440695156728,1,0.09484340401020815
0.019714273838335447,0.024868998161419045,-0.13717976255804587,-0.03969328976528323,1,0.09748647279276264
0.035283329487218074,0.02682997324175424,-0.12545421806662024,-0.02028072295894362,1,0.10517349510767662
0.025290728828798376,0.023507253822804327,-0.1289342886638981,-0.03678585367850515,1,0.09214843498539296
0.010218440082789992,0.024664871746180383,-0.14627550853972357,-0.04958921129469646,1,0.09668629724502711
0.0007497883547686462,0.02542203469053691,-0.1572281996386837,-0.057573823651779016,1,0.09965437598690469
0.003586960875748585,0.028279072789571622,-0.1599908217918118,-0.04913685645669104,1,0.11085396533512075
-0.04309791203895018,0.024984852520991096,-0.20021902298009273,-0.10227840109780764,1,0.09794062188228508
0.018079284756746347,0.026313820653897473,-0.1416466037248927,-0.03849642676161461,1,0.1031501769632781
0.012311154795381307,0.027176153149958526,-0.1491049053785374,-0.04257438503069999,1,0.10653052034783742
0.00257511351785962,0.024522464639412787,-0.15363971717538943,-0.05751165578889132,1,0.09612806138649811
0.012551917979633356,0.022804576118275903,-0.1402958512121874,-0.05090191282854588,1,0.08939393838364153
-0.00755554127553891,0.028614187500917865,-0.17179014877733795,-0.0596225337737399,1,0.11216761500359805
0.017431523557121548,0.026054386471333197,-0.1417858739266915,-0.03965267895906539,1,0.10213319496762611
-0.017569933907073773,0.030951595083051738,-0.18638586026985518,-0.06505560754429238,1,0.1213302527255628
-0.021714675064121905,0.03027711260096317,-0.18920861576200973,-0.07052233436623409,1,0.11868628139577564
0.012668510239694092,0.02457711893756986,-0.14365344287794285,-0.04731113664266899,1,0.09634230623527386
0.019447367593097828,0.02302143896094465,-0.13382545277035368,-0.04358141204345067,1,0.09024404072690301
-0.0055088180665783665,0.02215884885627431,-0.15709096182487603,-0.07022827430828073,1,0.0868626875165953
-0.0017641002510168785,0.02473570160132875,-0.15839687538962122,-0.06143292511241254,1,0.09696395027720868
-0.008203066024930941,0.022302255943667495,-0.16006628767451925,-0.07264144437534266,1,0.08742484329917659
-0.0006883548021286295,0.02355078138746617,-0.15499868632156233,-0.06267962328269494,1,0.09231906303886739
0.0028569325646242844,0.021711029867249175,-0.1478474859751841,-0.06274024889556734,1,0.08510723707961676
-0.0020152717789320845,0.022742388745345406,-0.1547411537198091,-0.06559098983805509,1,0.08915016388175401
0.04089454259866214,0.024381484811480645,-0.11504396763183994,-0.0194685471708358,1,0.09557542046100415
-0.004414317451361574,0.02359878480650381,-0.15881873567210905,-0.06631149923061411,1,0.09250723644149494
0.04206704917266117,0.024954712404852288,-0.11499498714084933,-0.017172514513828348,1,0.09782247262702098
0.02172849066824674,0.026447862128674417,-0.13826011910395514,-0.03458449955955141,1,0.10367561954440373
0.014242459302725483,0.025633609324902856,-0.14415021497408412,-0.04366646642046493,1,0.10048374855361919
0.0002302682101163328,0.023189428244607884,-0.15337181114931514,-0.06246925243045222,1,0.09090255871886292
0.016221377501767664,0.026791976609293916,-0.1444416966524484,-0.039417148344016266,1,0.10502454830843214
0.006947425091269638,0.021811363866853,-0.14395364808776223,-0.05845310172969849,1,0.08550054635806374
0.020836177842934733,0.023247860420854374,-0.13288042858193985,-0.0417488157321907,1,0.09113161284974916
0.008190115664655329,0.022871638548306993,-0.1447890958900264,-0.05513227278066297,1,0.08965682310936343
-0.0056147071082370825,0.0284883339105025,-0.16960264157282198,-0.057928372643652186,1,0.11167426892916979
0.017013602791998858,0.023446542800170108,-0.13709242109633457,-0.04518197331966774,1,0.09191044777666683
0.022467045478798423,0.02179669461784541,-0.12840527597217857,-0.042962233070224586,1,0.08544304290195398
8.16335531470952e-05,0.024684503900299564,-0.15645079409144005,-0.059687538802265766,1,0.09676325528917429
-0.018152335160736957,0.023045449826898864,-0.17147221682145874,-0.08113405350001518,1,0.09033816332144357
0.0382947870323892,0.024766133243988235,-0.11839763412582774,-0.021314391809393866,1,0.09708324231643387
0.041016988604835866,0.024886668873422915,-0.11591168238707306,-0.01835594040325523,1,0.09755574198381783
-0.0022161404227455384,0.024032582974557536,-0.1574708030528783,-0.06326307779261278,1,0.09420772526026552
0.03015788986198399,0.02845627763381677,-0.13376721430029687,-0.022218605975735148,1,0.11154860832456172
0.05075446494212561,0.026080331785223704,-0.10851378535691285,-0.006278884758835937,1,0.10223490059807691
0.051089061510915294,0.022891492553351364,-0.10192906389365339,-0.012194413084516041,0,0.08973465080913734
0.008239800791313312,0.023433927728720518,-0.1458414975569789,-0.05398050086039448,1,0.09186099669658442
-0.02925425256273255,0.027172359893858977,-0.19066287795469616,-0.08414722717076896,1,0.1065156507839272
0.01812195296965964,0.025544976358582886,-0.14009700069316283,-0.03996069336751791,1,0.10013630732564492
-0.033375351233736236,0.024873140487950387,-0.190277506590119,-0.09277479587735349,1,0.0975027107127655
-0.018652160059799708,0.028268486628574938,-0.1822091938518066,-0.07139672626779284,1,0.11081246758401375
0.07390503049744411,0.024571422943720764,-0.0824057584722486,0.0139142194671368,0,0.0963199779393854
-0.005216703325482533,0.025289278145943568,-0.16293448849153191,-0.06380051815943315,1,0.09913397033209877
-0.008808687644760282,0.024087495720755154,-0.1641709792574404,-0.06974799603208018,1,0.09442298322536022
-0.035620683446418486,0.024791940746044145,-0.19236368730866502,-0.09517927958417197,1,0.09718440772449305
-0.01961825869130289,0.021547173124010353,-0.1700015180143632,-0.0855365993682426,1,0.0844649186461206
-0.00566482934622127,0.025863912563905647,-0.16450889797147633,-0.0631223607209662,1,0.10138653725051013
-0.024179903407519673,0.02833517708563533,-0.1878676504953649,-0.07679375631967444,1,0.11107389417569047
0.022367891791446923,0.026967477922017185,-0.13863916493570677,-0.0329266514813994,1,0.10571251345430738
-0.018677279752016093,0.02305025222517557,-0.1720065741133602,-0.08164958539067199,1,0.09035698872268821
0.056759475971852866,0.02548717822775427,-0.1013461933545455,-0.0014364547017487739,0,0.09990973865279673
0.01862287030377996,0.02870153601330768,-0.1457829402823031,-0.033272919110136995,1,0.1125100211721661
0.00874311433292528,0.02428152925390525,-0.146999483004729,-0.05181588832942043,1,0.09518359467530857
-0.008977340167523579,0.023528737709508207,-0.16324446607815968,-0.07101181425688749,1,0.09223265182127219
0.03333602921381651,0.02561148401632805,-0.12501327945818647,-0.02461626211418052,1,0.10039701734400594
-0.024401397924701376,0.023323453202239892,-0.17826616620109156,-0.0868382296483112,1,0.09142793655278036
0.015471116687492903,0.021967716370158565,-0.1357364073980179,-0.04962295922699631,1,0.0861134481710216
-0.014393473399379283,0.025212531736073848,-0.17196083560208403,-0.07312771119667455,1,0.09883312440540948
0.026184616689482396,0.02743220840091904,-0.13573331177631892,-0.02819905484471629,1,0.10753425693160262
0.0005583486408805571,0.023039676292010747,-0.1527502168914605,-0.062434685826778386,1,0.09031553106468213
-0.05027914704197163,0.023179353750102962,-0.20386148039217344,-0.11299841369176983,0,0.09086306670040362
-0.010441802389020857,0.024577433177004376,-0.16676437141594944,-0.07042083336209229,1,0.09634353805385715
0.017043906871546985,0.021486564483222833,-0.13322055951556977,-0.04899322674133627,1,0.0842273327742335
-0.01057538250925888,0.027373409102467907,-0.17237806435009598,-0.06507430066842179,1,0.10730376368167419
0.04625663205501324,0.02448303887906375,-0.10988092414795171,-0.013907411742021814,1,0.0959735124059299
0.035042476946636994,0.024718380263119098,-0.12155634836907644,-0.024660297737649578,1,0.09689605063142687
-0.0063628787696747985,0.02252933537993612,-0.1586711761143496,-0.07035618142500001,1,0.0883149946893496
0.03532477557499655,0.0208404641300224,-0.11367333411984736,-0.03197871473015955,1,0.0816946193896878
0.020224173487749145,0.02768167609607451,-0.1421827116605569,-0.033670541363944824,1,0.10851217029661209
-0.025359208062822755,0.021555643978416618,-0.17575907026051935,-0.09126094586512619,1,0.08449812439539316
0.006068312327453862,0.023937936671710236,-0.1490008435490982,-0.05516413179599408,1,0.09383671175310412
0.016708774420799863,0.02998900235988023,-0.1502204702045654,-0.03266358095383489,1,0.11755688925073049
0.0237067486887632,0.030305980274481465,-0.1438437726492205,-0.025044329973253135,1,0.11879944267596736
0.0009788359193372564,0.020570852168627217,-0.1474908343311721,-0.0668530938301534,1,0.0806377405010187
0.03622403749545941,0.026243882564141178,-0.1233647723302573,-0.020488752678823885,1,0.10287601965143342
0.018564409172389454,0.029758122925888152,-0.1479123117623513,-0.03126046989286978,1,0.11665184186948153
0.03755635407890437,0.024428888885093116,-0.11847506813587814,-0.022713823706313127,1,0.09576124442956502
-0.008185796004706633,0.02155934481127306,-0.15859291183480184,-0.07408028017461143,1,0.08451263166019041
-0.016117405080870048,0.02246819767181827,-0.16830587251763385,-0.08023053764410625,1,0.0880753348735276
0.023077606212694043,0.02732661119966874,-0.1386333517386567,-0.03151303583595523,1,0.10712031590270148
0.006765097803592884,0.023884885219642483,-0.1482000772269064,-0.05457132716590785,1,0.09362875006099855
-0.02760291437252317,0.024879991820129434,-0.18451849833997686,-0.08698893040506948,1,0.09752956793490737
-0.0015993758487389403,0.0243204071664485,-0.157418173894978,-0.06208217780249989,1,0.09533599609247811
0.026196708049731787,0.021216663532685812,-0.12353875247433241,-0.04036943142620403,1,0.08316932104812838
0.009917938962747258,0.022180582974144773,-0.1417068036665765,-0.05475891840792899,1,0.08694788525864752
0.020731492429983678,0.022870039699782286,-0.13224458538158962,-0.04259402975844305,1,0.08965055562314657
-0.014876850930953492,0.02890901596205815,-0.17968932221658748,-0.06636597964531951,1,0.11332334257126797
-0.06166936886200179,0.031772546282850866,-0.2320943595763895,-0.1075459781476141,1,0.12454838142877539
-0.028669728542415354,0.026135195212376748,-0.1880455111586738,-0.08559554592615692,1,0.10244996523251687
0.002671216007710031,0.024307087594763434,-0.1531214756780263,-0.05783769230655365,1,0.09528378337147267
0.009326842673967883,0.026437160905141133,-0.15064079270010874,-0.0470071219519555,1,0.10363367074815324
-0.007183804145380043,0.028050953036125547,-0.1703144720961861,-0.060354736194573974,1,0.10995973590161214
-0.00857978588812397,0.024294218956149707,-0.1643472550421774,-0.06911391673407055,1,0.09523333830810685
-0.024064392766012258,0.023765310983504158,-0.1787952022936804,-0.08563518323834411,1,0.09316001905533629
0.06860158230708027,0.02796468577860715,-0.09436000181898976,0.015261566433150277,0,0.10962156825214003
-0.0060745921093006555,0.022177715769343305,-0.15769371501721352,-0.07075706920138779,1,0.08693664581582573
0.03044072020224292,0.023069368140412095,-0.12292604135296478,-0.03249411824254938,1,0.0904319231104154
-0.02491983123946577,0.021119201871080105,-0.1744642669067828,-0.09167699557214877,1,0.08278727133463402
-0.0176245779389083,0.024077838209458136,-0.17296794082944625,-0.07858281504837036,1,0.09438512578107588
0.0021871814403798956,0.02760839869040809,-0.16007607999281998,-0.05185115712642025,1,0.10822492286639973
0.043520646034668126,0.022340619143588078,-0.10841776748676452,-0.02084254044389925,1,0.08757522704286527
-0.040645116950704344,0.027799413744779056,-0.20328276789047128,-0.0943090660109374,1,0.10897370187953388
0.025330370892647655,0.02322058631498371,-0.12833277828472042,-0.03730807992998428,1,0.09102469835473614
0.02708792816112414,0.022680203465867396,-0.12551607063197595,-0.03660967304577577,1,0.08890639758620018
-0.0001850511209497696,0.02713212958375967,-0.16151482510511872,-0.05515687713678082,1,0.10635794796833789
0.021762778636593358,0.02542758254404965,-0.13622608314974397,-0.03654995957706934,1,0.09967612357267464
0.020986847829586916,0.0271982077996221,-0.1404724394576724,-0.033855464883153774,1,0.10661697457451863
0.015025128184180545,0.027353167739673688,-0.1467378805855799,-0.03951346304605903,1,0.10722441753952087
0.0015997732663252384,0.023082298184704333,-0.15179233117569527,-0.061309722291654274,1,0.090482608884041
-0.01221116321809497,0.029009561259306364,-0.17722070328633543,-0.0635032231498545,1,0.11371748013648093
0.015231757370182564,0.025790860048516263,-0.14346912832490932,-0.04236895693472557,1,0.10110017139018376
-0.01855837951509777,0.02583882441914662,-0.17735327537662515,-0.0760650836535704,1,0.10128819172305475
0.04471594532778697,0.02319844797647554,-0.1089038127061051,-0.017965896638320974,1,0.09093791606778412
-0.019562449178852734,0.021915498477799326,-0.17066762619533943,-0.08475887216236605,1,0.08590875403297338
0.04144852011264792,0.024205652935201886,-0.11414535964034778,-0.01925920013435639,1,0.09488615950599139
0.004125360001433834,0.02379385015213625,-0.1506613862967532,-0.05738949370037912,1,0.09327189259637408
0.01708359296787311,0.023871073800006515,-0.13785451168013968,-0.044279902384114125,1,0.09357460929602555
0.006531917867250006,0.022697326690732975,-0.14610564244658664,-0.05713212181891337,1,0.08897352062767327
0.020829242318852595,0.0273820702806532,-0.14099041543122767,-0.03365269993106714,1,0.10733771550016052
-0.02103373415105471,0.021630375655678224,-0.17158007043618403,-0.0867889978659254,1,0.08479107257025864
0.042364321349807665,0.024732533508160737,-0.11426224432618738,-0.017310712974197298,1,0.09695153135199008
0.008332962001768696,0.02543672585103799,-0.14967382066626578,-0.04996185533019685,1,0.09971196533606894
-0.004613693728969595,0.030564093725814402,-0.17267011743156582,-0.05285887002637337,1,0.11981124740519244
0.007385734716782777,0.027172471137819492,-0.15402310871334343,-0.047507021853091025,1,0.1065160868602524
0.005125168455409793,0.022531740400593116,-0.14718784272975272,-0.05886342035942771,1,0.088324422370325
0.019123308019479784,0.021994231042905123,-0.13213618482461426,-0.04591879913642618,1,0.08621738568818807
0.019888235366493964,0.022407060489946312,-0.1321804031938008,-0.04434472607321127,1,0.08783567712058954
0.018004558078435276,0.022695780243540426,-0.13462997119890396,-0.045662512644225495,1,0.08896745855467847
0.0162676777717351,0.02449366807050792,-0.13989071164646041,-0.04387553281006939,1,0.09601517883639102
-0.02745590789865103,0.02915817914152104,-0.19275673901603227,-0.0784566767812698,1,0.11430006223476247
0.0658552974204707,0.025717119479554403,-0.09270105675945593,0.008110051600397322,0,0.10081110835985325
-0.027088187384411336,0.02843554605298052,-0.19097265764825316,-0.07950531712056952,1,0.11146734052768364
0.0021995052192334275,0.023151009146789345,-0.15132727270847368,-0.06057531685305946,1,0.09075195585541422
0.027220780697251354,0.024161099024319434,-0.12828577339041475,-0.03357426521508256,1,0.09471150817533219
0.014313736065487345,0.02261444278671448,-0.13816137179647303,-0.04951275607255228,1,0.08864861572392074
0.03941847234146881,0.023873242914218676,-0.1155238837703998,-0.021940771546662595,1,0.09358311222373719
0.025555119320108843,0.02716966341512663,-0.13584822097353935,-0.029343140386242965,1,0.10650508058729638
0.011229595441986276,0.023403095863505453,-0.14279127245048442,-0.05105113666554304,1,0.09174013578494139
0.05162614659061566,0.023796264745073382,-0.10316533230972819,-0.009883974509040515,0,0.09328135780068766
-0.013380892607961353,0.02310639124853109,-0.1668202194550823,-0.07624316576084042,1,0.09057705369424188
-0.030931657084110206,0.02309210524381645,-0.18434298336199045,-0.09382193080622997,1,0.09052105255576048
0.05258636578644819,0.028802546461416348,-0.11201742527792785,0.0008885568508242223,1,0.11290598212875208
-0.015374656277905796,0.02216657344377001,-0.16697194022769501,-0.08007897232811659,1,0.08689296789957843
0.0383261052024689,0.022010409900755458,-0.1129650982030118,-0.026684291392050405,1,0.0862808068109614
-8.413701130408069e-05,0.022241513751316132,-0.1518283039638837,-0.06464157005872447,1,0.08718673390515923
0.04395681349301962,0.024696427149716656,-0.11259898372042502,-0.01578898929353574,1,0.09680999442688928
0.06304871457257935,0.025497205978658236,-0.0950766091455908,0.004872438290749487,0,0.09994904743634028
-0.010778531309161052,0.030596166490283662,-0.17889781763011703,-0.05896084498820508,1,0.11993697264191194
0.009641733880203757,0.023769494457506386,-0.14509727525650876,-0.051920856983083734,1,0.09317641827342502
-0.005687454766555175,0.020609211265479273,-0.15423230884689454,-0.07344420068621581,1,0.08078810816067873
-0.0031507601718332584,0.0219127490195562,-0.1542505482501634,-0.06835257209350312,1,0.08589797615666028
0.0019382406828011012,0.023671211672387338,-0.15260813419507807,-0.05981698443931972,1,0.09279114975575835
0.022576444588798747,0.021181012193394636,-0.12708913931025473,-0.044059571512147774,1,0.08302956779810695
0.035313623832566546,0.022617308584201783,-0.11716710099246896,-0.02850725134239796,1,0.08865984965007101
0.018458075035914345,0.02274416286526019,-0.13427128417999562,-0.045114165748175686,1,0.08915711843181993
0.05463103174186012,0.025598715156102313,-0.10369324996410043,-0.0033462865521793547,0,0.10034696341192106
-0.020099225849137217,0.02390336715854003,-0.17510062547987568,-0.08139942621839877,1,0.09370119926147691
0.013546346956021929,0.02868145111191587,-0.15082009722333317,-0.038388808864622974,1,0.11243128835871019
-0.031103737058937028,0.02520664949627204,-0.18865957007163023,-0.08984950404624384,1,0.09881006602538639
-0.0024064168027164434,0.026856452421062407,-0.16319586354799875,-0.05791857005743413,1,0.10527729349056462
0.0009667918692341931,0.024481980594809497,-0.15516869009659243,-0.0591993261649392,1,0.09596936393165323
-0.03021725635868712,0.022314940807276452,-0.18210534034094897,-0.09463077237642528,1,0.08747456796452369
-0.04586927498232081,0.030181824289472605,-0.21317645058968712,-0.09486369937495451,1,0.11831275121473261
0.009936499086917919,0.029007283659309942,-0.15506857688532957,-0.0413600249408346,1,0.11370855194449497
-0.02545150860145752,0.023800058525823013,-0.18025042331207064,-0.08695419389084443,1,0.09329622942122621
0.01707901194478112,0.024089871143409963,-0.13828793549630242,-0.04385564061413536,1,0.09443229488216706
0.025826346201924463,0.024685294992407684,-0.1307076319831946,-0.033941275612956484,1,0.09676635637023812
-0.00550179411267121,0.02223283254773831,-0.15722894590623832,-0.07007624231910413,1,0.08715270358713419
0.011598739152898913,0.02437577117275256,-0.1443285723456961,-0.04877554934850608,1,0.09555302299719001
-0.040588469632893934,0.028459359596674536,-0.20451961444237604,-0.09295892482341185,1,0.11156068961896419
-0.007507235740748824,0.02252290966054647,-0.1598029386754199,-0.07151313280607775,1,0.08828980586934214
1.2432848286114684e-05,0.02376252997908295,-0.15471292591071648,-0.061563808392711306,1,0.09314911751800517
0.009397554236107691,0.03103369723583939,-0.15957929234613752,-0.037927199181647116,1,0.12165209316449041
-0.032047149522100596,0.026832544664349606,-0.19278973706422584,-0.08760616197997537,1,0.10518357508425047
0.006566534864777804,0.024099317254760208,-0.1488189269545522,-0.0543496033158922,1,0.09446932363866001
-0.013007926524025673,0.02229990991878251,-0.1648665499648394,-0.07745090308321195,1,0.08741564688162745
0.00036657456034684677,0.02075675432867767,-0.1484674639238614,-0.06710098695544492,1,0.08136647696841648
0.00567626625762406,0.022995580898645913,-0.14754587230372193,-0.05740319518102996,1,0.09014267712269197
0.015249527200242655,0.028288753739657703,-0.14834723012948645,-0.037455315470028255,1,0.11089191465945819
0.0027072789300104233,0.02439874032291383,-0.1532650521029007,-0.05762199003707848,1,0.09564306206582222
-0.021986365695926532,0.026615268105885586,-0.18230309118346227,-0.07797124020839079,1,0.10433185097507149
-0.00781256570288355,0.02584959485795679,-0.16662857162447886,-0.06529815978128825,1,0.10133041184319061
0.04118327185879932,0.02440993295472307,-0.1148109967324579,-0.01912405954994347,1,0.09568693718251442
0.06169645059880539,0.024455053589725127,-0.09438625443705587,0.0014775556346666302,0,0.0958638100717225
0.012361434742302183,0.02550271881494461,-0.14577469413498925,-0.04580403638040639,1,0.09997065775458286
-0.02223079729917797,0.02406603245125091,-0.17755102090362976,-0.0832121736947262,1,0.09433884720890356
-0.029182226599479236,0.029874710490126986,-0.19588745916012812,-0.07877859403883035,1,0.11710886512129777
0.020821639999767314,0.026125827605273495,-0.13853578210656875,-0.03612253789389664,1,0.10241324421267212
0.04472433819935365,0.02225277081075049,-0.10704189258971732,-0.0198110310115754,0,0.08723086157814192
-0.005203913183255318,0.02750314513137126,-0.167260877640743,-0.05944854872576765,1,0.10781232891497533
0.0009444515189071107,0.026537334941034534,-0.15921952496552058,-0.05519317199666521,1,0.10402635296885537
-0.016915402625255135,0.02626222855824569,-0.17654017059941668,-0.07359223465109359,1,0.10294793594832309
0.02059435175391114,0.02486966037494969,-0.13630098258099027,-0.038811913911187476,1,0.0974890686698028
0.03746689325582868,0.026237464409376587,-0.12210933698654944,-0.019258476501793215,1,0.10285086048475622
0.01400234298546589,0.021973274317329174,-0.1372160746764993,-0.051080839352568935,1,0.08613523532393036
0.018848599010830955,0.023215580452692175,-0.1348047386764457,-0.04379966330189239,1,0.09100507537455332
0.009750938785171526,0.022285192055452985,-0.14207883764351634,-0.05472088478614063,1,0.08735795285737571
-0.026117945617544977,0.023296184449557642,-0.17992926713867796,-0.088608224096412,1,0.09132104304226596
0.016324072970090864,0.023051235282665387,-0.1370071481839333,-0.04664630587588498,1,0.09036084230804833
0.012974536960755345,0.025431941776086948,-0.14502286892037508,-0.045329657158114246,1,0.09969321176226084
0.036729908451422974,0.02306209295092433,-0.11662259373238873,-0.02621918936476534,1,0.0904034043676234
-0.023364100982510308,0.022092345270950345,-0.17481589771357298,-0.08821390425144764,1,0.08660199346212534
0.0033712762364628557,0.029143690417552107,-0.16190115698193927,-0.04765789054513502,1,0.11424326643680424
-0.011502946391615726,0.02327048516542552,-0.16526389731584976,-0.0740435954673817,1,0.09122030184846805
0.03248730318021516,0.023836859625656646,-0.12238374168607188,-0.02894325195349782,1,0.09344048973257407
-0.0012763709512139537,0.022392722311187743,-0.15331690668114192,-0.065537435221286,1,0.08777947145985593
-0.004510921103918736,0.023624666721643216,-0.15896606787833945,-0.06635737432949804,1,0.09260869354884141
-0.015479664527804457,0.022198913333414064,-0.16714033466129602,-0.0801205943943129,1,0.08701974026698311
-0.003754744156937384,0.02417498026700311,-0.1592885054802635,-0.06452258283361129,1,0.0947659226466522
0.010539737324422371,0.023374199864872807,-0.14342449441072833,-0.051797630940426935,1,0.09162686347030138
0.017235070753236104,0.023848212591287075,-0.13765822592568658,-0.04417323256784123,1,0.09348499335784535
0.011494781728272396,0.02490951190043036,-0.1454786615965711,-0.047833374946884104,1,0.097645286649687
0.014995066527932463,0.023526002668708194,-0.13926669870273561,-0.047044768241399484,1,0.09222193046133613
0.018174458397889198,0.02224965127761827,-0.13358565810624262,-0.046367025097979,1,0.08721863300826363
-0.0020597693199685824,0.020950164723736134,-0.1512728921784914,-0.06914824646144577,1,0.08212464571704564
-0.01885919454091993,0.022796602553912,-0.17169133554658744,-0.08232865353525243,1,0.08936268201133502
-0.01552463937054542,0.02969230601853515,-0.18187235916687433,-0.06547851957421653,1,0.1163938395926578
-0.007463840329908392,0.022676405733361493,-0.16006039556729693,-0.07116888509251987,1,0.08889151047477706
-0.005400275313456049,0.023352966903911882,-0.15932289044512335,-0.06777926018178876,1,0.09154363026333459
0.045076388130048425,0.0225303880651901,-0.10723397247772418,-0.018914851262178983,0,0.0883191212155452
0.0027210339848905835,0.023457455609785998,-0.15140637901028997,-0.059453153019928866,1,0.0919532259903611
0.004668630863389034,0.02228171626420562,-0.147154333014454,-0.05981000525876796,1,0.08734432775568604
0.010090290631467963,0.02364898138097501,-0.14441251287524307,-0.05170850586182102,1,0.09270400701342205
0.06325575528831782,0.02387957495341252,-0.09169901162037072,0.001908922197006356,0,0.09360793381737709
-0.012158137685874496,0.027636829761899833,-0.17447712401919818,-0.06614075135255082,1,0.10833637266664736
0.021326784526185,0.02310340637548269,-0.13210669196976108,-0.041541338977868936,1,0.09056535299189214
0.00743510126826015,0.022658064558015382,-0.14512550526545,-0.05630589219802971,1,0.08881961306742031
0.01639584696113,0.028118039726136048,-0.14686631090209668,-0.03664359517564335,1,0.11022271572645333
0.03026164928547241,0.02566989946587939,-0.1282021536676512,-0.02757614776140399,1,0.1006260059062472
0.010109168752476083,0.023968107099742567,-0.14501912116301935,-0.05106414133202849,1,0.09395497983099085
-0.00333909793581795,0.026150971400065885,-0.16274580187994708,-0.06023399399168882,1,0.10251180788825826
-0.03298457309354162,0.02424351729996812,-0.18865266700147915,-0.09361807918560411,1,0.09503458781587504
0.0026360402734442318,0.0222555089806773,-0.14913555732868328,-0.06189396212442826,1,0.087241595204255
0.036343277718578745,0.023900124002384115,-0.11865176532609412,-0.024963279236748397,1,0.09368848608934571
0.007632550863720111,0.02542315066296446,-0.15034762443569022,-0.050688873836869555,1,0.09965875059882066
-0.016906463611060893,0.02319332674049523,-0.17051618402243154,-0.07959834319969025,1,0.09091784082274129
0.04057726561176353,0.026561967786426246,-0.11963499124963192,-0.015512077526841035,1,0.1041229137227909
0.003423498296449126,0.025828977397002312,-0.1553520974016754,-0.05410250600542635,1,0.10124959139624906
0.014811200219781648,0.024023996787687817,-0.14042663348408646,-0.04625256607635024,1,0.09417406740773622
-0.030678880392206884,0.022374754358616907,-0.18268419893509602,-0.09497516184931776,1,0.08770903708577826
0.000889192173710765,0.024185949114729557,-0.15466606809115918,-0.059857147561419306,1,0.09480892052973988
0.012844372866885514,0.024362957664303037,-0.14305782415514845,-0.04755503011108054,1,0.09550279404406792
0.018477696108202032,0.0218375465329062,-0.13247469509629411,-0.04687151268730182,1,0.0856031824089923
-0.03189662705911815,0.02707497176560597,-0.19311437171970586,-0.08698048239853046,1,0.1061338893211754
0.007748597561620399,0.02727475473706429,-0.15386072172302562,-0.0469436831537336,1,0.10691703856929202
0.011685902514858251,0.023785721376925882,-0.1430849113839165,-0.049844883586367024,1,0.09324002779754947
0.036404047513048376,0.023786825493622037,-0.11836893045445082,-0.025124574519452436,1,0.09324435593499839
-0.017919428724099032,0.032650330857849914,-0.19006487720548487,-0.0620755802427132,1,0.12798929696277167
-0.006788641402572362,0.023168972486041738,-0.16035062747521417,-0.06952825532993057,1,0.0908223721452836
-0.0014066269254753988,0.026535783068240643,-0.16156756173922707,-0.05754729211172375,1,0.10402026962750333
-0.027917196827550214,0.024378235720219535,-0.1838493388391805,-0.08828665481591993,1,0.09556268402326057
-0.020191719623856838,0.021643721404392753,-0.17076421357646665,-0.08592082567124705,1,0.0848433879052196
0.028575787687305634,0.024058502554053764,-0.12672967731863974,-0.032420347306748996,1,0.09430933001189074
0.012315338987525543,0.023017166082186163,-0.14094910653355935,-0.050721815491389585,1,0.09022729104216977
-0.021817919220478557,0.024046375262603222,-0.17709961473518088,-0.08283782370577625,1,0.09426179102940463
0.02313866982866311,0.022724825492810328,-0.12955278813724513,-0.040471472205428655,1,0.08908131593181648
0.029347954243842525,0.024269212102196232,-0.1263705014764621,-0.031235190035852865,1,0.09513531144060922
-0.005774654759105283,0.022993513216539304,-0.15899274066352231,-0.06885816885468826,1,0.09013457180883405
0.03484668779199816,0.02389494065227546,-0.12013819588646174,-0.026470028529541945,1,0.0936681673569198
0.05035130838047695,0.021637868491771278,-0.10020971386339475,-0.015389269375651347,0,0.0848204444877434
0.016748065317814503,0.02475444043632415,-0.13992143793738082,-0.04288403142699017,1,0.09703740651039065
0.02389866415775041,0.028191680109156212,-0.13950782885619578,-0.028996442828303423,1,0.11051138602789236
-0.0014289291143802924,0.023120179069132833,-0.15489528008988065,-0.06426417813887994,1,0.09063110195100071
0.020370609004917606,0.02178760489924572,-0.130483896597604,-0.04507648539256079,1,0.08540741120504322
0.004161777453561014,0.022941558918550382,-0.14895447802679773,-0.059023567066080244,1,0.08993091096071748
0.024559933333020437,0.02557773745761162,-0.13372323208389833,-0.0334585012500608,1,0.10026473083383752
0.04362374793515117,0.02502446154684375,-0.11357499669666257,-0.015479107433035093,1,0.09809588926362747
0.007480732247285349,0.02608916156174929,-0.15180482441374327,-0.04953531109168605,1,0.10226951332205722
-0.0016082259879521416,0.02328002345493166,-0.1553878719596182,-0.06413018001628609,1,0.09125769194333211
0.008429025026670506,0.029228959962898954,-0.15701053650061145,-0.04243301344604755,1,0.1145775230545639
0.03817123562083771,0.022758409409618482,-0.11458604682201451,-0.02537308193631007,1,0.08921296488570443
-0.03455369149526398,0.02251711025935202,-0.18683802760359394,-0.09857095538693403,1,0.08826707221665991
0.01833063817040005,0.0227820339057101,-0.13447294828479175,-0.04516737537440816,1,0.0893055729103836
0.006362022083325064,0.021796832680620836,-0.14451056997069178,-0.0590669858626581,1,0.08544358410803368
0.02021235782979172,0.03156487687912135,-0.14980560085328615,-0.026071283487130434,1,0.12373431736615571
0.022782049761353146,0.023706913732324194,-0.13183430115400227,-0.03890319932329144,1,0.09293110183071082
0.001748337040710382,0.030433196325449437,-0.16605152775717053,-0.04675339816140873,1,0.1192981295957618
0.008113072426602946,0.023440541364013225,-0.145981188646863,-0.05409426649993114,1,0.09188692214693185
0.05229845012289975,0.02340215721296462,-0.10172057801451091,-0.0099841217396896,0,0.09173645627482131
0.032578593909990614,0.024231538071474462,-0.12306602071009934,-0.028078391469919445,1,0.0949876292401799
-0.015412203292702265,0.03114204267328173,-0.18460140693233446,-0.06252459965307008,1,0.12207680727926437
0.03290264301428997,0.024561635866727143,-0.12338896328449524,-0.02710735068692484,1,0.0962816125975704
0.05490108023895178,0.023494033522263744,-0.09929802546468516,-0.007201414057411287,0,0.09209661140727388
0.02339793163826112,0.02477454565300365,-0.13331097784162604,-0.03619475888185173,1,0.09711621895977432
0.04623329278894731,0.022557979412669557,-0.10613114685988503,-0.01770386756222036,0,0.08842727929766467
0.0043759219891477685,0.027652625651924133,-0.15797402428862353,-0.049575731733080934,1,0.10839829255554259
-0.0023941566810296022,0.025445378209662417,-0.16041789797196795,-0.06067201539009127,1,0.0997458825818767
0.05075633602061851,0.02847705121902255,-0.11320948436866568,-0.0015794435900972972,1,0.11163004077856839
0.02327193518193703,0.022425414843220297,-0.12883267791077477,-0.04092505172535119,1,0.08790762618542358
0.028722947232850557,0.022535430903112386,-0.12359729733724972,-0.035258408197049174,1,0.08833888914020055
-0.021185559374887378,0.02394815307715687,-0.17627473940611485,-0.08239797934365992,1,0.09387676006245493
0.00043142686606693903,0.026324134789535197,-0.15931467732142204,-0.05612406894644408,1,0.10319060837497795
0.015767516539168677,0.02204710049084033,-0.13559560042287838,-0.04917096649878428,1,0.08642463392409411
0.04534067114560897,0.0217515057458834,-0.1054430801163225,-0.020177177592459572,0,0.08526590252386293
0.00890983663221305,0.024137473937091404,-0.14655041228448612,-0.051931514451087804,1,0.09461889783339832
-0.006722954298098466,0.021184405867918858,-0.15639518979921943,-0.07335231879697751,1,0.08304287100224192
0.015874986599454854,0.02553818173341191,-0.1423306495980325,-0.042220977203057806,1,0.10010967239497467
0.007302932893463579,0.03647031551719499,-0.1723296855202386,-0.02936604869283424,1,0.14296363682740437
0.011099178715745617,0.024586396247601037,-0.1452409579295524,-0.04886228463895636,1,0.09637867329059605
-0.017440571975269256,0.03003166291792932,-0.18445343129441072,-0.0667293126561278,1,0.11772411863828292
0.026240895199505468,0.020697365476154382,-0.12247674113375712,-0.04134306846723195,1,0.08113367266652516
-0.012225699961928335,0.026878055312957488,-0.17305748837532503,-0.06769551154853166,1,0.10536197682679337
-0.005786081503549978,0.027362544623636815,-0.16756746896587815,-0.06030629404122183,1,0.10726117492465632
-0.0050847297311343576,0.0227004341604957,-0.15772838068570594,-0.06874267877656279,1,0.08898570190914315
0.07147140568199353,0.025056065054801336,-0.08578928182541709,0.012430493189404139,0,0.09821977501482124
0.01673269748663521,0.022273252709757,-0.1350736778244885,-0.04776252720224108,1,0.08731115062224742
0.006163835867676382,0.02169122243955679,-0.14450176011385493,-0.059472168150792315,1,0.08502959196306262
0.011640368626741948,0.02137029872269871,-0.1383962168697475,-0.05462464587676859,1,0.08377157099297892
0.036541083419135034,0.028860973551626392,-0.1281772247420527,-0.015042208419677246,1,0.11313501632237546
0.014850549129846805,0.02439531616545265,-0.1411150705544404,-0.04548543118586601,1,0.09562963936857438
-0.015877055206400523,0.028630246398249307,-0.18014313814696917,-0.06791257226583189,1,0.11223056588113728
-0.01857898157126446,0.02150187591292967,-0.16887345836060663,-0.08458610478192231,1,0.08428735357868432
0.0023119813429376412,0.02133641052573029,-0.14765818328749372,-0.064019454026631,1,0.08363872926086272
0.027052474918742353,0.0237997130092747,-0.12774576257943607,-0.034450887583079244,1,0.09329487499635683
0.025721304089324243,0.022577423104892108,-0.12668124519626428,-0.03817774662508723,1,0.08850349857117705
-0.0015360361968451142,0.02215287547063964,-0.15310647211929881,-0.06626720027439142,1,0.08683927184490739
0.0158331016142174,0.02312713459138624,-0.13764688218489962,-0.04698851458666558,1,0.09065836759823404
-0.0012258592799446882,0.02830209290838991,-0.16484876138038893,-0.05390455717950047,1,0.11094420420088846
0.035161926542549043,0.02371974605428636,-0.11947957572385223,-0.026498171191049698,1,0.09298140453280254
0.01336015704517994,0.023208707188460024,-0.14027970904420173,-0.049301576865438415,1,0.09097813217876331
-0.005424907079068383,0.022178397123559505,-0.15704536544124503,-0.07010604871689176,1,0.08693931672435327
0.017412515126474237,0.022559420280402222,-0.13495474862311413,-0.046521821123937414,1,0.08843292749917672
-0.03397667473126377,0.022102615655848864,-0.18544860141672753,-0.0988063480458,1,0.08664225337092753
0.054487981428465136,0.0243315073004785,-0.10135257288047272,-0.005973064262597014,0,0.09537950861787571
-0.034494186753801406,0.026408515595827024,-0.19440567732162237,-0.09088429618598046,1,0.10352138113564191
-0.031166329741891194,0.02852544603040917,-0.19522700396149317,-0.08340725552228923,1,0.11181974843920395
-0.0017943776767155445,0.0243342926172378,-0.15764039120650164,-0.062249964146929467,1,0.09539042705957218
0.016748734254728337,0.021857737523486336,-0.1342432312913049,-0.04856090019923845,1,0.08568233109206644
0.012130281178475658,0.030161527848213365,-0.15513711340402253,-0.03690392423902615,1,0.11823318916499638
-0.0024684537847815824,0.024354836109718076,-0.15835473255982901,-0.06288377500973416,1,0.09547095755009485
0.025755750922479462,0.027834486393268108,-0.13695064240832602,-0.027839455746715057,1,0.10911118666161096
-0.0449474659837792,0.021146484825981353,-0.19454537624270266,-0.11165115572485576,0,0.0828942205178469
-0.016317456118181098,0.022413776758124095,-0.16839925856410431,-0.08053725367225788,1,0.08786200489184644
0.0345372216774394,0.02617086934687236,-0.12490848224243042,-0.02231867440269078,1,0.10258980783973964
-0.01745180755739277,0.021920992476825354,-0.16856775281197048,-0.08263746230281507,1,0.0859302905091554
-0.03833311653192757,0.023757225484040523,-0.193048078480647,-0.09991975458320815,1,0.09312832389743886
-0.01049387529402429,0.021404092061230985,-0.160596695734037,-0.07669265485401157,1,0.08390404088002544
-0.001762571619897152,0.03479085716268581,-0.17810345165876135,-0.04172329158103297,1,0.13638016007772838
0.03443120427294155,0.028204836957060223,-0.1290010761628965,-0.01843811529122042,1,0.11056296087167608
0.005286123140719037,0.026140369096097474,-0.154099800287632,-0.05162955343092992,1,0.10247024685670209
0.00015711303657640896,0.024314372367469386,-0.15564985680366358,-0.0603375171231836,1,0.09531233968047997
0.014981927315140947,0.023787112755653695,-0.13979161368594029,-0.04654613168377782,1,0.09324548200216247
0.013324063634214164,0.023733030937813347,-0.1413434770039,-0.04830999572767168,1,0.0930334812762283
-0.040508175880050415,0.027558559335181282,-0.20267375217700573,-0.09464419958309511,1,0.10802955259391062
-0.06365635358971637,0.02674053470805296,-0.22421860161750018,-0.11939570556193257,0,0.1048228960555676
0.07405888531721815,0.02374254825938302,-0.08062730927117258,0.012443479905608859,0,0.09307078917678144
0.011514556876184523,0.02798023339043569,-0.15147750056906945,-0.041794985678561526,1,0.10968251489050793
-0.0008493658350491179,0.023132376196573937,-0.15433962318033403,-0.06366070848976421,1,0.09067891469056982
0.006965001764849807,0.02949605127886812,-0.1589980587417317,-0.04337353772856869,1,0.115624521013163
0.04296859814905221,0.0324836471494519,-0.12885015026387353,-0.0015142534380220701,1,0.12733589682585145
0.006097383009181043,0.023143333721429706,-0.14741435108482118,-0.05669248289681674,1,0.09072186818800443
-0.04157538571740298,0.022654156266762076,-0.19412833200025664,-0.10532403943454932,1,0.08880429256570732
0.04455152056849561,0.02361837791165845,-0.10989130013835496,-0.017307258724653836,1,0.09258404141370113
-0.007718746020706463,0.020857316605582106,-0.15674988656764738,-0.07498920547376554,1,0.08176068109388183
-0.046868960110391863,0.030501954273370307,-0.21480359048619768,-0.09523592973458607,1,0.11956766075161161
-0.061839228659838194,0.03473094727779141,-0.23806268532430935,-0.10191737199536703,1,0.1361453133289423
0.020137057065435213,0.022448567481326412,-0.13201293519796456,-0.044014550671165026,1,0.08799838452679953
0.02144576535317623,0.022592978835301467,-0.13098727316401465,-0.0424227961296329,1,0.08856447703438175
0.010840501848183193,0.0234626323700953,-0.1432970575972036,-0.05132353870643003,1,0.09197351889077357
0.03037471142504035,0.02280753663641159,-0.12247886038232637,-0.03307331676759294,1,0.08940554361473343
-0.005453176586083269,0.02211030788858056,-0.15694018004770116,-0.07026777312446539,1,0.08667240692323577
-0.0064693731450903985,0.024306964799613796,-0.16226182415233345,-0.06697852213784736,1,0.0952833020144861
-0.0036551579571783843,0.024888426602136228,-0.1605872740973654,-0.06302464181699138,1,0.09756263228037401
0.02477461514650399,0.024550038078911166,-0.1314942594881619,-0.03525811021883013,1,0.09623614926933177
-0.00033891305228030133,0.025669114792902195,-0.15880117804636862,-0.058178248058192,1,0.10062292998817662
0.014028779497353205,0.02425455806470492,-0.14166095430946846,-0.04658308669582516,1,0.0950778676136433
0.05247506634521488,0.02425474187684584,-0.10321502773340296,-0.008136439576167283,0,0.09507858815723569
-0.009667191347723439,0.023167229432572673,-0.16322576103556588,-0.07241022165988101,1,0.09081553937568487
0.02432159030745426,0.023375974411059385,-0.12964611953822214,-0.03801229984686935,1,0.09163381969135279
0.003219108063649931,0.023096436718530327,-0.15020070790466952,-0.05966267596803063,1,0.0905380319366389
0.03959388052145314,0.024233086676577108,-0.11605376936463799,-0.02106006959245573,1,0.09499369977218225
0.04671838577126998,0.024027146213152568,-0.10852562080650906,-0.014339207650950994,1,0.09418641315555806
0.00025434826560551127,0.025064382766263,-0.15702264195626997,-0.05877026151251901,1,0.09825238044375095
-0.04033109542235398,0.02434072625940732,-0.19618971889079234,-0.10077407195391565,1,0.0954156469368767
0.011934072449254665,0.022846588859251605,-0.14099604171487848,-0.051437413386612195,1,0.08955862832826628
-0.02659761503334372,0.025019551871376507,-0.18378673670124168,-0.08571009336544577,1,0.09807664333579591
-0.009224715949628787,0.025387050965563037,-0.16713413584213235,-0.06761689605712523,1,0.09951723978500712
-0.013588625164853096,0.02227011221936521,-0.16538884511480892,-0.07809000521489728,1,0.08729883989991163
0.015288054452721883,0.024436233446419556,-0.14075776310226046,-0.04496772799229579,1,0.09579003510996467
0.026615402532072938,0.027366859741568234,-0.13517444256140082,-0.02789635237445333,1,0.10727809018694749
-0.0014837177363725418,0.025217994983464324,-0.15906178790396264,-0.06020724756878247,1,0.09885454033518017
-0.0010308124942128988,0.021555774419908216,-0.151430930357233,-0.0669322946311928,1,0.08449863572604022
0.05332624177173647,0.024930513816218965,-0.1036883653080527,-0.005960751148474365,0,0.09772761415957834
-0.0263912156750173,0.02431460013425279,-0.18219863193815278,-0.08688539941188184,1,0.09531323252627094
0.012489636345159816,0.024453572778026435,-0.143590166299772,-0.047732161009908375,1,0.09585800528986363
0.00953230523420405,0.02200783323172291,-0.14175384789997286,-0.055483141631619055,1,0.08627070626835381
-0.02910624178223227,0.024518077087665343,-0.18531247287405633,-0.0892016106904082,1,0.09611086218364813
0.014916495412794703,0.026468465253715257,-0.1451124964844872,-0.0413561126899234,1,0.10375638379456381
0.015079471496110497,0.022067693874386233,-0.13632400849768653,-0.04981864851009249,1,0.08650535998759404
0.044583357991977615,0.026515933344160855,-0.11553867136257767,-0.011596212653467115,1,0.10394245870911056
-0.004047690296959283,0.023398102817126107,-0.15805877181852646,-0.06633820877539212,1,0.09172056304313433
0.009021994855576504,0.02358854787037595,-0.14536235897036037,-0.052895251318486644,1,0.09246710765187373
0.007393633868854277,0.023600696765994543,-0.14701453179249502,-0.054499800469796425,1,0.09251473132269859
0.0707266775340342,0.023088966813885066,-0.08267849742118052,0.007830252489248922,0,0.09050874991042945
0.0003299635268650819,0.022160500870207624,-0.15125541817874186,-0.06438625476752799,1,0.08686916341121387
0.00878021806365277,0.02418198985071237,-0.14676728204374348,-0.05197388182895099,1,0.09479340021479249
0.003361744258480334,0.023934425690294508,-0.1517005300944969,-0.05787758138854244,1,0.09382294870595448
-0.018703158703917686,0.023294961273648985,-0.1725120828002697,-0.08119583460756569,1,0.09131624819270401
0.021388748772824553,0.022056834343253832,-0.12999344653995296,-0.04353065591439794,1,0.08646279062555501
-0.019687666434539022,0.02204446970658991,-0.17104562705945525,-0.0846313058096228,1,0.08641432124983245
-0.021771477392323227,0.021469498626474952,-0.17200249470021414,-0.08784206008443232,1,0.08416043461578182
0.012128439208544645,0.02263798923046242,-0.1403928196831617,-0.05165190189974902,1,0.08874091778341267
-0.016200644631794242,0.023878280263264957,-0.17115287394779355,-0.07755001531579493,1,0.09360285863199862
-0.02770726350855575,0.026227862189854494,-0.18726467340067054,-0.08445145361644095,1,0.1028132197842296
0.02647631386526912,0.024413958622367993,-0.12952584503457215,-0.033823127234889616,1,0.09570271779968254
0.016852307963821644,0.022566638911045787,-0.1355291043018281,-0.04706787977052862,1,0.08846122453129948
-0.03700687906416651,0.024616425104017604,-0.193405872268041,-0.09690948586029202,1,0.09649638640774899
0.016718151099193404,0.024653380060719616,-0.13975327381981706,-0.04311202398179616,1,0.0966412498380209
0.006225576299388788,0.02631123334701453,-0.1534952410607597,-0.050355206340462734,1,0.10314003472029698
0.04441497183197511,0.024301382438634354,-0.11136653774774823,-0.016105118588301562,1,0.09526141915944666
-0.005870052387818292,0.025294964651821104,-0.16359898310538767,-0.06444272167024893,1,0.09915626143513874
0.019040519636642814,0.025684722030498746,-0.13945233554313474,-0.03876822518357965,1,0.1006841103595551
-0.02563262807481366,0.02624828985327843,-0.18523007618723938,-0.08233677996238795,1,0.10289329622485144
-0.023062305541174652,0.02313861506978665,-0.17656479107795647,-0.08586142000439283,1,0.09070337107356365
0.01437951099546235,0.024817720662415967,-0.14241402150287297,-0.04512855650620236,1,0.09728546499667061
-0.014770604244206217,0.03005912123842594,-0.18183728187152107,-0.06400552661689138,1,0.11783175525462969
-0.031752413366772606,0.022197134253503312,-0.1834095965036391,-0.09639683022990611,1,0.087012766273733
0.06815483912990017,0.028121090857965124,-0.09511329895171149,0.0151213772115118,0,0.11023467616322329
-0.03319557154283283,0.03200229557919224,-0.20407087087804962,-0.07862187220761604,1,0.12544899867043358
0.04180361320534415,0.023439582627558096,-0.11228876874466973,-0.02040560484464199,1,0.09188316390002774
-0.005322410709013403,0.023060725943645836,-0.15867223355855925,-0.06827418785946757,1,0.09039804569909168
0.0359932122156327,0.024265147399490726,-0.11971727668736912,-0.02459789888136548,1,0.09511937780600363
0.00877463910720204,0.023565955162321527,-0.14556543301094815,-0.05318688877464777,1,0.09237854423630038
0.01182002301679537,0.023409155714961227,-0.14221272218452863,-0.05044883178188063,1,0.091763890402648
0.008635334715815152,0.021255560921517463,-0.14117636469035907,-0.057854565878010626,1,0.08332179881234844
-0.02343717735539462,0.02294483693921827,-0.17655985775626243,-0.08661609695452682,1,0.0899437608017356
0.007541517177957077,0.025699851028768587,-0.15098099083842936,-0.0502375748056565,1,0.10074341603277287
0.008106173421461443,0.023982562378456484,-0.14705044884031326,-0.05303880431676385,1,0.0940116445235494
-0.009912714435180076,0.022163387179137326,-0.16150375330628924,-0.07462327556407092,1,0.08688047774221833
-0.019796407029144883,0.02514655586728719,-0.17723445652902778,-0.078659957529262,1,0.09857449899976578
0.015872755595534707,0.025897102002033406,-0.14303636432845077,-0.041519724480479824,1,0.10151663984797094
0.025241282610363666,0.023535492978173003,-0.12903908362685543,-0.03677995115241726,1,0.09225913247443818
0.028832028888150923,0.023045054867554222,-0.12448707865225536,-0.03415046357144281,1,0.09033661508081256
0.01451243588790721,0.02102093305599468,-0.13483939290184238,-0.05243733532234322,1,0.08240205757949916
-0.01314412746774371,0.02564236721233545,-0.1715539672039212,-0.07103588773156623,1,0.10051807947235496
-0.027839313723425005,0.03300933340290261,-0.20068840719311412,-0.0712918202537359,1,0.12939658693937822
0.01826278990701219,0.02187746507303231,-0.13276784163613115,-0.04700817854984449,1,0.08575966308628666
0.01933023964762598,0.02532176038902596,-0.1384512107148649,-0.03918990998988314,1,0.09926130072498177
-0.0051807506623797045,0.023773266281698846,-0.15992715257450946,-0.06673594875024996,1,0.0931912038242595
-0.010721468547212759,0.0297013212429778,-0.17708685818344924,-0.06065767891097628,1,0.11642917927247295
0.03014273929476448,0.024172666801118087,-0.12538648763542698,-0.030629633775044074,1,0.0947568538603829
0.015133055955628236,0.02725578936906108,-0.1464390912077315,-0.039596396881012054,1,0.10684269432671945
0.04115893754957736,0.022420213252420353,-0.11093548042516654,-0.02304824447567875,1,0.0878872359494878
0.005060983043190817,0.024178175731202692,-0.15047904138996646,-0.055700592523651914,1,0.09477844886631454
-0.013579041085023322,0.022632981510409222,-0.1660904848454254,-0.07736919732462125,1,0.08872128752080416
-0.01294777196180992,0.02390232952299277,-0.16794713782687576,-0.07425000609674409,1,0.09369713173013167
0.014940743619913113,0.027226356204864563,-0.14657371454162144,-0.03984639821855235,1,0.10672731632306909
-0.0085196139156022,0.024703732736661314,-0.16508973007945837,-0.06825109775174604,1,0.09683863232771234
0.04841660824825112,0.02211700412448764,-0.10308351983574465,-0.01638486366775311,0,0.08669865616799155
-0.014686956297444598,0.02406002960608862,-0.1699954143253783,-0.07568009826951091,1,0.09431531605586738
0.020049054140425987,0.02501220730515672,-0.13712567217768118,-0.03907781954146684,1,0.09804785263621434
-0.01148876618438173,0.029823246680743227,-0.17809312967863847,-0.06118600269012501,1,0.11690712698851347
0.04824619461038586,0.027944527532340904,-0.11467587935300232,-0.005133331426225976,1,0.10954254792677634
0.04987759173741835,0.022982376664718245,-0.10331866652542943,-0.013227749999733897,0,0.09009091652569554
0.007622020999403373,0.023880834754043824,-0.14733521511852252,-0.05372234288267074,1,0.09361287223585177
0.02200984187084415,0.02732306275724708,-0.13969416113336014,-0.03258775512495158,1,0.10710640600840857
-0.06810269958350514,0.03246779770459571,-0.23989038308451271,-0.11261661608249755,0,0.12727376700201515
-0.01606496129281136,0.025621768210900234,-0.17443442698617584,-0.07399709559944691,1,0.10043733138672893
0.0011540814654125986,0.023193140015217495,-0.1524552729644137,-0.061538164104761116,1,0.09091710885965257
-0.016144310562517847,0.023377975252510542,-0.17011594205743852,-0.07847427906759719,1,0.09164166298984133
-0.005022123933208847,0.025944020834792154,-0.16402320476940146,-0.06232264309701623,1,0.10170056167238523
0.04600782220977434,0.025603197344155625,-0.1123252445847707,-0.011960710995680641,1,0.10036453358909006
0.04822160100285019,0.024238829137218896,-0.10743730410609885,-0.012421093888200785,0,0.09501621021789806
0.030189376583842742,0.022960100674353515,-0.12296322073789015,-0.03295962609442438,1,0.09000359464346577
-0.025190931587282514,0.022653087966334577,-0.17774178400129828,-0.08894167917326676,1,0.08880010482803152
0.013098078114650732,0.02345988180253181,-0.14103409021831162,-0.049071353552386926,1,0.0919627366659247
-0.0020307195081431667,0.037096999805870084,-0.18289163912764855,-0.037471399888637805,1,0.14542023923901076
-0.01603150022342484,0.02372240260375015,-0.17067820932677513,-0.07768639112007455,1,0.09299181820670058
-0.015799252000338826,0.02327788474642818,-0.16957470610333805,-0.07832539789733961,1,0.09124930820599844
-0.02131160124242494,0.023724924764355306,-0.17596325378056135,-0.08296154870428854,1,0.09300170507627281
-0.029846039301181168,0.02902714683299109,-0.19489004709384372,-0.08110363150851864,1,0.11378641558532508
-0.0009806183052190887,0.028625039429726534,-0.1652364955874831,-0.05302634102295509,1,0.11221015456452801
-0.006590197480329088,0.031491131083719655,-0.1764636144044196,-0.05301838055623857,1,0.12344523384818103
0.02051097820569965,0.020162608986238836,-0.12715853540732847,-0.048121108181272236,1,0.07903742722605622
-0.0093356566073097,0.028445355751771335,-0.17323935388078152,-0.06173355933383789,1,0.11150579454694362
0.026627431659237505,0.03048172483459084,-0.14126754901656055,-0.021779187664964457,1,0.1194883613515961
0.010903384692866377,0.021960159982588327,-0.14028932887300674,-0.05420550174126051,1,0.08608382713174623
-0.011534880416223942,0.02359573813001966,-0.1659333271510625,-0.0734380336813854,1,0.09249529346967708
0.022045842410003152,0.023289116990138286,-0.13175162689066788,-0.040458288289325815,1,0.09129333860134206
0.006094017500905657,0.025482312154924202,-0.1520021143227458,-0.052111450675442914,1,0.09989066364730288
0.04622171196513219,0.024984574492634942,-0.1108988540404323,-0.012959322029303333,1,0.09793953201112897
0.039390651465752644,0.026260909905258038,-0.12023153194855311,-0.01728876511994161,1,0.1029427668286115
-0.0053793788846821095,0.021438800950275193,-0.1555502287472215,-0.07151012902214274,1,0.08404009972507875
-0.013198835521148491,0.023240591298452323,-0.16690119446611507,-0.07579807657618194,1,0.09110311788993312
0.005117982227980142,0.02352926778440866,-0.14915018262946084,-0.05691545291457889,1,0.09223472971488195
-0.02194524073539296,0.02454420397150772,-0.1782026805195481,-0.08198940095123783,1,0.09621327956831027
-0.03685475133102224,0.021173904145035515,-0.18650640345529185,-0.10350469920675265,1,0.0830017042485392
-0.041806111688936734,0.03038283118282263,-0.20950726080726909,-0.09040656257060439,1,0.11910069823666469
0.01691841610569049,0.02585944872601323,-0.14191690339729546,-0.04054786439132359,1,0.10136903900597187
0.04816420640320166,0.024410040879217377,-0.1078302737200644,-0.012142913473532288,0,0.09568736024653211
-0.012772380909405565,0.022278800082880128,-0.16458962907185062,-0.07725673274696052,1,0.08733289632489011
-0.014212139543012883,0.02652103798680623,-0.1743441739971531,-0.07038170508887268,1,0.10396246890828043
0.02002692981741043,0.023759760477194917,-0.13469300071789161,-0.041554739647287536,1,0.09313826107060408
-0.02972836050517154,0.02381015902508249,-0.18454707219433322,-0.09121124881600987,1,0.09333582337832336
-0.006338227233895946,0.02629312768046565,-0.1660235574876086,-0.06295449698018328,1,0.10306906050742533
0.017591524403045705,0.02232107992964614,-0.13430859225906072,-0.04680995893484787,1,0.08749863332421284
0.03298085884621814,0.026577322372153343,-0.1272614930032024,-0.02307838930436131,1,0.1041831036988411
-0.0023115861259205284,0.022572574957629578,-0.15470463304287452,-0.06622013920896656,1,0.08848449383390795
0.014012679181079013,0.02752198713129952,-0.14808121559626805,-0.040195026041573934,1,0.10788618955469412
0.041868082652038605,0.022248500402005725,-0.10988977813589262,-0.022675656560030184,1,0.08721412157586245
-0.013494621789671798,0.023394586303575826,-0.16749881094468042,-0.07579203263466319,1,0.09170677831001722
0.03905712449321806,0.02381596382165318,-0.11577296459722217,-0.022414386416341713,1,0.09335857818088045
0.016988116791385455,0.02622862544090595,-0.1425707890727902,-0.03975457734443889,1,0.1028162117283513
0.004213572144487851,0.024225602983736858,-0.1514194097036364,-0.05645504600738791,1,0.0949643636962485
0.010779616536573305,0.02533889978409576,-0.14703542704025438,-0.04770693988659901,1,0.09932848715365536
-0.001357405339246942,0.023399753473481413,-0.15537172214727052,-0.06364468853122338,1,0.09172703361604714
-0.010831326299711563,0.026708836839857395,-0.17133144650583207,-0.06663280609359107,1,0.104698640412241
0.009808529320051732,0.024096445999302815,-0.1455713048385818,-0.051113236521314755,1,0.09445806831726705
-0.008989018538829774,0.022330872818291273,-0.16090832926268067,-0.07337130781497889,1,0.08753702144770178
0.025213633686973852,0.02322697258473986,-0.1284620325791163,-0.03741230004693603,1,0.09104973253218027
-0.0018544959170659486,0.023872222003622403,-0.15679485104416585,-0.06321574078996604,1,0.09357911025419981
0.024320486302623942,0.026149366507271777,-0.13508307205162876,-0.03257755534312338,1,0.10250551670850538
0.014106280932330142,0.03222795680019648,-0.15721131439605496,-0.030877723739284768,1,0.1263335906567702
-0.026693669037262682,0.024601848842263543,-0.18306409276809923,-0.08662484530642614,1,0.0964392474616731
0.029591267976213545,0.023821206825816846,-0.1252490974023875,-0.03186996664518544,1,0.09337913075720206
0.019221565867548696,0.02503999168503633,-0.13800761783512253,-0.0398508504297801,1,0.09815676740534243
-0.0015271196514569096,0.023177160699113953,-0.15510515462172025,-0.06425068468119358,1,0.09085446994052668
0.005824304538165209,0.02373768985817717,-0.14885236758386206,-0.055800623339807544,1,0.09305174424405452
0.014568853637273352,0.022163074801223117,-0.13702157297312395,-0.05014231975232934,1,0.08687925322079461
-0.038144243646475576,0.02532035365970406,-0.19592293681949552,-0.09666715047345563,1,0.09925578634603989
0.0008356468775669729,0.023679493953676176,-0.15372696127163835,-0.060903344973227726,1,0.09282361629841063
0.022451422837217558,0.024127065759147283,-0.13298842605071112,-0.03841032827485377,1,0.09457809777585735
0.04302146867238987,0.02448568412247098,-0.11312127220765325,-0.017137390447567014,1,0.09598388176008624
-0.01062217472619098,0.02296331476092919,-0.1637810716576122,-0.07376487779476978,1,0.0900161938628424
0.02370553820439654,0.022808747883625476,-0.1291504076475094,-0.039740115943697536,1,0.08941029170381187
-0.009207663060930876,0.022394424925358834,-0.1612515359146342,-0.07346539020722756,1,0.08778614570740664
-0.034472164409249426,0.024216753137324715,-0.19008780055840588,-0.09515812826009298,1,0.0949296722983129
0.044662117089250955,0.021793510927025132,-0.10620396432771831,-0.02077340149377979,0,0.08543056283393852
-0.012226127904587242,0.027524590839423477,-0.17432512594985727,-0.06642872985931723,1,0.10789639609054004
-0.023145330314327348,0.023675006701590805,-0.17769914344944532,-0.08489311717920937,1,0.09280602627023594
0.0003021232372362459,0.024424571616370794,-0.1557208371308505,-0.05997651639467701,1,0.09574432073617349
0.00829480150841612,0.02264428987358407,-0.14423880664380867,-0.05547319033935911,1,0.08876561630444957
-0.006296755993117187,0.025058948085559297,-0.16356309424081342,-0.06533201774542097,1,0.09823107649539245
0.012784020575737812,0.023427742102633257,-0.14128515394542338,-0.04944840490310101,1,0.09183674904232236
-0.012999746127011796,0.03087318299563075,-0.18166198479844808,-0.06063910745557553,1,0.12102287734287255
-0.022991691553622864,0.02179020266497498,-0.1738512887769738,-0.08843369433027191,1,0.0854175944467019
-0.02601104691714755,0.02194817488090595,-0.17718026968372322,-0.09114342415057189,1,0.08603684553315133
0.03560645683502907,0.025978440343620162,-0.12346208623846645,-0.02162660009147542,1,0.10183548614699103
0.02184994653435343,0.023008064847635172,-0.13139666056701152,-0.041205046364281635,1,0.09019161420272989
0.008778413756471093,0.021491436133043367,-0.1414956010642939,-0.057249171422763916,1,0.08424642964152998
-0.0006173882501301076,0.02436634205946471,-0.15652621868668093,-0.06101015781357928,1,0.09551606087310165
0.01844784560812185,0.02405111386046734,-0.13684313755839414,-0.04256277122536217,1,0.09428036633303197
0.023317934971168644,0.022142318976074982,-0.12823181022193833,-0.0414339198357244,1,0.08679789038621394
-0.024996033221319616,0.02199201446912809,-0.17625118158081068,-0.09004248486182856,1,0.08620869671898213
0.03451785194143506,0.028638024695177247,-0.12976347646111236,-0.017502419656017544,1,0.11226105680509482
-0.007576579679726886,0.026934066074810067,-0.16851814918635463,-0.06293661017309915,1,0.10558153901325548
0.046494518968450804,0.02743931491122192,-0.11543733825754417,-0.007875223805554235,1,0.10756211445198993
0.01881176037279174,0.028000502479842305,-0.1442200244876992,-0.03445805476671735,1,0.10976196972098184
0.01581766463705224,0.02260104113304824,-0.13663117598372232,-0.04803509474217321,1,0.08859608124154911
-0.004665006619802486,0.023476286273688855,-0.15882932771623265,-0.06680228552337233,1,0.09202704219286031
0.04978798137299582,0.022445485122194058,-0.10235596946650455,-0.014369667787503836,0,0.0879863016790007
0.024376002645254816,0.02284440593289095,-0.12854983298321146,-0.03899976172627893,1,0.08955007125693254
0.02779014224038659,0.02914261159007129,-0.13748017647615313,-0.02324113904307369,1,0.11423903743307944
0.029753168182984444,0.024136550715132175,-0.12570527121867464,-0.031089992415356496,1,0.09461527880331815
-0.03938587044822704,0.02388157978554999,-0.19434456682790502,-0.10072877406854908,1,0.09361579275935594
-0.004684188127714595,0.024730952242135555,-0.16130765452230028,-0.06436232173312892,1,0.09694533278917136
-0.0108983861410753,0.024177874265529503,-0.16643781970151314,-0.07166055258063747,1,0.09477726712087567
0.023623724553271677,0.022552060975721572,-0.1287291149591426,-0.040325035934314045,1,0.08840407902482855
0.002462546514740538,0.021751653989554035,-0.1483214953047854,-0.06305501166573356,1,0.08526648363905183
0.012619751643606403,0.023142349247903097,-0.14089005288228368,-0.050172043830503534,1,0.09071800905178015
0.02471458547391632,0.025551918273060765,-0.1335179743412828,-0.033354454710884586,1,0.10016351963039821
0.032614923837121515,0.021380278663182213,-0.11744122234271562,-0.033630529983041356,1,0.08381069235967425
-0.008770368783502042,0.02351889456298129,-0.16301820212694537,-0.07082413544005872,1,0.09219406668688665
-0.05082582789309088,0.03287618246004103,-0.2234139455147713,-0.09453931027141046,1,0.12887463524336085
-0.002021885359897238,0.023927007729208312,-0.15706962050914552,-0.06327575021064896,1,0.09379387029849656
0.03370398552605762,0.024586744353286283,-0.1226368334063835,-0.026256795541501274,1,0.09638003786488222
0.014779671989227278,0.02624073052077897,-0.1448029598314995,-0.04193929619004595,1,0.10286366364145354
-0.018209178232685683,0.02349270766779862,-0.172405685261571,-0.08031427120380039,1,0.0920914140577706
0.04450481968236028,0.022917487161585336,-0.10856425515434698,-0.018727705480932465,1,0.0898365496734145
0.03678554448394583,0.026280894230086956,-0.12287580820702461,-0.01985470282508374,1,0.10302110538194087
-0.02204528036852478,0.023740602574653925,-0.17672766141484647,-0.0836644993222031,1,0.09306316209264337
-0.032201682227514086,0.025997866910982045,-0.1913083013730389,-0.08939666308198929,1,0.1019116382910496
-0.02548013101371531,0.024264770274034987,-0.18118988075082387,-0.08607198127660674,1,0.09511789947421713
-0.003529676654132577,0.022950805419613907,-0.15666405527657584,-0.06669689803168932,1,0.08996715724488652
0.04283047505837109,0.02220536619931694,-0.10884284269229011,-0.021797807190967716,1,0.0870450355013224
0.016751783451663615,0.02691023512923443,-0.14414307740163587,-0.03865495569503691,1,0.10548812170659896
-0.011150624955739,0.021993881227716172,-0.16240943216206272,-0.07619341774941531,1,0.08621601441264741
0.0013419813718943407,0.025039927955900338,-0.15588707742167032,-0.057730559834541,1,0.09815651758712932
0.02600293863332144,0.02301736261033622,-0.12726189208293756,-0.037033830650419576,1,0.09022806143251799
0.02581194483093724,0.023040040982648006,-0.12749733549505285,-0.037180374843072676,1,0.09031696065198017
0.007536597931782157,0.021193639025236848,-0.14215373455768207,-0.059074669578753625,1,0.08307906497892845
-0.038836666163401576,0.025158683515557237,-0.19629848585389376,-0.0976764464729094,1,0.09862203938098435
-0.005225912417436099,0.02388648864507559,-0.16019423016178425,-0.06655919467308795,1,0.0936350354886963
0.015869877847742075,0.024806138968697492,-0.140900954530905,-0.04366088977361084,1,0.09724006475729416
0.011095864280169315,0.027958523266238666,-0.15185364132165846,-0.042256230118002905,1,0.10959741120365556
0.0010504061753526667,0.02586324373419346,-0.15779235154366653,-0.05640843610562816,1,0.10138391543803837
0.03863772780988235,0.025303181130731236,-0.11910730720635088,-0.01991883717388443,1,0.09918847003246645
0.01745703464569527,0.026798947883630922,-0.14321970320622135,-0.038167827502388126,1,0.10505187570383323
-0.019567583820617726,0.024811035423361792,-0.17634801325040683,-0.07908875439082862,1,0.09725925885957822
-0.012814642886456978,0.0244945917451087,-0.16897484270687002,-0.07295604306604393,1,0.09601879964082609
0.008358400495736093,0.027173298581935183,-0.15305206472485688,-0.046532734283670954,1,0.10651933044118593
-0.00244005768963354,0.022151143684008757,-0.15400709931029072,-0.06717461606897637,1,0.08683248324131435
-0.013461266014058296,0.03207138431253468,-0.18447197926662628,-0.05875215276149033,1,0.12571982650513597
-0.026451900812600446,0.024586680119998497,-0.1827925938477975,-0.0864128077774034,1,0.0963797860703941
-0.032652893737212876,0.02271492270062107,-0.18532494223043017,-0.09628244524399558,1,0.08904249698643459
0.03619380045203843,0.02377655959270703,-0.11855905634966735,-0.0253549427462558,1,0.09320411360341155
-0.0037149297826110372,0.025884256771461507,-0.1625988730546756,-0.06113258651054649,1,0.10146628654412912
0.01453914232492673,0.022974212087224482,-0.13864111336603327,-0.04858220198411329,1,0.09005891138191999
0.051620069586891984,0.024981437102794924,-0.10549434713458608,-0.007567113691629969,0,0.09792723344295612
0.0505599423186463,0.02327092884662969,-0.10320187822074789,-0.011979837141959514,0,0.09122204107878837
0.01707053523261881,0.028175884470896046,-0.14630499833033744,-0.035855531204424945,1,0.1104494671259125
0.04009120330969458,0.02373911337572817,-0.11458825890673263,-0.02153093447387821,1,0.09305732443285442
0.03746393451811547,0.02249146724601615,-0.11477014128407619,-0.026603589679692882,1,0.0881665516043833
-0.004615365786077019,0.02313547039019307,-0.15811168775085543,-0.06742064382129861,1,0.09069104392955682
-0.0034714634262352773,0.025140859675218157,-0.16089834838966288,-0.0623461784628077,1,0.09855216992685518
0.005818650114240945,0.022263120836074752,-0.14596786672446557,-0.05869643304705255,1,0.08727143367741302
-0.0035710672811212207,0.02243647459399215,-0.15569735748534583,-0.06774637707689662,1,0.0879509804084492
-0.02967881867821308,0.022733651796062942,-0.18238757619849644,-0.09327166115792972,1,0.08911591504056672
0.010453619244407297,0.024742617517422915,-0.14619271108974163,-0.049201650421443796,1,0.09699106066829784
0.051327272751910104,0.03016648837758947,-0.11594984446816525,0.002302789971985457,1,0.11825263444015072
-0.000826714685946861,0.02844712430003893,-0.16473387831402317,-0.05322115105787057,1,0.1115127272561526
-0.01260419968906884,0.024121262114897863,-0.16803267343426864,-0.07347732594386903,1,0.09455534749039961
-0.0162811262112513,0.02543005542698906,-0.17427483484814987,-0.07458901757435275,1,0.09968581727379712
0.02433338604568802,0.023566626994939548,-0.1300080028643935,-0.03762682504423047,1,0.09238117782016304
-0.015064129024452949,0.02264342886844413,-0.16759604960660346,-0.07883380844230246,1,0.088762241164301
-0.016144071936943616,0.024475629706520775,-0.17226710616172433,-0.07632263771216291,1,0.09594446844956142
0.024383779527257093,0.023558597590249357,-0.12994187174963165,-0.037592169195854175,1,0.09234970255377747
0.0008570538016875184,0.022036392587312974,-0.1504850756694459,-0.06410241672717906,1,0.08638265894226685
-0.0034758283840486126,0.024249566775265987,-0.15915577926356994,-0.06409747750452728,1,0.09505830175904266
0.0036837646751638614,0.02212622460086481,-0.14783443554253117,-0.06109963510714112,1,0.08673480043539006
-0.019862698594183922,0.021944937898986668,-0.1710255768761978,-0.08500142031217006,1,0.08602415656402773
0.009018757050778273,0.023202337679596917,-0.14460862480123168,-0.053655461097211775,1,0.0909531637040199
0.02062968872296944,0.028268585203298547,-0.1429275382754957,-0.03211468427856541,1,0.11081285399693029
-0.013788982602543562,0.024868114149877555,-0.17068128633630358,-0.07319827886878355,1,0.09748300746752003
0.0013793615932276987,0.022774051063372023,-0.15140857849098147,-0.06213429832256314,1,0.08927428016841832
-0.03443633771030678,0.026696329692516084,-0.1949119439076383,-0.09026233151297527,1,0.10464961239466303
0.011494422497869666,0.026499678341150204,-0.14859574705078474,-0.04471700795347594,1,0.1038787390973088
0.00247349904288352,0.02253274739810542,-0.1498414858574031,-0.06151311605682987,1,0.08832836980057322
0.010620138077796382,0.023468718140714512,-0.14352934947800405,-0.05153197436640318,1,0.09199737511160087
0.018785971062121,0.025184143095274135,-0.1387257494046163,-0.0400039084711417,1,0.0987218409334746
-0.011202471784597073,0.025001865705588832,-0.1683569285675512,-0.07034961500164297,1,0.09800731356590822
-0.008974496846110347,0.02355552431343653,-0.16329412450044595,-0.07095646919177476,1,0.09233765530867119
0.017883291847104132,0.02402248092537613,-0.13735157076663307,-0.04318344553915866,1,0.0941681252274744
0.014670891997470376,0.023271759761520572,-0.13909255713510996,-0.04786725886994931,1,0.09122529826516065
0.021551066468129987,0.025661672260376855,-0.13689661116220866,-0.03630285590153138,1,0.10059375526067729
-0.01838790362986263,0.027525588930427648,-0.18048885793350083,-0.07258854932622444,1,0.1079003086072764
-0.01456604542357988,0.022363323076627906,-0.1665489586537706,-0.07888473219338918,1,0.08766422646038141
-0.018846508139103282,0.02546132851341897,-0.17690151202540447,-0.07709310425280211,1,0.09980840777260236
-0.015081949006653994,0.023355222173707287,-0.1690089844671203,-0.07745651354618771,1,0.09155247092093258
0.0179340976522714,0.03248609625407194,-0.1538894510057096,-0.0265439536897476,1,0.127345497315962
0.004208828968026573,0.023534814848657767,-0.15007020813534266,-0.05781373392860421,1,0.09225647420673845
-0.04671100753635686,0.025999237209505928,-0.20582031246698848,-0.10390330260572525,1,0.10191700986126323
0.004704814018033021,0.023712551586463952,-0.14992258709143633,-0.05696938487249764,1,0.09295320221893869
-0.0036160081242094383,0.02286467620487224,-0.15658157348575905,-0.06695204276265984,1,0.0896295307230992
0.03468672863919585,0.02267035939996737,-0.1178979757847402,-0.029030166936868114,1,0.0888678088478721
0.005363624807727285,0.022554313365991806,-0.14699362938961666,-0.05858072099492878,1,0.08841290839468788
0.012111965743004424,0.02475132600815302,-0.1445514332329755,-0.04752623528101566,1,0.09702519795195985
-0.026949191085285637,0.028285457844076413,-0.19053948845967542,-0.07966049371089587,1,0.11087899474877955
0.0011215167421317063,0.0248277178953968,-0.15569161033284604,-0.05836695618289057,1,0.09732465414995548
-0.022549144638771265,0.020673347964226423,-0.17121970664865505,-0.09018018262888748,1,0.08103952401976756
0.018153155727163778,0.02649313873088248,-0.1419241961853659,-0.03807109236030657,1,0.10385310382505933
0.007444710036005567,0.02810711747256583,-0.15579604021022347,-0.04561613971776541,1,0.11017990049245807
0.015274329238362985,0.022794017413711443,-0.13755274489251146,-0.04820019663076259,1,0.08935254826174888
0.01384943089248944,0.02934888154372145,-0.1518251769332046,-0.03677756128181652,1,0.11504761565138807
0.0034450075011162734,0.022246711414719303,-0.14830934687173356,-0.0611022381260339,1,0.08720710874569965
-0.0005557125559726289,0.022941142377299495,-0.15367115161547965,-0.06374187349646562,1,0.08992927811901402
-0.000777345848543623,0.030380291331231296,-0.16847351685775697,-0.04938277483933029,1,0.11909074201842668
0.03462935485437195,0.021969049995783984,-0.11658078313736467,-0.03046210715389145,1,0.08611867598347323
-0.024393867893028956,0.024001580059825816,-0.17958776481028754,-0.08550157097577037,1,0.09408619383451718
0.009085652540196873,0.02300862040543461,-0.14416204345445496,-0.053968251465151294,1,0.09019379198930366
-0.017571459248482704,0.02534331749259857,-0.1753951615339759,-0.0760493569629895,1,0.0993458045709864
-0.03637017375707431,0.025051577945586778,-0.1936220665304244,-0.09541988098372423,1,0.09820218554670018
0.03991027878108781,0.022994367144462208,-0.11330948082205812,-0.023171561615766265,1,0.09013791920629186
-0.014898915350799319,0.023827900156250432,-0.16975239965705016,-0.07634703104454849,1,0.09340536861250168
0.014957308151154008,0.024879714952903923,-0.1419577331565377,-0.044429250541154305,1,0.0975284826153834
0.014126075351848108,0.022032852855853265,-0.1372091162456243,-0.0508403330506795,1,0.08636878319494479
-0.005499198319385015,0.02152766404399379,-0.15584421984561286,-0.07145577679315719,1,0.08438844305245567
-0.019968776160602816,0.024534360486816727,-0.1762069227147636,-0.08003222960644205,1,0.09617469310832155
0.026026716116030746,0.027163635138277492,-0.13536480875499313,-0.028883359012945378,1,0.10648144974204775
0.006434706457903019,0.024116367250094944,-0.1489841733522831,-0.054448013731910896,1,0.09453615962037219
0.034351077952715886,0.0277894105452044,-0.12826696671588475,-0.019332477378683495,1,0.10893448933720126
0.018989882864270863,0.02388435867216536,-0.13597426013317324,-0.04234757413828504,1,0.09362668599488819
0.0011110426146391933,0.0257047227594127,-0.1574210139938097,-0.056658500776911924,1,0.10076251321689778
-0.009074749183958147,0.023335345308129325,-0.16296282598789164,-0.07148827238002467,1,0.09147455360786697
0.03872628646880524,0.027461157786084288,-0.12324838279191996,-0.01560064427046956,1,0.1076477385214504
0.035663158762529054,0.02687364868835819,-0.125159992666653,-0.0198152898082889,1,0.10534470285836411
0.024894526383873683,0.023114681267999076,-0.12856104890140452,-0.037951498330848134,1,0.09060955057055639
-0.014523873812916893,0.025396614458405787,-0.17245203815139223,-0.07289730947444156,1,0.09955472867695067
0.008782455409679021,0.02612511691663713,-0.15057357374692976,-0.048163115433712204,1,0.10241045831321755
-0.011128755842991084,0.023787625780959096,-0.1659033023736709,-0.07265580931231126,1,0.09324749306135964
0.007502737316007119,0.022055073295160384,-0.14387600634250725,-0.057420119025478535,1,0.08645588731702872
0.006544573992796204,0.025795334452192578,-0.15216508153350125,-0.05104737048090635,1,0.1011177110525949
-0.03145960099841345,0.02495728183100466,-0.1885266733871826,-0.09069412860964432,1,0.09783254477753828
-0.024177256150894957,0.024295882440212895,-0.17994798573371223,-0.08470812656807769,1,0.09523985916563454
-0.01111566469754674,0.025151462067202972,-0.16856333034926457,-0.06996959904582892,1,0.09859373130343566
0.003555137511240994,0.023165250999831594,-0.14999955444842894,-0.05919177052908909,1,0.09080778391933986
0.006486425702534451,0.0281464826179959,-0.15683148022873752,-0.04649726836619359,1,0.11033421186254394
-0.0015268758263340676,0.022243350450774916,-0.15327464270985292,-0.06608070894281523,1,0.08719393376703768
0.04026210222380028,0.024505047884647843,-0.11591859163010951,-0.019858803922289954,1,0.09605978770781956
-0.003985917118511137,0.02305557841523786,-0.15732565081237734,-0.06694778342464494,1,0.0903778673877324
-0.0011846203558449897,0.024386883028459594,-0.1571337110916258,-0.06153712962006419,1,0.09559658147156161
-0.005965994302937386,0.022748069864912807,-0.1587030112381665,-0.06953057736770829,1,0.0891724338704582
0.006325677149692163,0.02627198964302538,-0.1533182225506376,-0.0503320231499781,1,0.10298619940065949
0.023318865149972418,0.02256748239964525,-0.12906420035333227,-0.0405996693467229,1,0.08846453100660936
-0.02550819157875968,0.023973873800443538,-0.180647784227629,-0.08667019892989035,1,0.09397758529773866
-0.0032589178977991823,0.02328919036557934,-0.1570565310143347,-0.06576290478126368,1,0.09129362623307102
-0.023668480885009738,0.029707603932422423,-0.19004618459255768,-0.0735923771774618,1,0.11645380741509588
0.01089469844983651,0.02386929776737242,-0.14403992517421343,-0.05047227792611355,1,0.09356764724809988
0.011718569754219366,0.023160967067566606,-0.14182772569821117,-0.051036734793350094,1,0.09079099090486108
-0.009989003157960114,0.02210389652279155,-0.16146344034263155,-0.07481616597328869,1,0.08664727436934286
0.0009568084270182992,0.023454967926125458,-0.1531657287081876,-0.06122225443777581,1,0.09194347427041177
-0.022653654257519792,0.022813915576792004,-0.17551972878803213,-0.08608917972700747,1,0.08943054906102466
-0.003514457332752116,0.02263123329150185,-0.15602247458409574,-0.0673080400814085,1,0.08871443450268723
0.031870792013209276,0.022839939512007974,-0.12104628943032636,-0.0315137265432551,1,0.08953256288707126
-0.0019853062569331337,0.023956519967212483,-0.1570908853926696,-0.06318132712119667,1,0.09390955827147293
0.012926662602955233,0.022842444514146652,-0.1399953286447722,-0.050452946149317335,1,0.08954238249545488
0.0068248292020708645,0.02256369162767961,-0.1455508063881812,-0.05710113520767711,1,0.08844967118050408
0.002156137483648457,0.022972161851852257,-0.15102009974598196,-0.06096922528672113,1,0.09005087445926083
0.04504765033270827,0.025877564538773063,-0.11382317616328694,-0.012383123171296528,1,0.10144005299199041
0.03468737772579976,0.021982579478150088,-0.11654927805137441,-0.030377566497026075,1,0.08617171155434833
0.08065609836381514,0.025237138661649648,-0.07695949341301817,0.021970090140648445,0,0.09892958355366661
0.056104056842167335,0.02312431029825046,-0.09737039134240358,-0.006723094973261769,0,0.09064729636914182
0.025607423062186788,0.02181999669887786,-0.12531057046761382,-0.039776183408012616,1,0.0855343870596012
0.03490288862881258,0.025005490425819166,-0.12225867260579298,-0.024237150136581863,1,0.09802152246921111
-0.04656894637930055,0.028101795101659232,-0.20979926477855265,-0.09964022798004846,1,0.1101590367985042
0.025157591332120713,0.02203508545995634,-0.12618197616939372,-0.03980444116636487,1,0.08637753500302886
0.014465523216473805,0.02440138279880178,-0.1415119870691777,-0.04585856649787471,1,0.095653420571303
-0.002791987468314411,0.02257929675337785,-0.15519820910493498,-0.06668736583169384,1,0.08851084327324114
-0.03513860723807237,0.026646261240580775,-0.19551607926961068,-0.09106273520653406,1,0.10445334406307662
0.04883891144886072,0.02762175790256999,-0.11345053404017647,-0.005173243062102102,1,0.10827729097807437
-0.04646098678260478,0.023213046933614888,-0.20010935877248998,-0.1091142147927196,0,0.09099514397977038
0.03546557815852357,0.025841514118037198,-0.12333458951282934,-0.022035854170123534,1,0.10129873534270581
-0.011051570927681179,0.028337153975431885,-0.17474319271952768,-0.06366154913583469,1,0.11108164358369299
-0.0014052966002703199,0.021863269142040922,-0.15240810411867053,-0.06670408908187012,1,0.08570401503680042
-0.010013102325141701,0.0309417426522636,-0.17880971792357836,-0.05751808672670505,1,0.1212916311968733
0.006067550386556778,0.025635925785132362,-0.15232966415230265,-0.051836835074583795,1,0.10049282907771885
-0.006839566562485563,0.024410263580492603,-0.16283448318025107,-0.06714624994472007,1,0.095688233235531
0.0185746722835185,0.023260801755732013,-0.13516729915771625,-0.04398495627524676,1,0.09118234288246949
0.025679257749245885,0.02512400690033971,-0.13171459577541994,-0.03322848872608829,1,0.09848610704933165
0.054823483266645684,0.023811680385426973,-0.09999821028879119,-0.006656423177917453,0,0.09334178711087374
-0.0041816640597620025,0.027021201434653717,-0.1652940188716833,-0.05937090924784072,1,0.10592310962384258
-0.0012765462400054772,0.025119229138239937,-0.15866103535095577,-0.06019365712905521,1,0.09846737822190056
-0.01780027240659067,0.0238630960232199,-0.1727227406121017,-0.07917940420107968,1,0.09354333641102201
0.006675721687300629,0.02202112962170665,-0.1446364923712444,-0.058313664254154345,1,0.08632282811709005
-0.001673809016007971,0.02256322272549043,-0.15404852555796922,-0.06560069247404673,1,0.08844783308392248
-0.010422801952892358,0.02210970168881653,-0.16190861726297276,-0.07523858664281197,1,0.08667003062016079
-0.009123496087313401,0.02703682455561169,-0.1702664722163123,-0.0642821199583145,1,0.10598435225799781
-0.003892414710657474,0.020731555597241307,-0.15267706368125045,-0.07140936574006451,1,0.08126769794118593
0.018566207639121937,0.024027750392674924,-0.1366789831305209,-0.04249020159123522,1,0.09418878153928568
-0.0039590683068140425,0.024448573402038088,-0.1600290721748087,-0.0641906644388194,1,0.09583840773598928
0.039669913710712684,0.028777415430205202,-0.12488462053248951,-0.01207715204608513,1,0.11280746848640438
-0.01413418575565846,0.022945775468272388,-0.16725870567347234,-0.07731126583784459,1,0.08994743983562775
0.023515784532099307,0.023217661040716004,-0.13014163110770408,-0.03912839982809733,1,0.09101323127960675
0.02585900195168417,0.0232280870007664,-0.12781884856981798,-0.0367647475268137,1,0.09105410104300429
-0.01898797334551773,0.022484481380526847,-0.17120835685135036,-0.08306918983968511,1,0.08813916701166524
0.012479337069095361,0.022227840867794422,-0.1392380310317817,-0.05210489483002758,1,0.08713313620175411
0.0005714294254572649,0.02208744938711343,-0.15087077137328506,-0.06428796977580042,1,0.08658280159748463
0.026880621278335903,0.02581718856220237,-0.13187186830358075,-0.030668489139747457,1,0.10120337916383329
-0.025677989553009303,0.02207771348929181,-0.17710110799202125,-0.09055647111399737,1,0.08654463687802388
-0.0029984414466021347,0.02346606062300018,-0.1571427202676825,-0.06515576262552178,1,0.09198695764216072
0.0163860983813751,0.025000154813621476,-0.140765005053323,-0.04276439818392681,1,0.0980006068693962
0.02666538438650279,0.02433078082627244,-0.1291737460329912,-0.033797085194003235,1,0.09537666083898796
0.023323808236838092,0.025374983212189176,-0.1345619588590527,-0.03509202466727113,1,0.09946993419178157
-0.0028891303904097776,0.025945849775182037,-0.16189379594976658,-0.060186064831052995,1,0.10170773111871359
0.03358683474020381,0.023877461000100124,-0.12136378881999244,-0.027764141699599953,1,0.09359964712039248
-0.000524978890710362,0.024778229844283177,-0.1572411093855054,-0.06011044839591534,1,0.09713066098959006
0.006473688182508652,0.022453986519035577,-0.14568692539480108,-0.05766729824018162,1,0.08801962715461945
0.042391423664043845,0.0223261998073342,-0.1095187279583312,-0.022000024713581125,1,0.08751870324475008
0.03887163225682318,0.02512395236591997,-0.11852211438037996,-0.020036221105973688,1,0.09848589327440627
-0.02079694306552206,0.026505866154048794,-0.1808992407274577,-0.07699624540358643,1,0.10390299532387126
0.003785109282204338,0.024074443138188288,-0.1515515992686447,-0.05717978216694662,1,0.09437181710169808
0.006969338881841883,0.0242302593240941,-0.14867276939338256,-0.053690152842933686,1,0.09498261655044887
0.027514185229672625,0.024439681246044793,-0.12853839001257517,-0.03273483952807959,1,0.09580355048449557
-0.013630140286942885,0.022048684894165484,-0.16499636267950724,-0.07856551789437854,1,0.08643084478512869
-0.031628825062284996,0.032862017647661265,-0.20418917965170108,-0.07537007047286892,1,0.12881910917883216
-0.020948863970303003,0.022286178835756596,-0.17278057448838594,-0.08541875345222008,1,0.08736182103616585
0.020223075645522365,0.025425310561255143,-0.13776133305453772,-0.03809411565441756,1,0.09966721740012016
-0.008413476694279678,0.021765729063868724,-0.15922510565946238,-0.07390344772909699,1,0.08532165793036539
0.004514761700415204,0.02315142806991194,-0.1490128373166122,-0.0582592392825574,1,0.09075359803405479
0.0032238244089667772,0.026500784434233225,-0.15686851308213035,-0.05298543809993611,1,0.10388307498219423
-0.0028876237470754074,0.019830182034820287,-0.14990558053532319,-0.07217126695882764,1,0.07773431357649555
0.013629752407691917,0.031086559685452826,-0.15545070457579563,-0.03359139060882055,1,0.12185931396697508
-0.001909889350599367,0.02251821223670002,-0.1541963853345314,-0.06592499336666734,1,0.08827139196786406
0.039956260277029795,0.02391080017654342,-0.11505970806899532,-0.021329371376945107,1,0.09373033669205022
0.024038752641615743,0.02220946687114744,-0.12764260242583325,-0.04058149229093528,1,0.08706111013489798
0.0063374619522161,0.025412064873631533,-0.1516209852001017,-0.0520056908954661,1,0.0996152943046356
0.0232530149152385,0.025548691571863888,-0.13497322056561473,-0.03482234960390829,1,0.10015087096170644
0.032881249756021996,0.022907409586805715,-0.12016807303411721,-0.03037102745383881,1,0.0897970455802784
0.025660485962971588,0.023034425983457237,-0.1276377889646046,-0.037342839109452235,1,0.09029494985515235
0.0005515691596351957,0.02339913329791518,-0.15346153210427857,-0.061736929576451056,1,0.09172460252782752
0.024831846405658498,0.028509127121239135,-0.1391968427519702,-0.027441064436712806,1,0.11175577831525739
-0.016647566205455336,0.027097766539752842,-0.1779099886233709,-0.07168674378753978,1,0.10622324483583112
-0.009167607594873228,0.03232262585102446,-0.18067075426288118,-0.05396606092686529,1,0.1267046933360159
0.01791837750755279,0.022027335554987346,-0.13340600018022242,-0.04705884480467202,1,0.0863471553755504
-0.0006423560016137059,0.023855611910515682,-0.15555015534622446,-0.062036156657002975,1,0.09351399868922149
-0.007371241780480903,0.02243407786825652,-0.1594928344022637,-0.07155124915869812,1,0.08794158524356557
0.0061927618897604925,0.02532418325917144,-0.15159343729821553,-0.052322638922263486,1,0.09927079837595204
-0.008082343687159516,0.022712971162448456,-0.1607505671655585,-0.07171572020876055,1,0.08903484695679795
0.009291619546378346,0.022637517718245025,-0.14322871518138192,-0.05448964572586141,1,0.08873906945552051
-0.021741288009874085,0.022981452067806687,-0.17493573406277518,-0.08484844195697298,1,0.0900872921058022
-0.01465242059058118,0.025387532704618247,-0.17256278469163294,-0.07304365648952943,1,0.09951912820210351
-0.02828661451630078,0.033585270245604155,-0.20226454419768491,-0.07061028483491665,1,0.13165425936276826
-0.01962689939047714,0.02140161962752822,-0.16972487386043245,-0.08583052492052183,1,0.08389434893991062
-0.0055945351822113965,0.023102301443164695,-0.1590258460108142,-0.0684648243536086,1,0.09056102165720561
-0.011034934567810989,0.022652655785022548,-0.16358493990645517,-0.0747865292291668,1,0.08879841067728837
0.0175751866789685,0.022783965945255457,-0.1352321865737322,-0.045919040068330814,1,0.0893131465054014
0.025486366453991258,0.025658775015503777,-0.13295563257639614,-0.032373234515621345,1,0.10058239806077479
0.006417882652904536,0.02415482577311386,-0.14907637586239864,-0.05438945883179231,1,0.09468691703060633
0.03090344239919765,0.023382577806376943,-0.12307721010130115,-0.03141750510030355,1,0.0916597050009976
0.006002561739768056,0.021113457912264502,-0.14353061576827036,-0.06076586075219353,1,0.08276475501607683
0.034772660045857065,0.02382728676185608,-0.12007962200738086,-0.026676657900905024,1,0.09340296410647583
0.03327936428941415,0.022704538633575015,-0.11937233143239288,-0.030370539988778825,1,0.08900179144361406
0.005593218193888055,0.0264938290774681,-0.15448548679794943,-0.05062967681427447,1,0.10385580998367497
-0.03339032092985143,0.02627187873774062,-0.19303400325582304,-0.09004823860387982,1,0.10298576465194322
-0.06017807303017193,0.026431861267745917,-0.22013532111495393,-0.11652242494538995,0,0.10361289616956398
0.0074705458856814955,0.028436444581435818,-0.1564156854939327,-0.04494482273470431,1,0.11147086275922839
0.0014460632307036758,0.027101763987572334,-0.1598241941849381,-0.05358527935365456,1,0.10623891483128353
0.03349055880528645,0.026171458276755506,-0.12595629941715433,-0.023364182972272766,1,0.10259211644488156
0.020514807845694566,0.027096082969441507,-0.1407443147744108,-0.034527669534200084,1,0.10621664524021071
0.021345411609376974,0.03126322519897408,-0.14808130978061224,-0.02552946700063384,1,0.1225518427799784
0.008075850424738074,0.022630847076717007,-0.14443140984562727,-0.0557184893048966,1,0.08871292054073068
0.02801101756797704,0.02549741241720042,-0.1301147107697358,-0.03016485409431014,1,0.09994985667542566
-0.001147782873858097,0.027201613094234297,-0.16261374453855731,-0.05598342120915888,1,0.10663032332939842
0.0035952460411086268,0.025984955639466234,-0.1554860670122452,-0.05362504090553756,1,0.10186102610670765
0.004695844806346314,0.02582453882261864,-0.15407105128598622,-0.052838859101321155,1,0.10123219218466506
0.00789243519583989,0.021331035077860955,-0.14206719355676758,-0.05844953605155265,1,0.08361765750521494
0.03256928147489682,0.025406614332719856,-0.1253784826172341,-0.025784554432972263,1,0.09959392818426185
-0.01332965918124715,0.03292555379115268,-0.18601454461190642,-0.056946373750587906,1,0.1290681708613185
-0.03566351928251148,0.03249109506428484,-0.20749686560850977,-0.0801317729565132,1,0.12736509265199658
-0.0392158111375797,0.02443913145532077,-0.19526730879000842,-0.09946591348515099,1,0.09580139530485743
-0.005802057511343731,0.02184007738216153,-0.15675940918038034,-0.07114630584230713,1,0.0856131033380732
0.0013652815237952948,0.02428612344815651,-0.15438632043459147,-0.05918471651781795,1,0.09520160391677351
-0.015234563205149196,0.025348802948442096,-0.1730690169840957,-0.07370170942620269,1,0.09936730755789303
0.016165813349824587,0.023199472689722965,-0.13745595312203243,-0.046514020178318405,1,0.09094193294371403
0.002816036206096481,0.022778081455978767,-0.1499798034476219,-0.06068972414018514,1,0.08929007930743676
-0.02396139669636381,0.025028818142670425,-0.18116868025599786,-0.08305571313672978,1,0.09811296711926808
0.018580812900407556,0.026034964534761836,-0.14059851758772565,-0.03854145661145925,1,0.1020570609762664
0.0651660051717732,0.023631656650244005,-0.08930284186270504,0.0033332522062514552,0,0.0926360940689565
-0.007587483511840368,0.02409371423048976,-0.1629619634036003,-0.06851460362008044,1,0.09444735978351987
0.019481657625013915,0.024184999612485308,-0.1360717416154573,-0.04126654313451489,1,0.0948051984809424
0.00011385278963826906,0.025141850290988203,-0.1573149737806986,-0.05875892064002486,1,0.09855605314067375
0.02167609597902756,0.024662731494109674,-0.1348136577494274,-0.038135750292517485,1,0.09667790745690993
0.030031395810974942,0.023457389371616344,-0.1240958873573931,-0.03214292102065703,1,0.09195296633673608
-0.05251941015955501,0.02664205986531281,-0.21288864749556813,-0.1084517728235419,0,0.10443687467202623
-0.01927307352402842,0.025147821669645288,-0.1767136039965332,-0.07813414305152366,1,0.09857946094500952
-0.0390169663952913,0.021999154263112077,-0.19028610875099097,-0.10404942403959164,1,0.08623668471139934
0.01708655499763194,0.023249129396203827,-0.13663253861892757,-0.045495951385808565,1,0.09113658723311902
0.023689344475875396,0.023291880452590733,-0.13011354121120244,-0.038809369837046775,1,0.09130417137415567
-0.020085048946833925,0.028928977342292526,-0.1849366445377273,-0.07153505335594058,1,0.1134015911817867
0.025233020962344255,0.02611814763733479,-0.13410934840683195,-0.03172620966847956,1,0.10238313873835239
0.028638003589410835,0.023667407683790845,-0.12590091547081922,-0.033124677350359115,1,0.0927762381204601
-0.02585965844480949,0.02849982823619758,-0.18987012178775675,-0.07815079510186224,1,0.11171932668589452
0.04878889381496043,0.02557069356330677,-0.10948046556912085,-0.0092433468009583,1,0.10023711876816255
-0.001374456095542223,0.024149471959753623,-0.15685822113665931,-0.06219229105442513,1,0.09466593008223419
0.005665370434945374,0.022359033004549195,-0.14630913425397105,-0.05866172487613821,1,0.08764740937783283
-0.014731071669391832,0.02027865961994464,-0.16262804452448332,-0.08313569881430034,1,0.07949234571018297
0.005801609466976249,0.021324713168541915,-0.14414562834336592,-0.0605527527226816,1,0.08359287562068432
0.029697926174812456,0.02363006555492735,-0.12476780231284515,-0.03213794533752994,1,0.0926298569753152
-0.002113850059063435,0.023735473486872438,-0.15678617809333342,-0.06374312202479346,1,0.09304305606853996
0.020954776031384695,0.028425193656105928,-0.14290940353458292,-0.03148264440264769,1,0.11142675913193523
-0.0001236232765988443,0.027414413295081146,-0.16200667333495788,-0.05454217321823981,1,0.10746450011671807
0.03891424876281281,0.025496989378493186,-0.11921065041903384,-0.01926245205534055,1,0.09994819836369329
0.023640850334270963,0.025458674555198287,-0.13440895179391768,-0.0346109475375404,1,0.09979800425637728
0.029696957018808826,0.02354403545570643,-0.12460015247437578,-0.03230753348800658,1,0.0922926189863692
-0.001762143159418042,0.022334811498392133,-0.1536891736962666,-0.06613671262256947,1,0.08755246107369714
-0.03202292370567071,0.02488936302483884,-0.18895687523435484,-0.0913905721769866,1,0.09756630305736824
0.0071527355863831715,0.028243363064750802,-0.1563550560205284,-0.04564107280670526,1,0.11071398321382314
0.050345972227426365,0.022973431577960137,-0.1028327536653755,-0.01277690187977177,0,0.09005585178560374
-0.005051779386808328,0.022193578313044922,-0.1567019928803764,-0.06970316589324028,1,0.08699882698713611
-0.012778940801736027,0.021593973133590853,-0.1632539281435741,-0.07860555345989796,1,0.08464837468367613
0.04298316292509152,0.024221925358264805,-0.1126426107771075,-0.017692663372709465,1,0.09494994740439802
0.012116348335924801,0.02273956559312412,-0.14060400022659847,-0.05146490310155193,1,0.08913909712504653
0.04297619621210312,0.023346185470354323,-0.11093312730979135,-0.01941608026600241,1,0.09151704704378893
0.02431458671279796,0.023418523306597144,-0.12973651896813243,-0.03793590760627165,1,0.09180061136186078
-0.028602867638382226,0.025965360456470136,-0.1876457741330637,-0.08586156114370078,1,0.10178421298936291
0.015486049501482316,0.027797513608045128,-0.14714787717028613,-0.03818162382674924,1,0.10896625334353688
0.005266963806088945,0.02201840284716286,-0.14603990577435028,-0.05972776661347186,1,0.08631213916087842
0.0007423041217534815,0.02306309985580687,-0.15261217159562798,-0.06220482016086506,1,0.09040735143476292
0.012142816304114207,0.026271227394542733,-0.14749958938918956,-0.04451637800258204,1,0.10298321138660751
0.012107914001495551,0.025325166305887256,-0.14568021195804348,-0.046405560038965434,1,0.09927465191907806
-0.01585340233748081,0.02732171818684213,-0.17755476998369138,-0.07045363469127025,1,0.10710113529242113
-0.016756682168723808,0.024764709145880595,-0.17344631209464978,-0.07636865224279785,1,0.09707765985185193
0.001986760340715321,0.024213670235224027,-0.15362283332032378,-0.058705245998245593,1,0.0949175873220782
-0.010187777189539157,0.02219035755939671,-0.16183167800595671,-0.07484547637312161,1,0.0869862016328351
-0.0069855662744787855,0.0227536208124245,-0.1597334630668308,-0.07053926948212677,1,0.08919419358470404
-0.022095871715542434,0.02676969796686487,-0.1827152797305976,-0.07777806370048729,1,0.1049372160301103
-0.022567058692103917,0.02248480024994097,-0.17478806718198822,-0.08664765020221962,1,0.0881404169797686
0.0009416553169245417,0.02034238679282366,-0.14708022279700983,-0.0673380665691411,1,0.07974215622786873
0.011585655285600183,0.026887538934514683,-0.1492647210260486,-0.04386556840275104,1,0.10539915262329755
0.013814072153841644,0.02081801843211121,-0.1351400439730963,-0.053533411719220395,1,0.08160663225387592
-0.02126261232988573,0.02567759999843238,-0.1797415083268132,-0.07908531633295826,1,0.10065619199385495
0.014560057246031974,0.024682807795051526,-0.141969046032269,-0.04521243947566704,1,0.09675660655660197
0.007231244751863167,0.027006803777960855,-0.1538528906529401,-0.047986219843333566,1,0.10586667080960654
0.014238768940156077,0.021171548749014737,-0.1354082666079128,-0.05241579551177505,1,0.08299247109613775
0.055991473322137025,0.024371321581584213,-0.09992711697776804,-0.004391536377957923,0,0.09553558059981013
-0.038013113751911146,0.02379371801193578,-0.19279960105530528,-0.09952822644851703,1,0.09327137460678825
0.0009520499445172664,0.022104295213790356,-0.15052316867451182,-0.06387433143645364,1,0.08664883723805818
-0.02314649233099643,0.028721537383295397,-0.1875915056022554,-0.07500307905973747,1,0.11258842654251794
0.015808822080336918,0.026256503777698482,-0.1438047253239521,-0.040879230515374065,1,0.10292549480857804
-0.003126947014949713,0.022605624958758286,-0.15558477193411596,-0.06697072209578347,1,0.08861404983833249
0.026302300795453898,0.023938148596352245,-0.1287672704533965,-0.03492972795569571,1,0.0938375424977008
-0.01632194825029855,0.02734492821751166,-0.1780688075566214,-0.0708766889439757,1,0.10719211861264571
0.00155005789095701,0.023797945448172327,-0.15324471518746074,-0.05995676903062524,1,0.0932879461568355
-0.0038920226870223784,0.023827228622248384,-0.1587441907866292,-0.06534145458741555,1,0.09340273619921366
0.004065557914444448,0.021391836834151193,-0.1460132422804919,-0.06215724189061922,1,0.08385600038987268
-0.009743325612214818,0.02568404444069795,-0.16823485271598282,-0.06755339850844684,1,0.10068145420753598
0.03393016190228154,0.026095878965918293,-0.1253685608709183,-0.023072715324518614,1,0.10229584554639969
0.0026299361945536087,0.024349573354661386,-0.1532460275805827,-0.05779570003031008,1,0.09545032755027262
0.02338854757713743,0.022556429879467887,-0.12897285498661964,-0.04055164985910552,1,0.08842120512751413
-0.021748291072013107,0.02214784942714118,-0.17330887594920982,-0.0864893061948164,1,0.08681956975439342
-0.014396743496479417,0.023252781298719064,-0.1681229948419688,-0.07697209215099006,1,0.09115090269097874
0.028874621990275087,0.024326079487800734,-0.12695529380581436,-0.03159706221363548,1,0.09535823159217888
-0.009403604991290157,0.026488517777531296,-0.16947189983525152,-0.06563691014732882,1,0.1038349896879227
0.013667757984224913,0.025151625374674573,-0.14378022775013727,-0.04518585628141293,1,0.09859437146872434
-0.016111525345181954,0.029100680407827588,-0.18129965894452404,-0.06722499174583989,1,0.11407466719868416
0.01398852062919513,0.02615523698787452,-0.14542654386703893,-0.04289801487457082,1,0.10252852899246812
-0.002814264660964863,0.022812275489514006,-0.15567712462041233,-0.06625300470151742,1,0.08942411991889491
-0.014837366249301431,0.02865198397150614,-0.17914605483345347,-0.0668302776651494,1,0.11231577716830407
0.021359956093224844,0.024390719393262966,-0.13459665391757059,-0.03898503389597975,1,0.09561162002159083
0.0022182916212212522,0.02403753196917492,-0.1530460710383616,-0.058818945719195916,1,0.09422712531916569
0.018122316266553987,0.02148003271599394,-0.13212934785679414,-0.047927619610097894,1,0.08420172824669625
0.00871920630521636,0.022660350600423138,-0.14384588087161299,-0.0550173065179543,1,0.08882857435365868
0.016706178024099072,0.028625428016308126,-0.14755046088786486,-0.03533878306393701,1,0.11221167782392785
0.009972092608641583,0.03225154306032811,-0.16139173178960153,-0.034965682993115324,1,0.12642604879648622
-0.010046060819934116,0.02578740516481587,-0.16874017494297322,-0.06765354669689502,1,0.1010866282460782
-0.0527366425585903,0.03043621241513061,-0.2205424188922463,-0.10123246622493431,1,0.11930995266731198
-0.0184235897764453,0.021400710729662657,-0.1685197828065841,-0.0846289967463065,1,0.08389078606027761
-0.018864116873710188,0.026939380398480445,-0.17981610245473187,-0.07421373129268852,1,0.10560237116204335
0.00895400463131861,0.024139264672067423,-0.14650975412593353,-0.05188383661142925,1,0.09462591751450428
-0.0017139287547722482,0.026357374037201845,-0.16152518186768788,-0.05820427564185664,1,0.10332090622583125
0.023875901852931702,0.026285585383579203,-0.13579464549888354,-0.03275515079525307,1,0.10303949470363047
0.05457190600906675,0.024928138218437267,-0.1024380448990703,-0.004719743082796213,0,0.09771830181627408
0.029488503456207807,0.02700254335072555,-0.13158728151121427,-0.025737311576370124,1,0.10584996993484413
-1.0028107940776576e-05,0.024935401337151678,-0.15703421472875806,-0.0592874414871235,1,0.09774677324163455
0.042724762204539676,0.026605615301942734,-0.11757304378726809,-0.013279031803652572,1,0.10429401198361551
-0.028389344673713804,0.02409853909495247,-0.18377328129982065,-0.08930700804760697,1,0.09446627325221368
0.005690314004464209,0.022344143406506263,-0.14625500707228806,-0.05866596491878352,1,0.08758904215350453
0.016995180519953537,0.02692116050942531,-0.14392109407852008,-0.03839014488157286,1,0.10553094919694722
0.02023060389294684,0.02780744421189809,-0.1424227867623734,-0.03341760545173291,1,0.10900518131064049
0.03384762778011274,0.022875068640202403,-0.11913830675468398,-0.02946803768509055,1,0.08967026906959344
0.0030250718147042943,0.02664955981901114,-0.15735886543055755,-0.05289259094003388,1,0.10446627449052368
-0.00922895108287168,0.024420449244556157,-0.16524383160220174,-0.06951567056354162,1,0.09572816103866012
-0.01700718564843083,0.027316223028042926,-0.178697782783395,-0.0716181885134667,1,0.10707959426992829
0.04390050814101665,0.02306930458165948,-0.10946612883903595,-0.019034454878930775,1,0.09043167396010518
-0.0019146940683230085,0.02531417549617029,-0.15968127804081678,-0.060449710095829244,1,0.09923156794498753
0.007380211851789983,0.02354924454940207,-0.14692710746503806,-0.054614068831381965,1,0.0923130386336561
-0.004281356941372813,0.023857481371387376,-0.15919282042929206,-0.06567149345345356,1,0.0935213269758385
0.016198868074748782,0.031011666602141056,-0.15273479846544769,-0.031169065385054755,1,0.12156573308039292
-0.02121346995751032,0.03210878277099611,-0.19229748418866272,-0.06643105572635795,1,0.12586642846230478
0.016233240192286627,0.024427847845241376,-0.13979614158438647,-0.04403897803104028,1,0.09575716355334618
0.0331924767595637,0.023323014629589685,-0.12067143191443208,-0.029245214566440518,1,0.09142621734799156
0.0012180468983565007,0.021873816482036887,-0.14980543340643582,-0.0640600727968512,1,0.08574536060958461
-0.03893721701645757,0.024572368533229583,-0.19524985934158756,-0.09892617469132758,1,0.09632368465025998
0.038900927611092345,0.026021849343319598,-0.12025269710181408,-0.01824704767600125,1,0.10200564942581283
0.018240573383331862,0.024460288628090934,-0.13785239232772636,-0.041968060905609915,1,0.09588433142211644
0.0465037394500104,0.025381244093508434,-0.11139429897326614,-0.011899822126713075,1,0.09949447684655306
0.022297586332427177,0.02501248344915626,-0.1348776812279191,-0.03682874610722656,1,0.09804893512069254
-0.006130677832025588,0.025919577592683565,-0.16508384991368538,-0.0634791057503658,1,0.10160474416331958
-0.0007725173150304326,0.02202313287047114,-0.15208865774115388,-0.065757976888907,1,0.08633068085224688
-0.004990046310807961,0.02418528062894626,-0.16054399634354263,-0.0657376962780733,1,0.09480630006546933
0.013910130552265684,0.025592310037599132,-0.1444015971214286,-0.044079741774040025,1,0.10032185534738858
0.052711109875291005,0.022132500483482802,-0.09881939107233528,-0.01205998917708271,0,0.08675940189525258
-0.0016751413931398867,0.029270011052161784,-0.167195163055377,-0.052456719730902795,1,0.11473844332447419
0.01569670112230377,0.023654256348129475,-0.13881644132003002,-0.046091756435362466,1,0.09272468488466755
0.016669635117182016,0.023867302428136755,-0.13826107764196602,-0.04470125212366995,1,0.09355982551829606
0.040220154134287436,0.02556631091588715,-0.11804061526085138,-0.017820676470573754,1,0.10021993879027763
0.020997016118397882,0.024774112696464883,-0.13571104476667328,-0.038596522996530956,1,0.09711452177014232
0.004182492429532961,0.0230627632471147,-0.14917132353481186,-0.05876529160612223,1,0.09040603192868962
0.03054582567162356,0.026149612504455345,-0.1288582148371089,-0.026351733819643973,1,0.10250648101746493
0.005445303965708276,0.022716302605381218,-0.1472294491408389,-0.058181542927744544,1,0.08904790621309436
0.05171824125255441,0.027349350966288065,-0.11003728664137019,-0.0028278308535209865,1,0.10720945578784921
-0.02154223285687988,0.02319861567201635,-0.17516231957403194,-0.08422374613972783,1,0.09093857343430412
0.03368035825836582,0.023511970296174047,-0.12055390352213531,-0.028386979961133055,1,0.09216692356100226
0.004292051302274377,0.02394009681471603,-0.15078133845456904,-0.05693615894088221,1,0.09384517951368682
0.03052269469832375,0.023247924358161268,-0.12319403704367235,-0.03206217355968017,1,0.09113186348399219
-0.004523879591906213,0.02260914881962485,-0.15698861127837094,-0.06836074790544151,1,0.08862786337292942
0.006058533206093147,0.026180033570753297,-0.15340513259258332,-0.05077940099523039,1,0.10262573159735291
-0.0016254080612033844,0.023874291418836336,-0.1565698192421226,-0.06298259688028418,1,0.09358722236183842
-0.010619487627262864,0.02264788230737915,-0.163160136949726,-0.07438043830479973,1,0.08877969864492627
0.019397239054415594,0.022884735485303002,-0.1336076424967783,-0.043899479394390525,1,0.08970816310238779
-0.0021625000132239613,0.021242611044983557,-0.15194881766139173,-0.0686777823650562,1,0.08327103529633553
-0.014947657685480162,0.02137517684298969,-0.16499380429773997,-0.08120311107322037,1,0.0837906932245196
-0.013262688092316843,0.023809585927214567,-0.1680802765096574,-0.0747466996749763,1,0.0933335768346811
-0.017956653960397376,0.027422997652183256,-0.17985652935867658,-0.0723583785621182,1,0.10749815079655838
-0.004517837421059823,0.028166404880872235,-0.1678747909875694,-0.057462483854550245,1,0.11041230713301917
-0.009185542991669751,0.024138011472818143,-0.1646468454783933,-0.0700258405049462,1,0.09462100497344711
-0.042860267101727786,0.024203111064951235,-0.1984491647890322,-0.10357296941442337,1,0.09487619537460884
0.028092012288722296,0.024285144453206627,-0.1276576708395627,-0.03245990458299272,1,0.09519776625656998
-0.02056705265283544,0.031148675731320078,-0.1897692570862228,-0.06766644821944809,1,0.12210280886677471
-0.0038266468540052723,0.02501931851452235,-0.1610153111424691,-0.06293958256554147,1,0.09807572857692762
-0.02819659636417292,0.021345022751641785,-0.1781836409573908,-0.09451115177095502,1,0.08367248918643579
0.02470945283694638,0.02398542196061198,-0.1304527742058531,-0.036429920120254144,1,0.09402285408559896
-0.02535838581159626,0.028394495408798792,-0.1891623968128419,-0.07785597481035064,1,0.11130642200249125
0.014944703559370248,0.02182602805913757,-0.1359851114365394,-0.05042708144472012,1,0.08555802999181929
0.04807722766960819,0.023984597782739564,-0.10708338398456135,-0.013063760676222273,0,0.09401962330833907
0.010233014500746374,0.02642014219075616,-0.1497012641931357,-0.046134306805371554,1,0.10356695738776414
-0.024905487197131468,0.024514865885635617,-0.18110542433297727,-0.08500715006128567,1,0.0960982742716916
0.013304101862093576,0.023451685036378147,-0.14081200080920758,-0.04888139546660526,1,0.09193060534260232
0.010028698155387095,0.0280530707306349,-0.1531061204766573,-0.04313808321256851,1,0.1099680372640888
0.03402367057670293,0.024202813715193828,-0.12156464430507698,-0.02668961454151718,1,0.0948750297635598
-0.0349361278941913,0.02578083193845304,-0.19361735849355927,-0.09255649729482335,1,0.10106086119873592
0.010866170852992171,0.0295514175473162,-0.1552054075397476,-0.039363850754268084,1,0.11584155678547951
0.012468074756081346,0.02634909833907514,-0.14732695798850592,-0.04403849249933139,1,0.10328846548917453
0.005463260103009626,0.02330596180993751,-0.1483672250444679,-0.05700785474951286,1,0.09135937029495503
-0.024452514943533413,0.020882642762390748,-0.17353329475781928,-0.09167333512924755,1,0.08185995962857173
0.02818072698294699,0.03188414574310794,-0.14246299867354456,-0.017477147360561454,1,0.1249858513129831
-0.03182737220952596,0.02993735359148147,-0.19865538524882964,-0.08130095917022229,1,0.11735442607860735
0.054836608800819524,0.021958419159322635,-0.09635269275145285,-0.010275689646908115,0,0.08607700310454473
0.019938823022226715,0.024141846541481698,-0.1355299961990774,-0.04089395775646917,1,0.09463603844260823
0.027520504597986814,0.025877622037870265,-0.1313504345962389,-0.029910156207787475,1,0.10144027838845143
-0.012229885937173529,0.023633640706647148,-0.16670262172220196,-0.07405875015214512,1,0.09264387157005684
-0.02048128498969,0.02316089466159496,-0.1740274385264161,-0.08323673145296388,1,0.09079070707345223
0.06056343064226482,0.024761731448198637,-0.09612036299620452,0.0009456242807341433,0,0.09706598727693866
-0.022588598749192043,0.029531461010208808,-0.1886210623292013,-0.07285773516918279,1,0.11576332716001853
0.036105416867992596,0.022216809488271712,-0.11559032972901996,-0.028500436534994858,1,0.0870898931940251
0.008635012523081131,0.024936987122640124,-0.1483922822372935,-0.05063929271654423,1,0.09775298952074928
-0.035933031323253414,0.034489962299768494,-0.21168415743079966,-0.07648350521570717,1,0.13520065221509248
-0.00045749689450760855,0.023761345608488058,-0.1551805342871442,-0.06203605950187102,1,0.09314447478527318
0.011761689315880328,0.025714127240341868,-0.14678880007518974,-0.045989421293049615,1,0.10079937878214013
0.04141188814104388,0.025142155897474185,-0.11601753741800552,-0.017460286299906723,1,0.0985572511180988
-0.0015914020029418607,0.023572799264815928,-0.15594488856198108,-0.06353951544390266,1,0.09240537311807842
0.0032782992311812253,0.02374985850592869,-0.151422223440439,-0.05832277809719855,1,0.09309944534324047
0.04841240876886302,0.02308648567504753,-0.10498790315423015,-0.01448887930804383,0,0.09049902384618633
0.04709718392875765,0.024348598289474617,-0.10877686871861261,-0.013330363423872109,1,0.0954465052947405
0.028939858678259225,0.0220391354615545,-0.1224076468263876,-0.03601423581709396,1,0.08639341100929365
0.03552292027402376,0.023601884479294708,-0.11888757330539387,-0.026368186146558614,1,0.09251938715883526
-0.022651671696353112,0.022563897864857643,-0.1750277115114741,-0.08657723188123215,1,0.08845047963024194
0.0292421469802345,0.02720663291308097,-0.1322336535294042,-0.025583652510126807,1,0.10665000101927738
-0.019174849466430513,0.024305290063313934,-0.17496401799052583,-0.07968728094233521,1,0.09527673704819062
0.02829049654216631,0.02457263895557601,-0.12802267581076268,-0.031697931104904715,1,0.09632474470585797
0.027809137411273485,0.024855464162869323,-0.1290583723479504,-0.031624952829502645,1,0.09743341951844775
-0.014321323911912112,0.022574569131324912,-0.16671827940930894,-0.07822596841451529,1,0.08849231099479365
0.03642430055006063,0.025035670084569778,-0.12079641281569614,-0.02265658608418261,1,0.09813982673151353
-0.018437520691865175,0.026007268625862234,-0.17756256719855515,-0.07561407418517521,1,0.10194849301337994
-0.005226109643038823,0.023613176870457112,-0.15965873630913477,-0.06709508297694289,1,0.09256365333219188
0.013537701633030294,0.02140507908744099,-0.13656705337835406,-0.05265914335558537,1,0.08390791002276869
-0.02610669229813349,0.02823577656188325,-0.18959961435942466,-0.07891537023684234,1,0.11068424412258232
-0.03977882992775632,0.030998507243917808,-0.20868670412583523,-0.08717255572967741,1,0.12151414839615782
0.03406563181958849,0.026370300185094148,-0.12577095654319603,-0.022399379817626984,1,0.10337157672556904
-0.026241979589970224,0.028054239110144992,-0.18937908824585442,-0.07940647093408604,1,0.10997261731176838
0.006654140038347314,0.021156383190022103,-0.142963171014096,-0.06003014890920937,1,0.08293302210488662
-0.005657604100679323,0.023007448984006914,-0.1589030041093329,-0.06871380409202578,1,0.09018920001730711
0.016274715074293455,0.023213103020792672,-0.1373737668464602,-0.04637840300495291,1,0.09099536384150728
-0.020008539202675188,0.024077623293549007,-0.17535148085803126,-0.08096719754731914,1,0.09438428331071212
0.013725014527236096,0.026617873350959463,-0.14659681724064444,-0.042254753704883366,1,0.10434206353576107
0.003618451193856148,0.030341718049612665,-0.16400211618338467,-0.045062581428903035,1,0.11893953475448163
-0.013661222012171473,0.02241560332484601,-0.16574660452886966,-0.0778774394954733,1,0.08786916503339637
-0.009128564951398604,0.027779389887695554,-0.17172696913128188,-0.06283176077151532,1,0.10889520835976656
-0.02807076932670309,0.020377629932419778,-0.17616172399424584,-0.09628141465916033,1,0.07988030933508551
0.015040254054983174,0.022550455473752992,-0.1373094386735727,-0.04891165321646097,1,0.08839778545711174
0.011248247254153423,0.023451271059874327,-0.14286704402320027,-0.050938061468492904,1,0.09192898255470737
0.03516561338983032,0.02394737898422229,-0.11992204941924536,-0.026048323801094002,1,0.09387372561815135
0.027513747263417793,0.022914662969555705,-0.1255497921569114,-0.03572431331625303,1,0.08982547884065836
0.03599807545697992,0.024232885316463684,-0.1196491797632889,-0.02465626932275127,1,0.09499291044053762
0.046548692385089616,0.023825124716800046,-0.10829935205983848,-0.014904863169982303,1,0.09339448888985619
-0.007708977517149301,0.022494169553619405,-0.15994834984224335,-0.07177120519205527,1,0.08817714465018808
0.0024358273764446686,0.02449996831877376,-0.15373491052835192,-0.05769503471875877,1,0.09603987580959315
0.041096203803929046,0.02346515416303453,-0.11304629835561864,-0.021062894036523283,1,0.09198340431909535
-0.011792493458965561,0.02565174217735656,-0.17022070812658444,-0.0696658787913467,1,0.10055482933523774
0.046437763115459524,0.026280832044509657,-0.1132234676917794,-0.010202606077301557,1,0.10302086161447785
-0.006963058498535249,0.023939181927091043,-0.1620346550756337,-0.06819306192143681,1,0.09384159315419688
0.012828753174745203,0.028383423677678845,-0.15095355723350534,-0.03969053641700427,1,0.11126302081650108
-0.006812873703755537,0.025259181038465944,-0.1644716685391488,-0.06545567886836229,1,0.09901598967078651
0.027337335961923087,0.02537967334485255,-0.13055762379398791,-0.03106930428216592,1,0.099488319511822
0.030385025528863407,0.023570051185737996,-0.12396307479518306,-0.031568474147090124,1,0.09239460064809293
-0.01723996192601636,0.026938956279669465,-0.1781911162341685,-0.07259040761786421,1,0.10560070861630429
0.005332444151409987,0.02241226854815401,-0.1467464022029719,-0.058890309494208155,1,0.08785609270876374
