bias,std,lcl,ucl,cover,cld
0.004319593471303923,0.025032233959493812,-0.15289438508930395,-0.05476802796808821,1,0.09812635712121573
0.009617002749197995,0.02428569933345806,-0.14613376794437982,-0.05093382655722421,1,0.09519994138715561
-0.015456860178288054,0.021785263113861964,-0.1663067758814575,-0.08090854447511861,1,0.0853982314063389
-0.003571446513689361,0.023474214421466518,-0.15773170677976373,-0.065712786247615,1,0.09201892053214873
0.0565258558217249,0.02193711034003602,-0.0946216804447457,-0.008628207911804506,0,0.08599347253294119
-0.012521684762939078,0.021550785803579487,-0.16291202493795487,-0.0784329445879233,1,0.08447908035003157
-0.001777680363771586,0.02306195283096563,-0.15512990791246423,-0.06472705281507896,1,0.09040285509738527
0.06640962427426711,0.02270623837091793,-0.08624540293273203,0.0027630514812662446,0,0.08900845441399827
0.014219413590686097,0.024091052222294063,-0.14114984876501027,-0.046712924053617544,1,0.09443692471139273
0.037787933507373125,0.021678472818406333,-0.1128526732167033,-0.027873059768550465,1,0.08497961344815283
0.008576936037659771,0.021377446411680986,-0.14147365892923497,-0.057674068995445506,1,0.08379958993378947
0.01860175755760736,0.020810951036088734,-0.13033850647312656,-0.048759578411658726,1,0.08157892806146783
-0.036763714252624466,0.019404301592480952,-0.18294694537388714,-0.1068820831313618,1,0.07606486224252534
0.021587965199033846,0.023955307344790094,-0.13351523719675473,-0.03961043240517757,1,0.09390480479157716
0.02506229438764644,0.02259612779032353,-0.12737691608138768,-0.038800095143319446,1,0.08857682093806823
0.024744733888293652,0.022559356201217674,-0.127622404266093,-0.03918972795731972,1,0.08843267630877329
0.04580717415567133,0.02124144748710243,-0.10397686291904945,-0.02071038876960791,0,0.08326647414944155
0.01867534855916808,0.019648683828955526,-0.12798687174558476,-0.05096403113607909,1,0.07702284060950568
0.023813112568053033,0.022689874531172976,-0.128809841513046,-0.03986553335084794,1,0.08894430816219806
0.024070570148727072,0.022411160086292885,-0.12800610362040699,-0.04015435608213888,1,0.0878517475382681
-0.024859416496991735,0.022488370974660783,-0.17708742360732688,-0.0889330093866566,1,0.08815441422067027
0.001174521443607579,0.023465494569873933,-0.15296864791334533,-0.060983909199439516,1,0.0919847387139058
0.0066096748194795635,0.024544006188233027,-0.14964737730945718,-0.05343487305158371,1,0.09621250425787348
0.013035528646937133,0.02374704065606929,-0.14165947103895868,-0.048571071667167065,1,0.09308839937179161
-0.020091025967937257,0.022088221688787598,-0.17153474047796097,-0.08494891145791357,1,0.0865858290200474
0.022030817196672117,0.02161220702287805,-0.12847990856816888,-0.043760057038486906,1,0.08471985152968198
0.04494552532637812,0.02355836662692705,-0.1093796732623989,-0.017030876084844868,1,0.09234879717755404
0.07144253625874719,0.022224043188301103,-0.08026738839032296,0.006850860907817356,0,0.08711824929814033
0.010786423585938953,0.02416872937748682,-0.14473508599393523,-0.049993666834186885,1,0.09474141915974835
0.011067577699111084,0.024561296383959555,-0.14522336321344964,-0.048943081388328195,1,0.09628028182512144
0.012456232772636494,0.021332512938179556,-0.13750629258619546,-0.05388284186853158,1,0.08362345071766387
-0.030100719871686624,0.022885528217257062,-0.18310715517751047,-0.09339588456586279,1,0.08971127061164769
0.037153391129832694,0.02165722459072403,-0.11344556906798642,-0.02854924867234821,1,0.08489632039563821
-0.011132678103176794,0.02625381331260692,-0.17074095219588636,-0.06782600401046723,1,0.10291494818541913
0.03759419331710158,0.02233352074451202,-0.11433030734214199,-0.026782906023654865,1,0.08754740131848712
0.011329475114385909,0.022523715636219833,-0.14096780753260496,-0.052674842238623225,1,0.08829296529398173
0.03398935444120468,0.022593436772624008,-0.11844458163313837,-0.02987830948445227,1,0.08856627214868609
0.029137631116548504,0.02281467768212608,-0.12372993714041862,-0.03429640062648438,1,0.08943353651393424
0.02669215295919143,0.021276473784114167,-0.12316053565767235,-0.039756758423944806,1,0.08340377723372755
0.03538355194181082,0.021621099614797332,-0.11514460330319196,-0.03038989281318641,1,0.08475471049000555
0.0007123814934072159,0.020720403977397987,-0.14805041030229285,-0.06682642671089273,1,0.08122398359140012
0.08235843550557989,0.022232684668553895,-0.06936842644478575,0.017783697455945525,0,0.08715212390073127
0.008337080848351344,0.022215476116921876,-0.14335605234081555,-0.05627138596248178,1,0.08708466637833377
0.014882618380872986,0.022700724565189193,-0.13776160176689783,-0.048774761471356204,1,0.08898684029554163
0.02408893568347932,0.022352702055354733,-0.12787316034501595,-0.04025056828802541,1,0.08762259205699054
-0.006439721880526231,0.024104007666792996,-0.1618343769074405,-0.06734666685361196,1,0.09448771005382856
-0.006032407506737586,0.02447179685028296,-0.1621479293332922,-0.06621848568018299,1,0.09592944365310921
-0.00875044744413761,0.028618700223681837,-0.172993899882554,-0.060808595005721215,1,0.11218530487683279
0.022468486213025468,0.026503668261222427,-0.1376295035789705,-0.033735123994978584,1,0.10389437958399192
0.023346782692217877,0.026426874187339747,-0.13660069071496803,-0.033007343900596224,1,0.1035933468143718
0.006132391083089689,0.026945592357116466,-0.1548317699368586,-0.04920504789696204,1,0.10562672203989656
-0.012078714645178304,0.02200916814739213,-0.16336748421406688,-0.07709154507628974,1,0.08627593913777715
0.017146999833696747,0.022346168423099333,-0.13480229027557794,-0.04720531005702857,1,0.08759698021854936
0.0056381069784318255,0.02364144999068073,-0.1488499350033024,-0.05617545103983395,1,0.09267448396346845
0.034818372117976434,0.022278454636006383,-0.11699819896859609,-0.02966665679545106,1,0.08733154217314504
-0.016052792860768564,0.02169544089705681,-0.1667266570189999,-0.08168052870253723,1,0.08504612831646269
0.014191330201906133,0.02290081491463714,-0.13884506703078267,-0.04907387256540508,1,0.0897711944653776
0.027200225070895312,0.024376961735269778,-0.12872941993023346,-0.03317172992797593,1,0.09555769000225753
0.006394914803197066,0.027018435826678795,-0.1547120194170934,-0.0487997509765125,1,0.1059122684405809
0.024140703004180808,0.022795084508243055,-0.1286884626319756,-0.03933173135966281,1,0.08935673127231278
0.008801750834770028,0.02050567735996645,-0.13954017679076422,-0.059157921539695735,1,0.08038225525106849
0.006523112448195298,0.020423227586426573,-0.1416572136212008,-0.061598161482408625,1,0.08005905213879216
0.01194452888992105,0.021723782496885537,-0.1387848848039746,-0.053627657416183305,1,0.0851572273877913
0.021125589367322353,0.02147633371166861,-0.12911882470754812,-0.04493159655780718,1,0.08418722814974094
0.014206892309963026,0.022480106293178665,-0.13800491602466716,-0.049882899355406796,1,0.08812201666926037
0.012109216541622947,0.021358994639269345,-0.13790521295134497,-0.05417795396540914,1,0.08372725898593583
0.01088611211847093,0.022620633721891784,-0.14160112997643698,-0.05292824578662118,1,0.08867288418981581
0.026001887330737702,0.021674416723252467,-0.12463076944683714,-0.03966705589168747,1,0.08496371355514967
0.020406526752261386,0.021618007260797108,-0.13011556747890096,-0.04537297901657629,1,0.08474258846232467
0.035826385667080574,0.023202372546364137,-0.11780106452379313,-0.026847764142045726,1,0.0909533003817474
0.0201334295455972,0.023028722983615614,-0.1331536675022894,-0.0428810734065162,1,0.0902725940957732
-0.012953375776432824,0.0217972381658016,-0.16382676258140397,-0.07838158897146169,1,0.08544517360994228
-0.006490638685986649,0.023652506061337127,-0.16100035056620743,-0.06828252680576588,1,0.09271782376044155
0.045927841095616644,0.023061005737741138,-0.107422530150356,-0.01702338765841073,0,0.09039914249194526
0.00951176756948098,0.020685107008148358,-0.13918184216648982,-0.05809622269454824,1,0.08108561947194158
-0.014225624756498106,0.022387728374437855,-0.1662563723703963,-0.07849647714259991,1,0.0877598952277964
0.007557225881498153,0.02514000862073559,-0.14986799101514361,-0.0513191572218601,1,0.09854883379328352
0.004106903676854096,0.02736453640716224,-0.1576783876811839,-0.05040940496510792,1,0.10726898271607596
0.01004073442857549,0.02114631424394802,-0.13955684148956263,-0.056663289653286396,1,0.08289355183627622
0.0003302810993731087,0.025110737539914076,-0.15703756447885847,-0.05860347332239531,1,0.09843409115646316
-0.009507382614294083,0.021455840358794834,-0.15971162971753197,-0.0756047355110562,1,0.08410689420647577
-0.0036514674216625437,0.021178961125516992,-0.15331303122767587,-0.07029150361564925,1,0.08302152761202662
-0.01774772731359521,0.022974080768921858,-0.17092772562068206,-0.08086932900650837,1,0.0900583966141737
-0.0052040053247498635,0.025348556098761632,-0.16303797527832267,-0.06367163537117707,1,0.0993663399071456
0.002817122475700179,0.022032034503891174,-0.1485164651519265,-0.062150889896673125,1,0.08636557525525339
0.04363683271319935,0.021220587077582585,-0.10610631795886252,-0.022921616614738793,0,0.08318470134412373
0.04125809137621979,0.022102607444288234,-0.11021381921458515,-0.02357159803297528,1,0.08664222118160986
-0.013405504426702047,0.021381782892217555,-0.16346459889544845,-0.07964800995795565,1,0.0838165889374928
0.029590081498963874,0.02170933275075892,-0.12111101069252361,-0.03601042630954864,1,0.08510058438297496
0.005386796882486056,0.02623563662968539,-0.15418585091169731,-0.051342155323330585,1,0.10284369558836673
0.004818449617640844,0.025073694262693468,-0.15247679113723836,-0.05418790962747996,1,0.0982888815097584
0.05591341491199173,0.021853771333622558,-0.09507077690190849,-0.009403993274108069,0,0.08566678362780042
0.01911920030827087,0.02054609871184309,-0.1293019531669416,-0.04876124621651668,1,0.08054070695042492
0.025237271932154387,0.021680576745984406,-0.12540745848997506,-0.04041959764571618,1,0.08498786084425888
0.0075483349697964275,0.023063384743173224,-0.1458066991268231,-0.05539823093358406,1,0.09040846819323903
0.0005741315107996303,0.020590754945916154,-0.14793454818319604,-0.06721878879520471,1,0.08071575938799133
-0.0146789434400528,0.023121246307312385,-0.16814738620238506,-0.07751210067772053,1,0.09063528552466453
-0.040197726763597494,0.019836866272866086,-0.18722878465841503,-0.10946826886877997,0,0.07776051578963505
0.049162421754663226,0.020844827935337488,-0.09984424099859826,-0.018132515492075306,0,0.08171172550652295
0.049153626133348075,0.02301678206801886,-0.10411006671996889,-0.013884281013334963,0,0.09022578570663392
0.014700341046320911,0.022979254475420926,-0.1384897977255041,-0.04841112018185408,1,0.09007867754365001
0.04731315148940494,0.02350939401788385,-0.10691606078564742,-0.01475923623554272,0,0.0921568245501047
0.02621311487074407,0.020080723990632293,-0.12129590415089522,-0.04257946610761664,1,0.07871643804327857
0.02298451281590036,0.02227430573403499,-0.1288239264228082,-0.04150864794539107,1,0.08731527847741714
0.016833395510500893,0.020617881435235522,-0.13172845210256073,-0.05090635687643749,1,0.08082209522612324
-0.025071611630819488,0.02251050775862363,-0.1773430068377218,-0.08910181642391718,1,0.08824119041380463
0.011641181283785551,0.02224716505129889,-0.1401140622167603,-0.05290517521566863,1,0.08720888700109167
0.012673520535027474,0.02165099198686379,-0.13791322375922554,-0.0530413351707195,1,0.08487188858850604
-0.010693664693451801,0.02423035799295261,-0.16633596635963893,-0.07135296302726468,1,0.09498300333237425
0.019733841682436568,0.020552599077294714,-0.12870005250906108,-0.0481338641260658,1,0.08056618838299529
0.01895554867569646,0.022459167270918387,-0.13321521917530357,-0.04517528347330351,1,0.08803993570200006
-0.02652715455683151,0.02135545537646146,-0.17653464709469596,-0.09282126201896705,1,0.08371338507572891
-0.013562425685266777,0.025173292013979286,-0.17105287803266617,-0.07237357333786738,1,0.09867930469479878
0.010469171061424767,0.02171697450049381,-0.14024689895954312,-0.05511635891760737,1,0.08513054004193575
0.036869456791940786,0.023687727380426467,-0.11770928887369508,-0.02485339754242335,1,0.09285589133127173
0.01914059821359032,0.02387892557365268,-0.13581289591076895,-0.042207507662050434,1,0.09360538824871852
0.014815251670981688,0.02361760562857793,-0.13962605536103107,-0.047045041297005576,1,0.0925810140640255
0.004557818057421753,0.023386698362414988,-0.14943091073291162,-0.05775505315224488,1,0.09167585758066674
0.020188247284911726,0.020918524094843002,-0.12896285994098056,-0.046962245489195996,1,0.08200061445178455
0.019720110991750875,0.022307028292827605,-0.13215246446219123,-0.04470891355430703,1,0.0874435509078842
0.02592260747443298,0.022617813816217615,-0.12655910760535355,-0.0378972774457805,1,0.08866183015957305
0.050525530226849434,0.022619853772932123,-0.10196018316809753,-0.01329035637820361,0,0.08866982678989392
-0.025064856457571602,0.02964371852880244,-0.1913173447740244,-0.07511396814111883,1,0.11620337663290557
0.054393997957955784,0.02285625523755135,-0.09855506230764487,-0.008958541776443577,0,0.08959652053120129
0.0660460710061231,0.02378684690228199,-0.08872694892234961,0.004517490934595796,0,0.09324443985694542
0.021704716262501242,0.021006319811298364,-0.12761847056764355,-0.04527369690735397,1,0.08234477366028958
0.026497996642587215,0.02190529880954547,-0.12458718902412191,-0.03871841769070367,1,0.08586877133341825
0.008997932100342304,0.021926807217883724,-0.14212941004670981,-0.0561763257526056,1,0.08595308429410421
0.007780698113244444,0.02026751579810724,-0.14009443285104575,-0.06064577092246537,1,0.07944866192858038
0.009652584980138462,0.02138035948656398,-0.14040371961352693,-0.05659271042619614,1,0.0838110091873308
-0.010743781879332448,0.02036322563028735,-0.15880650411469566,-0.07898265964396925,1,0.07982384447072641
-0.008264689611213141,0.021686431129240395,-0.15892089462452433,-0.07391008459790196,1,0.08501081002662236
-0.0019779350105797316,0.022831207828776606,-0.1548779023549819,-0.06537956766617758,1,0.0894983346888043
0.008705379141125,0.02163893891676296,-0.1418577411357304,-0.0570331005820196,1,0.0848246405537108
0.004095894958802318,0.02273115462324198,-0.14860796810275195,-0.05950184197964341,1,0.08910612612310854
-0.007817046635780908,0.022580255185006518,-0.1602251467983937,-0.07171054647316813,1,0.08851460032522557
-0.021857206536108856,0.020975134824110037,-0.17111927079136452,-0.08889674228085319,1,0.08222252851051133
-0.016070376015400317,0.023596323024131883,-0.1704699691426988,-0.07797238288810183,1,0.09249758625459696
-0.008205210924763423,0.02323326374302035,-0.1618932078610833,-0.07081881398844354,1,0.09107439387263976
0.026465095025596866,0.023202370157927348,-0.12716235048394076,-0.03620905946486554,1,0.09095329101907522
0.018174372380707404,0.024540590454155145,-0.13807598490943668,-0.04187687032914852,1,0.09619911458028815
-0.011859471807854391,0.02322173102565575,-0.16552486461813967,-0.07449567899756912,1,0.09102918562057055
0.01158992895750463,0.020408097913037826,-0.1365607429520495,-0.056560999132941235,1,0.07999974381910827
0.03503279828350782,0.022524771744721683,-0.11726655433614669,-0.028969449096837692,1,0.088297105239309
-0.015829077422834542,0.02612762799606841,-0.17519002829512864,-0.07276972655054047,1,0.10242030174458817
-0.0009252059018601544,0.020649200319554757,-0.1495484385281875,-0.06860357327553283,1,0.08094486525265467
0.02755955553018824,0.02149999736507016,-0.12273123930534928,-0.03845124963427425,1,0.08427998967107503
-0.01970337221065678,0.02154779464104422,-0.17008784970710344,-0.08562049471421011,1,0.08446735499289333
0.010584966143911329,0.021131064335217747,-0.13898271995311545,-0.056148947759061894,1,0.08283377219405355
0.04063291902990551,0.02373761304598799,-0.11404360254023095,-0.020992159399958035,1,0.09305144314027292
0.008966490948112554,0.02506139001337198,-0.14830463347809653,-0.05006398462567837,1,0.09824064885241815
-0.002672941344662977,0.020664773117913537,-0.15132669665577353,-0.07032078603355245,1,0.08100591062222108
0.020588919977111722,0.022457515196051183,-0.1315786098071486,-0.04354515023862796,1,0.08803345956852066
0.015019727323879253,0.022993420219846163,-0.13819817630701922,-0.048063969045222275,1,0.09013420726179694
-0.017153453366214363,0.02247342700194221,-0.1693521702900211,-0.08125633644240764,1,0.08809583384761345
0.023486393725523178,0.023030340080589913,-0.12980387283243305,-0.0395249397165206,1,0.09027893311591245
0.010953073571489738,0.021928408438037728,-0.1401774069670642,-0.05421804588995632,1,0.08595936107710789
-0.009663036586736243,0.02198093857515021,-0.16089647619403066,-0.07473119697944183,1,0.08616527921458883
0.013465842321611285,0.022143270910854745,-0.138085768663664,-0.051284146693113423,1,0.08680162197055058
0.03270896000840741,0.023072922966943975,-0.12066476900680279,-0.030218910976382407,1,0.09044585803042038
0.009079197337380968,0.01997054582218639,-0.13821387247410435,-0.059929332851133714,1,0.07828453962297063
0.0593693389358386,0.021099095555203548,-0.09013568835236035,-0.007427233775962452,0,0.0827084545763979
0.007589225193167279,0.02391755653043237,-0.14743998560648017,-0.05368316400718528,1,0.09375682159929488
0.02949182875289097,0.02189342582720031,-0.12157008586842163,-0.03574785662579643,1,0.0858222292426252
0.022998892997679127,0.02804235210669514,-0.14011491713144336,-0.03018889687319841,1,0.10992602025824495
-0.008797665769691834,0.022007061691664852,-0.16008230668535495,-0.07381462485402873,1,0.08626768183132622
0.009308233607471919,0.021904907833167255,-0.1417761857455359,-0.05590894703952027,1,0.08586723870601565
0.006724279496190713,0.022156279261560566,-0.144852827856468,-0.05800021315115059,1,0.08685261470531741
-0.01325469412660768,0.02965003363249772,-0.1795195600463032,-0.06329142820691216,1,0.11622813183939104
0.0077800355101934615,0.0251627118188585,-0.1496896796547692,-0.051051849324843884,1,0.09863783032992532
0.013610368784041288,0.02204291961208134,-0.13774455365563815,-0.05133630877627929,1,0.08640824487935886
0.04432588053534599,0.020643938535311174,-0.10428703899386392,-0.023362799935444115,0,0.0809242390584198
0.010207651527581782,0.022765171201096765,-0.1425628840265679,-0.053323412918268566,1,0.08923947110829933
0.013731150286857757,0.019883971215346807,-0.13339223329522198,-0.055447066131062504,1,0.07794516716415947
-0.014204721209695806,0.023333336244235593,-0.1680888602483976,-0.07662218217099405,1,0.09146667807740354
0.006119300753857207,0.024588330903720396,-0.15022462781743479,-0.053838370674850825,1,0.09638625714258396
0.013477657187885544,0.021469299543464555,-0.13675296991730498,-0.05259331570692393,1,0.08415965421038105
-0.006586158860011876,0.023556512793378566,-0.1609077239350339,-0.06856619378498989,1,0.092341530150044
0.01413706298990286,0.022670258082353293,-0.1384474428515096,-0.049580031168684695,1,0.08886741168282489
-0.0036821784319830964,0.025413357312690583,-0.16164315876485663,-0.06202279809910956,1,0.09962036066574707
0.026339521998540213,0.02276089596190293,-0.12642263408678953,-0.03719992191613005,1,0.08922271217065947
0.01504885591013752,0.021700995882081794,-0.1356358960187428,-0.05056799216098217,1,0.08506790385776061
-0.019087051119533335,0.020861241498753225,-0.16812588445708965,-0.08634981778197702,1,0.08177606667511263
-0.015718316965732657,0.022666045427487416,-0.16829456600360798,-0.07944366792785733,1,0.08885089807575065
0.0011959808443965797,0.020956388693167165,-0.14802934099421106,-0.06588029731699578,1,0.08214904367721527
-0.011682081173380363,0.021979695241315923,-0.16291308384635958,-0.07675267850040116,1,0.08616040534595842
0.04114550368626578,0.024365468861402197,-0.11476161528208254,-0.01924897734538592,1,0.09551263793669662
0.013080350353899456,0.022052826362607424,-0.13829398931681108,-0.05184690997539,1,0.08644707934142108
-0.00410545399387463,0.02165774061756797,-0.15470542560430786,-0.06980708238344141,1,0.08489834322086645
0.019409228951595928,0.021318510483854813,-0.1305258515967595,-0.04695729050004865,1,0.08356856109671085
0.045259466659667624,0.022126475644470518,-0.1062592256034946,-0.01952344107717017,0,0.08673578452632444
0.005880084825662837,0.02344075391642588,-0.1482145928505319,-0.05632683749814244,1,0.09188775535238947
-0.01579592719484854,0.02237036749207453,-0.16779264747931463,-0.08010080691038246,1,0.08769184056893217
-0.005752702455390973,0.022411935706552862,-0.1578308964402346,-0.06997610847054736,1,0.08785478796968724
0.05319458520839004,0.021450973467860252,-0.09700012278861606,-0.012912306794603874,0,0.08408781599401219
0.0174939281186295,0.022667811266940105,-0.1350857819645731,-0.0462279617981679,1,0.0888578201664052
-0.025269794833731332,0.02549499741586596,-0.1833907897688286,-0.08345039989863405,1,0.09994038987019456
0.009397870434278505,0.022922949451338354,-0.14368191049034468,-0.05382394864109833,1,0.08985796184924635
0.018105164882928085,0.021453736391179087,-0.13209495844378294,-0.04799631179036091,1,0.08409864665342204
-0.001739651120323496,0.02117101547381999,-0.15138564144901068,-0.06839526079163633,1,0.08299038065737435
-0.009147975508093584,0.022618058767800393,-0.16163017069298236,-0.07296738032320482,1,0.08866279036977753
0.02242855491795867,0.021212757565534,-0.12729924991048797,-0.044145240253594696,1,0.08315400965689326
-0.003703329386074067,0.021428351150690257,-0.15385369764142698,-0.06985456113072117,1,0.08399913651070581
0.0357987423835867,0.02584144136315622,-0.12300128268819949,-0.02170283254462712,1,0.10129845014357236
0.009464214642675967,0.022803017280043955,-0.14338049922621018,-0.053992671488437886,1,0.08938782773777229
0.013733365902941053,0.019653361187555927,-0.13293802202466856,-0.05589684616944934,1,0.07704117585521922
0.0038877365973398886,0.027141970807744345,-0.15746132618583902,-0.0510648006194812,1,0.10639652556635781
-0.02675331477027708,0.020971200520253065,-0.1760076677899731,-0.09380056175058107,1,0.08220710603939202
0.017206592619938565,0.02110153047270906,-0.1323032071065712,-0.049585207653551684,1,0.08271799945301953
0.010293289222134752,0.023786915405836433,-0.14447986497330467,-0.05123515658242585,1,0.09324470839087882
0.010533533437106904,0.02143690889405633,-0.1396336079952435,-0.0556009251305427,1,0.0840326828647008
0.06611991591234544,0.02125882990887394,-0.08369819070904749,-0.0003635774662616442,0,0.08333461324278585
0.0262144170849941,0.02105204560072395,-0.12319839229242485,-0.04067437353758696,1,0.08252401875483789
0.0317621401271416,0.02375785721651329,-0.12295406001722445,-0.02982325972849236,1,0.09313080028873208
0.012747275249823123,0.022309893310970524,-0.1391309156396791,-0.051676133860674656,1,0.08745478177900445
0.013757224328898157,0.021635647243751808,-0.13679944426885537,-0.05198770707334831,1,0.08481173719550707
0.04861515796779027,0.020926170546808395,-0.10055093630395419,-0.01852034776046528,0,0.08203058854348891
-0.03668866052513527,0.02141028186094212,-0.18680361297258183,-0.10287530807768872,1,0.08392830489489311
0.013108142365631362,0.021829811476184628,-0.1378290881276905,-0.052256227141046774,1,0.08557286098664374
0.015641664489951648,0.023192932467050776,-0.13796728314546788,-0.04705098787462884,1,0.09091629527083905
0.05560685340460772,0.022495484363548198,-0.09663509594794675,-0.008452797242837817,0,0.08818229870510894
0.0036456286321180364,0.021307821927813383,-0.1462685023463962,-0.06274184038936774,1,0.08352666195702847
0.05254145333525793,0.02197828278937079,-0.09868678093190883,-0.012531912397575333,0,0.08615486853433349
0.01915025678043003,0.022981133383828223,-0.13404356465187328,-0.043957521787266654,1,0.09008604286460663
0.006288338307168392,0.022193943223638195,-0.14536259041116248,-0.058362332974500754,1,0.08700025743666173
0.003947536096437623,0.021974892947233586,-0.14727405408014022,-0.061132473726984556,1,0.08614158035315567
-0.0275201524773646,0.02201053873335513,-0.17881160839474064,-0.09253029655998855,1,0.08628131183475209
0.03999178206315797,0.021269180458298603,-0.1098466116351073,-0.026471424238576777,1,0.08337518739653052
0.039625977721649344,0.023071222505138527,-0.11374441838842217,-0.023305226168279146,1,0.09043919222014302
-0.012340995185548181,0.02182566461328346,-0.16327009782758378,-0.0777134925435126,1,0.08555660528407118
0.013602910170282381,0.0228517294873254,-0.1393372796248754,-0.04975850003455984,1,0.08957877959031557
0.051634142499329835,0.021808112940183498,-0.09926055886342983,-0.013772756137910513,0,0.08548780272551931
-0.012999011441925043,0.02036154896320315,-0.1610584474098032,-0.08124117547404688,1,0.07981727193575633
-0.01026043139736535,0.02097117282872567,-0.15951473014166767,-0.07730773265306304,1,0.08220699748860463
-0.031673548378454056,0.019639487592372804,-0.17831774405950476,-0.10133095269740336,1,0.0769867913621014
0.03260166557581114,0.02147293387064656,-0.11763608481065613,-0.03346218403772161,1,0.08417390077293452
-0.00689295838795384,0.021561791840799427,-0.15730487039592073,-0.07278264637998696,1,0.08452222401593376
0.02487247100744784,0.022833071982804456,-0.1280311500788489,-0.03852550790625543,1,0.08950564217259348
0.04939293591267598,0.021168122581811607,-0.10024738434767477,-0.017268343826973273,0,0.0829790405207015
0.03866798696651785,0.023045412674175623,-0.11465182187486637,-0.02431380419209793,1,0.09033801768276845
0.016482349246123462,0.02249893327184797,-0.13576635996669856,-0.04757054154105452,1,0.08819581842564403
0.046629694446523574,0.021996616249422153,-0.10463447340234386,-0.01840773770460901,0,0.08622673569773484
0.0009459922244701435,0.02389343723074361,-0.15403594474778734,-0.06037367080327238,1,0.09366227394451496
0.04141644110276339,0.02324379440108917,-0.11229219592337139,-0.02117652187110184,1,0.09111567405226956
0.0036165974064058526,0.022218027097148655,-0.1480815357040055,-0.06098686948318279,1,0.08709466622082271
0.029292639452342478,0.02218279459130952,-0.12233643794662419,-0.035379883148690866,1,0.08695655479793332
0.036953530324048786,0.021745392330261827,-0.1138182386432644,-0.028576300708638036,1,0.08524193793462637
0.006081302559322627,0.021563333571180697,-0.14433363124019155,-0.05980536364116321,1,0.08452826759902834
0.03258973046855981,0.022318318294050107,-0.1193049733877784,-0.03181716567510198,1,0.08748780771267642
0.02685517451715677,0.022774127590430588,-0.12593291556008718,-0.036658335405599284,1,0.08927458015448789
0.014031524809046264,0.022182134254812424,-0.13759625833038608,-0.05064229205152139,1,0.08695396627886469
-0.019665685056124857,0.023219370359070114,-0.1733264509599023,-0.08230651915234743,1,0.09101993180755485
0.004313770805293535,0.02285360356014289,-0.14863009217258655,-0.05904396621682641,1,0.08958612595576014
0.0030038635189443275,0.021086701921735354,-0.146476872247657,-0.06381700071445438,1,0.0826598715332026
0.03678070331273993,0.022373102193285237,-0.11522137698609913,-0.027518816388421012,1,0.08770256059767811
-0.0036841085967503906,0.030234321052022256,-0.171094177858714,-0.052575639334786775,1,0.11851853852392723
0.031231459947046875,0.02195041371306961,-0.11994215093056956,-0.0338965291753367,1,0.08604562175523287
-0.02039362667336199,0.021817004073188668,-0.17130575465681178,-0.08578309868991221,1,0.08552265596689956
0.007193485385152215,0.028569209828739055,-0.15695296587917634,-0.044961663350519245,1,0.1119913025286571
0.009513466389258665,0.022076251958817163,-0.14190678745002297,-0.0553678797714597,1,0.08653890767856326
0.03426384602636186,0.02148832876358711,-0.11600407835026888,-0.03176982959700741,1,0.08423424875326146
-0.0005705460859923989,0.024196598127250862,-0.15614667841540408,-0.06129601375658072,1,0.09485066465882336
0.008882293123785648,0.023397377378769575,-0.14512736653860273,-0.05340964721382599,1,0.09171771932477674
0.020827606941699675,0.02258790944159972,-0.13159549556383576,-0.043050890552764884,1,0.08854460501107088
0.005629749793750499,0.022606080109024283,-0.1468289672199371,-0.05821313319256191,1,0.08861583402737519
-0.02405161727535339,0.022656324046164807,-0.17660881240583642,-0.08779602214487037,1,0.08881279026096606
0.023742552219490246,0.021618097409651135,-0.12677971870342597,-0.042036776857593536,1,0.08474294184583243
-0.05012999940399311,0.02141215684788199,-0.20024862682584182,-0.11631297198214442,0,0.0839356548436974
0.03259266407998014,0.020999433180489985,-0.11671702495378024,-0.03439924688625949,1,0.08231777806752075
0.0006937321927778239,0.022233693087494014,-0.15103510625871044,-0.06387902935573392,1,0.08715607690297653
0.019426474551123132,0.023154448149062336,-0.13410704382103905,-0.043341607076714694,1,0.09076543674432436
0.025366004832974867,0.022312277617517428,-0.12651685929735929,-0.03905273103669098,1,0.08746412826066831
0.05666918506771163,0.019971632053039732,-0.09062601375624624,-0.012337216108330502,0,0.07828879764791574
0.021984093612294184,0.020698030127361818,-0.126734845437335,-0.045598567338076657,1,0.08113627809925833
0.03421884133845669,0.021317936017200487,-0.11571511325525627,-0.03214880406783036,1,0.08356630918742591
-0.01138547121295752,0.023307199488330776,-0.16521838221008583,-0.0738541602158292,1,0.09136422199425663
-0.009705828285348495,0.022891920883525978,-0.1627247932170594,-0.07298846335363758,1,0.08973632986342182
0.0431993795309272,0.02228428724683711,-0.10862862347287354,-0.02127421746527207,1,0.08735440600760147
-0.010033394809526086,0.024752190803433587,-0.16669848878425592,-0.06966990083479627,1,0.09702858794945965
0.028895780563382212,0.025583819037311932,-0.12939930474974917,-0.029110734123486408,1,0.10028857062626276
-0.01782358235926386,0.02181401518909359,-0.1687298521298873,-0.08321891258864042,1,0.08551093954124689
0.007282262466356881,0.021444888294239513,-0.14290051859035258,-0.05883655647693368,1,0.0840639621134189
-0.0008647929773997892,0.021395672992693154,-0.15095111204307837,-0.06708007391172122,1,0.08387103813135716
0.04765513092843921,0.022206521078755252,-0.10402045038592109,-0.0169708877572005,0,0.08704956262872059
0.033542984588753016,0.021735193675033855,-0.11720879501431335,-0.03200683580818063,1,0.08520195920613272
0.01729110140106438,0.021236660992865565,-0.13248355414495214,-0.04923584305291912,1,0.08324771109203302
-0.007644495255135664,0.02201068899286348,-0.1589362456811481,-0.07265434482912325,1,0.08628190085202483
-0.0008808839121628581,0.023186027920485734,-0.1544762986363149,-0.06358706918801083,1,0.09088922944830408
-0.007010887569235,0.024306255889985796,-0.16280194911360718,-0.06752142602486284,1,0.09528052308874434
0.03895795124401455,0.022941054351743557,-0.11415731528540282,-0.024228382226568083,1,0.08992893305883473
0.049892247610221374,0.02130151707556186,-0.10000952585787988,-0.016507578921677382,0,0.0835019469362025
0.008674163127568663,0.024022447203451137,-0.14656063339119557,-0.052392640353667114,1,0.09416799303752846
0.010358332680824492,0.023130388800995296,-0.1431280293691263,-0.05245690526922473,1,0.09067112409990158
0.010667010114100747,0.02587655358215741,-0.1482018349069278,-0.046765744864870736,1,0.10143609004205706
0.033058971235319506,0.022182004596803587,-0.11856855777441552,-0.03161509975494547,1,0.08695345801947005
0.025885332613749507,0.020724604040437425,-0.12288569130550786,-0.041645243466993144,1,0.08124044783851472
0.008369193923513124,0.021511438937735945,-0.14194402639444934,-0.05761918575852443,1,0.08432484063592491
0.00641517799503262,0.02019939296031067,-0.1413264322071763,-0.06214481180275847,1,0.07918162040441784
0.04966267793979856,0.021482929397531648,-0.10059466367936348,-0.016381580441039413,0,0.08421308323832408
0.03242400737296837,0.021773050847324667,-0.11840197228778798,-0.03305161296627529,1,0.08535035932151269
0.01068093506448288,0.02413825035737462,-0.14478083563597138,-0.050158894235062874,1,0.09462194140090852
0.025200483578341024,0.02132106854599087,-0.12473961077180108,-0.04116102207151688,1,0.0835785887002842
0.022654243846341154,0.02017691769006652,-0.12504331482618924,-0.04594979748112847,1,0.07909351734506077
0.014711307042771363,0.02315665252500383,-0.13882653190623614,-0.04805245400822114,1,0.090774077898015
0.01056843005059721,0.02140030140464023,-0.13952696070249765,-0.05563777919630794,1,0.08388918150618971
-0.01189680660933648,0.03128083198652608,-0.1813580373029276,-0.05873717591574537,1,0.12262086138718223
0.037100850869113605,0.022601992433094326,-0.11534985429975128,-0.026750043962021526,1,0.08859981033772976
0.001986875603438923,0.024295137178533703,-0.15378239326648713,-0.058545455526635024,1,0.0952369377398521
0.0014834827557970859,0.02166417407411462,-0.1491290984294676,-0.06420553605893826,1,0.08492356237052932
0.010958028535922162,0.022806047451014354,-0.14189262446806597,-0.05249291846008971,1,0.08939970600797625
0.0021770754984993396,0.026991208495358132,-0.1588764931524026,-0.053070955850598726,1,0.10580553730180386
0.013373410507775949,0.02470116293424876,-0.14319166884335163,-0.04636311014109649,1,0.09682855870225515
0.02274691846401171,0.022986456865533633,-0.13045733699243423,-0.040350426079542374,1,0.09010691091289186
0.044091552164267495,0.022562277003178043,-0.10828131076196147,-0.01983718490950355,1,0.08844412585245792
-0.02596030176258811,0.021919417654554126,-0.1770731603655142,-0.09114904315966202,1,0.08592411720585219
-0.0034721209519336105,0.02243769949476466,-0.15560081196167236,-0.06764502994219487,1,0.08795578201947749
0.006972097795292884,0.022841012220427462,-0.14594708615674495,-0.056410318252669296,1,0.08953676790407566
0.056790325808026836,0.020677236187433157,-0.09188785711934216,-0.010833091264604182,0,0.08105476585473798
0.020423379266098385,0.02486223959775026,-0.13645741034549214,-0.03899743112231111,1,0.09745997922318103
-0.0019382220282746498,0.025146967217130584,-0.1593770777738506,-0.06080096628269871,1,0.09857611149115189
0.03977345712917728,0.02099565227222354,-0.10952882132438085,-0.027225864417264593,1,0.08230295690711625
0.018494761647904492,0.022613693449632752,-0.1339788775133757,-0.04533319919081532,1,0.08864567832256037
0.005316036009357816,0.02243277238357032,-0.14680299786244003,-0.05886653011884436,1,0.08793646774359568
-0.025693812930462065,0.020022663904823445,-0.17308903418391602,-0.09460019167700812,1,0.07848884250690791
0.015397187018549668,0.02295912408315419,-0.13775349618443256,-0.047753729778468125,1,0.08999976640596444
0.012377691224557022,0.022996757476365575,-0.1408467534291195,-0.05069946412176646,1,0.09014728930735305
0.0189672772986796,0.02512632206318226,-0.13843111394515764,-0.03993593145748318,1,0.09849518248767447
0.019886885171542537,0.02348557135885803,-0.1342956346918192,-0.042232194965095726,1,0.09206343972672348
-0.006193000814117319,0.02381356526900418,-0.1610183887413655,-0.06766921288686914,1,0.09334917585449637
0.03466637147121411,0.022869995683274642,-0.11830962006800419,-0.0286592369895676,1,0.08965038307843659
0.05525866246832806,0.02062302082691964,-0.09331325835243444,-0.012471016710909458,0,0.08084224164152498
0.03869409603653802,0.020978947546754376,-0.11057544115510057,-0.02833796677182341,1,0.08223747438327716
0.03260836632482128,0.025680177609164464,-0.12587558178914107,-0.025209285561216377,1,0.1006662962279247
0.005430116905174878,0.022286552957694175,-0.14640232689190572,-0.059039039297744546,1,0.08736328759416118
0.020720228873545604,0.021122610203782352,-0.12883088712586782,-0.046030255127040995,1,0.08280063199882683
0.01849476182229147,0.019988185339947666,-0.12883288144400595,-0.05047919491141111,1,0.07835368653259484
0.024535135176126585,0.02158623714057839,-0.12592468961940706,-0.041306640028339774,1,0.08461804959106728
0.022910919915804046,0.022601199949183092,-0.12953823198459483,-0.0409415281837971,1,0.08859670380079773
-0.007543833854073215,0.02218369447075543,-0.15917467501675386,-0.07221459269139258,1,0.08696008232536129
0.06133385627205897,0.021916498947787782,-0.08977328166560508,-0.003860605790276979,0,0.08591267587532811
0.006854000135470273,0.022888224768403635,-0.14615772041060085,-0.05643587931845861,1,0.08972184109214223
0.040641209124703856,0.023494449215866558,-0.1135587113383946,-0.021460470412197695,1,0.0920982409261969
-0.008401044319496065,0.02191219401988887,-0.15949974459847827,-0.07360394404051387,1,0.08589580055796439
-0.008000303279747462,0.021569641141287395,-0.15842759991667077,-0.07387460664282416,1,0.0845529932738466
0.003438916047206697,0.025433948986602988,-0.15456242396653516,-0.054861343939051455,1,0.09970108002748371
0.031124240696378744,0.02150095296931975,-0.11916842712348796,-0.03488469148375455,1,0.0842837356397334
0.0026956663823263505,0.022186195366633504,-0.14894007653627533,-0.06197019069907199,1,0.08696988583720335
-0.0014322331496818275,0.021593524449435637,-0.15190634107057568,-0.06725972522878798,1,0.0846466158417877
0.0290664466827409,0.02569553604169338,-0.12944760395897814,-0.02872110267554008,1,0.10072650128343806
-0.010631983565042122,0.02075361610744324,-0.15945987113563087,-0.07810569599445338,1,0.08135417514117749
0.00802415765063634,0.021909551219258,-0.14306936273910933,-0.05718392195961799,1,0.08588544077949134
0.012731421664211443,0.021690597895776022,-0.13793295021150956,-0.05290580646006756,1,0.08502714375144199
0.03146053740594526,0.02235991462438082,-0.12051569525784114,-0.03286482993026834,1,0.0876508653275728
0.025293861284723038,0.02183710933597979,-0.12565767301379735,-0.04005620441675658,1,0.08560146859704076
0.024328949366068553,0.022354322095722953,-0.12763632194154845,-0.040007379326314464,1,0.08762894261523399
0.01231369268496113,0.02079114357816981,-0.1365877487282517,-0.05508646590182605,1,0.08150128282642563
0.017682623062592787,0.022118728211889656,-0.13382088423271093,-0.047115469642103495,1,0.08670541459060743
-0.011503460268283139,0.023486764412241658,-0.1656883185162768,-0.07362020202028949,1,0.09206811649598731
0.02681819843023997,0.026332782061108645,-0.13294485440953296,-0.029720348729987092,1,0.10322450567954587
-0.03940745447379358,0.02589750385364793,-0.19831736202694353,-0.09679914692064365,1,0.10151821510629988
0.05639207183772054,0.022750361343477347,-0.09634943639549506,-0.007168019929063865,0,0.0891814164664312
0.002389181808405652,0.02365353015457731,-0.15212253729456587,-0.05940069908862283,1,0.09272183820594304
0.0017475536522552348,0.022981932579535663,-0.15144783420363467,-0.06135865849185487,1,0.0900891757117798
0.02249267613296177,0.028572842670094318,-0.1416608955004231,-0.02965535223365337,1,0.11200554326676973
0.009684995093668589,0.023136022136090836,-0.14381240829306946,-0.05311920151959338,1,0.09069320677347609
0.007946473786155317,0.021444453109387644,-0.14223545430824447,-0.05817319811944491,1,0.08406225618879956
-0.010202532015326338,0.02290015912892133,-0.16323764390801215,-0.07346902012264053,1,0.08976862378537162
0.0005856973461539489,0.024248709390667207,-0.1550925730595538,-0.06003763224813833,1,0.09505494081141547
0.015060754764770576,0.02309265688317523,-0.13835165272625288,-0.047828437744205976,1,0.0905232149820469
0.002191156204806033,0.02274569027241626,-0.15054119672912986,-0.0613780908612581,1,0.08916310586787175
-0.007710459483208823,0.022607419866030334,-0.16017180242062828,-0.07155071654578937,1,0.08862108587483891
-0.005964918752943901,0.021392184361478533,-0.15604440010144183,-0.07218703740444599,1,0.08385736269699584
0.01626830658860734,0.02224514381361766,-0.13548297528608327,-0.04828201153670205,1,0.08720096374938122
0.03727347838033497,0.02088814670143274,-0.11181808915447321,-0.029936554084856862,1,0.08188153506961635
0.004336187974433456,0.023060010987065647,-0.1490122335602152,-0.058616990490917883,1,0.09039524306929732
-0.040064477388180295,0.022860663856862706,-0.1930221785476312,-0.10340837622872939,1,0.08961380231890181
0.021282697348112417,0.021317943858763885,-0.12865127261506482,-0.045084932688710375,1,0.08356633992635444
0.05627689907349776,0.024058395146769863,-0.09902835541417118,-0.004719446438833312,0,0.09430890897533786
0.041761661243766096,0.023977718413092534,-0.11338546684589527,-0.019392810666572544,1,0.09399265617932273
0.026661722724222847,0.02188137982786994,-0.12437658173840224,-0.03860157281315208,1,0.08577500892525017
0.0035051200142500044,0.02313301471893269,-0.14998638883485807,-0.059304971136641925,1,0.09068141769821614
0.022347933481618107,0.023325632435589425,-0.13152110609213719,-0.040084626944626625,1,0.09143647914751056
0.002071536115705111,0.022315821015559123,-0.1498182730747908,-0.062340254693799016,1,0.08747801838099177
0.022279234505539217,0.023165065768289354,-0.13127509440030793,-0.04046803658861366,1,0.09080705781169428
0.026650732179143544,0.02090733586534987,-0.12247844611694221,-0.04052168952477071,1,0.0819567565921715
0.004554599504609985,0.025490604076286217,-0.153557784484911,-0.05363461650586904,1,0.09992316797904197
-0.017512476417312142,0.021953267073226295,-0.1686916798808357,-0.0826348729537886,1,0.08605680692704709
0.034480006237926575,0.02194288878871372,-0.11667885578795231,-0.03066273173619454,1,0.08601612405175776
0.02195946533856996,0.027829625342635247,-0.14073740033299514,-0.03164526898986496,1,0.10909213134313019
0.010192324774152425,0.0227493406968805,-0.14254718299173336,-0.053369767459961796,1,0.08917741553177155
0.010711196571748058,0.021458711344986576,-0.13949867766442564,-0.05538052919207826,1,0.08411814847234739
-0.0004471590652551649,0.02148100787401256,-0.15070073449831978,-0.06649518363219056,1,0.08420555086612921
-0.004363109154791919,0.024568419021936898,-0.16066801043778825,-0.0643598078717956,1,0.09630820256599265
-0.015899642088728752,0.02080450475191854,-0.1648272714024891,-0.08327361277496842,1,0.08155365862752068
0.0025956619133855607,0.02167352672863753,-0.148035250474744,-0.06307502569848489,1,0.08496022477625911
-0.009740856657312835,0.020299868184701506,-0.15767939829932778,-0.0781039150152979,1,0.07957548328402989
0.05771030091083478,0.02255969224063949,-0.09465749588081862,-0.0062235022975118265,0,0.0884339935833068
0.04015809591888815,0.029235541154296253,-0.1252943647435325,-0.010691043418691197,1,0.1146033213248413
0.0062653853151684175,0.024538763376705235,-0.14998139090317386,-0.05378943846648933,1,0.09619195243668453
-0.018215819823115917,0.02165963728647145,-0.16881950890459996,-0.08391373074163189,1,0.08490577816296807
-0.0013314511730236622,0.022991954823188547,-0.15454648262647322,-0.06441801971957412,1,0.0901284629068991
-0.0032932747603892504,0.02327608300816823,-0.157065197456399,-0.06582295206437952,1,0.09124224539201947
0.029473383959867067,0.021094158515117038,-0.12002196672976234,-0.03733286535050354,1,0.0826891013792588
0.025840603351476588,0.021128233459167325,-0.12372153422849137,-0.04089885906855546,1,0.08282267515993591
0.04220501072673888,0.022185974270290315,-0.10943029884303014,-0.022461279703492112,1,0.08696901913953803
0.043883816730695135,0.021819387908121622,-0.10703298356922325,-0.02150098296938649,0,0.08553200059983676
0.017408929802807463,0.027024731823360397,-0.14371034457097892,-0.037773395823406164,1,0.10593694874757276
0.03152650681717975,0.022771907524151123,-0.12125723193015644,-0.03199135443548406,1,0.08926587749467238
-6.341709444049326e-05,0.02102187393776068,-0.14941709001245143,-0.06701134417642957,1,0.08240574583602187
0.041280142760320784,0.023080760419847784,-0.11210894766258088,-0.021632366816777562,1,0.09047658084580332
-0.0031078373945012394,0.025450747570889002,-0.1611421026334437,-0.0613751721555588,1,0.0997669304778849
0.008318230612549785,0.022055617830085163,-0.14306158033441713,-0.0566035584404833,1,0.08645802189393383
0.07105066378361921,0.022700338452539895,-0.08159279958335898,0.0073925271505974055,0,0.08898532673395639
0.00531030460112053,0.024186208658874785,-0.15024546437027406,-0.055435526427484894,1,0.09480993794278916
0.01483166807487174,0.02209675086999799,-0.13662876363032433,-0.05000950021993221,1,0.08661926341039212
-0.019226229334301057,0.023084418861515174,-0.1726224903028708,-0.08213156836573132,1,0.09049092193713948
0.006487692649074034,0.026952715733215126,-0.1544904301880276,-0.048835784513824324,1,0.10565464567420328
0.018401361213572623,0.021900977232727742,-0.13267535416257376,-0.04682352341028101,1,0.08585183075229275
0.011877129781839038,0.020808749807372767,-0.13705881984061158,-0.05548852059571034,1,0.08157029924490124
0.0005572350346499527,0.02086109046508234,-0.14848130227691142,-0.06670582765378867,1,0.08177547462312275
0.012699137941094757,0.02157794072187615,-0.1377444258737825,-0.053158898244027995,1,0.08458552762975449
0.02486936511246443,0.02220969160289945,-0.1268124304292185,-0.03975043934585266,1,0.08706199108336585
-0.013668388964903952,0.02254594532837243,-0.16600924180851392,-0.07762913612129399,1,0.08838010568721993
0.025207317600908927,0.02164152637249019,-0.12536087408917185,-0.04052609070901031,1,0.08483478338016154
0.03043888554829262,0.02248474258709765,-0.12178200992241878,-0.03364181898099599,1,0.08814019094142278
-0.011999313711370321,0.021554887716170243,-0.162397693635064,-0.07790253378767664,1,0.08449515984738737
0.017140776669068783,0.02195056820063296,-0.13403313700417183,-0.047986909657690625,1,0.08604622734648121
0.009430869800693992,0.023488987219176312,-0.14475834514889158,-0.052681515249720444,1,0.09207682989917113
0.005960606923001294,0.02790282815931493,-0.15687973626925597,-0.047500649884741446,1,0.10937908638451452
-0.015115276553409357,0.02540435958888055,-0.17305862134761524,-0.07347353175920349,1,0.09958508958841175
0.0023277857470769686,0.023667560668770883,-0.15221143316371397,-0.05943459534213211,1,0.09277683782158186
0.01193230284765602,0.023334328076608696,-0.14195378018249702,-0.05048321412219094,1,0.09147056606030607
-0.009123256754224138,0.026140167186393712,-0.1685087844395558,-0.06603932906889247,1,0.10246945537066333
-0.002106572034875187,0.024042990705627938,-0.15738163381790596,-0.06313311025184443,1,0.09424852356606153
0.029709612402242874,0.02158954385199381,-0.120756693547665,-0.03612568164784926,1,0.08463101189981573
-0.007176712512343822,0.022112405068685226,-0.15866782644696686,-0.07198719857772079,1,0.08668062786924607
-0.027122291961180753,0.021872571802594734,-0.17814333269426644,-0.09240285122809508,1,0.08574048146617136
0.006629694630612831,0.026145494568599145,-0.1527662747238415,-0.05027593601493285,1,0.10249033870890864
0.027567440097219134,0.022079455468112276,-0.12385909262028093,-0.037307627185280814,1,0.08655146543500011
0.002388399980797845,0.023866440488611473,-0.15254062337688065,-0.058984176661523675,1,0.09355644671535698
0.03819806682306896,0.022575997628513353,-0.11420168852881721,-0.02570377782504487,1,0.08849791070377233
-0.007416080871602629,0.021157276702823875,-0.15703514320913742,-0.07409861853406785,1,0.08293652467506957
0.02074532529152344,0.02316154214069737,-0.13280209730424342,-0.04200885211270972,1,0.0907932451915337
0.01776111607278888,0.02460455666699453,-0.1386146149945204,-0.04216475285990185,1,0.09644986213461856
0.00025535189730076235,0.022529189706188047,-0.15205265992682782,-0.06373823627857067,1,0.08831442364825715
0.07624382542243145,0.02157863650893059,-0.0742011021350725,0.0103871529799354,0,0.0845882551150079
-0.022256287398876126,0.023007690671338277,-0.17550216111469916,-0.0853120136830531,1,0.09019014743164605
0.025992585838777504,0.021939612603640902,-0.12515985486435866,-0.03915657345808633,1,0.08600328140627232
-0.02428113906209524,0.02705870448831244,-0.18546699985918763,-0.07939687826500286,1,0.10607012159418477
0.002915370211684268,0.023922882956816893,-0.15212428038367684,-0.05834657919295463,1,0.0937777011907222
0.03268395516183606,0.022708177820677754,-0.11997487336669235,-0.030958816309635546,1,0.08901605705705681
0.0652224313152831,0.021097727973268407,-0.08427991551232297,-0.0015768218571108258,0,0.08270309365521214
0.00949801476981274,0.022324845716138953,-0.1424094828338196,-0.054896087626554915,1,0.08751339520726469
-0.001174860210709519,0.02300161710493308,-0.15440882973637837,-0.06424249068504068,1,0.0901663390513377
0.02686075939164577,0.021371587648953232,-0.12317835240030257,-0.0394017288164059,1,0.08377662358389668
-0.02106893359412186,0.02182423751405505,-0.17199523912166975,-0.08644422806657398,1,0.08555101105509577
0.014714198124413061,0.02507929111232526,-0.14259201245574446,-0.044281191295429435,1,0.09831082116031503
-0.016984054764996773,0.021162838903005556,-0.16661401901488765,-0.0836556905151059,1,0.08295832849978176
0.030196415011421104,0.02117708004974429,-0.1194614618860777,-0.03644730809108009,1,0.0830141537949976
-0.03436706469334856,0.02212992508718197,-0.18589251786422523,-0.09914321152247191,1,0.08674930634175332
0.01449039807017631,0.022960593665775377,-0.13866316551474345,-0.048657638344903956,1,0.09000552716983949
-0.005172101110879304,0.02449504682394801,-0.1613331928858174,-0.06531260933594121,1,0.09602058354987619
0.024606395141842485,0.022100865306873576,-0.12686210085962973,-0.04022670885668531,1,0.08663539200294443
0.02275662333356958,0.022991101645958103,-0.1304567358925083,-0.040331617440352546,1,0.09012511845215576
0.011654174638043246,0.020941049985545756,-0.13754108333362644,-0.05545216739028708,1,0.08208891594333936
-0.029266053789322052,0.024413770303674413,-0.18526784358452392,-0.0895658639941202,1,0.09570197959040372
0.003595015975658866,0.02350686101812281,-0.15062923161986186,-0.05848233642882043,1,0.09214689519104143
-0.0004227382419021708,0.023224713229987266,-0.15409397617267723,-0.06305310031112712,1,0.0910408758615501
0.01919207908150762,0.02173708820120493,-0.13156341379285405,-0.046354028044130725,1,0.08520938574872333
0.04833871181143583,0.020825740063182507,-0.10063053871240189,-0.018993637664726462,0,0.08163690104767543
0.031176295733756187,0.02141034126428835,-0.11893877314424899,-0.03501023538823865,1,0.08392853775601034
0.028480131013647977,0.020681282188125386,-0.12020598207507778,-0.039135355897626276,1,0.0810706261774515
0.03834857307419107,0.02103067433625125,-0.11102234862486138,-0.028582105226756492,1,0.08244024339810488
-0.05366799564101056,0.022620121084140025,-0.206154232965925,-0.11748335831609612,0,0.08867087464982888
0.010553302174930737,0.02527901873900187,-0.14714437455351292,-0.048050621096625605,1,0.09909375345688731
0.012987677270936276,0.02365260474716233,-0.1415222280335019,-0.04880401742462556,1,0.09271821060887633
0.04145523874648949,0.025707422339261987,-0.11708210903846401,-0.016309013468557024,1,0.10077309556990699
-0.006699359451537809,0.02194790842225,-0.15786805995914782,-0.07183225894392781,1,0.08603580101522001
-0.003396088488363244,0.022085561982236802,-0.15483458997354738,-0.06825918700317912,1,0.08657540297036825
0.010779150334823587,0.022075930021115343,-0.14064047250656248,-0.05410282682379035,1,0.08653764568277213
-0.009990563211697057,0.02142935985730689,-0.16014290853201857,-0.07613981789137556,1,0.08400309064064301
-0.0150225559395194,0.02310144694877622,-0.16845219195912078,-0.07789451991991803,1,0.09055767203920276
0.0483638921847647,0.022451402664895186,-0.10379165703842987,-0.01578215859204074,0,0.08800949844638913
-0.003387839290010436,0.0213367466162444,-0.15335866265784948,-0.06971861592217142,1,0.08364004673567806
-0.015014641607127913,0.022886579878670318,-0.16802313816932174,-0.0783077450449341,1,0.08971539312438764
0.02996968313733822,0.023494048996160727,-0.12422945289513682,-0.03213278083018676,1,0.09209667206495006
0.014686043768551246,0.021079361459239193,-0.13478030469155758,-0.05214920777133994,1,0.08263109692021764
-0.01524086252201129,0.02670974919586272,-0.17574277094590224,-0.07104055409812036,1,0.10470221684778187
-0.014007418043633299,0.02511732876245664,-0.17138818241804832,-0.07292825366921829,1,0.09845992874883003
-0.0018550640535371643,0.021776609009773126,-0.1526880177126925,-0.06732371039438184,1,0.08536430731831066
-0.030970303238434707,0.023165457889916183,-0.18452540070267043,-0.093716805774199,1,0.09080859492847143
0.013957485523381219,0.0214414305988303,-0.13621851845032618,-0.052168110502911404,1,0.08405040794741478
0.0026880709795677887,0.021254928909038337,-0.14712238968214736,-0.06380306835871707,1,0.08331932132343028
-0.006994618947069153,0.022301394101739595,-0.15885615138647877,-0.07143468650765955,1,0.08742146487881922
-0.0005777057766168797,0.020949281130892228,-0.14978909679316565,-0.06766791476006812,1,0.08212118203309754
0.010171761114491612,0.022180397837735257,-0.1414526186474695,-0.05450545912354729,1,0.08694715952392221
-0.028331498383818945,0.021561483976229232,-0.17874280697722825,-0.09422178979040965,1,0.08452101718681859
0.002934682762071511,0.021534154462992217,-0.14742305998539323,-0.06300917449046375,1,0.08441388549492948
0.018225146844659076,0.026042353740909924,-0.14096866648752437,-0.038882639823157476,1,0.10208602666436689
0.01993795418590777,0.020992609432920945,-0.12935836030261727,-0.04706733132556719,1,0.08229102897705008
-0.008531984146361346,0.021367252252011866,-0.1585625985603046,-0.0748029697324181,1,0.08375962882788651
0.002336082109845705,0.02294084796004159,-0.15077877989183583,-0.06085065588847278,1,0.08992812400336306
0.01744920401082649,0.02069838622708022,-0.13127043299425073,-0.05013275898409629,1,0.08113767401015444
0.031009198302297605,0.022027266439019887,-0.12031504391818137,-0.033968159477223425,1,0.08634688444095795
0.03894350618447247,0.02205117140609481,-0.11242758977147335,-0.025986997859581716,1,0.08644059191189163
0.009800934090042637,0.021612136312572895,-0.14070965308260025,-0.05599007873731449,1,0.08471957434528576
0.027076821509476504,0.023797018380926755,-0.12771613451713995,-0.03443182246390706,1,0.0932843120532329
0.015409283710276306,0.021841493304212298,-0.13555084316597982,-0.049932189413467595,1,0.08561865375251222
0.011764306992031667,0.020985865770991385,-0.13751878991911146,-0.05525419609682523,1,0.08226459382228624
0.027119548334153448,0.022071603661441837,-0.12429159484227256,-0.03777090848942056,1,0.08652068635285201
-0.0003112826989632028,0.022284854340698653,-0.15214039720673256,-0.06478376819119386,1,0.0873566290155387
0.002038170492007621,0.021565043853534235,-0.14838011546091948,-0.06384514355506529,1,0.08453497190585418
-0.026580061616054904,0.021076790480907385,-0.17604137095863337,-0.09342035227347643,1,0.08262101868515694
-0.0313163912119659,0.02230651996870882,-0.1831879703506352,-0.09574641207329662,1,0.08744155827733857
0.0360468094599692,0.024489839719277526,-0.12010407638981475,-0.024103904690246855,1,0.0960001716995679
0.0033530627448960237,0.021079779759255457,-0.14611410558324467,-0.0634813689269633,1,0.08263273665628137
0.003350876421859897,0.021480516712676565,-0.14690173633498618,-0.06269811082129403,1,0.08420362551369215
-0.03390649923366902,0.026163905088732824,-0.19333855320758536,-0.09077604525975269,1,0.10256250794783267
0.031202642220405127,0.021348017400634595,-0.11879027188483868,-0.03510604367435107,1,0.0836842282104876
0.044249166928534575,0.022581882611362836,-0.1081621229897366,-0.01964114315319427,1,0.08852097983654234
0.0033907337579139607,0.021551040866658315,-0.14700010634073635,-0.06252002614343574,1,0.0844800801973006
0.006939139773676425,0.020621195259309007,-0.14162920293456924,-0.06079411751807793,1,0.08083508541649131
0.021022414858404156,0.02329488227759082,-0.13278635440567385,-0.04147041587751784,1,0.091315938528156
-0.007596785624946839,0.023097465297155277,-0.16101861760737118,-0.0704765536425225,1,0.09054206396484868
0.0017151707346060863,0.025349936591274998,-0.15612150498429292,-0.056749753546494926,1,0.099371751437798
0.025668996332230007,0.022641257123526007,-0.12685866762988096,-0.03810493970565903,1,0.08875372792422193
-0.006151435090373761,0.021511218543432156,-0.1564642234355008,-0.07214024674524674,1,0.08432397669025404
-0.006327304074292689,0.021940657023040377,-0.15748179183945182,-0.07147441630913356,1,0.08600737553031826
0.012839054960660151,0.021327166695495885,-0.1371129917625118,-0.05351049831616792,1,0.08360249344634388
0.006358738837909508,0.021072190489216287,-0.1430935545209544,-0.06049056780322658,1,0.08260298671772782
0.010653123339911919,0.02431425297440572,-0.1451536124899233,-0.049841740830252876,1,0.09531187165967044
0.02716557600398048,0.02087041076528832,-0.12189122909598463,-0.04007921889605442,1,0.0818120101999302
0.02208934355510707,0.02304959147790672,-0.1312386557415901,-0.04088425714819577,1,0.09035439859339434
0.0048742394519265125,0.0216607841901121,-0.1457316975606932,-0.06082142353545378,1,0.08491027402523943
0.0389823041430359,0.02109542385558688,-0.1105155266139144,-0.02782146510001382,1,0.08269406151390057
-0.009295179372493828,0.021280931803745635,-0.15915660570783527,-0.0757353530371524,1,0.08342125267068287
0.03259647022021964,0.019938548486796534,-0.11463388481390158,-0.03647477474565916,1,0.07815911006824242
0.03788711521615015,0.022116327031317506,-0.11361168576523217,-0.02691568380246754,1,0.08669600196276464
0.0028772631549449923,0.02185979918057621,-0.14811874323898438,-0.06242833045112564,1,0.08569041278785874
0.020960342530326942,0.025449041636828432,-0.1370705790778568,-0.03731033586148934,1,0.09976024321636746
0.013385502806032512,0.021331179175633794,-0.13657440837820972,-0.05295618600972526,1,0.08361822236848446
-0.012572439614661715,0.023691679710583887,-0.16715893184740613,-0.07428754738191731,1,0.09287138446548882
0.03366695883284196,0.021516733191909703,-0.11665663822330107,-0.03231104411101503,1,0.08434559411228604
0.017810907523120256,0.022714765884288862,-0.1348608336100859,-0.04581895134367358,1,0.08904188226641233
-0.009188373208315781,0.021598298901943647,-0.15967183905612534,-0.07500650736050624,1,0.0846653316956191
0.04455020799651961,0.02308535727427621,-0.10884789226106176,-0.018353291745899024,1,0.09049460051516273
-0.006823822961725193,0.02196045862710817,-0.1580171218708572,-0.0719321240525932,1,0.08608499781826401
0.004741150596505983,0.019530810528610755,-0.1416900380395711,-0.06512926076741694,1,0.07656077727215414
0.039848061866432985,0.02359494691608396,-0.11454883408909158,-0.022056642178042457,1,0.09249219191104913
0.017442897960700518,0.02129773073156878,-0.13245145427317428,-0.04896434980542468,1,0.0834871044677496
0.0058453225794835445,0.02269677710446801,-0.14679116054527375,-0.05781979429575917,1,0.08897136624951457
0.03873620389864378,0.021121033368399073,-0.1108118215034184,-0.028017370699294046,1,0.08279445080412434
0.004411336158006471,0.022297993187093416,-0.14744353048869663,-0.06003539719529044,1,0.08740813329340619
0.022807926851006827,0.020558316304659777,-0.12563717310612635,-0.045048573191860015,1,0.08058859991426634
0.03842203624430435,0.026411189350338808,-0.12149469488235973,-0.017962832629031596,1,0.10353186225332814
0.011709903035167793,0.023430093222445714,-0.1423638796808258,-0.050517914248838613,1,0.0918459654319872
0.010448645257785244,0.01948867795744703,-0.13589996353881095,-0.059504345945618584,1,0.07639561759319237
-0.029762294501143385,0.021679519281604182,-0.1804049522930876,-0.09542123670919919,1,0.0849837155838884
0.008081424341024143,0.023937499056397873,-0.1469868738095157,-0.05315187750843603,1,0.09383499630107967
0.012768820141854487,0.018778576201239648,-0.13218798921257524,-0.05857597050371581,1,0.07361201870885943
-0.004919251568093197,0.021533232741840245,-0.15527518774210008,-0.07086491539408632,1,0.08441027234801377
-0.01607909847842756,0.03027813370492249,-0.18357504054007565,-0.06488475641677949,1,0.11869028412329616
0.01070325836996551,0.02166452125330414,-0.1399100032865106,-0.05498507997355838,1,0.08492492331295222
0.048049117752510084,0.025098783495807856,-0.10929529789927331,-0.010908066595706527,1,0.09838723130356677
0.054103895894456286,0.02104258623789312,-0.09529037313181424,-0.012803435079273201,0,0.08248693805254104
0.0034013816066382346,0.022343364564296208,-0.14854241293938233,-0.06095642384734121,1,0.08758598909204113
0.03432857907769976,0.022749831390567462,-0.11841189044781247,-0.02923255139678802,1,0.08917933905102446
0.018166700043633313,0.020578996621508548,-0.13031893333452343,-0.049649266578209936,1,0.0806696667563135
0.027954299704809477,0.02249058288500431,-0.12427804274979898,-0.03611495784058208,1,0.0881630849092169
-0.021491573112741788,0.022748199774640807,-0.17422884467103777,-0.08505590155444581,1,0.08917294311659196
0.05884024774381012,0.022150765848659985,-0.09272605331956346,-0.00589505119281631,0,0.08683100212674716
0.005213901457819692,0.022956573087971346,-0.14793178179460414,-0.057942015289756475,1,0.08998976650484766
0.03123851281046497,0.023402846568626717,-0.1227818664640434,-0.031042707915026675,1,0.09173915854901674
0.04895165727492998,0.021774349545804282,-0.10187686783484642,-0.01652141761529364,0,0.08535545021955279
0.0019484085559408615,0.02310419554696651,-0.15148661471611352,-0.06091816817200478,1,0.09056844654410874
0.04313662549550647,0.022903882357442923,-0.10990578392508166,-0.020122565083905412,1,0.08978321884117624
0.0399647188554661,0.022294019516715353,-0.111882359397296,-0.024489802891771814,1,0.08739255650552419
0.010382722098182431,0.021874359463765078,-0.14064182245079712,-0.05489433335283802,1,0.0857474890979591
-0.001228691048763414,0.022056084982746665,-0.1526094176149469,-0.06614956448257996,1,0.08645985313236694
-0.007012804763191799,0.02131154384939037,-0.15693423070799692,-0.07339297881838669,1,0.08354125188961023
-0.008740462211712374,0.0207949110296932,-0.15764928782991106,-0.0761332365935137,1,0.08151605123639735
0.005769322563274115,0.02216683737591506,-0.1458284786935194,-0.058934476179932374,1,0.08689400251358702
-0.004484281832553963,0.024835595293981952,-0.1613128486087586,-0.06395731505634934,1,0.09735553355240927
0.020737248749119863,0.025226187528023886,-0.13685687880580696,-0.03797022369595333,1,0.09888665510985364
-0.006605507823961576,0.022029142575398702,-0.15793342727174303,-0.07157918837618013,1,0.0863542388955629
-0.0016987203765563563,0.021912075946352225,-0.15279718923140673,-0.066901851521706,1,0.08589533770970073
0.03006527493069898,0.02189619614280216,-0.12100206950919326,-0.0351689806294088,1,0.08583308887978447
0.001460059693863272,0.019548957741776663,-0.145006697480019,-0.06837478313225448,1,0.07663191434776451
-0.01616756135066094,0.023188205947016368,-0.16976724500681303,-0.07886947769450886,1,0.09089776731230417
-0.010526357226073452,0.024538860719859674,-0.16677332423699842,-0.07058099021514849,1,0.09619233402184993
0.008817391288545681,0.021758690852515708,-0.1419804427823851,-0.056686374640523535,1,0.08529406814186158
0.003297647585155314,0.023676667884219186,-0.1512594214679143,-0.05844688336177509,1,0.09281253810613921
0.02268884319671166,0.022801516480658954,-0.1301529291053799,-0.040770984501196796,1,0.08938194460418311
0.011389282368520603,0.022990028503115108,-0.14182197349758502,-0.05170106176537379,1,0.09012091173221123
-0.0019522228108443673,0.02102170370630392,-0.15130556207520007,-0.06890048354648869,1,0.08240507852871139
0.016228709993743012,0.021839622388502587,-0.13472774988772207,-0.04911643012479192,1,0.08561131976293015
0.01392591649629718,0.02176041315867758,-0.13687529329471088,-0.05157447371269477,1,0.0853008195820161
-0.01019183748234205,0.020224805586930374,-0.1579832564327256,-0.07870201853195852,1,0.07928123790076708
0.036776195895459635,0.02383375899427504,-0.11808877173331944,-0.024660436475761292,1,0.09342833525755814
0.012572321802167719,0.02295151396337397,-0.14056344556604528,-0.050593510829619305,1,0.08996993473642598
0.003230793412027491,0.022187273879877376,-0.14840706339253218,-0.061432949783412856,1,0.08697411360911933
0.040969170706841807,0.023234330143767135,-0.11272091637494178,-0.021642342211374614,1,0.09107857416356716
-0.005116500569167612,0.023086471505506037,-0.15851678471995945,-0.06801781641837579,1,0.09049896830158366
0.04361311004894597,0.023282416337367773,-0.11017122597229487,-0.018904153929813206,1,0.09126707204248166
0.01628091289778398,0.02282859633842682,-0.1366139359255326,-0.047125838278899455,1,0.08948809764663312
0.009588415356655666,0.02098538188830095,-0.1396937331444142,-0.057431036142274475,1,0.08226269700213971
-0.013021960945271333,0.02182230222188699,-0.16394447330016984,-0.07840104859037283,1,0.085543424709797
0.0031910873109885773,0.023818186694313577,-0.15164335860986605,-0.05827606676815682,1,0.09336729184170924
0.028061265842758046,0.021543383155884527,-0.12231456514277564,-0.03786450317170829,1,0.08445006197106736
0.0008022064577884597,0.023199546076113776,-0.15281970385139454,-0.061877483233028545,1,0.09094222061836599
0.030965863492155285,0.022448682467503728,-0.12118435414415202,-0.033185518871537416,1,0.0879988352726146
0.023121922755034274,0.021768399017164743,-0.12769493931860862,-0.042362815171322836,1,0.08533212414728578
0.003667308651668588,0.024435938580204614,-0.15237793096553245,-0.05658905173113037,1,0.09578887923440207
-0.00863398724473291,0.021499444543243883,-0.15892369854949093,-0.0746458759399749,1,0.08427782260951602
-0.004281894277538528,0.025525661374475633,-0.16246299057151076,-0.062402397983566296,1,0.10006059258794446
-0.016247774795829034,0.021141341849288214,-0.16583560482043394,-0.08296154477122414,1,0.0828740600492098
-0.00443701792522859,0.02187265182114004,-0.15545821549466307,-0.06971742035579412,1,0.08574079513886895
-0.026879018855680795,0.022154562080407652,-0.1784527605332798,-0.0916068771780818,1,0.086845883355198
0.03628966723336206,0.022113350760975738,-0.11520330025815038,-0.0285189652751255,1,0.08668433498302489
0.026775132533567184,0.021635156125242146,-0.12378057347190743,-0.038970761460958216,1,0.08480981201094923
-0.0034207367053423338,0.023029085864882615,-0.15670854500051226,-0.06643452841017242,1,0.09027401659033985
0.032145577896239855,0.020865149719185416,-0.11690091555336357,-0.03510952865415674,1,0.08179138689920684
-0.005518028394845678,0.027249461596013654,-0.16707777312303246,-0.06025988366665892,1,0.10681788945637354
0.007436404295953769,0.025965958128135316,-0.15160767363519145,-0.04982111777290102,1,0.10178655586229043
0.030749563533894242,0.021155056272596593,-0.11886514676039509,-0.03593732617181644,1,0.08292782058857864
0.01012938709760361,0.023798662333285963,-0.14466679107563687,-0.05137603472915591,1,0.09329075634648096
-0.01599465888150052,0.02861754256403863,-0.18023584230701623,-0.06805507545598481,1,0.11218076685103141
0.013341418411643505,0.02233215584691787,-0.13858040704831553,-0.05103835612839748,1,0.08754205091991805
0.01930680859782931,0.021803661906712245,-0.1315791687393267,-0.04610881406501469,1,0.08547035467431202
0.007970226946037953,0.02151170698216373,-0.14234351873900297,-0.05801762736892114,1,0.08432589137008184
-0.00564117899137577,0.02254456386907586,-0.15797932417476446,-0.06960463380798709,1,0.08837469036677736
0.017889638758640497,0.02356683962672679,-0.13645216690974402,-0.044070155572975,1,0.09238201133676902
0.015926930614434634,0.02299138167288038,-0.13728697746441093,-0.047160761306719826,1,0.0901262161576911
-0.019165426771323837,0.020664806827600902,-0.1678192481534216,-0.08681320538922607,1,0.08100604276419554
0.010479569059618526,0.021488527355264755,-0.1397887445567004,-0.05555371732406256,1,0.08423502723263784
0.009464221407288725,0.02097162475846106,-0.13979096311929495,-0.05758219406612761,1,0.08220876905316735
0.017193924202860755,0.0234609849818268,-0.13694040636151977,-0.04497334523275872,1,0.09196706112876105
0.029926915320691763,0.02138487872449481,-0.12013824697931808,-0.036309522379298416,1,0.08382872460001967
0.01359082556301007,0.023206271050992957,-0.14004426569693612,-0.04907568317704374,1,0.09096858251989237
0.00020435028832797852,0.021364183905796034,-0.14982025016703227,-0.0660726492563118,1,0.08374760091072046
0.023106929727318176,0.025417518810130543,-0.1348622071405377,-0.03522553340482597,1,0.09963667373571174
-0.005028240544809437,0.02057474233148671,-0.1535055355145234,-0.07285254557509549,1,0.0806529899394279
-0.0291783879475304,0.023164153319747912,-0.18273092845423633,-0.0919274474408245,1,0.09080348101341183
0.02482652922967095,0.021616287906853167,-0.12569219506776125,-0.04095634647289685,1,0.0847358485948644
0.021805844114238318,0.02139344953381108,-0.1282761169720314,-0.04441379479949197,1,0.08386232217253942
0.010308375085670271,0.022972472283493545,-0.1428684705899771,-0.05281637923868238,1,0.09005209135129472
0.01737837979460599,0.020799169291111835,-0.1315387920159732,-0.05000604839481482,1,0.0815327436211584
0.020394047333142845,0.023408758100231363,-0.13363791854331064,-0.041875586790403686,1,0.09176233175290696
-0.026367656952765592,0.02166038263051517,-0.17697280690857534,-0.09206410699695586,1,0.08490869991161948
0.025446922598560726,0.022284014477531866,-0.12638054577740174,-0.03902720902547682,1,0.08735333675192491
-0.03349494893766479,0.025136694268054684,-0.19091366970305196,-0.09237782817227762,1,0.09853584153077434
0.01961421552643558,0.026765015010269184,-0.14099601389369204,-0.036077155053436824,1,0.10491885884025522
0.04484680191752907,0.020921771669877395,-0.10431067055543063,-0.02229732560951124,0,0.08201334494591939
0.04142144569364248,0.021473012258082368,-0.10881645833219897,-0.024642250280516087,1,0.08417420805168288
0.033336452523766394,0.021214538483094642,-0.11639484290309911,-0.033233852049368115,1,0.08316099085373099
0.017555563131277846,0.02254941887467984,-0.13479209786309465,-0.046398375874349675,1,0.08839372198874498
-0.0010799124436705748,0.021018721596483124,-0.1504274067727775,-0.06803401811456367,1,0.08239338865821383
0.03220537516252184,0.02258337971334346,-0.12020884907563134,-0.03168200059932499,1,0.08852684847630635
-0.0011676460955624551,0.024988188306507866,-0.15829529517631788,-0.06034159701480704,1,0.09795369816151084
0.04309745636523839,0.02119478272343841,-0.10659511777270089,-0.023511569496822336,0,0.08308354827587855
0.050157871799770916,0.02188495017109524,-0.10088743053557575,-0.015098425864882421,0,0.08578900467069334
0.0028769472719013395,0.021636580836115218,-0.1476815511668845,-0.06286615428931283,1,0.08481539687757167
0.023902552231444843,0.021367481849586766,-0.1261285121937452,-0.0423679833433651,1,0.08376052885038011
-0.014537891847850079,0.02179161988693455,-0.16540026682624182,-0.07997711686945837,1,0.08542314995678345
-0.008600399272513465,0.02181183889532774,-0.15950240350735584,-0.0739999950376711,1,0.08550240846968474
0.03265567942659421,0.02155197523783955,-0.1177369920395713,-0.03325324910724028,1,0.08448374293233102
-0.004976609205783522,0.021290990494380685,-0.15485775057476966,-0.07139706783679739,1,0.08346068273797227
0.011523391853686019,0.02158968295151658,-0.13894318673128647,-0.054311629561341494,1,0.08463155716994497
0.006276621960551454,0.021053677950495387,-0.1431393868224195,-0.060608969256477595,1,0.0825304175659419
-0.004543115979193768,0.0230264920719048,-0.15782584044012718,-0.06756199151826037,1,0.09026384892186681
0.0008565664569498282,0.026122860000374247,-0.1584950391437837,-0.056093427942316657,1,0.10240161120146705
0.0008354661612189201,0.023676294595420217,-0.15372087124580472,-0.06090979643175746,1,0.09281107481404727
0.019234607502233353,0.02108089554673886,-0.13023474776937483,-0.047597637226158486,1,0.08263711054321635
0.016072180741978512,0.02258734090665497,-0.13634980743506525,-0.04780743108097775,1,0.0885423763540875
0.026393500569953335,0.021839184090679302,-0.1245621002477781,-0.03895249861231524,1,0.08560960163546286
0.015287571690453389,0.023329541648187548,-0.1385891299399942,-0.04713732667909903,1,0.09145180326089516
0.04227019653519701,0.022908703196619667,-0.11078166173017755,-0.020979545199428448,1,0.0898021165307491
0.02416524108182576,0.021360112007020152,-0.12585137845193375,-0.042119739384414746,1,0.08373163906751901
-0.01772036171988696,0.02068692633385388,-0.16641753733424058,-0.08532478610553336,1,0.08109275122870722
0.026819505293583776,0.024078875704443926,-0.1285258910871263,-0.034136698325706136,1,0.09438919276142017
0.014354826924429798,0.020404752594287416,-0.13378928816037355,-0.053802657990766875,1,0.07998663016960668
0.004258700800815585,0.02472907938067785,-0.152361094785313,-0.05542310361305583,1,0.09693799117225718
0.013542259676648086,0.023431314715866174,-0.1405339171664496,-0.04868316348025422,1,0.09185075368619539
0.005780985810908121,0.022061113798186722,-0.14560959723353786,-0.05913003114464591,1,0.08647956608889196
0.07590109134905489,0.022337744124845616,-0.07603168713564253,0.011532269833752287,0,0.08756395696939481
0.04110630028050884,0.022464005146680434,-0.11107394980698482,-0.02301504963199752,1,0.0880589001749873
0.019374222447702025,0.021810564610698177,-0.1315252841892664,-0.046027870915329554,1,0.08549741327393684
0.034376214959393955,0.025693551933426765,-0.12413394683012251,-0.023415223251089592,1,0.10071872357903291
0.015247466670857482,0.026327632841458313,-0.14450549369840082,-0.04130117295988423,1,0.1032043207385166
-0.0192809089505762,0.023233041674723322,-0.17296847063303392,-0.0818949472681185,1,0.09107352336491542
0.005512353620116123,0.02257407061091849,-0.14688362477728412,-0.05839326798248364,1,0.08849035679480047
0.052869963246745005,0.020992753269420576,-0.09642663316131933,-0.01413504034519067,0,0.08229159281612866
0.01482996514911196,0.025401398025402047,-0.14310757498067606,-0.043534094721100036,1,0.09957348025957602
-0.007553231815076264,0.021563380462962915,-0.15796825752248358,-0.07343980610766895,1,0.08452845141481463
0.02336480058407739,0.022158467679233684,-0.12821659606722063,-0.0413554027646246,1,0.08686119330259603
0.02756436683385391,0.0218139147693369,-0.12334170611404642,-0.03783116021824577,1,0.08551054589580065
0.04398182359139266,0.020733535657013396,-0.10480670629635361,-0.02353124652086109,0,0.08127545977549253
0.024769440546369675,0.022872583569514222,-0.1282116232498782,-0.038551095657382455,1,0.08966052759249574
-0.010996575765095301,0.02237178429972344,-0.16299607299255325,-0.07529867853763736,1,0.0876973944549159
-0.018709159538751977,0.02984393625037661,-0.18535407458949013,-0.06836584448801383,1,0.1169882301014763
0.04027177625384733,0.022195205567890612,-0.11138162665921827,-0.02437642083308708,1,0.0870052058261312
-0.006315643277786442,0.02033559943884448,-0.15432421817792163,-0.07460866837765126,1,0.07971554980027037
-0.010961105016697656,0.020759610127983188,-0.1598007408675447,-0.07842306916585062,1,0.08137767170169408
0.004290942563493924,0.021805021313640982,-0.1465976992112424,-0.06112201566176976,1,0.08547568354947266
0.016377224029490198,0.02028255421145408,-0.1315273822249598,-0.05201976971605981,1,0.07950761250889998
-0.011847795679148204,0.022100602666910656,-0.1633157769062931,-0.07668141445200333,1,0.08663436245428977
0.016419464858469943,0.02312513017877424,-0.13705659029192757,-0.046406079991132554,1,0.09065051030079502
0.009984853976538477,0.028191857359362773,-0.15342198644781257,-0.042909905599110496,1,0.11051208084870208
0.024227405592405438,0.021047601061102185,-0.12517669248735486,-0.042670096327834285,1,0.08250659615952058
-0.03318423602659175,0.021200948780387453,-0.18288889563615116,-0.09978117641703235,1,0.0831077192191188
0.04165296488362359,0.021531841510751822,-0.10870024447744998,-0.024295425755302844,1,0.08440481872214714
-4.77125358040037e-05,0.023545102175218286,-0.15434691279923185,-0.06205011227237617,1,0.09229680052685568
0.04166366317153092,0.02400466718154156,-0.11353628450429054,-0.019437989152647633,1,0.09409829535164291
0.013919788604490294,0.02081149116279448,-0.1350215340745869,-0.05344048871643253,1,0.08158104535815436
0.011027664701468973,0.020824086136516134,-0.13793834412610265,-0.05630792647095941,1,0.08163041765514323
0.022136669803167724,0.022084734635560297,-0.12930021008253045,-0.0427280503111341,1,0.08657215977139635
0.008197200652909034,0.021262706038264616,-0.1416285031820896,-0.058278695512092325,1,0.08334980766999728
0.011753122514333997,0.021956744430332385,-0.13943289656911748,-0.053362458402214534,1,0.08607043816690294
-0.001455801146239416,0.022230241316828724,-0.15317787412722372,-0.06603532816525512,1,0.0871425459619686
0.024591721850324114,0.023278085665695596,-0.12918412605443927,-0.03793403024491252,1,0.09125009580952675
-0.006054166000678929,0.021886621254604034,-0.15710274365970284,-0.07130718834165503,1,0.0857955553180478
0.02703025510772762,0.021930411954317504,-0.1241041523227347,-0.03813693746181008,1,0.08596721486092462
0.008569726098393377,0.024062180530455588,-0.1467429477412996,-0.052419200061913675,1,0.09432374767938592
0.013916765286462074,0.023932117941214998,-0.14114098587831933,-0.04732708354875654,1,0.0938139023295628
-0.009225088911508028,0.024839692581810974,-0.16606168637185753,-0.06869009145115852,1,0.09737159492069901
0.011031435434326206,0.023275869019931117,-0.14274006784473878,-0.051498661286608814,1,0.09124140655812996
0.05768581409156593,0.02130783037741653,-0.09222833344817047,-0.008701638368697681,0,0.08352669507947279
0.03969773934531019,0.022619551753452545,-0.1127873820914568,-0.024118739217922826,1,0.08866864287353399
-0.048883472497690636,0.020589268568155426,-0.19738923889127527,-0.11667930610410601,0,0.08070993278716926
0.028594668614683988,0.02081247692607749,-0.1203485861604279,-0.03876367661020414,1,0.08158490955022377
-0.014767540468351659,0.023565569247663207,-0.16910685619377155,-0.07672982474293177,1,0.09237703145083978
0.0062705831640092885,0.02243950825277584,-0.14586165301143136,-0.05789878066055008,1,0.0879628723508813
0.023409807893160953,0.02153132730871002,-0.12694239363191068,-0.042539590581767414,1,0.08440280305014326
0.014625962037855642,0.02392142180515622,-0.14041082470025057,-0.04663885122403817,1,0.0937719734762124
0.03944229010052851,0.0229384256670808,-0.11366782420694986,-0.023749195591993136,1,0.08991862861495672
0.017750656113382696,0.021941701324439986,-0.13340587848251967,-0.04739440929071494,1,0.08601146919180473
0.003967998277924892,0.022434875092200234,-0.14815515690278758,-0.06021044654136266,1,0.08794471036142493
0.000697354615288498,0.028341535209541854,-0.16300285439541354,-0.05190403637400948,1,0.11109881802140406
-0.002285699337279873,0.024052350499558464,-0.15757910631641447,-0.06329389235814528,1,0.09428521395826919
3.657836476264609e-05,0.021368317387258227,-0.1499961237142635,-0.06623231955621123,1,0.08376380415805226
-0.024910296461299705,0.020756069554214468,-0.17374299278756006,-0.09237920013503936,1,0.0813637926525207
-0.040613016177568836,0.02443662430125408,-0.19665959980802683,-0.10086803254711085,1,0.09579156726091598
0.019288739042258682,0.024117633285126,-0.13613262219658828,-0.041591499718894365,1,0.09454112247769392
0.031424283781402565,0.02480699078972314,-0.1253482181664548,-0.02810481427074009,1,0.09724340389571472
0.004205552792870035,0.023871066540873533,-0.1507325376272421,-0.05715795678701785,1,0.09357458084022424
0.0022338892050656756,0.02208558837470777,-0.14920466400936155,-0.0626291575805071,1,0.08657550642885445
0.013571093875968651,0.024738548957077125,-0.1430672620799025,-0.04609215016816019,1,0.09697511191174231
0.03013072033448698,0.02345097847140873,-0.12398399746947414,-0.03205616186155192,1,0.09192783560792223
0.03157788601515282,0.024386459960721276,-0.12437037550786088,-0.02877545246183348,1,0.0955949230460274
-0.040037381271220626,0.023549363024424664,-0.19434493279909298,-0.10203142974334829,1,0.09231350305574469
0.004213264333420924,0.021369396831814495,-0.14582155345693548,-0.06205351787622267,1,0.0837680355807128
0.012553682218691936,0.02209152371967058,-0.1388965042718624,-0.052297731290753734,1,0.08659877298110866
0.002311332362235921,0.02633273087095312,-0.15745162014483222,-0.054227315130695966,1,0.10322430501413625
0.01888081641568161,0.02085072296546564,-0.13013740059663104,-0.04840256657200574,1,0.0817348340246253
0.021918357850707754,0.02238784364149996,-0.13011261568663218,-0.042352268611952334,1,0.08776034707467985
0.02112881817192795,0.024675889298875316,-0.13538672485386766,-0.038657238802276436,1,0.09672948605159122
-0.01015949458816498,0.02571881391082215,-0.1687191698533764,-0.06790141932295357,1,0.10081775053042283
-0.004641502898872871,0.02066315515839442,-0.15329208700932595,-0.0722925187884198,1,0.08099956822090615
-0.005301491459221111,0.02367381329673465,-0.159852965520821,-0.06705161739762121,1,0.0928013481231998
-0.01597882517971498,0.021438587183812887,-0.16614925605998826,-0.08210999429944173,1,0.08403926176054653
-0.0043961529373736374,0.022836831987500937,-0.15730714363287548,-0.0677867622418718,1,0.08952038139100368
0.044097428063721675,0.020854275731691744,-0.10492775237039415,-0.023178991502162516,0,0.08174876086823163
0.0067184307479516425,0.02404922859382606,-0.14856885729594743,-0.05429588120814929,1,0.09427297608779814
0.006002582656145852,0.021455259600521227,-0.14420052616087575,-0.060095908526832546,1,0.0841046176340432
0.0008194181555628705,0.022989043061290813,-0.15238990624456714,-0.06227285744430714,1,0.09011704880026
0.02389348804663452,0.021486287566498778,-0.1263704355837031,-0.04214418832302788,1,0.08422624726067521
0.03055041536028076,0.02232040248877098,-0.12134837351771037,-0.03385239576172812,1,0.08749597775598225
0.014079296543888564,0.022433817327098902,-0.13804178541722528,-0.05010122149499759,1,0.08794056392222768
0.012490103803185104,0.023058292815612263,-0.14085495011541493,-0.05046644227821487,1,0.09038850783720007
-0.017278288559631025,0.02040315595950156,-0.1654192742402541,-0.08543890287900797,1,0.07998037136124612
0.006532125701695937,0.02700652538389814,-0.15455146405074444,-0.048685884545863714,1,0.10586557950488072
0.014152642496211523,0.022001551361813677,-0.1371211981729433,-0.05087511683463367,1,0.08624608133830963
-0.01735797543992014,0.02494962578345309,-0.1744100419754882,-0.07660750890435208,1,0.09780253307113612
-0.012304350987198578,0.0205598589620231,-0.16075247455276387,-0.0801578274216333,1,0.08059464713113057
-0.008199894737971974,0.022059214881380733,-0.15958675590547822,-0.07311463357046574,1,0.08647212233501247
0.021995746950628822,0.022975398665146377,-0.13118683443305806,-0.04112327166568429,1,0.09006356276737378
-0.015343496868817835,0.023667149463990452,-0.16988190981823914,-0.07710668391939655,1,0.09277522589884259
-0.0335285487558941,0.025917474523581254,-0.19247759882211335,-0.09088109868967485,1,0.1015965001324385
0.01020947963973616,0.021082540101522707,-0.13926309895924835,-0.05661954176127934,1,0.08264355719796901
0.0027101958929560827,0.022393170402783186,-0.14933121809649896,-0.06154999011758888,1,0.08778122797891008
-0.004745615231429773,0.020869028102956978,-0.15379971031322545,-0.0719931201496341,1,0.08180659016359135
0.023457864402967724,0.021517290828266786,-0.1268668256204352,-0.04251904557362938,1,0.08434778004680582
0.02600651764301616,0.022491952462351063,-0.12622850918319192,-0.03806005553077576,1,0.08816845365241616
-0.005547429103982038,0.02293223753658829,-0.1586454146756951,-0.06875104353226899,1,0.0898943711434261
-0.011500984695399008,0.02266146183398121,-0.16406824989000218,-0.07523531950079584,1,0.08883293038920634
0.017466317192821587,0.022009945374882305,-0.13382397574194774,-0.0475449898724091,1,0.08627898586953864
0.002148865946507525,0.02404134253867487,-0.1531229654292952,-0.058880902677689737,1,0.09424206275160547
-0.014323290234417654,0.022250750413193476,-0.16608556104427688,-0.07886261942455844,1,0.08722294161971844
-0.007086131176246749,0.020544565540012407,-0.15550427963467106,-0.07496958271782245,1,0.08053469691684861
0.026348032715947337,0.030952179962963077,-0.1424690400114603,-0.02113649455664504,1,0.12133254545481525
0.020428876901411028,0.021500159577090797,-0.12986223586968693,-0.045581610327491015,1,0.08428062554219591
0.04633386934771631,0.02236400764501453,-0.10565038563651218,-0.01798347566805522,0,0.08766690996845695
0.0033680840977435844,0.02217122952486621,-0.1482383257709942,-0.06132710603351865,1,0.08691121973747554
0.017281398821273344,0.0233965906817034,-0.13672671891486532,-0.045012083442587995,1,0.09171463547227732
-0.03671957301057559,0.023607252352137745,-0.19114058762076558,-0.0986001584003856,1,0.09254042922037997
0.012651462330895716,0.021272414040686256,-0.13719326918884936,-0.053805406149359226,1,0.08338786303949014
0.01942409176915326,0.02009608440632162,-0.12811503366723712,-0.049338382794456376,1,0.07877665087278074
0.03211248122262554,0.02060174747017324,-0.11641774381891401,-0.03565889373583491,1,0.08075885008307909
0.002150940871690099,0.022629136081476216,-0.15035296584800328,-0.06164675240861652,1,0.08870621343938676
0.03817436376710365,0.023339991894259105,-0.11572282034564421,-0.02423005212014851,1,0.09149276822549571
0.014327784055052153,0.021235731374167875,-0.1354450494383169,-0.052200982451578816,1,0.08324406698673809
-0.010050652947082336,0.02553793303487508,-0.1682558016954375,-0.06814710419872719,1,0.10010869749671031
-0.008891794070109899,0.022352196651466837,-0.1608528995069849,-0.0732322886332349,1,0.08762061087374999
0.020311141293291507,0.026469187900181025,-0.1397192669910633,-0.03596005042235369,1,0.10375921656870961
-0.016287731897460495,0.02228843548189936,-0.16812386544198324,-0.08075319835293776,1,0.08737066708904548
-0.023712914828604506,0.02316165403452705,-0.17726055673627752,-0.0864668729209315,1,0.09079368381534603
-0.025744720885070058,0.0244102120397458,-0.18173953648297184,-0.08605150528716829,1,0.09568803119580355
0.005192627517045301,0.02205284975744325,-0.14618175800754346,-0.059734586958365934,1,0.08644717104917753
-0.015533414811968002,0.021600461960496253,-0.16602112025454066,-0.08134730936939535,1,0.0846738108851453
0.008854544645061219,0.02330270519120329,-0.14496955752969723,-0.053622953180180344,1,0.09134660434951689
0.004817541358661942,0.025051458966914034,-0.15243411821648956,-0.05423239906618656,1,0.098201719150303
0.00902323048413578,0.023653368217702486,-0.14548817122256108,-0.052766967809167356,1,0.09272120341339372
0.021543499281999737,0.027035513555412113,-0.139596907286608,-0.03361769414939253,1,0.10597921313721548
0.01746620869696837,0.021877117713284915,-0.13356374202107008,-0.047805440584993204,1,0.08575830143607688
0.02189703440651268,0.020291578273826345,-0.12602525901018696,-0.04648227217678769,1,0.07954298683339928
0.014071817674175507,0.02311801085256213,-0.13939028359684627,-0.048767681054802725,1,0.09062260254204355
0.03089099471759832,0.022097870438557415,-0.12057163134197421,-0.033947979222829154,1,0.08662365211914505
0.01394386049139519,0.02464604300685187,-0.14251318380203448,-0.045900695215175154,1,0.09661248858685934
-0.017532764945100796,0.021453318546130754,-0.1677320692955171,-0.08363506059468452,1,0.08409700870083257
0.03409604655654831,0.021679487456432875,-0.11654654885806012,-0.031562958028843256,1,0.08498359082921686
-0.0048973312410169195,0.021558820930048433,-0.15530342026391186,-0.07079284221812199,1,0.08451057804578987
0.022231380988099042,0.02303019902537794,-0.13105860910164174,-0.0407802289221602,1,0.09027838017948155
-0.019471490460523558,0.029933118910328488,-0.1862912035247674,-0.06895337739627973,1,0.11733782612848769
0.01219584602644136,0.022572825169647908,-0.14019769130606854,-0.05171221664104875,1,0.0884854746650198
0.0387382170719769,0.022416729057442207,-0.11334937188060983,-0.02547579397543638,1,0.08787357790517344
-0.011618367865240772,0.021773007071031573,-0.16244426172446266,-0.07709407400601889,1,0.08535018771844377
0.006521673591173366,0.022976622013285583,-0.1466633055548664,-0.056594947262786896,1,0.0900683582920795
-0.009156122267172218,0.024220196606993014,-0.16477850761687854,-0.0698353369174659,1,0.09494317069941263
0.010453987031515177,0.022656106986852904,-0.14210278266271653,-0.05329084327425314,1,0.08881193938846339
0.004279338088684276,0.023449556822648678,-0.14983259328370713,-0.05791033053892432,1,0.09192226274478281
0.04946458342366713,0.02197425881511275,-0.10175576385395388,-0.015616669298711881,0,0.08613909455524199
0.002071819542581621,0.02237794625235002,-0.14993975511202443,-0.06221820580281235,1,0.08772154930921208
0.017447546028926703,0.021525652421566253,-0.13289353271734317,-0.04851297522480345,1,0.08438055749253973
0.05515836000909196,0.020550075747526066,-0.09327058845605914,-0.012714291525756954,0,0.08055629693030218
0.035591116453737956,0.021924030101114152,-0.11553078254444579,-0.029588584548078313,1,0.08594219799636749
-0.00018344193257160968,0.024696017336931355,-0.15673843591295705,-0.05993004795218616,1,0.09680838796077089
0.013621058469478683,0.02514202118084361,-0.1438081030449748,-0.04525138001606784,1,0.09855672302890695
0.012510891247443076,0.024163287943033233,-0.14299995312090208,-0.04827986438421179,1,0.09472008873669029
-0.025480414677772054,0.024973289724439744,-0.18257886253767397,-0.08468356681787016,1,0.09789529571980381
0.031233397678186628,0.022732216728579235,-0.12147254710982867,-0.03236225753379808,1,0.0891102895760306
0.02325482098009629,0.02216972094931737,-0.12834863208056577,-0.04144332595924167,1,0.0869053061213241
0.014624642157949203,0.02599499539892543,-0.14447634882394464,-0.04257596686015696,1,0.10190038196378767
0.02952776823321626,0.022021359175549184,-0.12178489575086014,-0.035461167782707345,1,0.0863237279681528
0.004885306139727916,0.023306412172269256,-0.14894606171791983,-0.05758492600262435,1,0.09136113571529547
0.01918969862243486,0.020769571937083998,-0.12966946237424978,-0.04825274038088051,1,0.08141672199336927
-0.018104579106704724,0.021023054928162702,-0.16746056676590362,-0.08505019144750584,1,0.08241037531839779
-0.02298182851773993,0.020640251548711068,-0.17158752155321363,-0.09067773548226624,1,0.0809097860709474
-0.0016723267057197483,0.026741845418460808,-0.16223714372590292,-0.05740910968553657,1,0.10482803404036635
-0.030294941090480407,0.022420773985086826,-0.1823904581012506,-0.09450102407971023,1,0.08788943402154037
0.0078063553286786685,0.02126319190904077,-0.14202030081304123,-0.058668588529601426,1,0.08335171228343981
-0.007442474928995829,0.022791085184542748,-0.1602638018906996,-0.07092274796729205,1,0.08934105392340756
0.0007446177721462111,0.023333807191878362,-0.1531404443239354,-0.0616719201317722,1,0.0914685241921632
0.027212445559744725,0.021383403286500804,-0.12284982488179685,-0.03902688399871371,1,0.08382294088308315
0.018727645673524376,0.02188895850832829,-0.13232551300279907,-0.046520795650152186,1,0.08580471735264689
0.0195616655822083,0.02281877728818016,-0.1333139379026248,-0.04386433093295859,1,0.08944960696966621
-0.02683516299252113,0.02021592535071901,-0.1746091766799304,-0.09536274930511188,1,0.07924642737481852
-0.0033182598370197353,0.020396997424061987,-0.15144717478818123,-0.07149094488585825,1,0.07995622990232298
0.016671614526004713,0.02242873441872819,-0.13543950493470253,-0.047518866013288044,1,0.08792063892141448
0.005094443266847243,0.022332030608595378,-0.1468271367259997,-0.05928557674030582,1,0.08754155998569388
-0.02254553666203153,0.022170891788607653,-0.17415128456770254,-0.08724138875636053,1,0.08690989581134201
0.02352873356211478,0.02816473830942194,-0.13982495352435223,-0.029419179351418218,1,0.11040577417293401
0.0120402258068905,0.025379319674558132,-0.14585404075524344,-0.04636710763097557,1,0.09948693312426787
-0.010849399277212554,0.023339083381469963,-0.1647448027048937,-0.07325559584953142,1,0.09148920685536227
0.008865173704641308,0.02278014551007569,-0.14393471149510706,-0.05463654109561034,1,0.08929817039949672
-0.040275556449543684,0.02766395092782187,-0.20264770026807455,-0.09420501263101283,1,0.10844268763706172
0.011690885106302895,0.02139477618573243,-0.1383936762177327,-0.05452615356966155,1,0.08386752264807114
0.03986081646179718,0.02131256039643217,-0.11006260191520989,-0.026517365161195773,1,0.08354523675401412
-0.026001533440362726,0.022044715358450186,-0.1773599755429251,-0.09094469133780037,1,0.08641528420512473
0.04666167844484677,0.023917712871308793,-0.10836783878291847,-0.014610404327388006,1,0.09375743445553048
0.016028251349665734,0.02125174240237478,-0.13377596375898884,-0.0504691335416797,1,0.08330683021730914
0.018396523772468573,0.019821682516702247,-0.12860477396026784,-0.05090377849479503,1,0.07770099546547282
0.019642729963301936,0.023274883890523117,-0.13412684246212336,-0.04288929761127276,1,0.0912375448508506
0.010674116644555642,0.024820401609932357,-0.14612467051091177,-0.04882869619997694,1,0.09729597431093483
-0.0011520353450610588,0.023497018086407993,-0.15535699079442072,-0.0632486798957014,1,0.09210831089871932
-0.005668717622049055,0.021500793575165027,-0.1559610730293725,-0.07167796221472561,1,0.0842831108146469
-0.01587623172992554,0.027012822483705054,-0.17697216379798744,-0.07108189966186365,1,0.10589026413612379
0.014965026892842848,0.022232418274837594,-0.13676131292583885,-0.049610233288475476,1,0.08715107963736338
-0.003956712577527499,0.020872995638294832,-0.15301858402858537,-0.07119644112646964,1,0.08182214290211573
0.010476748529602176,0.021570958770899533,-0.13995313066136092,-0.05539497227943475,1,0.08455815838192618
0.03810266188395335,0.020371723884665786,-0.10997671692999159,-0.030119559302101716,1,0.07985715762788986
-0.0005066080222994873,0.021363772722695854,-0.15053040255878336,-0.06678441348581562,1,0.08374598907296774
0.0451670540127469,0.02197331808976808,-0.10605144944319855,-0.019916042531307666,0,0.0861354069118909
0.01968924627945276,0.021819761102547294,-0.13122828548153995,-0.04569482195955455,1,0.0855334635219854
0.026996070703015018,0.021766307443796304,-0.12381669188682574,-0.03849276670714423,1,0.08532392517968151
-0.012085796854509362,0.021991846254955583,-0.1633406155142223,-0.07713257819479642,1,0.08620803731942588
-0.0007802697170822409,0.02179928990253127,-0.15165767792604354,-0.06620446150812095,1,0.08545321641792258
0.02199991800113192,0.023192949089722956,-0.13160906221472507,-0.04069270178301109,1,0.09091636043171397
0.04720048724611923,0.020201213964313118,-0.10054469212393449,-0.021355933383827068,0,0.07918875874010742
-0.012375836693950024,0.024890081421459553,-0.16931119628001073,-0.07174207710788931,1,0.09756911917212142
-0.014740139731016635,0.0238777913947347,-0.16969141086469663,-0.07609046859733663,1,0.09360094226736
-0.020624035961025036,0.02366992325062507,-0.17516788553225018,-0.0823817863897999,1,0.09278609914245028
0.023600409530400032,0.023200512435546102,-0.13002339484327033,-0.03907738609592961,1,0.09094600874734071
0.014902682476728213,0.020110289328452473,-0.13266428460703864,-0.05383195043950494,1,0.07883233416753369
0.07175838928183706,0.022235468390056676,-0.07997392876267403,0.007189107326348129,0,0.08716303608902216
0.03624728064651092,0.02486921867847817,-0.1206471879633063,-0.02315985074367187,1,0.09748733721963443
-0.00041322354903523817,0.021942412959165405,-0.15157115294899942,-0.06555689414907105,1,0.08601425879992837
-0.003604019688081883,0.026479833145447378,-0.16365529265315876,-0.05985434672300503,1,0.10380094593015374
0.006796360637988635,0.021201839168115345,-0.14291004413151745,-0.0597988345925053,1,0.08311120953901216
-0.007219877864472299,0.021775765562289457,-0.15805117836655963,-0.07269017736238498,1,0.08536100100417465
-0.0073525072031631195,0.02335510213563831,-0.1612793073890142,-0.06972730701731204,1,0.09155200037170215
0.05552525993702912,0.021566940098378985,-0.0948967426557937,-0.010354337470148071,0,0.08454240518564562
-0.00015057880625686526,0.022146411632649163,-0.15170834560624924,-0.0648944120062645,1,0.08681393359998474
-0.006190943723048792,0.027136758165669468,-0.16752978972776095,-0.06115369771833664,1,0.1063760920094243
-0.005671143501314188,0.02293267971676423,-0.15876999574617207,-0.06887389125645631,1,0.08989610448971576
0.04483697195515132,0.02335719335716059,-0.10909392702488344,-0.017533729064813923,1,0.0915601979600695
-0.010157010240244638,0.031325378758206276,-0.17970555260632895,-0.05691006787416034,1,0.12279548473216861
0.013461719864080082,0.02223704192447292,-0.13827368230788684,-0.051104477963952996,1,0.08716920434393384
0.00793370253924737,0.022845953491735904,-0.144995166304555,-0.05543902861695026,1,0.08955613768760473
0.02435564730948414,0.021469387833579722,-0.12587515284433212,-0.04171515253669961,1,0.08416000030763252
0.011264806672842936,0.02405652632309253,-0.14403678492041844,-0.04973520173389571,1,0.09430158318652274
0.017158990559472342,0.02217814043445223,-0.13446096469205404,-0.04752265418900129,1,0.08693831050305276
0.015997923330228606,0.02283050641477277,-0.13690066924272604,-0.04740508409681678,1,0.08949558514590926
0.03968633080511377,0.021735205492087083,-0.11106547195937691,-0.025863466430395547,1,0.08520200552898136
0.00707302017825398,0.023761211383930635,-0.14764975413425008,-0.05450580550924198,1,0.0931439486250081
0.0169436559142343,0.022832674755103366,-0.1359591866057683,-0.04645510156576311,1,0.0895040850400052
0.007520238806268328,0.026422666400411108,-0.15241898733853745,-0.04884213504892591,1,0.10357685228961155
0.04065045808041026,0.02972151347350194,-0.12575450832765356,-0.009246175511525942,1,0.11650833281612762
0.014476206250897572,0.021570863063212365,-0.13595348535299867,-0.051395702145206196,1,0.08455778320779248
0.024068567226801563,0.02084902629384496,-0.12494632430913456,-0.04321814123726232,1,0.08172818307187224
-0.012563611840228195,0.023800515284793496,-0.16736342179842345,-0.07406540188203295,1,0.0932980199163905
-0.0025204676617857774,0.023617233542631972,-0.15696104540534445,-0.06438148991822712,1,0.09257955548711733
0.027293486788175433,0.022149227738517074,-0.12426979957931804,-0.037444826844331106,1,0.08682497273498693
0.011915715204713753,0.023299162461160285,-0.1419014432191604,-0.0505687263714121,1,0.0913327168477483
0.0004213814451052844,0.023302809008244028,-0.153402924211053,-0.06205591289873643,1,0.09134701131231657
0.0119841639686952,0.023168356237971657,-0.14157661425772924,-0.05075665780488036,1,0.09081995645284888
0.03887499057290114,0.02221900409510568,-0.11282505745350599,-0.025726561400691732,1,0.08709849605281425
0.020947193146258383,0.02098086858643995,-0.12832610928316393,-0.04608110442431932,1,0.08224500485884462
0.03500405519332975,0.02448181233030476,-0.1211310969740676,-0.025162392639272925,1,0.09596870433479468
0.004630819009324286,0.022916875870135942,-0.14843705769614218,-0.05860290428520927,1,0.08983415341093291
0.003573003576855513,0.025525760041830433,-0.15460828610513214,-0.05454730674115685,1,0.10006097936397529
0.00975535889648374,0.020389268904959415,-0.1383584081572367,-0.05843247404979581,1,0.0799259341074409
-0.03803862182240643,0.02066525817494821,-0.18669332784530493,-0.10568551579950794,1,0.08100781204579699
0.027668614576643227,0.021719055342968314,-0.12305153389557467,-0.03791283695113888,1,0.0851386969444358
-0.02190297142433552,0.02437156620498514,-0.1778220411861064,-0.08228550166256465,1,0.09553653952354174
0.02603433400176372,0.02136208871827162,-0.12398615988604866,-0.040246772110423906,1,0.08373938777562476
0.02008352362392525,0.022357382618985202,-0.13188774630928574,-0.04424680644286376,1,0.08764093986642198
0.04359541271368293,0.02307424000218753,-0.10978089769060463,-0.019329876882029515,1,0.09045102080857512
0.009300960640504258,0.02569777136171624,-0.14921747122845958,-0.04848220749053191,1,0.10073526373792765
-0.010698690949427561,0.024345152901019518,-0.16656599063542582,-0.07113299126342931,1,0.09543299937199651
0.018275427825085774,0.02293149639034719,-0.13482110509999473,-0.04492963924983374,1,0.089891465850161
0.006804226082717274,0.02940701459723,-0.15898432252785352,-0.04370882530671193,1,0.11527549722114158
-0.020513938579247284,0.02141232687606486,-0.1706328992563344,-0.08669657790216018,1,0.08393632135417423
0.026826531871812415,0.023576286519999143,-0.1275337897073859,-0.03511474654898927,1,0.09241904315839664
0.012033689399457453,0.023704950302107595,-0.14257881319267343,-0.049655408008411665,1,0.09292340518426176
0.01630445307184361,0.022314214266885173,-0.13558220689125133,-0.048110486965061455,1,0.08747171992618988
0.026834595859260235,0.021430863649580693,-0.12332069689391792,-0.039311711387561614,1,0.0840089855063563
0.005336693029243486,0.024118609952915114,-0.15008658247847015,-0.0555416314630429,1,0.09454495101542726
0.019955002318888276,0.022649888700808547,-0.13258957953469647,-0.04380201582752698,1,0.08878756370716949
0.010220490279395755,0.0234233316494179,-0.14384003975346332,-0.052020579687745164,1,0.09181946006571816
-0.002201340618865913,0.02284123409820421,-0.15512095945134619,-0.06558332178638566,1,0.08953763766496052
-0.00442674113279963,0.021972960445707002,-0.15564454360638535,-0.06951053865921392,1,0.08613400494717144
-0.003967679525900908,0.02180054568887093,-0.15484754907608794,-0.06938940997571388,1,0.08545813910037406
-0.00255770454970701,0.02150962723442818,-0.15286737392918626,-0.06854963517022777,1,0.08431773875895848
0.015316974493136987,0.021175493386167973,-0.13433779254375225,-0.051329858469973795,1,0.08300793407377846
8.216691935193643e-05,0.022651740606231985,-0.15246604466886277,-0.06367122149243337,1,0.0887948231764294
0.0065420905065135815,0.02248870318168844,-0.14568656772959576,-0.05753085125737708,1,0.08815571647221868
-0.003987867887608229,0.02109690726960526,-0.15348860613603454,-0.07078872963918192,1,0.08269987649685262
0.01103910946224304,0.020447204651234868,-0.1371882116541773,-0.05703516942133662,1,0.08015304223284067
0.012885288971980685,0.031482780186133,-0.15697176019283998,-0.033559261863198644,1,0.12341249832964134
0.0010911521297266302,0.020400076908827405,-0.14704379861157507,-0.06707549712897166,1,0.07996830148260341
0.03588290808545891,0.02197159810423587,-0.1153322241988434,-0.029203559630238796,1,0.0861286645686046
0.032535309197318035,0.022933828301623504,-0.12056579427386405,-0.0306651873314999,1,0.08990060694236415
0.019872909884368503,0.022172218789754217,-0.13173543894354978,-0.044820341287713235,1,0.08691509765583655
0.0184797315632462,0.021116659041392247,-0.13105972015788261,-0.048282416715625005,1,0.08277730344225762
0.0378185651731026,0.020526753390919996,-0.11056467147310059,-0.030099798180694214,1,0.08046487329240637
0.013427742420895505,0.020801347419560107,-0.1354936985214423,-0.05395241663676669,1,0.0815412818846756
0.025860972858178413,0.022045953032936827,-0.12549989508637777,-0.03907975919726541,1,0.08642013588911235
-0.006584548488690806,0.02618629793824384,-0.16606049244764876,-0.06341020452973288,1,0.10265028791791588
0.010658852097567034,0.02388832356899773,-0.14431306209766853,-0.05067083370719742,1,0.09364222839047112
0.006259181782649642,0.022317477444139196,-0.14563387400786318,-0.05814936242683754,1,0.08748451158102563
0.01100410466538597,0.02177044681028358,-0.13981677108276985,-0.05447661958645822,1,0.08534015149631163
-0.004454056093376041,0.02959877219151451,-0.1706184495887445,-0.0545912625980076,1,0.1160271869907369
-0.012915014876689918,0.021045000598377404,-0.16231401604950962,-0.07981761370387021,1,0.08249640234563942
0.036866058133792026,0.0227705377135642,-0.1159149957847938,-0.026654487947622145,1,0.08926050783717165
0.04167209292609744,0.02271010013604906,-0.11099050334055872,-0.0219669108072464,1,0.08902359253331232
-0.0010515038168580487,0.022270952690290495,-0.15285337108982744,-0.06555123654388868,1,0.08730213454593876
0.02906293372311808,0.02353872445713315,-0.1252237662128629,-0.03295196634090095,1,0.09227179987196196
0.04033560117153005,0.023314403712383285,-0.11351143010474118,-0.022118967552198714,1,0.09139246255254246
0.05729209996448719,0.021967625969032643,-0.09391524693481679,-0.007802153136208835,0,0.08611309379860796
0.010823109768625674,0.02277337633653116,-0.1419635078509754,-0.05269187261177326,1,0.08927163523920213
-0.001786813212074731,0.022007232676626347,-0.15307178925826237,-0.0668034371658871,1,0.08626835209237527
0.005977026440865368,0.02484702079125893,-0.15087393431000215,-0.05347361280826713,1,0.09740032150173503
-0.021798194931036588,0.021107985441601917,-0.17132064639657635,-0.08857734346549684,1,0.08274330293107951
-0.0019597450760359125,0.022568611829732896,-0.1543450242623124,-0.06587606588975944,1,0.08846895837255295
0.04803805850841909,0.02122889155400023,-0.10172136893742137,-0.018504114045740462,0,0.08321725489168091
0.009289824930018023,0.021594107614960566,-0.1411854259953047,-0.056536524144659275,1,0.08464890185064543
-0.02136290611287485,0.02310591247803941,-0.1748012945698321,-0.08422611765591762,1,0.09057517691391448
-0.024367119362141934,0.02389487207082472,-0.1793518686209584,-0.08568397010332549,1,0.09366789851763291
-0.007728879388551768,0.01964328680679622,-0.15438052152987236,-0.07737883724723119,1,0.07700168428264118
0.007019000813378223,0.021779598702227055,-0.14381981264298682,-0.058443785730256756,1,0.08537602691273007
-0.020073516507297925,0.02295304937873909,-0.17321229328962653,-0.08323633972496933,1,0.08997595356465721
0.023920371740412075,0.023654424474327505,-0.13059310022926984,-0.037867756289906025,1,0.09272534393936382
-0.01071279262369712,0.022158125385032534,-0.1622935183783609,-0.07543366686903336,1,0.08685985150932754
0.07681579146092328,0.022100049668334197,-0.07465110588901175,0.011981088810858298,0,0.08663219469987005
0.020964808517864558,0.025284897324300438,-0.1367443902377643,-0.03762759272650659,1,0.09911679751125771
0.016739180405864876,0.022193221916499705,-0.13491033455047455,-0.04791290463779571,1,0.08699742991267884
0.000813039724823425,0.023588551312350742,-0.15357132084738404,-0.061104199702969125,1,0.09246712114441491
0.04771583012870369,0.022288128194852187,-0.10411970113320661,-0.01675023860938603,0,0.08736946252382058
-0.0105155969400174,0.02284282683197724,-0.1634383375306928,-0.07389445634934201,1,0.0895438811813508
0.0177674416795061,0.021295427451119363,-0.13212239612468785,-0.04864432051629996,1,0.08347807560838788
0.003228030954340086,0.02246150381574674,-0.14894731652452353,-0.06089822156679631,1,0.08804909495772723
0.02867329868833171,0.024152697166841333,-0.1268167877586773,-0.03213821486465928,1,0.09467857289401801
0.017139281651730606,0.020522677157096457,-0.13123596557617845,-0.05078707112036034,1,0.0804488944558181
-0.03029861099383728,0.02076299072231502,-0.17914487280957472,-0.09775394917809985,1,0.08139092363147488
-0.010219559337680206,0.02264229123778027,-0.16274925016372954,-0.07399146851163088,1,0.08875778165209866
0.003454257323016713,0.024337108924865354,-0.15239727616971938,-0.0569958091842472,1,0.09540146698547217
-0.003921160670299101,0.021854700442276463,-0.15490717353716096,-0.06923674780343725,1,0.08567042573372372
0.03751457049962616,0.024002950084715476,-0.11768201166641618,-0.023590447334331514,1,0.09409156433208465
0.044311775378628904,0.021543660485580172,-0.10606459917310823,-0.021613450069633965,0,0.08445114910347426
0.012363510211595291,0.02071259538515769,-0.1363839767433138,-0.05519060283349564,1,0.08119337390981815
0.037039409344749294,0.019949387702954534,-0.1102121905530416,-0.03201059075745982,1,0.07820159979558178
0.04117898132526111,0.023029570922663643,-0.11210977768315963,-0.02183385966631815,1,0.09027591801684148
-0.027197148656541062,0.022352050566513675,-0.17915796776690787,-0.09153792954617426,1,0.08762003822073361
0.021845743911803356,0.021108313147137448,-0.12767734985658605,-0.04493276231980725,1,0.0827445875367788
0.025656546313370304,0.02451219600755932,-0.13053815786144596,-0.03445034951181343,1,0.09608780834963253
0.022049599300972167,0.02504559084277156,-0.1351905587508601,-0.03701184264719558,1,0.09817871610366453
-0.007395353283950343,0.022719157842133943,-0.16007570265453286,-0.07101660391336782,1,0.08905909874116504
0.04536531062175832,0.022798352531691882,-0.10747026034035778,-0.0181007184161256,0,0.08936954192423219
0.034067140939442214,0.02541402693238059,-0.12389515184802374,-0.02427216627309184,1,0.0996229855749319
0.03256807205212997,0.021802899433060303,-0.11831641083666823,-0.03284904505907184,1,0.0854673657775964
-0.01991000724310006,0.02066450377277499,-0.16856323463773903,-0.08755837984846108,1,0.08100485478927795
-0.007801146134708115,0.02092965594005009,-0.1569740717772063,-0.07492982049220995,1,0.08204425128499634
0.01623738893672813,0.02748638395977035,-0.14578672362442174,-0.03804009850212199,1,0.10774662512229975
-0.002308619198033046,0.024119133618061672,-0.15773292108943393,-0.06318591730663217,1,0.09454700378280176
-0.01662188290695081,0.020858675185593416,-0.16565568627071392,-0.08388967954318771,1,0.08176600672752621
-0.011835990998341872,0.02243962474055782,-0.1639684554898352,-0.07600512650684854,1,0.08796332898298667
0.035783292229058086,0.02019600149825362,-0.11195167070751902,-0.032783344834364826,1,0.0791683258731542
-0.001518245915246158,0.02110976941566778,-0.151044193969955,-0.06829389786053733,1,0.08275029610941767
0.022157065857836528,0.02218171374281507,-0.12946989307808102,-0.042517575206245946,1,0.08695231787183508
0.006724511767940519,0.022019479823843217,-0.1445844686867922,-0.05826810777732678,1,0.08631636090946543
-0.02488443049187665,0.02214079709463241,-0.17643119279735617,-0.08963926818639714,1,0.08679192461095903
-0.010537330585882479,0.023927910776238744,-0.16558683570731042,-0.07178942546445455,1,0.09379741024285587
-0.0011918123642746387,0.022052444678074632,-0.15256540393330092,-0.06611982079524836,1,0.08644558313805256
0.011215902904164007,0.02531072858447604,-0.14654392512140904,-0.047325869070262955,1,0.09921805605114609
-0.015998780281579555,0.023727800725244094,-0.170656069703058,-0.07764309086010113,1,0.09301297884295687
0.0012925699374119054,0.02234471278062375,-0.15065386711261064,-0.06306259301256556,1,0.08759127410004508
-0.01791025844320386,0.021535513367048283,-0.1682706646426185,-0.08385145224378923,1,0.08441921239882927
0.060428727692993865,0.02291902399536906,-0.0926433593379295,-0.0028007852760827817,0,0.08984257406184672
0.004491136951416647,0.0225892847790129,-0.14793466121544863,-0.05938466488171808,1,0.08854999633373055
0.02527949135335203,0.02080969804432581,-0.12365831681352657,-0.04208430047976939,1,0.08157401633375719
-0.02020065311654147,0.020522300529232415,-0.168575162153837,-0.08812774407924595,1,0.08044741807459105
0.008007154201013403,0.02147741741688968,-0.14223938393609037,-0.05804790766188283,1,0.08419147627420753
0.010071251236416279,0.022292512991672973,-0.14177287422726276,-0.0543862232999047,1,0.08738665092735806
0.043100433891792245,0.02368486470078809,-0.11147270092175242,-0.018628031294663103,1,0.09284466962708932
-0.008513609999356478,0.02118858700555957,-0.15819404053025324,-0.07513477946845973,1,0.08305926106179351
0.03246211971212466,0.02059828836574602,-0.11606132548473755,-0.035316035091013144,1,0.08074529039372441
0.02018298179877008,0.020713123488085922,-0.12856554023787833,-0.047370096164581516,1,0.08119544407329682
0.01510460183158864,0.022065936104599594,-0.13629543293342655,-0.04979696340339616,1,0.08649846953003039
0.02582012318987753,0.021279742149960142,-0.12403897142404435,-0.040622382196200596,1,0.08341658922784376
0.029597420871393165,0.022284780379613376,-0.12223154867264906,-0.03487520958456462,1,0.08735633908808443
0.009182102912923026,0.026262429479120185,-0.15044305886615256,-0.047494335308001415,1,0.10294872355815114
0.00391954747418892,0.022337385770105016,-0.1480125286352169,-0.06044997641640525,1,0.08756255221881165
-0.003565385211721339,0.023453434193365246,-0.15768491623071723,-0.06574745419272546,1,0.09193746203799177
0.03044361716566689,0.02116686052656721,-0.11919422946640484,-0.03622013620226139,1,0.08297409326414346
-0.024841324470487966,0.03231271043918302,-0.19632503693128667,-0.06965921200968926,1,0.1266658249215974
0.030874296460041084,0.02558894502418221,-0.12743083578735606,-0.027122171292561788,1,0.10030866449479428
-0.020917331117914842,0.021294996142769175,-0.17080632355774245,-0.08732993867808726,1,0.08347638487965518
0.03832327004515193,0.021838695161049613,-0.11263137247050531,-0.027023687439190834,1,0.08560768503131447
0.0193807773022871,0.022463730032827433,-0.1327989335620547,-0.044741111833371136,1,0.08805782172868355
0.011338051453998133,0.021701152387460124,-0.1393470072254237,-0.05427848986658003,1,0.08506851735884367
-0.002897217202205621,0.024255689853922444,-0.15858916931589362,-0.06350686508851763,1,0.09508230422737599
0.013806218558094843,0.02968159672464611,-0.15252051102221154,-0.03616865186159878,1,0.11635185916061275
-0.023606990668290764,0.020188658741895186,-0.17132756180240533,-0.09218801953417621,1,0.07913954226822911
0.02883757200243728,0.025584412807055423,-0.12945867709939135,-0.029167778895734096,1,0.10029089820365725
0.009126144887424498,0.022116178539708643,-0.14237236505040446,-0.05567694517474657,1,0.08669541987565789
0.011574112055128552,0.022721249815680786,-0.1411103375836058,-0.052043038306137115,1,0.08906729927746869
0.0029482731875960233,0.022210694551509553,-0.1487354881333627,-0.06166956549144526,1,0.08706592264191745
0.01542994648092258,0.021375494613658633,-0.13461682296184835,-0.050824884076306504,1,0.08379193888554184
0.021518948667250362,0.02083304916854395,-0.12746462770309577,-0.045799074962403506,1,0.08166555274069226
0.027166349768596304,0.02333343648802881,-0.12671798574794016,-0.035250914714867236,1,0.09146707103307292
0.0036515038095057822,0.029494384780152722,-0.16230829035959354,-0.04669030202139489,1,0.11561798833819865
0.032745202692276876,0.023294679693791866,-0.12106316950755519,-0.029748025107891075,1,0.09131514439966412
-0.002544869291619109,0.023342866716412475,-0.15644768805578757,-0.06494365052745066,1,0.09150403752833691
0.07805976289628608,0.022826723113977727,-0.07483141440711027,0.014649340199682406,0,0.08948075460679268
-0.01425673569534365,0.024624638971205603,-0.17067182807890663,-0.07414324331178068,1,0.09652858476712595
-0.01326694082827809,0.022580616329508713,-0.16567574883411518,-0.07715973282244101,1,0.08851601601167416
0.011634527473301584,0.023959720863054652,-0.14347732541828553,-0.0495552196351113,1,0.09392210578317423
0.018710250369965195,0.021791424784796152,-0.13215174220823528,-0.046729357051834355,1,0.08542238515640092
0.03231957553892355,0.025478546158807545,-0.12576917493233924,-0.02589327398981367,1,0.09987590094252558
0.04262082728225064,0.022362147244999266,-0.10935978131794793,-0.021700164117550803,1,0.08765961720039714
-0.0009681578290005738,0.021356407426532584,-0.15097751638500445,-0.06726039927299671,1,0.08371711711200774
0.03406959743139423,0.02316803597564979,-0.11949055308087936,-0.028671852056332187,1,0.09081870102454717
0.0013713035879938384,0.021875431983694595,-0.14965534310004758,-0.06390364972396476,1,0.08575169337608282
-0.03209637173446529,0.024749561742874862,-0.18875631275050003,-0.09173803071843056,1,0.09701828203206947
0.061136804417366526,0.02359490205500481,-0.0932600036104429,-0.0007679875548240525,0,0.09249201605561885
-0.008450640006495536,0.020803069378931636,-0.15737545598920155,-0.07582742402378953,1,0.08154803196541202
0.034976766192206646,0.022606238638221324,-0.11748226153870715,-0.028865806076879566,1,0.08861645546182759
0.002662034529634913,0.020423050788526752,-0.14551794501587753,-0.06545958592485265,1,0.08005835909102488
0.06224574625568321,0.020874758041718643,-0.08681957950608533,-0.00499052798254826,0,0.08182905152353707
0.054070289519678,0.023021229121024105,-0.09920211955752925,-0.008958901403114755,0,0.0902432181544145
0.028300496535721198,0.023529474315988466,-0.1259680731236162,-0.033732533804941414,1,0.09223553931867477
0.021822034089863676,0.02167470584174488,-0.12881118935995628,-0.043846342460316365,1,0.08496484689963991
-0.013513210145005589,0.02184025804294411,-0.16447091590917606,-0.07885710438083514,1,0.08561381152834092
-0.0028979618356139575,0.020282301637447358,-0.15080207304501078,-0.07129545062621714,1,0.07950662241879364
0.00580861212965085,0.021462839744059495,-0.14440935376870576,-0.06027502197199255,1,0.0841343317967132
0.008838967748848722,0.028417478496212564,-0.1550100901037279,-0.04361357439857466,1,0.11139651570515324
0.032022284720046396,0.020747632898585534,-0.11679387576118125,-0.035463154798725964,1,0.08133072096245528
0.014688306288667699,0.02305943286280936,-0.13865898212243866,-0.04826600530022596,1,0.0903929768222127
0.04510522711806299,0.02337581445319224,-0.10886216921019382,-0.017228976553680227,1,0.0916331926565136
-0.0072462940584848284,0.022135430909549374,-0.15878253864120162,-0.07201164947576806,1,0.08677088916543356
0.018828015666190953,0.026341641783761048,-0.1409524022299807,-0.0376931664376374,1,0.1032592357923433
-0.026723707823705187,0.022292902828746207,-0.17856859736804775,-0.09118041827936263,1,0.08738817908868513
0.019145079167422044,0.02138400889287597,-0.13091837826261488,-0.04709306340254106,1,0.08382531486007382
0.030925880137120484,0.0209226457276704,-0.11823330548911351,-0.03621653423664554,1,0.08201677125246798
-0.029991195640794208,0.02060631207369152,-0.1785303673052296,-0.09775362397635884,1,0.08077674332887075
-0.002549691988096653,0.021044926822948704,-0.15194854856107612,-0.0694524354151172,1,0.08249611314595892
0.02071794210173962,0.022791598642250825,-0.13210439123707202,-0.04276132455944877,1,0.08934306667762325
-0.01634093061493852,0.021689244430572817,-0.16700264969886125,-0.0819808115310158,1,0.08502183816784545
0.0008820647478170185,0.025318790057569637,-0.15689356376501948,-0.057643906739346495,1,0.09924965702567298
0.0295149123825538,0.02536010559349716,-0.12834169458070063,-0.028930080654191774,1,0.09941161392650885
0.002706412244014078,0.020690366703382434,-0.1459975064946155,-0.06489126901735637,1,0.08110623747725912
0.02946097120523178,0.021813201470910665,-0.12144370367775313,-0.03593595391178332,1,0.08550774976596981
-0.022553425304684807,0.021727548523225282,-0.17329022041020636,-0.08811823019916326,1,0.0851719902110431
-0.029286352354623554,0.02478903637102464,-0.18602366364183184,-0.08885064106741528,1,0.09717302257441657
0.006963759764135616,0.025980801404733782,-0.1521094109891426,-0.05026466948258618,1,0.10184474150655642
0.02291115225566051,0.02294192785079202,-0.13020582633189187,-0.04027346915678713,1,0.08993235717510474
-0.04265999735973759,0.025165538793815546,-0.20013525339561605,-0.10148634132385913,1,0.09864891207175693
0.002230352705151567,0.02217664398396692,-0.1493866695034236,-0.062454225086273275,1,0.08693244441715034
-0.02309891847656738,0.020303410649062967,-0.1710444033487308,-0.09145503360440396,1,0.07958936974432684
0.014310756582474285,0.0199139365856771,-0.13287135912545284,-0.054808727709598604,1,0.07806263141585423
-0.013077980296761396,0.027426294305226435,-0.17498431713500523,-0.06747324345851759,1,0.10751107367648764
0.01694200895567416,0.02483636376639542,-0.13988806402646087,-0.042529518062190824,1,0.09735854596427004
0.011623821067137607,0.021720514971904595,-0.1390991882777954,-0.05395476958792939,1,0.08514441868986602
-0.014876095847817308,0.023321181711063895,-0.16873641200150255,-0.07731737969413208,1,0.09141903230737047
-0.013226957971846934,0.030037205990302338,-0.18025068171283953,-0.06250483423085436,1,0.11774584748198517
0.03540512041658565,0.022297695513323793,-0.11644916278952899,-0.02904219637729972,1,0.08740696641222928
0.04418220757894588,0.023564171010386985,-0.11015436760141262,-0.017782817240695636,1,0.09237155036071698
0.028225258637612133,0.020970313880141454,-0.12102735656746512,-0.038823726157310626,1,0.0822036304101545
-0.01758933668257541,0.021396690674994917,-0.16767765040556545,-0.08380262295958538,1,0.08387502744598008
-0.0007837114603213152,0.022964173840196174,-0.1539442921871058,-0.06392473073353683,1,0.09001956145356899
0.021211005029865365,0.02202910171135936,-0.13011683432439897,-0.0437627556158703,1,0.08635407870852867
0.024422425116032584,0.02227824751366551,-0.12739374001075182,-0.04006300975718302,1,0.0873307302535688
0.013551393933253636,0.02120283867296544,-0.13615696986575862,-0.05304184226773411,1,0.0831151275980245
0.009254671572019174,0.023248661390975884,-0.14446350475429356,-0.0533287521016681,1,0.09113475265262547
-0.006236303032420676,0.02253320455533844,-0.15855218396088402,-0.07022202210395734,1,0.08833016185692669
0.018908012360956322,0.02535018156511116,-0.13892914350666155,-0.039556431771425815,1,0.09937271173523574
0.02414449797510028,0.02751338652127071,-0.13793253960659033,-0.030080064443209133,1,0.1078524751633812
0.01772791779133727,0.020603756197935114,-0.13080624435661556,-0.05003952006070991,1,0.08076672429590565
0.013210293835985418,0.023260914377597405,-0.1405318983441055,-0.04934911398392367,1,0.09118278436018185
0.033576560725047666,0.01960125026478469,-0.11299268979393033,-0.03615578875597435,1,0.07683690103795598
-0.009700046479501775,0.021970338412968637,-0.1609127097689203,-0.07478898319008326,1,0.08612372657883705
0.032956716573974545,0.02169639594301861,-0.11771901947434193,-0.032669147377708985,1,0.08504987209663295
0.015411304010323354,0.022350653328429174,-0.13654677651339783,-0.04893221546595547,1,0.08761456104744236
0.028544816665157277,0.022556708518800497,-0.1238171320316917,-0.035394834637993755,1,0.08842229739369795
-0.021006530126086345,0.02155401655344849,-0.1714032025708454,-0.08691145768132731,1,0.08449174488951809
0.02361194016750176,0.021562800360235043,-0.12680194853855892,-0.04227577112643756,1,0.08452617741212136
-0.002857200659030182,0.024173946273478745,-0.15838893535504853,-0.06362706596301185,1,0.09476186939203668
0.03665404564838119,0.023014757010643115,-0.11660567809247932,-0.026387830610758306,1,0.09021784748172101
-0.000454914578887744,0.021040345145313628,-0.14984479106370246,-0.06736663809407303,1,0.08247815296962943
0.007987761401408097,0.02140034990815373,-0.14210772441857322,-0.0582183527786106,1,0.08388937163996263
-0.025049782045611743,0.025223460365602107,-0.1826385643621919,-0.08376259972903162,1,0.09887596463316027
-0.003391356428336448,0.022411271856164195,-0.15546824926641828,-0.06761606359025463,1,0.08785218567616365
0.016439854731335232,0.022491816070154342,-0.1357949047661673,-0.04762698577116226,1,0.08816791899500503
0.012069290936267726,0.02263767290470023,-0.14045134795694472,-0.05171167017051983,1,0.08873967778642489
0.005907425082161924,0.022272820630236126,-0.14589810335310088,-0.05858864648257527,1,0.0873094568705256
0.014509166486083955,0.024128237255016963,-0.1409329785337493,-0.046350288494082806,1,0.0945826900396665
0.031152577760512945,0.021299252930293146,-0.11874475798286163,-0.035251686496112496,1,0.08349307148674914
-0.009525621001273202,0.02032821438329755,-0.1575197211925364,-0.07783312081001001,1,0.0796866003825264
-0.017001418288664652,0.02083685674667965,-0.16599245751215677,-0.08431197906517254,1,0.08168047844698423
-0.008585447557145368,0.022820605254750163,-0.1614646338564557,-0.07200786125783505,1,0.08945677259862066
0.00043291646898692415,0.02079439156830146,-0.14847489100488395,-0.06696087605714221,1,0.08151401494774174
-0.01057051482504584,0.023271735057708347,-0.1643339155381542,-0.07310871411193748,1,0.09122520142621673
0.04797273310601866,0.02082511745252646,-0.1009952971009332,-0.01936083668702948,0,0.08163446041390372
0.008975603549707542,0.021338034324215823,-0.14099774372575546,-0.05735264917482945,1,0.08364509455092602
0.010649288736886267,0.02066733847302106,-0.13800949467023502,-0.05699352785599246,1,0.08101596681424256
0.010011384463836676,0.022526784021045743,-0.142291912217413,-0.053986918854913676,1,0.08830499336249932
0.05456319894381862,0.02145147117174872,-0.09563248455280887,-0.011542717559553897,0,0.08408976699325497
-0.011939638554577595,0.023547582079694804,-0.1662436994307794,-0.07393717767837579,1,0.09230652175240361
0.001307499984572802,0.024426220107615797,-0.15471869142635417,-0.05896790860450024,1,0.09575078282185392
-0.0021597980016886537,0.023524111007002763,-0.15641785557541407,-0.06420334042796325,1,0.09221451514745083
0.031082139494247554,0.02520594781690762,-0.1264723182268914,-0.027665002784613514,1,0.09880731544227789
0.03398662878978026,0.02257109564319496,-0.11840351867088186,-0.029924823749557627,1,0.08847869492132424
0.00938272736202378,0.022200265677843115,-0.14228059336654875,-0.05525555190940372,1,0.08702504145714503
0.008843323782523865,0.02473238394029671,-0.1477829487404577,-0.050832003694494594,1,0.0969509450459631
-0.025182345857913666,0.021529642060520684,-0.17553124429653422,-0.09113504741929312,1,0.08439619687724109
-0.006650271770160129,0.021726004629938716,-0.15738404084484003,-0.07221810269548025,1,0.08516593814935979
0.01826474684392647,0.025320965242576713,-0.1395151450315239,-0.04025696128062318,1,0.09925818375090073
-0.003963552140106186,0.023943578161292233,-0.15904376533623896,-0.06518493894397343,1,0.09385882639226553
-0.012633701681970422,0.02104622345636368,-0.16203509965644325,-0.07953390370749762,1,0.08250119594894563
0.025967546026403054,0.02412531469430694,-0.12946887077443855,-0.03489763717275535,1,0.09457123360168321
0.005211326916447712,0.022246622290003074,-0.14654285277195833,-0.05933609339514627,1,0.08720675937681206
0.030459747797047562,0.023573005310528534,-0.12389414261158838,-0.03148796179431652,1,0.09240618081727187
-0.017448566339708718,0.02053338910813173,-0.1658448089916469,-0.08535392368777053,1,0.08049088530387638
-0.0016704771629203058,0.02164869635433611,-0.15225272201741907,-0.06738983230842154,1,0.08486288970899754
0.009693726421429391,0.02312948098689021,-0.14379085631287541,-0.05312329084426581,1,0.0906675654686096
0.023778249270489202,0.020923508101769014,-0.12538262660897806,-0.04336247485004354,1,0.08202015175893451
-0.016239043003976703,0.02154858906171793,-0.16662507756494385,-0.08215460844300956,1,0.08447046912193429
0.008505803850454283,0.02643903306921606,-0.1514655009652092,-0.047824491333882245,1,0.10364100963132694
-0.0018323465573675257,0.02318707641621609,-0.15542981633315106,-0.064536476781584,1,0.09089333955156706
0.03396688186817387,0.021814493198113127,-0.11694032480012787,-0.031427511463524405,1,0.08551281333660346
0.007540060964349171,0.02239277164586899,-0.14450057146155404,-0.056720906609747615,1,0.08777966485180642
-0.0045181789635117126,0.021485495824859115,-0.1547805507802356,-0.07055740714678785,1,0.08422314363344774
0.005806493561170412,0.02187938547518865,-0.14522790197019936,-0.05946071090745984,1,0.08576719106273951
-0.02353797932619893,0.02426988182326275,-0.1792577476997939,-0.08411981095260394,1,0.09513793674718997
-0.020978037841006422,0.021056118244712742,-0.1703988296006434,-0.08785884608136946,1,0.08253998351927394
0.02246044422717554,0.022338523498916033,-0.1294738618306999,-0.04190684971494905,1,0.08756701211575085
0.008063869484546765,0.020516549467920434,-0.1402993674725773,-0.05987449355832919,1,0.0804248739142481
-0.011834947993183284,0.02179175384436034,-0.16269758552812955,-0.07727391045823703,1,0.08542367506989251
0.018397595086656254,0.023165114143797662,-0.13515682863518716,-0.044349581191500335,1,0.09080724744368682
0.023537885803988398,0.02161671374261661,-0.12698167313154016,-0.04224415526048305,1,0.0847375178710571
-0.01986932340386431,0.021155131305810395,-0.1694841807632527,-0.08655606604447594,1,0.08292811471877676
0.036738114234874525,0.021441227968456465,-0.11343749258330016,-0.02938787894695081,1,0.08404961363634936
0.026950354595762116,0.02119186926846993,-0.12273650917043895,-0.03966438163803683,1,0.08307212753240212
0.017234942227562153,0.02308319881165977,-0.136158927443291,-0.045672788101584705,1,0.0904861393417063
0.013747397319453472,0.02811845662093112,-0.14951557765757154,-0.03929122770352154,1,0.11022434995405
-0.00041649729859792595,0.022253065118802942,-0.1521833049314517,-0.06495128966574416,1,0.08723201526570755
0.015014348989953769,0.02107346959247395,-0.13444045141129518,-0.0518324506087973,1,0.08260800080249789
-0.005348253503322922,0.029181878761576657,-0.17069553587601316,-0.05630257113063268,1,0.11439296474538048
0.018719574806968092,0.022879874867920754,-0.1342757799341566,-0.044586670451907236,1,0.08968910948224937
0.03334409166804665,0.024061816152394108,-0.1219678679906458,-0.027645548673260904,1,0.09432231931738488
0.02904197812446918,0.022640903062404676,-0.12348499187784398,-0.03473265187321766,1,0.08875234000462631
0.005791188196068858,0.02116764990231248,-0.1438482056124636,-0.060871017995398694,1,0.0829771876170649
0.020623056888059793,0.023783006168815693,-0.13414243520281896,-0.04091305102106146,1,0.0932293841817575
0.03482216040356953,0.021024563734175657,-0.11453678451541477,-0.03212049467744619,1,0.08241628983796859
-0.026164614771397324,0.022158440082659346,-0.17774595733340964,-0.09088487220938501,1,0.08686108512402463
-0.0019278931695169976,0.02311633245344387,-0.155386704778267,-0.06477068156076701,1,0.09061602321749998
0.01607596519274264,0.01979253116525319,-0.13086819589115362,-0.05328147372336111,1,0.0775867221677925
0.03221193773519264,0.024464284495032143,-0.12388885987507037,-0.027988864654544365,1,0.095899995220526
0.028376464787161992,0.02211660082995559,-0.12312287283955098,-0.036425797586125054,1,0.08669707525342593
-0.00407393203963316,0.028630137975899233,-0.16833980247239566,-0.05610966160687067,1,0.11223014086552499
0.010569468870599827,0.021238879333435674,-0.1392095346229341,-0.05595312763586626,1,0.08325640698706782
0.04853145517068851,0.024307320171157915,-0.107261692364781,-0.011976997293841982,0,0.09528469507093902
0.031195203482551573,0.023037282809356362,-0.1221086708237869,-0.03180252221110996,1,0.09030614861267694
0.007851848487260435,0.02254658658696073,-0.1444902612231826,-0.05610764180229654,1,0.08838261942088604
0.02825910753115532,0.02189436613967085,-0.12280465010259956,-0.03697873483508982,1,0.08582591526750974
0.05477626537453433,0.021712246418962987,-0.09593053760663313,-0.010818531644298218,0,0.08511200596233491
0.030367217213432107,0.021331093162875785,-0.11959252538580444,-0.03597464018733136,1,0.08361788519847307
0.04671993383468727,0.021030837533118275,-0.10265130773022456,-0.020210424600400914,0,0.08244088312982364
0.0012609556260035487,0.030676671756666156,-0.16701612101706212,-0.046763567730930794,1,0.12025255328613133
0.007186770996243305,0.02137769512031957,-0.14286431143958306,-0.05906374656793035,1,0.08380056487165272
0.04376043849232564,0.030042859056000997,-0.12327436525743632,-0.005506357757912417,1,0.1177680074995239
0.020213619872283484,0.022217733784634215,-0.13148393834559957,-0.04439042190983346,1,0.08709351643576611
0.02645991181555135,0.020449910136202485,-0.12177271205140552,-0.041609064317491784,1,0.08016364773391374
0.00227141298671725,0.02254149359220434,-0.15006071445400326,-0.06169805957256225,1,0.08836265488144102
0.020324731063746382,0.022576811433201532,-0.13207661934532863,-0.04357551852717862,1,0.08850110081815002
0.00881964306661788,0.023592499241371637,-0.14557245544647052,-0.05308985842029372,1,0.0924825970261768
0.04508389840516265,0.022773869845596467,-0.10770368649220644,-0.01843011669746828,0,0.08927356979473816
0.0318087837854667,0.022425517943990916,-0.1202960313847555,-0.03238800104431111,1,0.08790803034044439
-0.0069076246333478475,0.02126835306235564,-0.1567443966355649,-0.0733724526311308,1,0.08337194400443408
0.01742460202179305,0.02500549749066115,-0.1397369730599028,-0.0417154228965111,1,0.09802155016339169
0.028672065927153295,0.024222090017350196,-0.12695403050685308,-0.03200343763884033,1,0.09495059286801275
0.010726283752292023,0.022152442646969143,-0.14084330383576749,-0.054005728659648464,1,0.08683757517611902
0.006112493256371393,0.021305993585992812,-0.14379805417217453,-0.0602785593150827,1,0.08351949485709184
0.007906242542664296,0.02895224490228224,-0.1569909574658089,-0.04349815744886252,1,0.1134928000169464
-0.01035258812709286,0.024087184138115048,-0.16571426903779835,-0.07129250721638737,1,0.09442176182141097
0.004797092199178704,0.024651180148796165,-0.1516700208924618,-0.05503739470918082,1,0.09663262618328097
0.0077548347506671556,0.021163259959528672,-0.14187595477000906,-0.05891597572865665,1,0.08295997904135241
0.07821875829506561,0.02205211454377652,-0.07315418621073638,0.013290102800867586,0,0.08644428901160398
0.010604828504407582,0.02236334224532396,-0.14137812229642738,-0.05371382069475746,1,0.08766430160166991
0.005329446559690101,0.02078281551353638,-0.1435556718468412,-0.062087035033778604,1,0.0814686368130626
0.011237622323096039,0.022447782645561236,-0.14091083166220397,-0.05291552369160395,1,0.08799530797060003
0.03701994134290594,0.02466584056614929,-0.11947590616674666,-0.022785811147441458,1,0.0966900950193052
-8.348786246718809e-05,0.02403757379593968,-0.15534793250250895,-0.06112064322242543,1,0.09422728928008352
-0.004562427501077215,0.02315073464740219,-0.1580886674099855,-0.06733778759216894,1,0.09075087981781657
-0.020578330450496604,0.02020297847664397,-0.1683269682647188,-0.08913129263627442,1,0.07919567562844437
0.013433374976294654,0.020823659701859454,-0.1355317980393499,-0.05390305200806082,1,0.08162874603128907
0.022133668285664,0.02244636957128737,-0.13001201607405924,-0.04202224735461276,1,0.08798976871944647
0.02220770250320485,0.021634025966678832,-0.12834578839148567,-0.04354040660210465,1,0.08480538178938102
-0.0014679244142044856,0.02232205138235256,-0.15336994512361551,-0.06586750370479347,1,0.08750244141882205
0.027978276021559126,0.02134561539356514,-0.12200993014982855,-0.038335117807053204,1,0.08367481234277535
-0.019292041143152402,0.02983553552389889,-0.18592049076999423,-0.06896519151631059,1,0.11695529925368364
0.015998157015345127,0.02421449533542717,-0.13961305384209213,-0.044692232127217624,1,0.09492082171487451
-0.0031147852130464226,0.02688318740977922,-0.1639566325362137,-0.05857453788987916,1,0.10538209464633455
0.001033619720982995,0.020872158358810223,-0.14802661066228506,-0.06620774989574897,1,0.08181886076653609
0.011020894155179553,0.02155614208825279,-0.13937994433779594,-0.05487986735184498,1,0.08450007698595095
-0.02104001075492494,0.0212288716308105,-0.17079939915131354,-0.08758222235853635,1,0.08321717679277718
0.04337879795376397,0.02313776063537203,-0.11012201289156522,-0.01942199120090686,1,0.09070002169065836
-0.02212497349796995,0.023290835210572867,-0.17592581051069278,-0.08462573648524713,1,0.09130007402544565
-0.003459017837889128,0.02282881334499074,-0.15635429199407097,-0.06686534368170728,1,0.08948894831236369
-0.008912000372391884,0.02212232899663009,-0.16042256520578688,-0.0737030355389969,1,0.08671952966678997
0.017970636968630493,0.020092370883041107,-0.12956120996213008,-0.05079911610060894,1,0.07876209386152114
0.01367625618619396,0.02912360302736365,-0.1515568057474388,-0.03739228188017329,1,0.1141645238672655
-0.020401692169778177,0.02748804768339483,-0.18242906562923206,-0.07467591871032432,1,0.10775314691890774
0.027520398708706623,0.024015708372960572,-0.1277011897022961,-0.03355961288029066,1,0.09414157682200544
-0.02484091603833312,0.0200115478765231,-0.1722143498763184,-0.09376908220034785,1,0.07844526767597054
-0.007509946390164751,0.022218355234900213,-0.15920872265056918,-0.07211277012976033,1,0.08709595252080884
0.0431108069851255,0.022003404272150914,-0.1081666653882903,-0.02191332064145872,1,0.08625334474683158
0.000924941811451141,0.020439345587497184,-0.14728697554004333,-0.06716474083705438,1,0.08012223470298895
-0.025150678006117824,0.02205385554216412,-0.1765270348687595,-0.09007592114347615,1,0.08645111372528336
-0.0004547961751391605,0.021568294683995074,-0.1508794537557695,-0.06633173859450882,1,0.08454771516126068
0.027687091418218013,0.02338482859136623,-0.1262979726208598,-0.03462944454270418,1,0.0916685280781556
0.03932957587716,0.02278376682712082,-0.11347740710399681,-0.024165041141683198,1,0.08931236596231362
0.009099519362197744,0.02313465366818868,-0.14439520182745208,-0.05370735944815245,1,0.09068784237929964
-0.006112032178976393,0.021936190559907004,-0.15725776567639413,-0.07126789868155867,1,0.08598986699483546
0.009195628710011922,0.02568480091304408,-0.14929738107955448,-0.04861296150042169,1,0.1006844195791328
0.015222735574686425,0.023586154062897047,-0.13915692638859178,-0.04669920246203537,1,0.0924577239265564
-0.011075937546871945,0.021650718333265425,-0.16166214548007218,-0.07679132961367172,1,0.08487081586640047
-0.044349236201653694,0.0209563662510389,-0.19357451405368994,-0.11142555834961745,0,0.08214895570407249
0.06245899210647738,0.021863265068633803,-0.08854380742804488,-0.0028398083590003703,0,0.08570399906904451
0.025470997221187786,0.02286182758174562,-0.12748898483903365,-0.0378706207185908,1,0.08961836412044286
0.00340840600744019,0.02145054985065115,-0.14678547169983608,-0.06269931628528357,1,0.08408615541455251
0.00380679679722766,0.022805407038144276,-0.14904260099753514,-0.05964540540800956,1,0.08939719558952558
0.05395318949519371,0.024833639104897786,-0.10287154315040595,-0.005523677859206634,0,0.09734786529119932
0.010010190935058935,0.021205767859514037,-0.1397039140695886,-0.05657730406029356,1,0.08312661000929504
-0.025991290483690546,0.020562325642362222,-0.17444424874272052,-0.0938399322246606,1,0.08060431651805992
0.032282331871833575,0.026049455451629455,-0.12692540081336018,-0.024811535442972696,1,0.10211386537038748
-0.013285174254257903,0.021628244512151732,-0.1638273334980753,-0.07904461501044052,1,0.08478271848763477
-0.009582007293426578,0.024911691124479843,-0.1665597218974071,-0.0689058926894461,1,0.097653829207961
-0.016076477113271467,0.02212529822723693,-0.16759286163865586,-0.08086169258788709,1,0.08673116905076877
0.01719856977269474,0.022544217715279747,-0.13513889694925357,-0.04676556350535696,1,0.08837333344389661
0.02268498379334552,0.022500840993594208,-0.12956746455409912,-0.041364167859209836,1,0.08820329669488929
-0.015187803081787493,0.030668061270839417,-0.18344800317263277,-0.06322920299094224,1,0.12021880018169052
0.011649332981449642,0.02309604336549258,-0.1417697120149158,-0.05123322202218491,1,0.0905364899927309
0.003940791823069445,0.02208175280845048,-0.1474902436814935,-0.06092977267236762,1,0.08656047100912587
-0.01612696835160142,0.026348257063583413,-0.17592035219622493,-0.07263518450697794,1,0.10328516768924699
-0.006564886801630254,0.025349068489742093,-0.16439986104152476,-0.06503151256173575,1,0.09936834847978901
0.007839941577981943,0.031437838905322736,-0.16192902267645062,-0.0386926941675855,1,0.12323632850886512
0.0126026169282933,0.02215245724038651,-0.13896699926286427,-0.052129366880549144,1,0.08683763238231512
0.030996218460750125,0.02046531671911265,-0.11726660230871067,-0.03704256076978909,1,0.08022404153892157
0.05424105678051351,0.021625327487584042,-0.09629538509515122,-0.011524101343821772,0,0.08477128375132945
-0.010156067833960933,0.022180968131136434,-0.16178156537098834,-0.07483217029693354,1,0.0869493950740548
0.02669233360721844,0.021932119184365613,-0.12444541999413816,-0.03847151279142497,1,0.0859739072027132
-0.002421167047304218,0.022349470674941422,-0.15437692957018942,-0.06676700452441903,1,0.08760992504577039
0.024659542737616336,0.025520419396848286,-0.1335112792802063,-0.03347123524456103,1,0.10004004403564529
0.04398239399916214,0.022820648117075147,-0.10889687631030515,-0.019439935691370584,1,0.08945694061893456
0.011577210764244117,0.0219223881775049,-0.1395414700636655,-0.053605708407846286,1,0.0859357616558192
-0.008039667515414989,0.020710068664557896,-0.15678220209794846,-0.07559873293288152,1,0.08118346916506694
0.005015461032080823,0.021836889318322412,-0.14593564203183113,-0.06033503590400725,1,0.08560060612782387
-0.01556827096593047,0.02212782315095814,-0.16708960434180842,-0.08034853759005253,1,0.08674106675175589
0.014663826720554843,0.021758500751013092,-0.1361336347514308,-0.0508403118074595,1,0.08529332294397131
-0.014575408573276341,0.02196099934973409,-0.16576976729875517,-0.07968264984779752,1,0.08608711745095765
0.014505528992132546,0.02095867837618039,-0.13472428062518102,-0.0525662613905539,1,0.08215801923462712
0.03977864441539898,0.02294830755334506,-0.11335083838915734,-0.023393472780044708,1,0.08995736560911263
0.0074051333464406205,0.021620995387009814,-0.1431228176120986,-0.05836851569502015,1,0.08475430191707846
0.010775564526394582,0.02178191606399408,-0.14006779095903382,-0.05468267998817703,1,0.0853851109708568
0.045055600160021955,0.02336244711963579,-0.1088855961944642,-0.017304803485491904,1,0.09158079270897229
-0.02096143046132838,0.02161009867058134,-0.1714680238556678,-0.08675643706698896,1,0.08471158678867885
-0.0014836447768710598,0.02475390231516116,-0.15815209331458693,-0.0611167962391552,1,0.09703529707543174
0.006162080190764474,0.02004058832844573,-0.14126827293298916,-0.0627091666854819,1,0.07855910624750725
-0.019766563857429656,0.022098570796151438,-0.1712305626178865,-0.08460416509697284,1,0.08662639752091365
0.004754291691429546,0.025770294557590948,-0.1539062856414487,-0.0528867309756922,1,0.1010195546657565
0.0148885397055223,0.02156999421265265,-0.1355394489512769,-0.05098507163767851,1,0.08455437731359838
0.04074031294790134,0.023951795877971388,-0.11435600697292259,-0.02046496713127474,1,0.09389103984164784
0.0074963903454162845,0.021936524681682577,-0.14364999803068157,-0.05765882127848587,1,0.0859911767521957
0.01350334902451801,0.02237198882217337,-0.1384965490669418,-0.050798352884022194,1,0.08769819618291962
0.009487263291053316,0.020824296401336723,-0.13947915765556668,-0.057847915762326715,1,0.08163124189323996
0.049153108711033455,0.02238135158705891,-0.10286514039960201,-0.015130242178331088,0,0.08773489822127092
0.006700633142738638,0.022073522774978083,-0.1447142714962184,-0.05818606221830432,1,0.08652820927791408
0.0004264270727358105,0.02299835369575449,-0.15280114617094298,-0.0626475996835854,1,0.09015354648735759
0.004371521240874129,0.022692888550799685,-0.14825734031869325,-0.05930121719955849,1,0.08895612311913476
-0.021706845654957688,0.02257876350608918,-0.17411202212689247,-0.08560326918302291,1,0.08850875294386956
0.018184048196868433,0.02231929086469525,-0.13371256189793426,-0.04622094170832888,1,0.08749162018960538
-0.011714027639520647,0.021444328008851078,-0.16189571053686877,-0.07783394474217253,1,0.08406176579469624
-0.009538690523559962,0.019947760778174485,-0.15678710164878196,-0.07859187939833798,1,0.07819522225044398
0.00699287981318078,0.022304818338862387,-0.1448753641309895,-0.05744047624264895,1,0.08743488788834056
-0.012277852403270298,0.022052318868948387,-0.16365119738640915,-0.07720610742013147,1,0.08644508996627769
-0.0045782921161086065,0.02101419922729846,-0.1539169226016136,-0.07154126163060363,1,0.08237566097100997
0.03152759625167953,0.022690852274274996,-0.12109727420589947,-0.03214913329074148,1,0.08894814091515799
0.017745069959065274,0.02121710350250668,-0.13199125290584782,-0.04882020717602164,1,0.08317104572982617
-0.02091284513400217,0.02251709532532349,-0.1731971519716362,-0.08493013829636814,1,0.08826701367526807
0.03809628950915282,0.020416069822244445,-0.11007000734244629,-0.030039013639248074,1,0.08003099370319822
0.02176424817792158,0.025318716218170965,-0.13601123560969353,-0.03676186803446333,1,0.0992493675752302
0.03657032748337985,0.023294300021160157,-0.11723730055809406,-0.025923644475146244,1,0.09131365608294781
0.007438624501452926,0.023518942426198834,-0.1468093026538968,-0.054615048343197366,1,0.09219425431069944
0.0026889229315487095,0.02614947713757496,-0.15671485225809823,-0.05420890187880437,1,0.10250595037929386
-0.012684864739120574,0.022605471558446857,-0.16514238899367642,-0.07652894048456474,1,0.08861344850911168
-0.012966205831565575,0.0212847952217152,-0.16283520446612737,-0.07939880719700379,1,0.08343639726912358
0.021360821181226952,0.023122299206630566,-0.13210968526376896,-0.041470272373777144,1,0.0906394128899918
0.02777921153459506,0.0217880684749311,-0.1230762026762699,-0.03766697425453999,1,0.0854092284217299
-0.02067977460101965,0.020553397184998726,-0.16911523308361714,-0.08854591611842215,1,0.080569316965195
0.059701818132567024,0.026641081606846456,-0.10066550181685203,0.0037675380819860715,0,0.1044330398988381
0.001169846596760421,0.02182487955056559,-0.14975771732234813,-0.06420418948413104,1,0.0855535278382171
0.037764190508277604,0.0212307756373933,-0.11199892974101328,-0.028774289242431528,1,0.08322464049858175
0.007270006779584268,0.020828785522764744,-0.14170521284503462,-0.06005637359579684,1,0.08164883924923778
0.032533462226029125,0.02214688534456911,-0.11902523304932633,-0.032209442498615425,1,0.0868157905507109
0.006700926633934456,0.02265730099642634,-0.14585818331906117,-0.05704156341306992,1,0.08881661990599124
0.024800386873124414,0.02163466037301552,-0.12575434745798603,-0.04094647879576517,1,0.08480786866222086
0.010720699676313242,0.023702270637203413,-0.14388655077260545,-0.05097364987476807,1,0.09291290089783738
-0.016456322619619893,0.0206647736319279,-0.16511007893819857,-0.08410416630104121,1,0.08100591263715735
0.021586689121089422,0.021940563829449887,-0.12956761598463234,-0.04356060577318881,1,0.08600701021144354
0.02151179342305773,0.021882211067607415,-0.1295281402694528,-0.043749872884431745,1,0.08577826738502106
0.005668994189730964,0.0211618101607202,-0.14395895372528064,-0.06100465789525745,1,0.0829542958300232
-0.003938235204104024,0.02213180512941018,-0.15546737325774798,-0.06871069715046008,1,0.0867566761072879
-0.00047907473882939644,0.02455825411966659,-0.1567640528133759,-0.06049569666428289,1,0.09626835614909302
0.021279184754754224,0.02318025588057241,-0.1323049167711677,-0.041438313719323855,1,0.09086660305184385
0.016736581162750994,0.025285978459430543,-0.14097473661773288,-0.04185370105676515,1,0.09912103556096774
0.01432563300111045,0.02093882761864531,-0.13486526913143437,-0.05278506486634475,1,0.08208020426508962
0.01267935102557298,0.021811799106710366,-0.13822257522357934,-0.05272032272527471,1,0.08550225249830462
0.011028171203973439,0.021764063467674094,-0.1397801931926678,-0.054465064399385345,1,0.08531512879328246
0.01693545550226376,0.02043790781504537,-0.13127364381522516,-0.05115704518024732,1,0.08011659863497783
0.028708992225627103,0.022369904389811412,-0.12328682037840327,-0.03559679517034254,1,0.08769002520806074
-0.005361020701611194,0.02197680466098308,-0.15658635783713803,-0.07043728356608436,1,0.08614907427105367
0.012846553039378886,0.021576320008338656,-0.13759383417696489,-0.053014659744277354,1,0.08457917443268753
0.034024101859067526,0.02176436604448425,-0.1167848555881216,-0.03146854069374335,1,0.08531631489437824
0.025764162361355175,0.023776681973356112,-0.1289889343064228,-0.03578434097086685,1,0.09320459333555595
0.045144399929161166,0.021585723216385348,-0.10531441757495412,-0.020698382566723558,0,0.08461603500823056
-0.006022343678529246,0.023273816540846714,-0.1597898240985888,-0.0685564632584697,1,0.0912333608401191
-0.0029373022876978266,0.021644809298907088,-0.15351192851355572,-0.06866427606183995,1,0.08484765245171577
-0.0225208326312918,0.024733441509301925,-0.17914917798952357,-0.08219408727306003,1,0.09695509071646354
0.0392165802927668,0.02257315198289734,-0.11317759759371199,-0.02469084182075442,1,0.08848675577295756
0.00406237402958845,0.020565841953454313,-0.144397476199182,-0.06377937574164111,1,0.08061810045754089
0.03283783373183444,0.021671725323435646,-0.11778954790209943,-0.032836384634231705,1,0.08495316326786773
-0.01696140789012275,0.022160796485398027,-0.16854736900150288,-0.08167704677874263,1,0.08687032222276025
0.026211395558022335,0.023232339615638278,-0.1274747900886287,-0.03640401879532665,1,0.09107077129330204
0.010480244377375547,0.02269090174652142,-0.14214472304580644,-0.053196388199442474,1,0.08894833484636397
0.04603107333813971,0.025064226422749934,-0.11124561045045017,-0.012993842873270427,1,0.09825176757717974
0.03204072126037005,0.022003753980448605,-0.11923743654130922,-0.03298272093795069,1,0.08625471560335854
0.024059101417651954,0.021053863914876444,-0.12535727185550588,-0.04282612530919022,1,0.08253114654631566
0.018552285474594588,0.02480606591070395,-0.13821840371038516,-0.04097862534042568,1,0.09723977836995948
-0.033420665897686316,0.021003571097243098,-0.1827384652482828,-0.10040446654708984,1,0.08233399870119296
-0.01220379816807092,0.0218256042087428,-0.1631327824172068,-0.07757641391893505,1,0.08555636849827175
0.00989861281890099,0.021886806042630942,-0.14115032702465566,-0.05535404733754237,1,0.08579627968711329
0.004921099474428883,0.020198723039372098,-0.14281919768274043,-0.06364020336840182,1,0.07917899431433861
0.004617741794906663,0.022707540588045316,-0.14803983775766216,-0.05902627865252452,1,0.08901355910513764
0.05272776478708273,0.025545068854583883,-0.1054913701679017,-0.0053547002579328665,0,0.10013666990996883
0.04060430774212859,0.02200993542968277,-0.11068596570004965,-0.02440701881569319,1,0.08627894688435647
0.004969480276038524,0.021421446420731762,-0.14516735470859574,-0.06119528473932723,1,0.08397206996926851
-0.025015346097036636,0.02196895367420238,-0.1762252952984733,-0.09010699689559998,1,0.08611829840287333
0.015776036953794217,0.02235900512350563,-0.13619841308827682,-0.048551113004134755,1,0.08764730008414207
0.035783094921006786,0.02329473787635333,-0.11802539131664574,-0.026710018841340694,1,0.09131537247530505
0.004085432276463963,0.02172710340945823,-0.14665049040607417,-0.061480245040997916,1,0.08517024536507625
-0.009560727586056694,0.022134511583552615,-0.16109517028981982,-0.07432788488229358,1,0.08676728540752623
-0.010446938130536487,0.021287001796142666,-0.16032026165097613,-0.07687521461009686,1,0.08344504704087927
0.005085231691214276,0.021244135917396326,-0.1447040747068825,-0.06142706191068893,1,0.08327701279619358
0.005615629025575122,0.023350241540078528,-0.1483016443929788,-0.05676869755587097,1,0.09153294683710783
0.013380781533091093,0.02267273815831244,-0.1392085852572013,-0.050331451676616526,1,0.08887713358058479
0.028008054720402395,0.01950869826457383,-0.11837979387816232,-0.0419056966810329,1,0.07647409719712941
0.01688284605228864,0.02298534619767734,-0.13631923249515895,-0.04621667540026378,1,0.09010255709489517
0.007776604710198268,0.03003325720350367,-0.15923937940866892,-0.04150901117093455,1,0.11773036823773436
0.013964000200037324,0.02276882571914493,-0.13881369820948675,-0.049559901390438615,1,0.08925379681904813
-0.006719972589222772,0.021741593791957954,-0.15748429642146036,-0.07225724875698519,1,0.08522704766447517
0.006833712376989376,0.022164682325536544,-0.14475986498106225,-0.057874310264959004,1,0.08688555471610324
0.01232714768248283,0.02164992490374807,-0.1382575051288634,-0.053389799506170954,1,0.08486770562269244
0.04003408677023283,0.025871384805141957,-0.11882462744784542,-0.017408799011688937,1,0.10141582843615649
0.028957537222939075,0.02780787829136364,-0.13369670422813368,-0.024689821325988195,1,0.10900688290214548
-0.01059048731918194,0.022343261769557247,-0.16253408038751416,-0.07494849425084973,1,0.08758558613666442
-0.008213843028956003,0.022435475891657168,-0.16033817577660406,-0.07239111028130796,1,0.0879470654952961
0.0075289556439449845,0.021275938322850574,-0.14232268346884214,-0.0589210052432679,1,0.08340167822557423
-0.016509503900704228,0.02182828895513716,-0.16744375025277308,-0.0818768575486354,1,0.08556689270413768
-0.027251455959788604,0.020619319072925205,-0.175816121342722,-0.09498839057685521,1,0.0808277307658668
-0.030714739984895142,0.025106608747753646,-0.1880744931304923,-0.089656586839298,1,0.09841790629119429
0.025571526558700083,0.022187910943057377,-0.1260675788896924,-0.03909096799290746,1,0.08697661089678493
0.037997601961084565,0.02463876618764062,-0.11844517976669106,-0.021861216311139825,1,0.09658396345555123
-0.005668595923060488,0.021801815788070365,-0.1565509548676784,-0.07108783697844258,1,0.08546311788923582
0.0027005788479678716,0.02237929548412861,-0.1493136403009242,-0.06158680200314006,1,0.08772683829778413
0.009297298866189824,0.02184790336139213,-0.14167539172213875,-0.05603161054548161,1,0.08564378117665714
-0.007735749403275524,0.020281959981809313,-0.1556391909676218,-0.07613390783892927,1,0.07950528312869252
-0.015409989108070718,0.031029238120427065,-0.18437809582410777,-0.06274348239203367,1,0.1216346134320741
0.011086022344725499,0.022319640470165138,-0.14081127297679819,-0.053318282333750834,1,0.08749299064304736
0.02195726345231447,0.02306940666302406,-0.1314095736072127,-0.04097749948815838,1,0.09043207411905432
0.004025795607781865,0.02142041376135213,-0.1461090153644683,-0.06214099341996797,1,0.08396802194450033
0.027645176465824053,0.022633871882914245,-0.12486801242468787,-0.036143234643664035,1,0.08872477778102383
0.02547651108491722,0.023109027252544465,-0.12796798233006995,-0.037380595500095634,1,0.09058738682997432
-0.007931600595951382,0.0215859070276397,-0.15839077837012522,-0.07377402282177757,1,0.08461675554834765
0.03605631569192774,0.023032776497461018,-0.11723872624309586,-0.026950242373048668,1,0.0902884838700472
0.021779382495002914,0.024770632236537655,-0.1349218566886109,-0.037820978321383286,1,0.09710087836722761
0.014591439925497843,0.020158316757180272,-0.1330696609185755,-0.05404905923042883,1,0.07902060168814667
0.01619544678633833,0.02366169483410018,-0.13833227508849802,-0.045578431338825325,1,0.09275384374967269
0.005450164855906284,0.022541216225981556,-0.14688141894701756,-0.058519851341169875,1,0.08836156760584768
0.000673944290079373,0.023346795363128274,-0.15323657462165205,-0.061717136798189215,1,0.09151943782346283
0.0028849526496888683,0.02319691962752524,-0.1507318098202606,-0.05979988488036167,1,0.09093192493989893
-0.005381611085784416,0.02094199016761592,-0.15457871181431163,-0.07248611035725722,1,0.08209260145705441
0.03656888805257723,0.021387720853364732,-0.11350184482001766,-0.029661979074827906,1,0.08383986574518976
-0.005056391550404132,0.022506492564344855,-0.15731991697652004,-0.06909446612428823,1,0.08822545085223181
0.03551887865370408,0.022111456138893492,-0.11597037537852717,-0.02929346731406468,1,0.08667690806446249
0.0010982588689517625,0.03446124989612476,-0.17459659092745278,-0.03950849133464372,1,0.13508809959280904
-0.013742269175478133,0.022689236782322552,-0.16636397326883035,-0.07742216508212593,1,0.08894180818670441
0.023952206256816808,0.02166698641820097,-0.1266658871228571,-0.0417313003635093,1,0.08493458675934779
0.02475468943627397,0.0212868254354561,-0.12511828841722,-0.04167393271023208,1,0.08344435570698792
0.0014611025138464434,0.02461395160702348,-0.1549330426359196,-0.05844635233638754,1,0.09648669029953205
0.011452574444336908,0.022590252275739735,-0.14097512001611298,-0.05242133109521322,1,0.08855378892089977
0.017027506100545486,0.021457237714402572,-0.13317947981968356,-0.04906710797922548,1,0.08411237184045808
-0.03303124636484496,0.022262456770895007,-0.18481646163579918,-0.09754763109389075,1,0.08726883054190843
0.003943497591282236,0.02368353513681077,-0.15062703127686689,-0.05778757354056866,1,0.09283945773629823
0.003203101350557791,0.02498002589454456,-0.15390854940274956,-0.05598684789613488,1,0.09792170150661468
0.04327101960967153,0.02172174313508103,-0.10745439693508729,-0.022305163845569652,0,0.08514923308951763
0.01141485787783321,0.021995721837840626,-0.13984755692433443,-0.05362432731999917,1,0.08622322960433526
0.028795773972933286,0.021048471109804342,-0.12061002940228323,-0.03810002265185021,1,0.08251000675043302
-0.0008138735900649063,0.021740165632045404,-0.1515753982288739,-0.06635394895125592,1,0.08522144927761797
-0.0071161195789397474,0.02087227250863398,-0.15617657369586235,-0.07435726546201715,1,0.0818193082338452
0.03227363099105503,0.02208326310318495,-0.11916036469118749,-0.032593973326702476,1,0.08656639136448502
0.014046735923215897,0.020960005283874865,-0.13518567443317886,-0.05302245372038937,1,0.08216322071278949
-0.02304331500453173,0.021367895764687415,-0.17307519070331906,-0.08931303930574441,1,0.08376215139757465
0.01439527416661976,0.021479267674325182,-0.1358548904750576,-0.05165616119170289,1,0.08419872928335473
0.00017354749484267684,0.022605233321282777,-0.15228350981487157,-0.06367099519544309,1,0.08861251461942848
0.010894370992098806,0.02098296338614419,-0.13838303724474382,-0.05612982077105859,1,0.08225321647368523
0.0019089393653917708,0.02299037257854854,-0.15130299088856336,-0.061180730380653095,1,0.09012226050791027
-0.00989836564901525,0.028032356701676604,-0.1729925847843014,-0.0631057465137291,1,0.1098868382705723
-0.01966906385603097,0.02088975266040156,-0.16876377907041804,-0.08687594864164391,1,0.08188783042877412
-0.009779727039095867,0.02108384276648597,-0.1592548588614084,-0.07660619521678337,1,0.08264866364462502
0.01152094136767201,0.03200654473978545,-0.1593626863223075,-0.03389703094234851,1,0.12546565537995896
0.007966114763710133,0.023392823383434843,-0.14603461906782217,-0.05433475140475758,1,0.0916998676630646
0.01680899009802564,0.021227016633847337,-0.13294676250431514,-0.049736857299633584,1,0.08320990520468155
-0.014704718258906194,0.030876436743695997,-0.18337333427655034,-0.06233770224126205,1,0.12103563203528829
0.013790905934792597,0.023533721735058705,-0.14048598866592246,-0.04823379946449235,1,0.09225218920143011
0.024092060844030858,0.021377513657250147,-0.12595866592417942,-0.04215881238775886,1,0.08379985353642057
-0.013607720020095956,0.020888006956310722,-0.16269901365446499,-0.08081802638572694,1,0.08188098726873805
0.04084128203309692,0.022547054297249187,-0.11150174438951149,-0.023117291544294677,1,0.08838445284521682
-0.006298073580736807,0.02588743731732297,-0.16518825072268983,-0.06370949643878379,1,0.10147875428390604
0.056267919549747525,0.021445397291619723,-0.09391585914182714,-0.009849901758677823,0,0.08406595738314931
-0.0041734985054940055,0.03072229780328832,-0.17254000219993912,-0.0521085948110489,1,0.12043140738889022
0.0037825459050951082,0.022361732442019857,-0.14819724968126383,-0.060539258508545975,1,0.08765799117271786
0.01306575709284441,0.021549093032508685,-0.13732126525087263,-0.05284882056343857,1,0.08447244468743406
0.059589938238628466,0.020575912009153607,-0.08888964929931262,-0.008232074223430468,0,0.08065757507588214
0.02576161532111859,0.0231593246080281,-0.12778146091061648,-0.03699690844714634,1,0.09078455246347014
0.036978464701876365,0.025333758249545413,-0.12082650146723264,-0.02151816912901463,1,0.09930833233821801
0.02405109276301931,0.022819654706353245,-0.12882623046143304,-0.03937318401252834,1,0.0894530464489047
-0.029889823533786372,0.021202605349151908,-0.17959773001812412,-0.09648351704944863,1,0.0831142129686755
-0.015922555381498824,0.022300755542283748,-0.16778283624437498,-0.08036387451862267,1,0.08741896172575231
-0.0077654172877977545,0.021695269410317946,-0.15843894533202094,-0.07339348924357458,1,0.08504545608844635
0.010270171970598499,0.02233179244792493,-0.14165094122733438,-0.054110314831468644,1,0.08754062639586574
2.669116882791922e-07,0.02127483286815595,-0.1498492055098974,-0.06645186066672606,1,0.08339734484317132
0.022970456857292057,0.021354869591645995,-0.12703588754233408,-0.0433247987430818,1,0.08371108879925228
0.008202890035378885,0.022575274184716814,-0.14419544736666606,-0.055700372562576164,1,0.0884950748040899
0.027057464025036476,0.022789786355474573,-0.1257613172316937,-0.03642535471823337,1,0.08933596251346033
-0.0035066092399615584,0.021567073022543837,-0.15392887236414748,-0.06938594611577564,1,0.08454292624837184
-0.03541164202607684,0.026650209186409278,-0.19579685203143904,-0.09132803202071466,1,0.10446882001072438
-0.018194827503216895,0.02525344709154566,-0.17584238380264638,-0.0768488712037874,1,0.09899351259885898
0.03624976340374768,0.02285893429489815,-0.1167045478142527,-0.027097525378251955,1,0.08960702243600074
0.0391158568574647,0.02160335493995049,-0.11137751882483826,-0.026692367460232347,1,0.08468515136460592
-0.006576118128778272,0.020910417716683182,-0.15571133685347732,-0.07374249940407923,1,0.08196883744939809
0.047422452688945724,0.021670186384995255,-0.10320191262564499,-0.018254781996463583,0,0.08494713062918141
0.005435466095723249,0.026570129281272968,-0.15479278729557178,-0.05063788051298174,1,0.10415490678259004
-0.031871123857139846,0.027001105251705543,-0.19294409015048272,-0.08709975756379698,1,0.10584433258668574
-0.0193759429739208,0.022076579560724233,-0.17079683891294029,-0.08425664703490131,1,0.08654019187803898
-0.0035269558537067702,0.021547367228486016,-0.15391059562153936,-0.06944491608587419,1,0.08446567953566517
-0.0003589613592503704,0.02206249465972086,-0.15175225089230326,-0.06526727182619749,1,0.08648497906610578
0.04041426815594926,0.022311976775801576,-0.11146800632462184,-0.02400505736347966,1,0.08746294896114218
0.024836750595269436,0.0259660207073536,-0.13420744999114362,-0.032420648818317514,1,0.1017868011728261
-0.022065213368619233,0.021948947885799968,-0.1732359512247872,-0.0871960755124513,1,0.08603987571233589
0.007948241402247175,0.023267613948721233,-0.14580708193724645,-0.054598035258259216,1,0.09120904667898724
0.034844148996222346,0.022148654128208933,-0.11671801309506716,-0.029895288912488154,1,0.086822724182579
0.01725537465033143,0.022841662073799514,-0.13566508301431562,-0.04612576768502153,1,0.0895393153292941
-0.00545021972667295,0.02237425997621391,-0.15745456928005222,-0.06974747017329369,1,0.08770709910675853
-0.018684473179943498,0.019855207040397685,-0.16575147897912296,-0.08791906738076405,1,0.07783241159835891
-0.005323392233612098,0.02381005038027998,-0.16014189097896087,-0.06680649348826334,1,0.09333539749069752
0.03041003615803267,0.022606676763364784,-0.12204985029816232,-0.03343167738577236,1,0.08861817291238996
0.03275608877439051,0.023303885547404767,-0.12107032689852285,-0.029719095552696147,1,0.0913512313458267
0.015557537215717343,0.02287524260629058,-0.1374287382926122,-0.047757787275953124,1,0.08967095101665909
0.043855018376683735,0.02219044568993875,-0.10778905517559623,-0.02080250807103632,0,0.08698654710455991
0.023155090341320433,0.024686401954524706,-0.13338105748954798,-0.03661036182781115,1,0.09677069566173684
-0.020982381714514206,0.02214430271627282,-0.17253601503840893,-0.08573034839061949,1,0.08680566664778944
0.0006398306418551186,0.022568153904234313,-0.15174455101044415,-0.06327738770584564,1,0.08846716330459851
0.008197627640073132,0.02415651537579707,-0.14729994249648914,-0.052606402223364615,1,0.09469354027312453
-0.0031983533526763197,0.021450511614611364,-0.1533921561173146,-0.06930615058803805,1,0.08408600552927656
0.011972753003918812,0.02451679352635394,-0.1442309623077349,-0.04812513168442747,1,0.09610583062330744
-0.017150505007404296,0.023185242394816424,-0.1707443801012445,-0.07985822991356412,1,0.09088615018768037
-0.023191763392244255,0.021272290792844123,-0.17303625334621875,-0.08964887343826977,1,0.08338737990794898
0.021086689783402238,0.027163639584166923,-0.14030484380156494,-0.0338233766316306,1,0.10648146716993434
0.013361698727648683,0.023479696507060915,-0.14080930642619072,-0.04876889611851193,1,0.09204041030767879
0.0021275890303720513,0.02354373099929344,-0.1521689237282431,-0.05987749821101281,1,0.09229142551723027
0.044855216312809754,0.022037104562200333,-0.10648830862910291,-0.020102858745277598,0,0.08638544988382532
0.03996346390724817,0.021626771836798887,-0.11057580889287766,-0.02579886329262602,1,0.08477694560025165
0.023660127978979636,0.02359582874499289,-0.13073849636120644,-0.03824284768083431,1,0.09249564868037213
0.033254142152061114,0.022723276861193277,-0.1194342804958777,-0.03035903520000007,1,0.08907524529587763
0.03742200952068145,0.020739335603721275,-0.11137788826261225,-0.03007969269602486,1,0.08129819556658738
0.005456895319353866,0.020901773332676666,-0.1436613804126924,-0.06172642894859987,1,0.08193495146409255
0.009053290210474116,0.021847894718115362,-0.141919383437032,-0.05627563614201978,1,0.08564374729501223
-0.008823480585331236,0.029773772139795228,-0.1753308739793299,-0.0586176871913326,1,0.1167131867879973
0.004997457268554342,0.021339162029073603,-0.14497810030842992,-0.0613285851544614,1,0.08364951515396851
-0.030593855640144038,0.021293155906111114,-0.18047924121612183,-0.09701007006416626,1,0.08346917115195557
0.016862108485874605,0.02240144063747269,-0.13519551516357187,-0.04738186786467893,1,0.08781364729889293
0.03323927032937268,0.025236060162709417,-0.12437420758953778,-0.025448851751716864,1,0.09892535583782092
0.017846724844796033,0.022401017837864055,-0.13421007011741753,-0.046398080192990424,1,0.08781198992442711
6.625911217114644e-05,0.02335959836541068,-0.1538693536840338,-0.06229972809162393,1,0.09156962559240986
-0.042570165635237286,0.029690150137683547,-0.20891365990509703,-0.09252827136537754,1,0.11638538853971948
0.02266058822223356,0.021583044235916723,-0.12779297848016322,-0.04318744507536967,1,0.08460553340479354
-0.017048067601638725,0.02203042779388955,-0.16837850607766225,-0.08201922912561521,1,0.08635927695204704
0.006729919221085234,0.020258579787194923,-0.14112769716181683,-0.06171406439601272,1,0.07941363276580411
0.011788242151010778,0.02276425734332326,-0.1409805022419028,-0.05174461345607564,1,0.08923588878582717
0.019426137326396087,0.020763552603992104,-0.12942122577742843,-0.048028099569779395,1,0.08139312620764903
-0.0032660843093650083,0.023257507641563906,-0.15700159928683027,-0.06583216933189975,1,0.09116942995493052
-0.0012725237738288458,0.02294840920389661,-0.1544022058134662,-0.0644444417341915,1,0.0899577640792747
-0.005555465196072765,0.021766305942796917,-0.15636822484395474,-0.07104430554819081,1,0.08532391929576393
0.016399368715142137,0.021865514279793392,-0.13460783927325293,-0.04889502329646282,1,0.0857128159767901
0.02948523178169707,0.023519610551979937,-0.1247640049001836,-0.03256713153642226,1,0.09219687336376134
-0.010369552753172917,0.02195267229094652,-0.1615475904434281,-0.07549311506291775,1,0.08605447538051034
0.0036955639563288067,0.021524289082836108,-0.14664284264602997,-0.06226762944131243,1,0.08437521320471755
-0.031740786570639265,0.022540980590214275,-0.18407190852745925,-0.09571126461381929,1,0.08836064391363996
0.029012313738669845,0.023084308804684976,-0.1243837315185127,-0.03389324100414761,1,0.09049049051436509
0.010073717459222739,0.0218721966729683,-0.14094658801979512,-0.055207577061759404,1,0.08573901095803571
0.016353336764993745,0.021988292173676056,-0.13489451589541132,-0.04870041057460119,1,0.08619410532081012
0.018319658099243283,0.022194803511572797,-0.1333329567834394,-0.04632932701807404,1,0.08700362976536535
0.009203978384691933,0.021047110192759098,-0.1401991575931159,-0.057694485637500244,1,0.08250467195561567
-0.016678438366218892,0.029771648706380525,-0.18318166983072473,-0.06647680690171306,1,0.11670486292901167
0.020497923518596736,0.022223348012652525,-0.13121063858620222,-0.04409511437660432,1,0.0871155242095979
0.020399118072948738,0.02241954704698327,-0.13169399413913846,-0.04380936971496406,1,0.0878846244241744
0.03395127488223007,0.02423847901251119,-0.12170694398229187,-0.026692106253248006,1,0.09501483772904387
0.00036807966646726364,0.024764617623455273,-0.15632137087550507,-0.05924406979156041,1,0.09707730108394466
-0.021522315067929468,0.0213079714573972,-0.17143673912442797,-0.08790949101143097,1,0.083527248112997
-0.015000819531442208,0.021442740250592004,-0.16517939042260255,-0.08112384864028188,1,0.08405554178232066
-0.0024859564255738514,0.020727332939376085,-0.151262328986751,-0.07001118386439673,1,0.08125114512235426
0.063700490450177,0.020724463674375204,-0.0850702583515984,-0.003830360748047608,0,0.0812398976035508
-0.005734869312577759,0.02295874801402318,-0.1588848154200632,-0.06888652320509234,1,0.08999829221497085
-0.038356495634133306,0.026916147877456068,-0.1992629454739472,-0.09375164579431941,1,0.1055112996796278
0.009344194679585402,0.021233566576180567,-0.1404243958097285,-0.05718881483110069,1,0.08323558097862782
-0.035857319757241504,0.029145590974415173,-0.20113347806709525,-0.08688276144738777,1,0.11425071661970748
0.0508224920755074,0.0213072647877424,-0.0990905469084677,-0.0155660689405175,0,0.0835244779679502
-0.01931542949610017,0.02540177074729668,-0.17725370016080166,-0.07767875883139869,1,0.09957494132940298
0.016430924261379556,0.024953875511240682,-0.14062947174065218,-0.04281027973658871,1,0.09781919200406347
-0.007256673026100391,0.023182448001719015,-0.16084507110946966,-0.06996987494273113,1,0.09087519616673853
-0.0006997979473478411,0.02336410720713713,-0.15464424807333663,-0.06305694782135907,1,0.09158730025197756
-0.0028293002577039345,0.01891488944191848,-0.14805328356386416,-0.07390691695154372,1,0.07414636661232044
0.017390116639854764,0.026994882888256695,-0.14367065382112837,-0.03785071289916212,1,0.10581994092196625
0.007216672095715804,0.025032948355550578,-0.14999870668116333,-0.05186954912740507,1,0.09812915755375826
0.014447935293451994,0.0219378572278305,-0.1367010648730958,-0.050704664540000235,1,0.08599640033309557
0.008425300486643791,0.02481232161012706,-0.14835764986920524,-0.05109334915750718,1,0.09726430071169806
0.016377525961337264,0.021930907875235474,-0.13475785347412428,-0.04878869460320121,1,0.08596915887092307
-0.013089651802731583,0.02418313191370155,-0.16863939035358663,-0.07384151325187654,1,0.09479787710171009
0.00960473227677286,0.025796306976010652,-0.149106829396208,-0.04798530605024627,1,0.10112152334596174
0.027652708124410535,0.020925928496606946,-0.12151291172893908,-0.039483272022239856,1,0.08202963970669921
-0.023850142179303466,0.022016566216031017,-0.17515341196272427,-0.08884847239588267,1,0.0863049395668416
0.018632962559022095,0.0205271948793211,-0.12975113940444727,-0.04928453547750855,1,0.08046660392693872
-0.010130912082078794,0.02204678630324506,-0.16149341323643912,-0.07507001092771848,1,0.08642340230872064
-0.015110628354865208,0.021185409104227372,-0.16478483019915086,-0.08173802651057957,1,0.08304680368857129
0.035365963260953995,0.022470371506848368,-0.11682676489246882,-0.028742908585623207,1,0.08808385630684562
-0.007907627932005848,0.021088919050579014,-0.1573927092711407,-0.074724146592871,1,0.08266856267826972
0.017933638471744756,0.023261126620931456,-0.1358089697052809,-0.044625353351229594,1,0.0911836163540513
0.021065141321944467,0.021392658964204857,-0.12901527024789705,-0.04515604710821402,1,0.08385922313968303
-0.004612980858366117,0.023668455942307876,-0.15915395450528957,-0.06637360721144268,1,0.09278034729384689
-0.0038286756520404946,0.021186202877121807,-0.15350443329119923,-0.07045451801288176,1,0.08304991527831747
0.029210108206884966,0.021958657589326917,-0.1219796606681958,-0.035901722918034285,1,0.08607793775016151
0.032177263144157975,0.02065677294194638,-0.11646081182205693,-0.03548626188962713,1,0.0809745499324298
0.04585079886671537,0.022257559616445047,-0.10592481798151693,-0.01867518428505234,0,0.08724963369646459
0.02976114925296533,0.02133806971609307,-0.1202122673905771,-0.036567034103492255,1,0.08364523328708484
0.01165376487020331,0.022073364291747548,-0.13976082914162188,-0.0532332411179715,1,0.08652758802365038
-0.011161991578265681,0.022541839848962845,-0.16349479768223285,-0.07513078547429851,1,0.08836401220793434
0.040846351127647604,0.024446774168450067,-0.11522012624251454,-0.019388771502190268,1,0.09583135474032428
0.0519226671296798,0.02230349420884139,-0.09994298151964932,-0.012513284220991086,0,0.08742969729865824
0.02749179308751354,0.02254266369232831,-0.12484262774944996,-0.03647538607552298,1,0.08836724167392698
-0.007691610538992699,0.021769308063364357,-0.15851025434318683,-0.07317456673479857,1,0.08533568760838826
0.008358186230285405,0.02091188455672836,-0.1407799075009022,-0.058805320038527016,1,0.08197458746237518
-0.022622427815790894,0.024635161979356824,-0.17905814529533026,-0.08248831033625152,1,0.09656983495907874
0.012312729399582181,0.019855272871696555,-0.13475440542894307,-0.05692173577189258,1,0.07783266965705049
-0.0039381994624251015,0.02539514225899314,-0.16186347829005165,-0.06231452063479856,1,0.0995489576552531
-0.015250756095406104,0.020723679527197215,-0.16401996796871265,-0.08278314422209956,1,0.08123682374661309
-0.01738458586623047,0.021884297756245265,-0.16842860946847119,-0.08264216226398977,1,0.08578644720448142
-0.022666706122490263,0.024365823237939295,-0.1785745196688513,-0.08306049257612924,1,0.09551402709272205
0.010453230630907653,0.022422833336455814,-0.14164632270854574,-0.053748816029638956,1,0.08789750667890678
0.016816162378488417,0.027030658049671273,-0.14431472739886728,-0.038354547844155894,1,0.10596017955471138
0.009121763068158359,0.021343062824037185,-0.14086144006695453,-0.05719663379672876,1,0.08366480627022577
0.03036956209134506,0.022731310323452592,-0.12233460614262202,-0.03322786967468787,1,0.08910673646793416
0.011045497907122143,0.021454857258321514,-0.13915682231918802,-0.055053781866567696,1,0.08410304045262032
0.02018306618619728,0.020744614248353707,-0.128627177740576,-0.04730828988702946,1,0.08131888785354655
0.003901316324772086,0.022173727930665892,-0.14770999041933308,-0.06078897693112277,1,0.08692101348821031
0.011425150656557304,0.02296627550129729,-0.1417395493259854,-0.05171174936090001,1,0.09002779996508539
0.03207243986295494,0.022152425579402713,-0.11949711427267438,-0.03265960600141575,1,0.08683750827125863
-0.026758778384393653,0.021141852912623174,-0.17634761009313507,-0.09347154667565225,1,0.08287606341748283
-0.020407621062292727,0.023100723315089666,-0.17383583875986847,-0.08328100336471699,1,0.09055483539515148
-0.016209727534288357,0.025359529299283125,-0.1740652049608833,-0.07465585010769343,1,0.09940935485318986
0.010689478781473305,0.022184552258280546,-0.14094304364475657,-0.05397959879229683,1,0.08696344485245974
0.011865405839401016,0.025726002935441347,-0.14670835991406403,-0.04586242840713395,1,0.10084593150693008
0.0005225836624349472,0.019594217831862153,-0.1460328832880149,-0.06922354938711524,1,0.07680933390089965
0.012359366936193578,0.022588329900789517,-0.14006455966935388,-0.05151830645825898,1,0.08854625321109491
-0.010610482321153497,0.02046851728341429,-0.1588795761966455,-0.07864298844566149,1,0.08023658775098401
-0.0044590210076565495,0.024007999296069952,-0.15966549962795365,-0.06555414238735946,1,0.09411135724059419
0.025770641364519092,0.022131358797268838,-0.12575762187812783,-0.03900269539283399,1,0.08675492648529384
-0.0106712090331757,0.02287874846294796,-0.1636643560205537,-0.0739796620457977,1,0.08968469397475601
0.003846120643442391,0.02192635421590991,-0.14728033361974102,-0.06132902509337419,1,0.08595130852636683
0.015519135381411878,0.020884421683936956,-0.13356513111910456,-0.05169819811807169,1,0.08186693300103287
0.01806363405571411,0.02082843277804872,-0.13091089418926138,-0.04926343769931041,1,0.08164745648995098
0.04970439316127009,0.023269230351914135,-0.10405409832848161,-0.012838715348978215,0,0.0912153829795034
0.028677016683967577,0.021333635292169813,-0.12128770848868525,-0.0376598581433796,1,0.08362785034530565
0.07857772589791143,0.022696305179486866,-0.07405783225388284,0.014911684049705679,0,0.08896951630358851
0.04328377113084471,0.023835296081919147,-0.11158420918971682,-0.01814984854859377,1,0.09343436064112304
0.019508719761630225,0.023161300072652755,-0.13403822838076918,-0.043245932095970385,1,0.09079229628479879
0.03046113460842334,0.022673054233192536,-0.12212885168863404,-0.033250479094519295,1,0.08887837259411474
-0.017587162077552856,0.022015374586597945,-0.16888809626728485,-0.08258782788782089,1,0.08630026837946396
0.023839814300880488,0.021054874120099615,-0.12557853897451476,-0.04304343242372427,1,0.0825351065507905
0.009231475062701666,0.023677977063913034,-0.14532815998256787,-0.05251048989202879,1,0.09281767009053908
0.009330076675600638,0.020722801604425044,-0.13943741446907246,-0.058204032179726285,1,0.08123338228934618
0.0022574970659424987,0.020231534781786943,-0.14554711110635993,-0.0662394947617551,1,0.07930761634460483
0.04428553730860041,0.0266917194075018,-0.11618103273010312,-0.011549492652696072,1,0.10463154007740705
-0.03371979061229795,0.02159533873262973,-0.18419745452825223,-0.09954372669634368,1,0.08465372783190855
0.018323213448785278,0.023308415351389257,-0.13551208063993767,-0.04414309246249178,1,0.09136898817744588
-0.001942079356559337,0.025120213242509706,-0.15932849731187837,-0.06085726140124032,1,0.09847123591063806
0.0027796014745887637,0.023917275003404563,-0.15224905753208418,-0.0584933395187383,1,0.09375571801334587
0.014997094962512114,0.023218196179984586,-0.13866136955025768,-0.0476460405247181,1,0.09101532902553958
0.01856392351916676,0.02229766294903843,-0.13329029586094857,-0.04588345710071792,1,0.08740683876023064
-0.002386258142140524,0.023064274857478945,-0.15574303686279925,-0.06533107942148181,1,0.09041195744131744
0.017503506612096265,0.021934792585716015,-0.13363948685590712,-0.04765509991990035,1,0.08598438693600677
0.027203483274730225,0.022767737764123067,-0.12557208274295098,-0.03632255070758857,1,0.0892495320353624
0.031836158052681154,0.023680499741814402,-0.12272842144127508,-0.029900862453362625,1,0.09282755898791245
0.0054878928314480435,0.022464821354340494,-0.14669395702305932,-0.05863185731404459,1,0.08806209970901473
0.0227875895840422,0.02119635512825252,-0.12690806646733274,-0.04381835436458287,1,0.08308971210274987
-0.010921482285633277,0.02092884646992252,-0.1600928213666814,-0.07805174320458515,1,0.08204107816209626
0.004918931412192906,0.02095193526577565,-0.14429766170872738,-0.06216607546688683,1,0.08213158624184055
0.002179250277974179,0.01956535424496241,-0.14431964404215214,-0.0676234554018995,1,0.07669618864025264
-0.0038158325121398495,0.02001762091206105,-0.15120116949977952,-0.07273209552450019,1,0.07846907397527933
0.01115399498959059,0.022095149986007017,-0.14030329898298316,-0.05369031103783566,1,0.08661298794514749
0.0017103954481206274,0.020386809709587575,-0.146398551582671,-0.06648225752108773,1,0.07991629406158328
0.026411698649396118,0.024159343443864483,-0.12909141450057826,-0.0343867882006295,1,0.09470462629994876
0.005519465268663981,0.02277583888479833,-0.14727197894554075,-0.057990690517131294,1,0.08928128842840946
0.05451528177812167,0.02212693751285827,-0.09700431574708054,-0.010266720696676127,0,0.08673759505040442
-0.012975035118233919,0.022007393175843964,-0.1642603257428881,-0.07799134449357975,1,0.08626898124930835
0.018851802192698427,0.0221862260381331,-0.13278400084204245,-0.0458139947725607,1,0.08697000606948174
0.025343677717282145,0.021726126976156848,-0.12539033115598527,-0.04022391340945044,1,0.08516641774653483
-0.009708246883692567,0.02203106633217775,-0.16103993689476095,-0.07467815687262419,1,0.08636178002213676
0.01954829019483699,0.02053881416342185,-0.12885858556546984,-0.04834643404485619,1,0.08051215152061364
0.006809285356832728,0.02178224573757625,-0.14403471628881673,-0.05864831299751783,1,0.0853864032912989
-0.00027827438585630027,0.025810781601131764,-0.15901820632407457,-0.05783994244763805,1,0.10117826387643652
-0.019018776208109975,0.020522374678460138,-0.16739343057789186,-0.0869457218383281,1,0.08044770873956375
0.010454129268688411,0.02008517034039678,-0.1370636045984893,-0.0583297368641339,1,0.0787338677343554
0.02210870398621098,0.02094014480327277,-0.12708477982820365,-0.0449994121993744,1,0.08208536762882926
0.027546975138227528,0.02285288231961509,-0.12539547420821806,-0.0358121755153269,1,0.08958329869289117
0.01942316566640126,0.023645411383466944,-0.13507264064519395,-0.042382628022003536,1,0.0926900126231904
0.010655905267304852,0.022371256320518944,-0.1413425571209123,-0.053647232344478026,1,0.08769532477643427
0.04836943636140428,0.020346900299750184,-0.09966128822610608,-0.019901439051085365,0,0.07975984917502071
0.00267289290784202,0.022953712669703242,-0.15046718392477634,-0.060488630259539634,1,0.08997855366523672
0.009448085038923165,0.021125595696660796,-0.140108882526532,-0.057296547395621684,1,0.08281233513091033
0.012862585575308255,0.024457353745284873,-0.14322462776545009,-0.0473518010839334,1,0.09587282668151668
0.03445903922507172,0.02172864983450723,-0.11627991445056246,-0.031103607099294113,1,0.08517630735126835
-0.00021940475894625944,0.022035984209701428,-0.15156073380996105,-0.06517967570793147,1,0.08638105810202958
0.001368152836056874,0.02414303533025115,-0.15410299641123537,-0.05946229791665088,1,0.0946406984945845
0.008621867713138484,0.02135648866590971,-0.14138765007204454,-0.057670214501678495,1,0.08371743557036604
0.023957670711451676,0.02157426528066801,-0.12647868923865763,-0.04190756933843903,1,0.0845711199002186
-0.0050350012187881515,0.02018388927868815,-0.15274622420501693,-0.07362537823255938,1,0.07912084597245755
-0.009458030196214023,0.023448438833102464,-0.16356777030909486,-0.0716498900833332,1,0.09191788022576167
-0.022693071362068565,0.022104753760140174,-0.17416918873194331,-0.08751855399219383,1,0.08665063473974949
0.01986246567835953,0.02103625616358349,-0.12951939640226412,-0.047057272241016836,1,0.08246212416124729
-0.022158596429280267,0.02201364560702583,-0.1734561418190509,-0.08716265103950965,1,0.08629349077954124
0.0070906350422491465,0.022182665490461776,-0.14453818931905593,-0.05758214059644578,1,0.08695604872261015
0.01556168737001018,0.022799944537151052,-0.1372770039228059,-0.04790122133717376,1,0.08937578258563214
-0.01003167326362242,0.02065187844187506,-0.15866015500969755,-0.0777047915175473,1,0.08095536349215024
0.025232780199730034,0.021885836649819176,-0.12581425963391557,-0.040021779966624385,1,0.08579247966729119
-0.004630954645577792,0.022204962629129056,-0.15630348139867073,-0.06926002789248485,1,0.08704345350618588
0.04631189326449953,0.019751565391681717,-0.10055197490319664,-0.023125838567804306,0,0.07742613633539233
0.013063449837798516,0.02050227050843246,-0.1352718003587291,-0.05490289996567387,1,0.08036890039305522
0.01674623403571042,0.021384574937428274,-0.133318332841649,-0.049490799086930166,1,0.08382753375471885
0.0417965930868254,0.021905226588176924,-0.10928845102600138,-0.023419962800347832,1,0.08586848822565354
0.02906739201371998,0.022633282666057505,-0.12344464201175273,-0.03472217396080732,1,0.08872246805094541
0.024457523946660314,0.022772434504569655,-0.1283272476822962,-0.03905930442438317,1,0.08926794325791303
0.002691524383847274,0.023270118119279124,-0.1510687071299398,-0.05984984410236565,1,0.09121886302757415
0.043841496078559083,0.023617492641814203,-0.11059958949939676,-0.018019018343485085,1,0.09258057115591167
0.011170773674391676,0.020769708901129467,-0.1376886557718221,-0.05627139687939457,1,0.08141725889242753
0.02385426477491899,0.02175725119355009,-0.12694074756443918,-0.04165232288572284,1,0.08528842467871633
0.015042505594118849,0.0217023227398759,-0.1356448469760379,-0.050571741835724396,1,0.0850731051403135
0.012765083838644747,0.021757561649516616,-0.13803053699440782,-0.052740895328302694,1,0.08528964166610511
-0.015913910218507993,0.022226916451544294,-0.16762946646353483,-0.08049995397348118,1,0.08712951249005364
0.009797313281696404,0.022236755613283758,-0.14193752772033977,-0.054769445716267434,1,0.08716808200407233
-0.0017444807345813051,0.02077908896679221,-0.15062229510949404,-0.06916826635966858,1,0.08145402874982546
0.016750020222326287,0.02126810571298675,-0.13308626697512774,-0.04971529258021969,1,0.08337097439490804
-0.0052709929070099,0.021534543088666667,-0.15562949736079656,-0.07121408845322325,1,0.08441540890757332
0.00980256909369262,0.021984333813464974,-0.14143752518069874,-0.055258936631916035,1,0.08617858854878271
-0.004743982630828286,0.023340843135425875,-0.15864283517626301,-0.06714673008539357,1,0.09149610509086945
-0.0068125058365035435,0.019372473279264234,-0.15293335346386144,-0.07699325820914565,1,0.07594009525471579
-0.011736095873043625,0.024001662479738808,-0.1669301543333317,-0.07284363741275557,1,0.09408651692057612
0.003280155648758415,0.021685180774692114,-0.14737359866963812,-0.06236769003284505,1,0.08500590863679307
0.006918712966898707,0.020938670403823138,-0.14227188102459465,-0.06019229304160795,1,0.0820795879829867
0.03769510976087956,0.022215924757081396,-0.11399890276299998,-0.026912477715240912,1,0.08708642504775907
0.02094254302736788,0.02135154702362114,-0.12905728913892955,-0.0453592248063347,1,0.08369806433259486
0.027265711752959276,0.02123452926880694,-0.12250476561390233,-0.039265410880179125,1,0.08323935473372321
0.013625739696835601,0.02075914045676506,-0.13521297559842393,-0.05383714500790489,1,0.08137583059051905
-0.0037325793524098094,0.03157104596442001,-0.17376262944267304,-0.0500041292621466,1,0.12375850018052645
0.040970419904437824,0.021758510405120612,-0.10982706048959859,-0.02453369970152578,1,0.08529336078807281
-0.010300263981831259,0.030698345097288665,-0.17861982037251706,-0.058282307591145485,1,0.12033751278137157
-0.024507291067684053,0.023785991454796835,-0.17927863431908586,-0.08603754781628226,1,0.0932410865028036
-0.04059512413262338,0.022140497327112343,-0.19214129889376358,-0.1053505493714832,1,0.08679074952228039
0.020923800128705275,0.023480927320626933,-0.13324961741972352,-0.04120438232286594,1,0.09204523509685758
0.0366506057058974,0.019671203228937617,-0.11005575262282033,-0.032944635965384876,1,0.07711111665743545
0.04102083213493739,0.022696525946570876,-0.11161515872034153,-0.0226447770097837,1,0.08897038171055782
0.02213385397586977,0.023957688328385518,-0.13297401514776586,-0.039059876900494624,1,0.09391413824727124
0.05391965317236528,0.020805632721141526,-0.09501018696107211,-0.013452106694197337,0,0.08155808026687478
0.018130040196267724,0.023102131417085114,-0.1353009373812191,-0.04474058222624546,1,0.09056035515497363
0.020051954820251433,0.023832577670334035,-0.1348106974136033,-0.04138699294589386,1,0.09342370446770944
-0.0028093620721828527,0.022744641989125847,-0.15553966037086953,-0.06638066377349619,1,0.08915899659737334
0.013574535453731246,0.0218349889204173,-0.13737284283028667,-0.05177968626225085,1,0.08559315656803582
0.026480041847134914,0.022836117373608925,-0.12642954820513858,-0.0369119681005916,1,0.08951758010454697
-0.0018484003747633593,0.022342269439917625,-0.1537900484770019,-0.06620835227252482,1,0.08758169620447707
0.033650619202700904,0.024040515307119485,-0.12161959079925329,-0.027380770795344914,1,0.09423882000390837
0.013636025757251855,0.02182393319298433,-0.13728968330099744,-0.051739865184498864,1,0.08554981811649859
-0.01762674103485508,0.025494745180331155,-0.17574724158830415,-0.07580784048140601,1,0.09993940110689814
9.439896327202713e-05,0.020179746818372073,-0.14760870480073723,-0.06850409727271872,1,0.07910460752801851
-0.0067030725930178475,0.02173379436468527,-0.15745210954780098,-0.07225563563823473,1,0.08519647390956625
0.018598254229032052,0.02174547317435651,-0.1321736731927067,-0.0469314183492292,1,0.0852422548434775
-0.008001782005433944,0.023357646636318466,-0.16193356941261813,-0.07037159459824976,1,0.09156197481436837
0.013089570919301657,0.021658123226805628,-0.1375111506052374,-0.052611307556159316,1,0.08489984304907808
0.009967613714584656,0.021194668941212375,-0.1397247374101916,-0.056641635160639095,1,0.0830831022495525
-0.009037840492174667,0.0208729219113734,-0.15809956743846654,-0.07627771354588281,1,0.08182185389258373
0.029627381643946613,0.02194350281544512,-0.12153268387432584,-0.035514152837780956,1,0.08601853103654489
0.05400927363397157,0.02300009590167828,-0.09922171433331786,-0.00906133839873901,0,0.09016037593457885
-0.0034126138326139865,0.022262645065685153,-0.15519819816135688,-0.0679286295038711,1,0.08726956865748578
0.024078186665411325,0.02125774228485506,-0.1257377882129046,-0.04240743845627277,1,0.08333034975663184
-0.011166549154514371,0.025490609565621793,-0.16927894390313308,-0.06935575440589567,1,0.09992318949723741
0.02152086021271668,0.0226699276528948,-0.13106299798695714,-0.042196881587609515,1,0.08886611639934763
0.014197841215431842,0.022977960781658487,-0.1389897619166188,-0.04891615565251753,1,0.09007360626410127
-0.017151434003305502,0.020842426002166133,-0.16615338896755114,-0.08445107903905988,1,0.08170230992849126
-0.01059215080357627,0.02211010229013649,-0.1620787512922438,-0.07540715031490874,1,0.08667160097733506
-0.03729768524567566,0.020483917529769972,-0.1855969636040248,-0.10530000688732652,1,0.08029695671669829
0.023591617129137155,0.021307268715759817,-0.12632142955375208,-0.04279693618797361,1,0.08352449336577847
0.019907855356883594,0.021278148578817206,-0.12994811585759813,-0.04653777342863469,1,0.08341034242896345
0.01167582868735978,0.022056469286149804,-0.13970565111349384,-0.05324429151178661,1,0.08646135960170723
0.028787362544393166,0.022373858350789238,-0.12321619982315374,-0.03551067508805993,1,0.0877055247350938
0.023869198075665315,0.020719955764445786,-0.12489271522264843,-0.04367048862602095,1,0.08122222659662748
-0.01175610096612513,0.02545878972898286,-0.16980612883493154,-0.07000767309731873,1,0.09979845573761281
0.048114576048739276,0.02341012669089759,-0.10592007226542,-0.014152375637101457,0,0.09176769662831855
-0.00022360879851640592,0.021313746292264457,-0.15014935153135475,-0.06659946606567807,1,0.08354988546567668
-0.006210836640660702,0.022927312412620072,-0.15929916896939605,-0.06942410431192536,1,0.0898750646574707
-0.005251772721139247,0.019206633997220005,-0.15104757535569047,-0.07575757008658804,1,0.07529000526910243
0.01337809733149338,0.021209120300282505,-0.13634257845706033,-0.05320282687995292,1,0.0831397515771074
0.021893886744326796,0.023966441904567055,-0.13323113938862463,-0.03928268712272178,1,0.09394845226590284
-0.004588850333972855,0.02187710657720501,-0.15561877922529468,-0.06986052144265104,1,0.08575825778264365
0.012602765956756662,0.02521055857559294,-0.1449607288514055,-0.04613533923508118,1,0.09882538961632434
-0.006757021792125811,0.02691513899152644,-0.16766149421551763,-0.062154149368734,1,0.10550734484678362
0.03696150109581657,0.023231103180867817,-0.11672226113868436,-0.025656336669682513,1,0.09106592446900186
0.033451972676367486,0.021275145791947107,-0.11639811307584885,-0.03299954157141619,1,0.08339857150443267
0.03558846624438704,0.023474849549612428,-0.11857303887285332,-0.026551628638372612,1,0.09202141023448071
0.005203618249825931,0.020987777951654622,-0.14408322653541714,-0.06181113696493101,1,0.08227208957048612
-0.030090654759643218,0.02434964232107886,-0.1859667537089578,-0.09051615581032865,1,0.09545059789862914
0.03017677373394001,0.023090865108326662,-0.12323212187838026,-0.03271593065373974,1,0.09051619122464052
0.03649599881029611,0.022278774256636474,-0.11532119873271138,-0.027988403646696407,1,0.08733279508601496
-0.004076521236173067,0.020923733528697894,-0.15323783895242094,-0.07121680351992521,1,0.08202103543249573
-0.012008816419490115,0.020275168014113304,-0.1598989457271522,-0.08042028711182805,1,0.07947865861532413
0.024401999883433764,0.02442655903273159,-0.13162485582072014,-0.035872744412412325,1,0.09575211140830782
0.010638543994597294,0.024244760263130157,-0.14503198612113782,-0.049992525889667606,1,0.09503946023147022
0.031497268238467296,0.026708742301337803,-0.1290026666721548,-0.02430439685091062,1,0.10469826982124417
0.024227081620693564,0.02197041229938774,-0.1269857264861064,-0.04086171027250648,1,0.08612401621359991
0.005280589398213631,0.02069243233633539,-0.14342737798100375,-0.06231304322256901,1,0.08111433475843474
0.020479423182046194,0.022408598286492998,-0.13159222945948007,-0.04375052417642754,1,0.08784170528305253
0.0064382484305875315,0.02125593301609759,-0.14337418028096374,-0.0600509228578612,1,0.08332325742310254
-0.005407022512946322,0.023938307737860796,-0.1604769056791535,-0.06663873934673917,1,0.09383816633241432
0.014084450575319665,0.023466793929040657,-0.14006126552560003,-0.048071433323760654,1,0.09198983220183937
-0.003735941240382512,0.027452517533724463,-0.16569367560648246,-0.05807980687428257,1,0.10761386873219989
0.0013932358560188596,0.022600297290654513,-0.151054146833664,-0.0624609814542983,1,0.08859316537936571
0.0012552544434456109,0.021263113704844395,-0.14857124841804942,-0.06521984269505937,1,0.08335140572299005
0.004346636800997311,0.021254567112703064,-0.1454631147399007,-0.06214521165810469,1,0.08331790308179601
-0.015168780943070476,0.02262331280428437,-0.16766127403946784,-0.07897788784667312,1,0.08868338619279473
-3.15044200984993e-05,0.022583535732956978,-0.1524460344566942,-0.06391857438350282,1,0.08852746007319137
-0.0023249642718666252,0.022905272609886715,-0.1553700985872446,-0.06558142995648866,1,0.08978866863075594
-0.0024455457014595644,0.020138929891922806,-0.15006864828962826,-0.07112404311329087,1,0.07894460517633739
-0.0036988271338674328,0.019333952262909758,-0.14974417356917058,-0.07395508069856431,1,0.07578909287060627
0.02356159472496333,0.02178203237942716,-0.1272819887387139,-0.04189642181135944,1,0.08538556692735447
0.013095124672107827,0.018958713960951168,-0.13221475469135646,-0.05789659596442789,1,0.07431815872692857
-0.004773183969271441,0.021331546676705712,-0.15473381545561465,-0.07111415248292825,1,0.0836196629726864
0.027673065845182754,0.02296853101923074,-0.12549605495250948,-0.035459413357125005,1,0.09003664159538448
0.027125363505040176,0.021052101691568282,-0.12228755581043366,-0.039763317179485995,1,0.08252423863094765
0.038850647030334695,0.020377292306969906,-0.10923964589132633,-0.029360660048004292,1,0.07987898584332204
0.047139952911935984,0.02279255581492592,-0.10568425648531882,-0.01633743769080922,0,0.08934681879450959
-0.02461935509170597,0.02588111186737628,-0.18349713435176349,-0.08204317583164847,1,0.10145395852011502
0.020201435123046507,0.021136278748357856,-0.1293764712237349,-0.0465222585301721,1,0.08285421269356281
-0.014977902844581156,0.02198098286821492,-0.1662114292662824,-0.08004597642287992,1,0.08616545284340249
0.01558794958914804,0.024254353113829622,-0.14010138251395804,-0.045024318307745906,1,0.09507706420621213
-0.011379163779680429,0.021387829338035933,-0.16145010928223086,-0.07760981827713001,1,0.08384029100510085
0.036508011016357186,0.02243681925104242,-0.11561895471568595,-0.02766662325159968,1,0.08795233146408626
-0.007195328846942919,0.02456532310194345,-0.16349416212675208,-0.06719809556713377,1,0.09629606655961831
0.0010626197671987636,0.021652913289192326,-0.14952789027961821,-0.06464847018598428,1,0.08487942009363393
-0.005655217796170342,0.02458550104589708,-0.16199359984612863,-0.06561843574621207,1,0.09637516409991656
0.01083337414226905,0.020441449149331485,-0.13738266619042067,-0.057252185525041244,1,0.08013048066537942
0.00826445103902436,0.022238641091173676,-0.14347408549967605,-0.05629861242227524,1,0.08717547307740081
0.03139347939537332,0.023614776532091167,-0.12304228260752537,-0.030472358601728,1,0.09256992400579736
0.015537435688976975,0.02382543894496982,-0.13931122464316387,-0.04591550397888219,1,0.09339572066428167
0.023788019596421614,0.02179966145005877,-0.12709011684569357,-0.0416354439614632,1,0.08545467288423036
-0.030821336642627636,0.023953989807022843,-0.18592195666439243,-0.09202231662086287,1,0.09389964004352956
-0.012422568041864715,0.023620805839177843,-0.1668701474866533,-0.07427658859707614,1,0.09259355888957715
0.02716148807929357,0.022007441438646157,-0.12412389714045291,-0.03785472670095997,1,0.08626917043949295
0.014031584699814997,0.02348680066292802,-0.14015334459952394,-0.048085086000846086,1,0.09206825859867786
0.017798137150034782,0.022109357054521033,-0.13368700267682646,-0.047018323023104,1,0.08666867965372246
-0.010855114593101553,0.021923692284566476,-0.16197635147085185,-0.07603547771535127,1,0.08594087375550058
0.027064006782336503,0.022424692207669968,-0.12503918994469665,-0.03713439649063037,1,0.08790479345406628
0.00914132372441473,0.021334222899883685,-0.1408245531593573,-0.057194399391813255,1,0.08363015376754404
0.008644895191370142,0.022510249759741623,-0.14362599433772344,-0.05538581527953628,1,0.08824017905818715
0.0032523246957743696,0.030744810929747658,-0.16515830472653104,-0.04463864588192023,1,0.1205196588446108
0.01753292925515139,0.022722282532092138,-0.1351535445077492,-0.04608219698194803,1,0.08907134752580116
0.0198027637710131,0.02097578748803505,-0.1294605797055356,-0.047235492752438206,1,0.08222508695309738
0.005145609416609659,0.021175758264365224,-0.1445096767815462,-0.06150070438523451,1,0.08300897239631169
0.03008502283322073,0.02249721682179037,-0.1221603221374884,-0.03397123219607015,1,0.08818908994141825
0.0230458511201118,0.02180886574387405,-0.12785032573788135,-0.04235957202189507,1,0.08549075371598629
0.004807438493506816,0.021605943427569527,-0.14569101062452947,-0.06099571238845691,1,0.08469529823607255
-0.030748966436694183,0.028657098317449604,-0.19506767913889542,-0.08273185373449296,1,0.11233582540440246
-0.02141150279065683,0.021745909834266604,-0.17218428606581937,-0.0869403195154943,1,0.08524396655032507
0.0039322292300068284,0.021033237256372416,-0.1454437157924831,-0.06299342574750325,1,0.08245029004497986
0.013677318533656682,0.022901437488960306,-0.13936029894470553,-0.049586663987981124,1,0.08977363495672441
-0.0008391689533131241,0.023073638374471635,-0.15421430016727752,-0.06376563773934874,1,0.09044866242792879
0.005308613815545482,0.024331672972750427,-0.15053226521104535,-0.055152107157863686,1,0.09538015805318166
0.04382791235193553,0.02308942035426887,-0.10957815154243146,-0.019067623753697485,1,0.09051052778873397
0.030931615260191933,0.02423901569290487,-0.12472765549790163,-0.029710713981714522,1,0.09501694151618711
0.0030964608273506,0.02322848162347831,-0.15058216315466688,-0.05952651519063192,1,0.09105564796403495
0.01601284497505763,0.030693960928921814,-0.15229811844562913,-0.03197779160425562,1,0.1203203268413735
-0.03594964430302232,0.02370661772268929,-0.1905654150394933,-0.09763547356655132,1,0.092929941472942
0.009754446034881528,0.020761024025122574,-0.13908796105435872,-0.05770474687587823,1,0.08138321417848049
0.04244562656467969,0.023046383879531014,-0.1108760858392011,-0.02053426103143953,1,0.09034182480776157
0.02734764893717785,0.024717876881564623,-0.1292501897506888,-0.0323561123749555,1,0.0968940773757333
0.028747822870859085,0.021397050286803575,-0.12134119569127592,-0.037464758567005915,1,0.08387643712427001
0.006032301479435967,0.023009142317581915,-0.1472164174630246,-0.057020579578103484,1,0.09019583788492112
0.0033760314176083106,0.023867920246921553,-0.15155589226635793,-0.05799364489842545,1,0.09356224736793248
-0.010089584570003446,0.024481092009046804,-0.16622332490773517,-0.07025744423227172,1,0.09596588067546345
0.04112781921757622,0.022224295612951788,-0.11058260018380929,-0.023463361381038286,1,0.087119238802771
0.01216256181203998,0.022681802972171216,-0.1404445720134156,-0.051531904362504447,1,0.08891266765091115
0.006446324873923312,0.021392956109588412,-0.14363466910086997,-0.05977428115128341,1,0.08386038794958656
0.020744331074010858,0.020246733959663095,-0.1270900674869288,-0.047722870365049484,1,0.07936719712187931
0.003646641740444781,0.02772383432444078,-0.15884287353545914,-0.0501654429836513,1,0.10867743055180784
0.00753118003433452,0.023170357110537335,-0.14603351990231866,-0.055205720029012306,1,0.09082779987330636
0.019958341740972135,0.021832836098655207,-0.13098481701239206,-0.04540009950566366,1,0.0855847175067284
0.025591356245299374,0.02258268320236178,-0.1268215028313297,-0.03829738467807155,1,0.08852411815325816
0.006946217200067786,0.02295888840567797,-0.14620400407506104,-0.0562051615248034,1,0.08999884255025764
-0.02837038733680193,0.022010483786382522,-0.17966173555811168,-0.09338063911549219,1,0.0862810964426195
0.027554972459294988,0.022753119980167134,-0.1251919427018326,-0.035999712379577435,1,0.08919223032225515
0.019728160011371218,0.02215291091681343,-0.1318423453855831,-0.04500293459167447,1,0.08683941079390863
0.036946440662289776,0.022393680356724562,-0.11509597283689038,-0.027312745838530085,1,0.0877832269983603
0.015234291945107753,0.023136361443820454,-0.13826377648478033,-0.047569239625004166,1,0.09069453685977616
0.014536303975169376,0.021265963580878955,-0.13529578464335337,-0.05193320740630788,1,0.08336257723704549
-0.0021485331175898903,0.021699269532243312,-0.15282990140078678,-0.06776876483439301,1,0.08506113656639377
0.003654942143756376,0.02188190949705316,-0.14738440047046783,-0.061607315242019435,1,0.0857770852284484
0.007548153690319179,0.026930325911906663,-0.1533860850970179,-0.04781920752234377,1,0.10556687757467413
0.02961793652861834,0.024497360787856873,-0.12654769061558113,-0.030518036327182196,1,0.09602965428839894
0.007495106035469629,0.02401165415897111,-0.14771853611611374,-0.053592851812947,1,0.09412568430316674
0.008585458833158172,0.02221519195953152,-0.1431071174075236,-0.056023564926160056,1,0.08708355248136354
0.01676802301077858,0.02101368782991028,-0.13256960513584556,-0.05019594884259728,1,0.08237365629324828
0.04152246705481781,0.0223570173437894,-0.11044808693900943,-0.02280857895135497,1,0.08763950798765446
0.01710873231135837,0.023525409045276734,-0.13715186941738403,-0.044932265959899235,1,0.09221960345748478
0.002438323463326675,0.021865761617492395,-0.1485693693069584,-0.06285558376638824,1,0.08571378554057017
0.038554529476665225,0.02328542330952611,-0.11523570021000595,-0.023956840836663607,1,0.09127885937334235
-0.001883932724211404,0.02195097397070089,-0.15305864170678515,-0.06701082374163767,1,0.08604781796514749
0.04119709950012668,0.02644035367568956,-0.11877679370422486,-0.015130607295521792,1,0.10364618640870307
-0.030896086858319863,0.02365598747198201,-0.1854126223034046,-0.09268115141323513,1,0.09273147089016948
-0.0014696642736735516,0.026876935495141203,-0.1622992578441503,-0.0569416707031968,1,0.1053575871409535
0.006294385267405778,0.0232195333197064,-0.14736670003921876,-0.056346129425969685,1,0.09102057061324907
0.021519350365467177,0.02292423146542458,-0.131562943306765,-0.04169995596230065,1,0.08986298734446434
-0.0010571494275289223,0.021141990995545226,-0.15064625177879756,-0.06776964707626029,1,0.08287660470253727
0.027046598806364452,0.02148016667104169,-0.12320532786887727,-0.03900307451839384,1,0.08420225335048342
0.0010671184929958721,0.02130808014421116,-0.148847518589658,-0.06531984442435027,1,0.08352767416530774
0.008683922642324149,0.02072567118880441,-0.1400891928877325,-0.05884456182761921,1,0.08124463106011329
0.030796077344241404,0.020709399265563647,-0.11794514521626334,-0.03676430009525385,1,0.08118084512100948
0.018758987770539443,0.01980504397999774,-0.12820969843025615,-0.05057392602866499,1,0.07763577240159115
-0.018323624121540025,0.020672084471071075,-0.16699170968483934,-0.08595713855824072,1,0.08103457112659862
-0.022060271544975543,0.021964106029072335,-0.17326071936195733,-0.08716142372799376,1,0.08609929563396357
0.021606428056218152,0.022159690651629017,-0.12997736562097473,-0.04311137826658898,1,0.08686598735438575
-0.004943156068840368,0.022344938570069375,-0.15689003566617635,-0.0692978764715044,1,0.08759215919467195
-0.016571093823236155,0.023623024543995397,-0.17102302192946714,-0.07842076571700518,1,0.09260225621246196
-0.03338684742410365,0.021718613939116633,-0.18410613074477225,-0.09896916410343506,1,0.08513696664133719
0.026523111166384353,0.02259902899040132,-0.12592178565480225,-0.037333592012429064,1,0.08858819364237319
-0.002272937878431941,0.024843379885415587,-0.15911676245384648,-0.061730713303017395,1,0.09738604915082909
0.026590719502534166,0.02102648077449341,-0.12277198281547291,-0.04034817817945876,1,0.08242380463601415
-0.011335739974188824,0.0203789242679004,-0.1594292315392736,-0.07954384840910406,1,0.07988538313016955
0.028945640393347016,0.022018753893394027,-0.12236191723770529,-0.0360484019756007,1,0.0863135152621046
-0.010704278877680731,0.021716948046446763,-0.16142029704871638,-0.07628986070664509,1,0.08513043634207129
0.008485456141437711,0.02007370084226203,-0.13900979750939588,-0.06032089020772871,1,0.07868890730166717
0.038029638398290364,0.024138756500954577,-0.11743312434358061,-0.02280919885983867,1,0.09462392548374193
0.006311032734166944,0.026031667667432482,-0.15286183589400074,-0.050817698637665394,1,0.10204413725633535
-0.021749115107304415,0.022618601221012852,-0.17423237350048962,-0.08556745671411922,1,0.0886649167863704
0.0007264258671798168,0.022337923355000615,-0.1512067039086214,-0.06364204435701898,1,0.08756465955160242
-0.0017374493446407901,0.02517487187601258,-0.15923099822162545,-0.06054550046765614,1,0.09868549775396931
0.02829816294743924,0.02305351508074641,-0.12503752661082373,-0.0346677474942978,1,0.09036977911652594
-0.02147973006704408,0.020620996234793715,-0.17004768268723977,-0.0892133774468484,1,0.08083430524039137
0.005661158847907813,0.025612303767508247,-0.15268975653640837,-0.05228952576777603,1,0.10040023076863235
0.02183654946507116,0.023138374980201184,-0.13166546549612318,-0.04096303557373453,1,0.09070242992238865
0.026493599790608793,0.021146275101986616,-0.12310389940928498,-0.04021050100949745,1,0.08289339839978754
-0.015711825093365522,0.021038452749082986,-0.16509799248156817,-0.08262725770516288,1,0.08247073477640529
0.021007916813501573,0.031023424196176704,-0.14794879461100477,-0.026336971761992095,1,0.12161182284901267
-0.018877267316848037,0.02269741828523793,-0.1715150071559144,-0.0825411274777817,1,0.0889738796781327
0.04163687110965683,0.02166065058511294,-0.10896880403716454,-0.02405905374352181,1,0.08490975029364273
0.014531117373148758,0.021438638287749823,-0.1356394136708409,-0.0515999515828616,1,0.0840394620879793
0.038496863082266436,0.022123847512833833,-0.11301667804288788,-0.026291195792579256,1,0.08672548225030863
-0.0040155180396143075,0.02269927991933489,-0.1566569066815107,-0.06767572939771793,1,0.08898117728379276
-0.0220581874581839,0.02445236988318248,-0.17813563242922156,-0.08228234248714625,1,0.09585328994207531
0.06002801107506847,0.02240334612278592,-0.09203334732559193,-0.004212230524271131,0,0.08782111680132079
0.001840776037879549,0.02261514544725738,-0.15063570903874493,-0.06198433888549599,1,0.08865137015324895
0.039679216106863285,0.02068630320861116,-0.1090167381820146,-0.027926429604258847,1,0.08109030857775576
0.012359762089603293,0.022766847368746648,-0.14041405875314014,-0.05116801706765328,1,0.08924604168548686
-0.00032558393776523087,0.023482796503946444,-0.15450266508550026,-0.06245010279003021,1,0.09205256229547004
-0.005316938755033626,0.02233513731389952,-0.1572446078902767,-0.06969086961979057,1,0.08755373827048613
0.026098525457132066,0.021674161284204775,-0.1245336306599093,-0.03957091842582658,1,0.08496271223408272
0.03465376730016567,0.02218972141473611,-0.1169888866727171,-0.030005178726951562,1,0.08698370794576554
0.02171900042453591,0.019569491381980348,-0.12478800268414558,-0.04807559646678262,1,0.07671240621736297
0.012818148532151269,0.021521150681040366,-0.13751410680268786,-0.05315119613300962,1,0.08436291066967824
0.038664645525411157,0.02288097092043867,-0.11433285747864864,-0.024639451470529053,1,0.08969340600811959
0.03895784861285266,0.022604196297736755,-0.11349717613071139,-0.024888726643583305,1,0.0886084494871281
0.01696122730090728,0.022095730049048093,-0.134497203595227,-0.04788194180295846,1,0.08661526179226853
0.04346790157115654,0.02184191263662843,-0.10749304719663519,-0.021872749661051745,0,0.08562029753558345
-0.03024370869773975,0.022370007800991742,-0.18223972398768357,-0.09454929340779594,1,0.08769043057988762
0.02246898347942715,0.025151636600489295,-0.1349790242575319,-0.03638460878361384,1,0.09859441547391805
0.005197839239970595,0.021560825558087592,-0.1452121788538811,-0.06069374266617773,1,0.08451843618770337
0.01410653668207383,0.02435654997294738,-0.14178310126490304,-0.04630542537094931,1,0.09547767589395373
0.022378418876231543,0.023039492401649257,-0.130929786231001,-0.04061497601653592,1,0.09031481021446507
-0.031355840423614015,0.02676396318809527,-0.19196400827228075,-0.0870492725749473,1,0.10491473569733345
0.024947374842608158,0.02530577924720942,-0.1328027524819223,-0.03360409783286138,1,0.09919865464906091
-0.005860524226803776,0.021335911900833542,-0.15582971155243752,-0.07219293690117004,1,0.08363677465126748
0.010380227815604645,0.020998908101624632,-0.13892843206357963,-0.05661271230521108,1,0.08231571975836854
0.034616590393003105,0.02003668029654792,-0.11280610298823082,-0.03426231622576298,1,0.07854378676246784
-0.01254826152900669,0.023818934375390656,-0.16738417290477237,-0.07401395015324101,1,0.09337022275153135
-0.01781900946252994,0.02547067425066321,-0.17589233099382984,-0.07604728793123006,1,0.09984504306259978
0.03160094597969197,0.024383750122649293,-0.12434200426070065,-0.02875770377991542,1,0.09558430048078523
0.005039838834148561,0.021217198200024486,-0.14469666963789943,-0.061525252693803455,1,0.08317141694409597
0.005747971043180158,0.021479933892612987,-0.1445034993863413,-0.060302158527298394,1,0.0842013408590429
-0.008246993423037627,0.02110598263013814,-0.1577655193781084,-0.07503006746796688,1,0.08273545191014152
0.010837141256744676,0.025107915168751316,-0.14652517247400793,-0.04810214501250275,1,0.09842302746150518
-0.027482950865569303,0.021364088607082377,-0.17750736453545077,-0.09376013719568785,1,0.08374722733976292
0.016802922499910194,0.023152824380857792,-0.1367274132865711,-0.045968341713608536,1,0.09075907157296256
0.02422592444319438,0.02356836322816111,-0.1301188674840014,-0.03773088362960985,1,0.09238798385439154
-0.014258826162663718,0.02184962948995239,-0.16523489996297042,-0.07958435236235703,1,0.08565054760061339
-0.0005004576269486832,0.023136961434036304,-0.15399970203765984,-0.06330281321623754,1,0.0906968888214223
-0.0023602067647125052,0.021223322610917576,-0.15210871908211096,-0.06891329444731406,1,0.0831954246347969
-0.006294844290151896,0.0274592337630584,-0.16826574246574638,-0.060625546114557435,1,0.10764019635118895
0.015321304569765368,0.02204766204093248,-0.1360429130304623,-0.04961607783000698,1,0.0864268352004553
0.025727359589921214,0.023067288071749594,-0.12763532503070799,-0.03721155578944959,1,0.09042376924125839
0.009897947037050853,0.023257208403008985,-0.14383698143284676,-0.052668724493051544,1,0.09116825693979522
0.02983583733574649,0.021772519988895216,-0.12098910184248814,-0.035640823486018894,1,0.08534827835646924
0.015644719024222695,0.02881434437008304,-0.14898219594114007,-0.036029966010414555,1,0.11295222993072551
0.015580839104544247,0.021131541549681988,-0.13398778233283246,-0.05115213945807906,1,0.0828356428747534
0.013354780570406968,0.02100996225815706,-0.13597554545558088,-0.053616493403605206,1,0.08235905205197568
0.03541683170764055,0.0227760326846173,-0.11737499235420935,-0.02809294423050955,1,0.0892820481236998
-0.023521336862642864,0.029704306354810025,-0.18989257731807052,-0.07345169640721522,1,0.1164408809108553
0.03897019060411348,0.02427796039634409,-0.11676541177272094,-0.021595807019052102,1,0.09516960475366884
0.0033665307825100493,0.02119635460120566,-0.14632912423585304,-0.06323941419912688,1,0.08308971003672616
0.017666179964894446,0.023799045352890784,-0.1371307489267715,-0.04383849114343962,1,0.09329225778333186
-0.03109700812279391,0.027334219429615055,-0.19282287820483943,-0.0856727380407484,1,0.10715014016409102
0.025248190338602858,0.024459959774295992,-0.1308441308190173,-0.03496108850377701,1,0.0958830423152403
0.017111173517140088,0.0266315271795268,-0.14323741975473245,-0.03884183321098739,1,0.10439558654374506
-0.022525549526813224,0.027072937859544222,-0.18373930773151992,-0.07761339132210655,1,0.10612591640941337
0.0017018635025062845,0.021344943939858224,-0.14828502661961585,-0.0646128463753716,1,0.08367218024424425
