bias,std,lcl,ucl,cover,cld
-0.02018814673819326,0.021674969787493458,-0.17082188752168043,-0.08585600595470609,1,0.08496588156697434
-0.018304876107322163,0.02338550123002742,-0.1722912585181759,-0.08062009369646843,1,0.09167116482170747
-0.019165582453240862,0.02013869572592918,-0.16678822607606206,-0.08784453883041968,1,0.07894368724564238
-0.02659137488279957,0.02006524404079088,-0.1740700532027497,-0.09541429656284944,1,0.07865575663990027
0.026119734893250784,0.020439152446008,-0.1220918039009249,-0.04197032631257354,1,0.08012147758835136
-0.03775981044367836,0.02122066384894354,-0.1875031115876077,-0.10431810929974902,1,0.08318500228785869
-0.05363587919551617,0.027655713626757762,-0.2159918779039614,-0.10758148048707096,1,0.10841039741689044
0.038385952928103026,0.021909851158780868,-0.11270815534310748,-0.02682153880068648,1,0.085886616542421
-0.04527140650038804,0.0335264424650117,-0.21913403373181095,-0.08771037926896512,1,0.13142365446284582
0.005538761343470769,0.02056382904253703,-0.14291714357990182,-0.062306933733156655,1,0.08061020984674516
-0.005808308044568625,0.02196484665796331,-0.1570102074941767,-0.07090800859496055,1,0.08610219889921616
-0.010024246527302605,0.020016790663866146,-0.15740795622848025,-0.07894213682612497,1,0.07846581940235528
-0.06116520868421706,0.02164933360160312,-0.21174870254335917,-0.12688331482507495,0,0.08486538771828422
-0.014255626296313287,0.021556585282572302,-0.164657333450155,-0.08015551914247157,1,0.08450181430768344
-0.02296937082115373,0.0279178253027154,-0.18583910841447593,-0.07640123322783154,1,0.10943787518664438
-0.01835627563946997,0.02845638152253531,-0.18228158342363918,-0.07073256785530077,1,0.1115490155683384
0.015809278780896094,0.020744540694813147,-0.13300082098093768,-0.051682221457270146,1,0.08131859952366755
-0.014574534235727618,0.020055658982277888,-0.16203442584099229,-0.08341624263046296,1,0.07861818321052932
-0.002970411250657584,0.020979268893002254,-0.152240578280942,-0.07000184422037317,1,0.08223873406056884
0.004641118016787696,0.0201472858452126,-0.142998362239829,-0.06402100172659561,1,0.0789773605132334
-0.04261528107221442,0.020637630036203645,-0.19121583594317357,-0.11031632620125528,0,0.08089950974191829
-0.03989864553760171,0.026030704151408977,-0.19906962567436332,-0.09702926540084011,1,0.1020403602735232
-0.017364613443342572,0.02246670615598547,-0.1695501575090741,-0.08148066937761106,1,0.08806948813146304
-0.008270648532065286,0.022260141221636054,-0.16005132532647195,-0.07279157173765863,1,0.08725975358881333
-0.08452979157309277,0.03318195172522139,-0.2577172169545267,-0.12764396619165885,0,0.13007325076286785
-0.007685520543123672,0.020296360997372694,-0.15561718809797415,-0.0760554529882732,1,0.07956173510970095
0.007612587548328914,0.02536041435156184,-0.1502446245807323,-0.05083180032260989,1,0.0994128242581224
0.00643786808013877,0.027838492075367035,-0.15627637638758063,-0.04714948745214185,1,0.10912688893543879
-0.03683569677740432,0.02499508540590315,-0.1939768641729745,-0.09599612938183416,1,0.09798073479114033
-0.03512832978483442,0.027613947770067284,-0.1974024674141663,-0.08915579215550254,1,0.10824667525866377
-0.015568552262835891,0.020475839775388385,-0.16385199822259713,-0.08358670630307466,1,0.08026529191952247
-0.030323991883869486,0.019714788929920634,-0.17711577818651392,-0.09983380558122505,1,0.07728197260528887
-0.03332642190792316,0.02936180399648385,-0.1990263577410315,-0.08392808607481483,1,0.11509827166621667
-0.02858091012851839,0.0210978338981593,-0.1780834645689106,-0.09537995568812617,1,0.08270350888078444
0.018393077956969123,0.019602253729608367,-0.12817813935306327,-0.05133730473299848,1,0.07684083462006479
-0.0068691417251098424,0.020016250064237347,-0.15425179185101506,-0.07578809159920465,1,0.07846370025181042
-0.0015373614315078304,0.029332750334912117,-0.16718035208793558,-0.05219597077508009,1,0.11498438131285549
-0.035267084239038335,0.024083723266601575,-0.19062198184157741,-0.09621378663649925,1,0.09440819520507816
-0.02950362717071707,0.03255294761690245,-0.20145820449984586,-0.07385064984158828,1,0.12760755465825757
0.010877378433544624,0.0215922263138696,-0.1395941851416398,-0.05495265799127097,1,0.08464152715036882
-0.0324784990446685,0.01943587009576175,-0.17872360443236154,-0.10253499365697546,1,0.07618861077538608
0.06146885616308465,0.025690162933185153,-0.09703466318595824,0.003670775512127543,0,0.10070543869808579
-0.009842056357918127,0.02076998198215561,-0.15870202104294312,-0.07728369167289315,1,0.08141832937004997
-0.0013561527252369948,0.020893673407406173,-0.1504585526037531,-0.0685553528467209,1,0.0819031997570322
-0.025005798294032225,0.02337796276453632,-0.17897740531252343,-0.08733579127554104,1,0.09164161403698239
-0.026641460139254378,0.019821303807351042,-0.17364201560166242,-0.09594250467684634,1,0.07769951092481608
-0.06279532558859698,0.026325095843868187,-0.22254331344257863,-0.11934893773461533,0,0.1031943757079633
-0.039385641795102275,0.022635662564808926,-0.19190234042212778,-0.10317054316807678,1,0.088731797254051
-0.007315532871554092,0.020591715266014644,-0.1558260947929428,-0.0751065709501654,1,0.08071952384277739
-0.01030196600812626,0.023231536194570256,-0.16398657694948396,-0.07291895506676857,1,0.09106762188271539
-0.009060950779185672,0.02141093267714392,-0.15917717882638777,-0.07524632273198359,1,0.08393085609440418
-0.03155620812873132,0.022000667996308395,-0.18282831740149577,-0.09658569885596688,1,0.08624261854552889
-0.013734835858479774,0.02110430455324651,-0.16325007278284293,-0.08052119893411663,1,0.08272887384872629
-0.024446451295401364,0.02372531446977572,-0.1790988676561618,-0.08609563493464095,1,0.09300323272152083
0.011551096491984422,0.021179739009723243,-0.13811199196707313,-0.055087415048958026,1,0.0830245769181151
-0.11230313679867059,0.0355449294646496,-0.2901219985493838,-0.15078587504795737,0,0.13933612350142643
-0.014200329715205698,0.020774033956819902,-0.1630682362705727,-0.0816340231598387,1,0.08143421311073401
0.014909179718245152,0.020327616995760786,-0.133083749593446,-0.05339949097006371,1,0.07968425862338227
-0.05053374293215822,0.028246040413697115,-0.21404678214300457,-0.10332230372131188,1,0.1107244784216927
0.005687794309510136,0.019634895678037802,-0.14094740121944396,-0.06397861016153578,1,0.07696879105790819
-0.012722977695117571,0.025815597340463046,-0.17147234848242515,-0.07027520690781,1,0.10119714157461515
-0.03560514547408468,0.021063845781350538,-0.18504108320553175,-0.10247080774263763,1,0.08257027546289412
-0.016866509329937593,0.023853018514026395,-0.17176922561742933,-0.07826539304244587,1,0.09350383257498346
-0.017034609179252605,0.020279597850430413,-0.16493342096609623,-0.08543739739240899,1,0.07949602357368724
-0.029032635338672716,0.02717751344323212,-0.19045136168740767,-0.08391550898993777,1,0.1065358526974699
-0.0595414823838417,0.02813275614046128,-0.22283248441914583,-0.1125520803485376,0,0.11028040407060823
-0.03817925190550768,0.023064005146611295,-0.19153550199286581,-0.10112460181814956,1,0.09041090017471626
-0.06885392528502078,0.03893674649887787,-0.25332074842282143,-0.10068870214722016,1,0.15263204627560129
-0.07193633606248061,0.039905164188375336,-0.2583012578716963,-0.10187301425326496,1,0.15642824361843133
-0.007358418322094121,0.04104480537946826,-0.19595703686585192,-0.03506139977833633,1,0.1608956370875156
-0.013007662644444348,0.020885420172266855,-0.1620938861820874,-0.08022303910680131,1,0.08187084707528608
-0.04802098162470632,0.02055373368865639,-0.19645709965447283,-0.1158864635949398,0,0.08057063605953303
-0.003329462541495923,0.02101362560506519,-0.1526669687274237,-0.07029355635556817,1,0.08237341237185553
-0.008575379951263312,0.02591701153757964,-0.16752352256491942,-0.06592883733760722,1,0.1015946852273122
-0.037900181855900814,0.02371950235180168,-0.1925412064654321,-0.09956075724636952,1,0.09298044921906258
-0.03766497395654016,0.020417345854616045,-0.1858337718315876,-0.10579777608149271,1,0.0800359957500949
-0.01527315526854428,0.03454016557643933,-0.1911226797983654,-0.055725230738723194,1,0.13539744905964218
-0.007500045546379452,0.020660547324293514,-0.15614551830199475,-0.07515617279076417,1,0.08098934551123058
-0.014939163488273052,0.019986957858492676,-0.1622644008909187,-0.08391552608562741,1,0.07834887480529129
-0.015380540826417294,0.020177681784537216,-0.16307959712411024,-0.08398308452872436,1,0.07909651259538589
-0.02939512608725002,0.02069794934059256,-0.17811390679481146,-0.0969779453796886,1,0.08113596141512286
-0.03588710152413584,0.02149199084975205,-0.18616220358964986,-0.10191359945862183,1,0.08424860413102803
-0.06945543082778101,0.03348216440836445,-0.24323127306817532,-0.11198118858738669,0,0.13125008448078862
-0.12387802535156413,0.040459529741423646,-0.3113295036447545,-0.1527281470583738,0,0.1586013565863807
-0.02484989207897899,0.01975798737754634,-0.17172634733896983,-0.09427503681898816,1,0.07745131051998166
-0.005269173130909521,0.02171006596232737,-0.15597170241707117,-0.07086824384474788,1,0.08510345857232329
0.005025595702067467,0.02015241990707629,-0.14262394731580208,-0.06362646128006301,1,0.07899748603573907
-0.042167079369355,0.020597126141663154,-0.19068824660701478,-0.10994751213169524,0,0.08074073447531954
-0.03377683153804177,0.024672972264135434,-0.19028665717574722,-0.09356860590033633,1,0.09671805127541089
-0.029681899707546713,0.027533939012216093,-0.19179922017149026,-0.08386617924360318,1,0.10793304092788708
-0.02242030649316655,0.021518977821267455,-0.17274830302285077,-0.08839390996348234,1,0.08435439305936843
0.010458519429557,0.020803981750062737,-0.13846808480056597,-0.056916476340320044,1,0.08155160846024592
-0.038169031217738694,0.022008346437813582,-0.1894561902358533,-0.10318347219962408,1,0.08627271803622923
-0.017708929529600917,0.01987668008845004,-0.164818022502963,-0.08690143655623885,1,0.07791658594672417
-0.03467605957937771,0.023226247498799788,-0.1883503046770253,-0.09730341448173013,1,0.09104689019529516
-0.06401993663464288,0.029387683035044673,-0.22977059538333044,-0.11457087788595532,0,0.11519971749737512
-0.05134380609378088,0.026486987084113987,-0.2114091007786443,-0.10758011140891746,1,0.10382898936972684
-0.0733719463947723,0.01925033868861531,-0.21925341022445832,-0.1437920825650863,0,0.07546132765937202
0.008719950706532559,0.01955774229310694,-0.13776402418795705,-0.06109767439897784,1,0.07666634978897921
0.032690881717619594,0.022308807522443692,-0.11918518102637005,-0.03173465553839078,1,0.08745052548797927
-0.018148116816220625,0.019973343997306783,-0.16544667105094193,-0.08715116258149933,1,0.07829550846944261
0.011501584388969643,0.022318625990780896,-0.14039372255296093,-0.052904708669099805,1,0.08748901388386113
0.001408541388219775,0.020019865195102352,-0.14598119439418084,-0.06750332282937963,1,0.07847787156480121
-0.0006215373287521836,0.021459998459950388,-0.15083393431025494,-0.06671074034724943,1,0.08412319396300551
-0.004409266869701445,0.019745589357102016,-0.1512614220096214,-0.0738587117297815,1,0.07740271027983989
-0.03314889777123885,0.020118562844661778,-0.18073208094677595,-0.10186731459570177,1,0.07886476635107419
-0.023364110934038076,0.020496820130208093,-0.17168867838924595,-0.09134114347883021,1,0.08034753491041574
-0.0048213210104169485,0.02076433267612783,-0.1536702130556275,-0.0722740289652064,1,0.0813961840904211
-0.021427852776812403,0.023051888818920716,-0.174760354861897,-0.08439695069172781,1,0.09036340417016919
-0.01374786336477496,0.019514085745145508,-0.16014627142526017,-0.08365105530428976,1,0.0764952161209704
-0.021600689143648613,0.020446417488740702,-0.1698264674215804,-0.08967651086571685,1,0.08014995655586354
-0.07069949997870141,0.024341849066537035,-0.226560324149114,-0.13114027580828883,0,0.09542004834082518
-0.03320566388599398,0.021356695235452625,-0.18321558654748113,-0.09949734122450685,1,0.08371824532297428
-0.02680147500034087,0.027567559269050402,-0.18898469116767966,-0.0809198588330021,1,0.10806483233467756
0.013011931873553956,0.02235608472854127,-0.13895679419438695,-0.05132094205850516,1,0.08763585213588179
-0.024090466307277972,0.01994094860883212,-0.17132552558058894,-0.09315700703396702,1,0.07816851854662192
-0.022646040946974352,0.02075578367611211,-0.1714781769521541,-0.09011550494179463,1,0.08136267201035946
-0.014528288056091493,0.034446003942694224,-0.19019325578377216,-0.05516492032841082,1,0.13502833545536136
0.006325184834592823,0.03616007811017966,-0.17269936826135932,-0.03095186206945505,1,0.14174750619190427
-0.039352058058883324,0.02726125905989661,-0.2009349258162807,-0.09407079030148596,1,0.10686413551479473
-0.007945231296825547,0.021056259171386097,-0.15736629927274232,-0.0748257633209088,1,0.08254053595183351
0.015448926052699999,0.02700307738115045,-0.14562790561435487,-0.03977584228024513,1,0.10585206333410974
-0.03355477142114126,0.02069002934774314,-0.1822580289427178,-0.10115311389956472,1,0.08110491504315309
-0.014028684549087941,0.03605887350308534,-0.19285487661513523,-0.05150409248304068,1,0.14135078413209456
0.04325781628574095,0.021991474593897598,-0.10799627391829836,-0.02178969351021976,0,0.0862065804080786
-0.021909907023388978,0.019800339734281736,-0.1688693729025812,-0.09125204114419677,1,0.07761733175838442
-0.011248226659778052,0.020800559078203242,-0.1601681224530564,-0.0786299308664997,1,0.08153819158655669
-0.03599349433341152,0.03127420338225104,-0.20544173296262355,-0.0828468557041995,1,0.12259487725842405
-0.013383859899141995,0.0194968517409346,-0.1597484893113738,-0.08332083048691019,1,0.07642765882446362
-0.017066265290852242,0.019851136063999957,-0.16412529197629216,-0.08630883860541233,1,0.07781645337087983
-0.056460307017982755,0.020272288085146445,-0.2043447916648698,-0.12487742237109573,0,0.07946736929377407
-0.032536613185252625,0.018950927140186313,-0.1778312303800178,-0.10354359599048746,1,0.07428763438953034
-0.028938792365156993,0.02054825876733905,-0.17736417954914152,-0.09681500518117246,1,0.08054917436796906
-0.007839718898403028,0.01992525766765067,-0.15504402392699834,-0.07693701386980772,1,0.07810701005719062
-0.021528699673694904,0.020946903986932466,-0.17073543148808254,-0.08862356785930728,1,0.08211186362877526
-0.03542629843047261,0.019824445235845266,-0.18243301109272933,-0.1047211857682159,1,0.07771182532451343
-0.03147706785425207,0.019266475851044827,-0.17739016052229994,-0.10186557518620422,1,0.07552458533609573
-0.024934032370218642,0.019336649068456037,-0.17098466454439248,-0.09518500019604481,1,0.07579966434834767
-0.017699841222269933,0.020439302615744333,-0.16591167434912885,-0.08578960809541104,1,0.0801220662537178
-0.009578532968199951,0.02155807360167292,-0.15998315722747888,-0.07547550870892103,1,0.08450764851855785
0.0072555636040136096,0.02084374330380168,-0.14174897327143768,-0.060041499520535106,1,0.08170747375090257
-0.03551344912892361,0.02222408027384648,-0.18722344646566272,-0.10010505179218451,1,0.0871183946734782
-0.052661119460949465,0.026620636063405485,-0.2129883661452242,-0.10863547277667472,0,0.10435289336854948
0.0005334175135286168,0.020516792997984788,-0.14783029676252157,-0.0674044682104212,1,0.08042582855210037
-0.027822045730074477,0.023235071395577872,-0.1815135856654071,-0.09043210579474185,1,0.09108147987066524
-0.03338364685066396,0.026329217026440338,-0.19313971222248702,-0.08992918147884091,1,0.10321053074364611
-0.013887619612252405,0.020837813297565032,-0.1628805336754799,-0.08119630554902495,1,0.08168422812645494
-0.04923660409804333,0.021720087038911037,-0.19995877469430895,-0.1148160335017777,0,0.08514274119253125
-0.017695237277273915,0.020856429760491107,-0.16672463960783648,-0.08496743494671136,1,0.08175720466112513
0.009820897221273217,0.02117905747808545,-0.13984085543577426,-0.056818950121679306,1,0.08302190531409495
-0.035260604329456505,0.023527133861726952,-0.18952458669844133,-0.09729822196047169,1,0.09222636473796963
-0.024415347739724105,0.019737791220269054,-0.17125221853145145,-0.09388007694799677,1,0.07737214158345468
-0.006741850898167451,0.020619350668617836,-0.15530657820865842,-0.07447872358767649,1,0.08082785462098194
-0.010974928982538407,0.02246694559607545,-0.1631609423508463,-0.07509051561423052,1,0.08807042673661578
-0.05430277572991053,0.030173156707586215,-0.22159296287677951,-0.10331418858304156,1,0.11827877429373795
-0.0018086700819483353,0.022351444906045407,-0.15376830209779735,-0.06615063806609935,1,0.087617664031698
-0.027322253998600096,0.021455490474073687,-0.17752581532778453,-0.09342029266941568,1,0.08410552265836885
-0.03153457941884365,0.023541954346892657,-0.18582760993875325,-0.09354314889893404,1,0.0922844610398192
-0.05488383477090576,0.029596443144348523,-0.22104366333382885,-0.10502560620798267,1,0.11601805712584619
-0.011734587928405024,0.02413364674057636,-0.1671873355399347,-0.07258344031687536,1,0.09460389522305934
-0.02588736770580012,0.020917286076344892,-0.17503604841543613,-0.09304028699616414,1,0.08199576141927199
0.013278560665566083,0.02028748239414981,-0.13463570482696754,-0.0551087738419003,1,0.07952693098506725
-0.011849140900075439,0.023656378488488138,-0.1663664427375122,-0.0736334390626387,1,0.0927330036748735
-0.043759302488699484,0.030550492283412382,-0.21178906736418776,-0.09203113761321122,1,0.11975792975097654
0.012885779098776515,0.024689818892717454,-0.1436570659309497,-0.04687297587149728,1,0.09678409005945243
-0.032906668082793564,0.0197642646467545,-0.1797954267904324,-0.10231950937515474,1,0.07747591741527765
-0.024270383168253487,0.020151195337719034,-0.1719175260301828,-0.0929248403063242,1,0.07899268572385859
-0.02324222345163847,0.021070914125550375,-0.1726920151377172,-0.09009403176555975,1,0.08259798337215746
-0.027425158845114164,0.020604252745684042,-0.17596029422665488,-0.09519162346357345,1,0.08076867076308143
-0.023468215900653525,0.021223311125986098,-0.1732167057075863,-0.09002132609372078,1,0.08319537961386551
-0.010716943991658776,0.022159080589701632,-0.16229954194747398,-0.07543594603584358,1,0.0868635959116304
-0.018124185796841816,0.02286164466555364,-0.17108380934132694,-0.08146616225235669,1,0.08961764708897026
0.0015309497577785935,0.024270570478019005,-0.15419016837913865,-0.05904953210530416,1,0.09514063627383448
-0.015654893937154996,0.022792730537390723,-0.16847944579044083,-0.07913194208386919,1,0.08934750370657164
-0.0449166408929217,0.02084911803995802,-0.19393171225123942,-0.11220316953460399,0,0.08172854271663543
-0.08629321275424974,0.03875739653760067,-0.2704085099679471,-0.11847951554055243,0,0.15192899442739466
-0.031530924224058524,0.022911158334093837,-0.18458759455888246,-0.09477585388923461,1,0.08981174066964785
-0.02238622665782143,0.02070336445872798,-0.17111562099692829,-0.08995843231871459,1,0.0811571886782137
-0.01780434245041264,0.021365856876995628,-0.16783222192932407,-0.08407806297150122,1,0.08375415895782284
-0.07794308054296874,0.0400723027534017,-0.2646355939396361,-0.10755216714630142,1,0.15708342679333467
-0.007623263786716614,0.01957874707484574,-0.1541484080534143,-0.07739971952001896,1,0.07674868853339532
-0.011281991771554548,0.02278674950859418,-0.16409482080839916,-0.07477076273470996,1,0.08932405807368919
-0.05757715079709526,0.0215204228323619,-0.20790797954852458,-0.12354792204566595,0,0.08436005750285863
-0.03625907847153696,0.02014884814697189,-0.18390162083960188,-0.10491813610347206,1,0.07898348473612982
-0.022468924926856884,0.02124341794570661,-0.17225682410044185,-0.08898262575327193,1,0.08327419834716993
-0.0416994906071962,0.019875105983420377,-0.18880549833470014,-0.11089508287969227,0,0.07791041545500788
-0.003267370441631362,0.023697744160775764,-0.15786574899675188,-0.06497059188651087,1,0.092895157110241
-0.017751454964203425,0.020116824669820645,-0.1653312313170519,-0.08647327861135497,1,0.07885795270569694
-0.0504094318602379,0.025463797061822904,-0.2084692741014108,-0.108651189619065,0,0.0998180844823458
-0.047816713955145765,0.039333585344232404,-0.2330613412298413,-0.07887368668045026,1,0.15418765454939104
0.012488795368466171,0.02094976862690453,-0.1367235511402667,-0.05460045812280096,1,0.08212309301746576
-0.02574147944073578,0.023058141968460164,-0.1790862376989177,-0.08869832118255386,1,0.09038791651636385
-0.06776119937907031,0.021888343959771978,-0.2188131535402234,-0.13301084521791723,0,0.08580230832230618
-0.01882519365123682,0.02035148271591548,-0.16686489977443117,-0.08708708752804248,1,0.07977781224638869
0.01992446025626285,0.020371502552248184,-0.1281544847461436,-0.048298194741330715,1,0.0798562900048129
-0.003580704812807034,0.020957130940097754,-0.15280748145539863,-0.07065552817021545,1,0.08215195328518318
-0.04222202003191526,0.02093138260537856,-0.19139832993845723,-0.10934731012537328,0,0.08205101981308395
-0.019684885660415305,0.021378811269382857,-0.1697381557484057,-0.08593321557242492,1,0.08380494017598078
-0.00958777461824098,0.021427789483292034,-0.15973704200549338,-0.07574010723098859,1,0.08399693477450479
-0.0656889159822422,0.030727470987561907,-0.23406555911786353,-0.11361387284662088,0,0.12045168627124266
-0.03982031155084996,0.021598539241510478,-0.1903042484642105,-0.10563797463748943,1,0.08466627382672108
-0.021435696207814672,0.02338408374184652,-0.17541930034183387,-0.08375369207379549,1,0.09166560826803838
-0.04957013141369383,0.02490989753592957,-0.20654433058411578,-0.1088975322432719,0,0.09764679834084389
0.025690814753324145,0.021176896533581395,-0.12396670245249539,-0.040953268040856326,1,0.08301343441163905
0.002207747180133987,0.02046459755778758,-0.1460536640331297,-0.06583244160660236,1,0.08022122242652734
-0.007000452712613403,0.02014146459034825,-0.15462852330969598,-0.07567398211553084,1,0.07895454119416515
-0.02992417938021781,0.02374167617760791,-0.18460866468832932,-0.09154129407210632,1,0.093067370616223
-0.06604166884918132,0.0200114976408259,-0.2134150042252001,-0.13496993347316255,0,0.07844507075203755
-0.012890100438452914,0.01984367859546606,-0.1599345104855664,-0.08214729039133944,1,0.07778722009422695
-0.025252232379454634,0.02118927231745013,-0.17493400612165688,-0.09187205863725238,1,0.0830619474844045
-0.011348366311270688,0.02059549579544313,-0.15986633807033923,-0.07913199455220216,1,0.08073434351813707
0.018452104998738464,0.02027772449212739,-0.12944303500583124,-0.049954354996691853,1,0.07948868000913939
-0.02832097590122855,0.027322441847459106,-0.1900237619222484,-0.0829197898802087,1,0.1071039720420397
0.007544339695101918,0.020759496863236315,-0.14129507415684125,-0.05991784645295491,1,0.08137722770388633
-0.05091350800493537,0.027600615147410374,-0.21316151369385972,-0.10496710231601104,1,0.10819441137784867
-0.009713404632960068,0.020627445407289953,-0.15829399763124838,-0.07743441163467177,1,0.08085958599657661
0.013122788714850439,0.021296481329463855,-0.13676911469089872,-0.053286907879400415,1,0.08348220681149832
-0.051792680307196096,0.02281067339853932,-0.20465240016833317,-0.11523456044605904,0,0.08941783972227413
-0.011207614091027232,0.019717160635684853,-0.15800404893696957,-0.08071277924508492,1,0.07729126969188464
-0.00043024839715304075,0.020316650652853617,-0.14840168367674614,-0.06876041311755995,1,0.07964127055918618
0.011340165867263025,0.026912650413724794,-0.14955942894363758,-0.04406183932183638,1,0.1054975896218012
-0.026575568177570272,0.019854595013948963,-0.17364137440491023,-0.09581136195023031,1,0.07783001245467992
0.0012102397181823904,0.022028876292283617,-0.1501171578146935,-0.06376396274894172,1,0.08635319506575179
-0.005476711224952385,0.020048935671976742,-0.1529234251420268,-0.07433159730787797,1,0.07859182783414884
-0.04513630805885348,0.039523483320984355,-0.2307531353679828,-0.07582108074972414,1,0.15493205461825865
-0.039072851512176335,0.026804717766580884,-0.19976089833467486,-0.09468640468967782,1,0.10507449364499705
-0.060266124912169636,0.03843065982580072,-0.24374101817073907,-0.09309283165360023,1,0.15064818651713885
-0.00201525277796899,0.02198914723506068,-0.15326478135868793,-0.06706732419725006,1,0.08619745716143787
0.015741369195058197,0.019968202599783293,-0.13154710790051705,-0.05327175370936656,1,0.07827535419115049
-0.016184748659687373,0.021094162180390237,-0.16568010653325224,-0.08299099078612251,1,0.08268911574712973
-0.028535590280620485,0.021887605896644513,-0.17958609783804375,-0.09378668272319725,1,0.0857994151148465
-0.029710407744932124,0.029881687154290265,-0.19642931456734106,-0.0792931009225232,1,0.11713621364481785
-0.05767888783126822,0.023034166370333144,-0.21097665391712117,-0.12068272174541526,0,0.0902939321717059
-0.08304099576598493,0.03939084676196302,-0.26839785541943245,-0.11398573611253741,0,0.15441211930689502
-0.04458982917095401,0.018896540935323655,-0.18977784940418838,-0.11570340893771966,0,0.07407444046646872
0.015806031554820674,0.021250211384075186,-0.13399518275796668,-0.05069435413239197,1,0.08330082862557471
-0.019685352078496712,0.019416175888688228,-0.16589185682032564,-0.08978044733666779,1,0.07611140948365785
-0.008777559435214091,0.02073021911530718,-0.15755958890121619,-0.07629712996921202,1,0.08126245893200416
0.028207116180981012,0.0202324048627131,-0.11959919734993668,-0.04028817028810131,1,0.07931102706183538
0.021507674474429,0.02079973918375542,-0.12741061432573164,-0.04587563672541038,1,0.08153497760032126
-0.016545892342123822,0.0224483286452954,-0.1686954164869028,-0.08069796819734484,1,0.08799744828955797
0.009222698267442264,0.0200109528134758,-0.1381495692469703,-0.05970663421814518,1,0.07844293502882513
-0.0076885730065539,0.02016904077024365,-0.15537069291623146,-0.07630805309687635,1,0.0790626398193551
0.006842175020723762,0.02224958180778162,-0.1449178053225282,-0.05769944463602427,1,0.08721836068650393
-0.016708930140668904,0.019802822421840255,-0.16367326208747582,-0.086046198193862,1,0.07762706389361382
-0.004798637382618265,0.020332354755837417,-0.1528008527040596,-0.07309802206117694,1,0.07970283064288267
-0.0022429680751300807,0.02043458001685294,-0.15044554490816184,-0.07034199124209833,1,0.0801035536660635
-0.03588073402074961,0.020998386089838048,-0.1851883707568322,-0.10287469728466704,1,0.08231367347216516
0.015228090313635548,0.021129467427971428,-0.13433646584518846,-0.05150895352754046,1,0.08282751231764801
-0.014523227333928981,0.02245155091831792,-0.1666790671338321,-0.07866898753402587,1,0.08801007959980622
-0.01671578251052326,0.02078852018794095,-0.16561208207888753,-0.084121082942159,1,0.08149099913672853
-0.04908722909903544,0.019775253074184488,-0.19599752512443705,-0.11847853307363385,0,0.0775189920508032
-0.04923504150042203,0.030231343468559678,-0.216639274698799,-0.09813240830204506,1,0.11850686639675395
-0.030456589041459883,0.02019347817441569,-0.17818660626331465,-0.09902817181960513,1,0.07915843444370951
0.0013285666552440983,0.02136959858682882,-0.1487066465749404,-0.06493782011457142,1,0.08376882646036898
-0.022128776573581713,0.02152477110097359,-0.17246812793148997,-0.08809102521567348,1,0.08437710271581648
-0.032488646841695126,0.022880274190534785,-0.1854847842551433,-0.09579410942824695,1,0.08969067482689635
-0.046691150517857036,0.0197017414615736,-0.1934573637825413,-0.11622653725317278,0,0.07723082652936852
-0.0024749569398750254,0.02058536846369249,-0.1509730791287123,-0.07027843475103776,1,0.08069464437767454
-0.01171331300121807,0.02208874235059107,-0.16315804800837658,-0.07657017799405957,1,0.086587870014317
0.0019257716808769032,0.021431936600944997,-0.1482316240569753,-0.06421843258127091,1,0.08401319147570438
-0.00629847161835588,0.020745638877242758,-0.1551107238177517,-0.07378781941896008,1,0.08132290439879163
-0.004514456417298529,0.025762679238963776,-0.16316010772566752,-0.06217040510892954,1,0.10098970261673798
-0.002114886089800566,0.021297416183133615,-0.15200862180874247,-0.06852275037085868,1,0.08348587143788379
-0.023469543056669748,0.020755228108299658,-0.1723005901489371,-0.09094009596440242,1,0.08136049418453467
-0.051399093679894356,0.022122534744480643,-0.20291006177907642,-0.1161897255807123,0,0.08672033619836411
-0.010400351552934783,0.021124757372592874,-0.1599556760032168,-0.07714662710265276,1,0.08280904890056405
-0.05908968075610542,0.020192613281278426,-0.20681800278741114,-0.1276629587247997,0,0.07915504406261142
-0.02232217687794953,0.02267341723738591,-0.17491287466322591,-0.08603307909267316,1,0.08887979557055276
-0.027134936453489064,0.021927177864164617,-0.17826300506725173,-0.09230846783972642,1,0.08595453722752532
-0.00603882365032915,0.02002711541198686,-0.1534427698578234,-0.07493647744283491,1,0.0785062924149885
-0.0011040500441678869,0.020882886828450662,-0.1501853082279312,-0.06832439186040459,1,0.0818609163675266
-0.004473824928285977,0.03267852703607158,-0.1766745379189863,-0.04857471193758568,1,0.12809982598140063
-0.03728383095662592,0.01975519793287325,-0.1841548189050575,-0.10671444300819435,1,0.07744037589686315
-0.007310509903949963,0.021310062882061772,-0.15722903315279105,-0.07369358665510889,1,0.08353544649768216
-0.036785639204772805,0.020693644399540523,-0.18549598222787222,-0.1043768961816734,1,0.08111908604619883
-0.04072226818521345,0.02392447599137453,-0.19576504112830753,-0.10198109524211937,1,0.09378394588618816
-0.006692050326685628,0.04047749922153435,-0.19417874880089295,-0.03550695185247832,1,0.15867179694841463
-0.050239093367753104,0.021859945011551536,-0.2012353855903941,-0.11554440114511211,0,0.085690984445282
0.008756149859557513,0.02170699784953212,-0.14194036592552545,-0.05684893435535954,1,0.08509143157016591
-0.02585228843186195,0.019250191974649257,-0.1717334647021745,-0.09627271216154941,1,0.07546075254062508
-0.03304415151504915,0.01939786110680365,-0.1792147592843843,-0.103175143745714,1,0.0760396155386703
-0.02440920710778742,0.020825905047321687,-0.17337878100053794,-0.09174123321503691,1,0.08163754778550103
-0.0301800096580518,0.03694259057051287,-0.21073828717625703,-0.06592333213984658,1,0.14481495503641045
0.0030137534820136314,0.019894316185833698,-0.1441299062422204,-0.06614418679375234,1,0.07798571944846808
-0.005349853506612268,0.021418167001895843,-0.15548026083032812,-0.07152104618289643,1,0.0839592146474317
-0.025943200568160393,0.020849498372240927,-0.1749590173777526,-0.09322898375856818,1,0.08173003361918442
-0.006304992230090331,0.019666707677738985,-0.15300253927845875,-0.07590904518172192,1,0.07709349409673683
-0.02377375580623732,0.019936247908838533,-0.17099960170756084,-0.09284950990491381,1,0.07815009180264704
-0.0017075394061450422,0.022773260730147116,-0.1544939304372334,-0.0652227483750567,1,0.08927118206217668
-0.0036382471562027285,0.021261629661014105,-0.15346184129179039,-0.07011625302061508,1,0.0833455882711753
-0.03769815269525455,0.022409042282279676,-0.18977067556852273,-0.10192722982198639,1,0.08784344574653634
0.001632314306632604,0.020241301710002074,-0.14619143704497145,-0.06684553434176334,1,0.07934590270320811
-0.08714997159466804,0.0417185032742081,-0.2770690380121159,-0.11353250517722017,0,0.16353653283489572
-0.021078955269426672,0.020646793012460155,-0.16969746957384857,-0.08876204096500478,1,0.08093542860884378
-0.009443805941212718,0.019400016450313563,-0.15561863818382732,-0.07957057369859814,1,0.07604806448522917
-0.011985600145978506,0.0198292887207371,-0.15900180603862324,-0.0812709942533338,1,0.07773081178528944
-0.05681940497377412,0.03861888104359664,-0.24066321181922354,-0.08927719812832471,1,0.15138601369089882
0.008627782966004832,0.021003222077893565,-0.14068933230666655,-0.058356701761323786,1,0.08233263054534276
-0.03888824273811141,0.02814398732534746,-0.20220125789579244,-0.09187682758043039,1,0.11032443031536204
-0.020961238829105985,0.029794440509865298,-0.18750914222844198,-0.07071493542977,1,0.11679420679867197
0.0031142259135911177,0.022765038892446784,-0.14965605031560458,-0.06041709785721319,1,0.08923895245839139
-0.029061333364973865,0.019932236046418868,-0.17627931601595487,-0.09814495071399289,1,0.07813436530196198
-0.01585620815297209,0.02086966689981076,-0.16491155527660117,-0.08310246102934302,1,0.08180909424725816
-0.028602739868315172,0.025939955600373116,-0.18759585284504648,-0.08591122689158387,1,0.10168462595346262
-0.026580962479778966,0.020647867009306847,-0.1752015818180204,-0.09426194314153755,1,0.08093963867648285
-0.00572425447239662,0.02739739582160335,-0.1675739502827392,-0.060176158662054065,1,0.10739779162068513
-0.025236317015944684,0.020953994103656243,-0.17445694545911092,-0.09231728857277846,1,0.08213965688633246
-0.03164457161473776,0.019799473227484325,-0.17860233914060702,-0.10098840408886849,1,0.07761393505173854
-0.021005117914278407,0.020071068104473743,-0.16849521139904694,-0.08981662442950988,1,0.07867858696953706
-0.01871160777967497,0.02349622742026707,-0.17291501352339844,-0.08080980203595152,1,0.09210521148744692
-0.03695196369782759,0.023074225034823825,-0.1903282447660823,-0.0998772826295729,1,0.09045096213650938
-0.0014225465410897392,0.020153163586052285,-0.1490735471697522,-0.07007314591242728,1,0.07900040125732494
0.006079176586555893,0.02043564400053025,-0.1421254856544834,-0.062017761172404824,1,0.08010772448207859
-0.059382597725096284,0.02184446021087183,-0.21034853973840506,-0.1247182557117875,0,0.08563028402661756
-0.004769396983036689,0.02007075517623026,-0.152258877128448,-0.07358151683762539,1,0.0786773602908226
-0.03369470826582906,0.023848065573793174,-0.18858771679046368,-0.09510329974119444,1,0.09348441704926924
0.0008379385609111889,0.02531951346069769,-0.15693910782205628,-0.05768661505612135,1,0.09925249276593492
-0.009203198440113664,0.020802375175924308,-0.1581266537849253,-0.07658134309530203,1,0.08154531068962327
-0.09877415264645094,0.043456799957005694,-0.29210028056218207,-0.12174962473071979,0,0.17035065583146228
0.03611043783431643,0.022568273300972566,-0.1162741778355898,-0.027806546495777344,1,0.08846763133981245
-0.011890374125764214,0.020087194973172965,-0.15941207627318324,-0.0806702719783452,1,0.07874180429483804
-0.017673511933448474,0.02302720841001302,-0.170957640417074,-0.08069098344982295,1,0.09026665696725106
-0.04840877907173517,0.019592763717001863,-0.19496139595705883,-0.11815776218641152,0,0.0768036337706473
-0.06397651711355433,0.04547276060572728,-0.26125392790077984,-0.08300070632632886,1,0.17825322157445098
0.0062725050322682135,0.022506257120806786,-0.1459905589245131,-0.05776603101095049,1,0.08822452791356261
-0.0034025808990581913,0.021445748781412456,-0.1535870485106266,-0.06951971328748979,1,0.08406733522313681
-0.02594571858086643,0.02123860750905115,-0.1757241892986067,-0.09246884786312617,1,0.08325534143548052
-0.038271992069458735,0.02316480630471153,-0.19182581242669333,-0.10101977171222415,1,0.09080604071446918
-0.0073544064818977795,0.034625297908844076,-0.18337079038323217,-0.047639622580563395,1,0.13573116780266878
-0.02001926421403223,0.022220849523835868,-0.17172292928075053,-0.08461719914731394,1,0.08710573013343659
0.007169341415978331,0.01970581088751228,-0.13960484792354574,-0.062358069244497605,1,0.07724677867904814
-0.008471203656681858,0.02751007384284733,-0.17054174838866262,-0.0627022589247011,1,0.10783948946396152
-0.02287313517183788,0.020508887777978997,-0.17122135521667672,-0.09082651512699905,1,0.08039484008967768
-0.00015530627631017702,0.023282395606405295,-0.15393960166486456,-0.0626726108877558,1,0.09126699077710876
-0.011671033315906479,0.01946480019409685,-0.1579728416963363,-0.08167082493547666,1,0.07630201676085964
-0.006673294654712961,0.01966129413500951,-0.15336023115933162,-0.07628795815009433,1,0.07707227300923729
-0.019891496966027586,0.020544211862338697,-0.16830895221621145,-0.08777564171584375,1,0.0805333105003677
-0.03358695384179376,0.0200650925834548,-0.18106533530536517,-0.10241017237822236,1,0.07865516292714281
0.020482953550621297,0.024040791217766474,-0.134787797236201,-0.04054789566255642,1,0.09423990157364456
-0.023758134507142273,0.020881128489940226,-0.1728359463474251,-0.09098192266685944,1,0.08185402368056567
0.008528964408417064,0.02090186616516717,-0.1405894932753106,-0.05865417790785529,1,0.0819353153674553
-0.027390024903699947,0.02016015190291184,-0.17505472263340716,-0.09602692717399275,1,0.07902779545941441
-0.04271598244266821,0.019637179241618088,-0.18935565375623967,-0.11237791112909676,0,0.07697774262714291
-0.043293126403858614,0.036384888256148586,-0.22275830738590985,-0.08012954542180739,1,0.14262876196410246
-0.004367324637384415,0.01984940612425258,-0.15142296064091948,-0.07361328863384936,1,0.07780967200707012
-0.019751738049758202,0.021224697497315148,-0.1695029451444959,-0.08630213095502051,1,0.08320081418947539
-0.0632762567661364,0.03201325099617719,-0.2341730287186437,-0.1086810848136291,0,0.1254919439050146
0.006407624947510501,0.0234404565264388,-0.14768646984430955,-0.055799880260669454,1,0.0918865895836401
-0.04224934569133666,0.02113988525689965,-0.19183432079485999,-0.10896597058781335,0,0.08286835020704664
-0.03207333364865218,0.020748250517982243,-0.1808907046638974,-0.099557562633407,1,0.0813331420304904
-0.017441766967654967,0.020705138125826524,-0.16617463769427496,-0.08501049624103499,1,0.08116414145323997
0.003446761727363884,0.022598258352334588,-0.14899662464321192,-0.06041145190206033,1,0.0885851727411516
0.01609468142730111,0.023549153447920138,-0.13821245933062237,-0.04589977781477542,1,0.09231268151584696
-0.01772267900372236,0.020580160798630287,-0.16621059416903772,-0.08553636383840701,1,0.0806742303306307
-0.034849918421398104,0.020935012950062268,-0.18403334380352016,-0.10196809303927606,1,0.08206525076424409
-0.022694074485852964,0.028740500260572018,-0.18717625499657412,-0.07451349397513182,1,0.11266276102144229
-0.04696520162283964,0.024985514048778124,-0.20408760915844476,-0.10614439408723453,1,0.09794321507121023
-0.003871632106780043,0.02192330966344273,-0.15499211904712779,-0.0690527451664323,1,0.08593937388069549
-0.11938397912808026,0.0445241551395825,-0.31480212320166195,-0.14026743505449857,0,0.17453468814716339
0.02157687321175246,0.020307515274978618,-0.12637665672720563,-0.04677119684928945,1,0.07960545987791617
-0.03226726209564658,0.027759706649689676,-0.19482708712903835,-0.08600903706225482,1,0.10881805006678352
-0.02456217660950412,0.019894826028466633,-0.17170683562529873,-0.09371911759370952,1,0.07798771803158921
0.017400119002107195,0.02122296718336586,-0.1323476966772899,-0.04915366531849573,1,0.08319403135879418
-0.008378530639543608,0.02803208473607605,-0.17147221672225266,-0.061586444556834555,1,0.1098857721654181
-0.022436087558005927,0.020090888373807514,-0.16996502877066866,-0.0912087463453432,1,0.07875628242532545
-0.03138945505036424,0.023419032248891226,-0.18544155825819103,-0.09363895184253744,1,0.09180260641565359
-0.028016463497163177,0.02100481716128962,-0.17733670513329083,-0.09499782186103553,1,0.0823388832722553
-0.06972075268646745,0.03568151975476846,-0.24780733140581362,-0.10793577396712128,1,0.13987155743869234
-0.025093447011095185,0.02056331757642839,-0.17354834946089484,-0.09294014456129554,1,0.0806082048995993
-0.04219101303513058,0.020817818760665636,-0.19114473780603525,-0.10953888826422593,0,0.08160584954180931
-0.03997058305693797,0.022090358671823043,-0.19141848605371115,-0.10482428006016481,1,0.08659420599354634
-0.044297242008702706,0.0327394536383914,-0.21661737113994983,-0.08827871287745558,1,0.12833865826249424
0.024105553445627842,0.02118961804445845,-0.12557689792151072,-0.0425135951872336,1,0.08306330273427712
-0.027384270450291362,0.021779491076565374,-0.1782228729603595,-0.09284726794022324,1,0.08537560502013625
-0.06408700341648109,0.02088208852427914,-0.2131666969240682,-0.131308909908894,0,0.08185778701517421
-0.0128919987868438,0.02012574595268981,-0.16048926085411583,-0.08159633671957178,1,0.07889292413454405
0.031539170543931155,0.02563665635722739,-0.12685947591623453,-0.026363782995903168,1,0.10049569292033136
0.01517234919867004,0.024459700467172635,-0.14091946371698832,-0.0450374378856716,1,0.09588202583131672
-0.008768360508008388,0.022583090018573407,-0.16118201694441225,-0.07265630407160452,1,0.08852571287280774
-0.05002208221916295,0.04368322602229683,-0.24379200522286473,-0.07255375921546117,1,0.17123824600740356
0.0029450921614300185,0.02150009638260321,-0.14734589674847226,-0.0630655189286677,1,0.08428037781980456
0.006365501246245672,0.03356978465465736,-0.16758207667688274,-0.03598852083062591,1,0.13159355584625682
-0.02883007323211527,0.02314687767210417,-0.18234875346943946,-0.0916129929947911,1,0.09073576047464836
0.01125921107204908,0.031175664221579066,-0.1579958908022459,-0.035787287053655956,1,0.12220860374858995
-0.014581461887832825,0.02099107006104133,-0.16387475920747382,-0.08158976456819184,1,0.08228499463928199
-0.047114327218558225,0.02064425730984352,-0.19572787154585153,-0.11480238289126493,0,0.0809254886545866
0.0011424498904677588,0.02326259982901575,-0.15260304577440312,-0.061413654444661375,1,0.09118939132974174
-0.00029719400236777327,0.020486767555521153,-0.14860205841118923,-0.06829392959354633,1,0.0803081288176429
0.002105029705803549,0.019162659775590816,-0.14360458345435445,-0.06848695713403846,1,0.07511762632031599
0.016871490705228476,0.03277919469948183,-0.1555265309057559,-0.027032087683787148,1,0.12849444322196876
-0.031952345443223965,0.01943288441509816,-0.17819159889681635,-0.10201469198963158,1,0.07617690690718477
-0.024468544919455507,0.02260866904631005,-0.1769323362502232,-0.08830635358868781,1,0.08862598266153539
-0.08989032889180924,0.02892997300132723,-0.2547438759744106,-0.14133838180920788,0,0.11340549416520274
-0.03601419502014354,0.021661673101561522,-0.18662187429920413,-0.10170811574108296,1,0.08491375855812117
-0.062169198185781746,0.024965478327888514,-0.21925233570844324,-0.12138766066312026,0,0.09786467504532298
0.00033174739113285556,0.025484758377927352,-0.15776917902960474,-0.05786892618812954,1,0.0999002528414752
0.008697757488885557,0.021178370085102465,-0.1409626478779153,-0.05794343714431362,1,0.08301921073360168
-0.012657646718469862,0.020860071743153966,-0.16169418733505164,-0.07992270610188809,1,0.08177148123316355
-0.036944204324488375,0.020070020999824738,-0.18443224548414486,-0.1057577631648319,1,0.07867448231931295
-0.01859979979252281,0.020548172280299964,-0.16702501746191073,-0.08647618212313489,1,0.08054883533877584
-0.06824473025482312,0.029235259815022428,-0.2336966394922671,-0.11909442101737917,0,0.11460221847488793
0.009420712326912467,0.020117997111068733,-0.13816136201078225,-0.05929881333539282,1,0.07886254867538942
-0.002182941308461389,0.020216775911605082,-0.14995862209520736,-0.07070886052171543,1,0.07924976157349192
-0.01798415265498117,0.024468843331765817,-0.1740938855852422,-0.07817601972472017,1,0.09591786586052202
0.005689149400035301,0.021929971946354272,-0.1454443956148191,-0.059478905585110334,1,0.08596549002970875
-0.021091436390066012,0.02843230416533969,-0.1849695525541318,-0.07351492022600023,1,0.11145463232813158
-0.020680455480590568,0.02312309527925458,-0.17415252222792954,-0.08350998873325159,1,0.09064253349467795
-0.05114476170045225,0.02111792680969277,-0.20068669824745008,-0.11790442515345442,0,0.08278227309399566
0.012884291530299671,0.020065960016734705,-0.13459579010250036,-0.05593722683690031,1,0.07865856326560006
-0.027264806285758683,0.020946028532236944,-0.17646982220894308,-0.09436139036257428,1,0.0821084318463688
-0.028584785713119468,0.02142292458989696,-0.1787245179093175,-0.09474665351692144,1,0.08397786439239607
-0.005091056861908888,0.02551030159400073,-0.16324204798615033,-0.06324166573766746,1,0.10000038224848287
-0.012270896581928148,0.022669308819938987,-0.16485354186900858,-0.07598985129484774,1,0.08886369057416084
-0.03879717255368682,0.023928275100932605,-0.19384739175151472,-0.10004855335585892,1,0.0937988383956558
-0.050649010310359996,0.024836433673199904,-0.20747922030983182,-0.11012040031088818,0,0.09735881999894364
-0.018171527974824117,0.02331117828200778,-0.1720122374075594,-0.08063241854208887,1,0.09137981886547052
-0.029217878711975995,0.02107191627065517,-0.17866963460246013,-0.09606772282149187,1,0.08260191178096826
-0.02001899135438305,0.019875877452291215,-0.16712651116087385,-0.08921307154789228,1,0.07791343961298157
-0.05042145087305226,0.020083661623411554,-0.1979362276549389,-0.11920827409116562,0,0.07872795356377328
-0.07439312961745546,0.038341066700391085,-0.257692420350222,-0.10739543888468894,1,0.15029698146553305
-0.011503312878669097,0.021796593680128915,-0.16237543649172176,-0.07693278926561643,1,0.08544264722610533
-0.040340250097330374,0.024609485714382724,-0.19672564209752053,-0.10025645809714023,1,0.09646918400038029
-0.021047067518668736,0.023438739375053568,-0.17513779669377372,-0.08325793834356375,1,0.09187985835020997
-0.00317713363212635,0.024269186742490966,-0.15889553964740866,-0.06376032761684405,1,0.0951352120305646
-0.025717306798016717,0.02661869707703416,-0.18604075306900367,-0.08169546052702978,1,0.10434529254197389
-0.00633040738969344,0.019999753353900022,-0.15368072396333748,-0.0752816908160494,1,0.07839903314728808
-0.011967341581906057,0.019625181336393103,-0.15858349700123653,-0.08165278616257558,1,0.07693071083866095
-0.003367708890942442,0.02072115160486141,-0.1521319660364708,-0.07090505174541409,1,0.08122691429105672
-0.01868862650418722,0.022186640889625738,-0.17032524264785368,-0.08335361036052077,1,0.0869716322873329
-0.0250365908317189,0.02163231238441026,-0.17558672310516302,-0.09078805855827479,1,0.08479866454688822
-0.014179911815854623,0.02137632893641449,-0.16422831653122705,-0.08043310710048222,1,0.08379520943074482
-0.018635287958046018,0.022895198648556242,-0.17166067730921625,-0.0819114986068758,1,0.08974917870234045
-0.02043002546139873,0.021530138384859263,-0.17077989669572288,-0.08638175422707459,1,0.0843981424686483
-0.008773009427803624,0.0201678856714584,-0.1564528653438621,-0.07739475351174517,1,0.07905811183211693
-0.019342744928559072,0.021564938526959225,-0.16976082444139917,-0.085226265415719,1,0.08453455902568018
-0.0618423764339215,0.02123832271174333,-0.21162028894893842,-0.1283660639189046,0,0.08325422503003382
0.008480958378779269,0.021226229184911023,-0.14127325082364633,-0.05806643241879513,1,0.0832068184048512
-0.00023498334362409556,0.019463406990443837,-0.14653406104489403,-0.07023750564235418,1,0.07629655540253985
-0.01210787188659905,0.021247462494609876,-0.1619036983760344,-0.0786136453971637,1,0.08329005297887071
-0.0025364501561539188,0.021292099837348186,-0.15241976583735636,-0.06895473447495148,1,0.08346503136240488
-0.05466420828470121,0.025003781374185966,-0.2118224197781057,-0.11380759679129673,0,0.09801482298680897
-0.010636263726215803,0.020491881867847176,-0.15895115218719627,-0.07862297526523535,1,0.08032817692196093
-0.02690899291330344,0.020521666454544656,-0.17528225916421097,-0.09483732666239592,1,0.08044493250181506
-0.029055013455777337,0.024398919394788766,-0.18502769546956332,-0.08938393144199136,1,0.09564376402757196
0.030637411515636398,0.020771431844348938,-0.11822539489928752,-0.03680138206943969,1,0.08142401282984782
-0.052240419214051106,0.021475634546051097,-0.20248346292431127,-0.11829897550379095,0,0.08418448742052032
0.015567415323461634,0.020849717761124403,-0.1334488314883422,-0.05171793786473454,1,0.08173089362360765
-0.02451767067250714,0.02093687324111134,-0.17370474222508536,-0.09163219911992893,1,0.08207254310515644
-0.008735808955416216,0.020945780967912348,-0.1579403396525244,-0.07583287825830802,1,0.08210746139421639
-0.014728902853532025,0.02455177410391617,-0.17100118009720772,-0.07475822560985634,1,0.09624295448735137
0.018400829491562368,0.02330491105249687,-0.1354275961713315,-0.04407234484554377,1,0.09135525132578771
-0.04420971685249987,0.024786817801857052,-0.2009426797441397,-0.10377835396086005,1,0.09716432578327966
-0.0328512388415738,0.020715639802500196,-0.1816046928544742,-0.10039938482867342,1,0.08120530802580078
-0.007413812275772133,0.021003090116407303,-0.15673066890393045,-0.07439855564761383,1,0.08233211325631662
-0.05982802730967944,0.028512506903801967,-0.2238633408411313,-0.1120943137782276,0,0.1117690270629037
-0.0006992334420986568,0.023995247834813785,-0.15588071919833368,-0.06181934768586365,1,0.09406137151247004
-0.04734571913522194,0.019995827989916826,-0.19468834199545892,-0.11630469627498496,0,0.07838364572047396
0.004972294343188147,0.022101752781268625,-0.14649794110809836,-0.059859070205525354,1,0.086638870902573
-0.058691923741742244,0.021278697735426025,-0.20854897130317726,-0.12513647618030724,0,0.08341249512287002
-0.016418160494062695,0.021687524929994095,-0.16707650935685112,-0.08206141163127428,1,0.08501509772557683
-0.024120104749202717,0.019977488730904856,-0.17142678266177624,-0.0931150268366292,1,0.07831175582514704
-0.01653869427425185,0.022017205588372505,-0.16784321722746195,-0.08153577132104176,1,0.0863074459064202
-0.0007400614459852212,0.01998818926699327,-0.14806771240929203,-0.06971401048267842,1,0.07835370192661362
-0.012007666894784233,0.018652041516132617,-0.15671646826640417,-0.0836004655231643,1,0.07311600274323987
-0.039211701229872956,0.02012580802748731,-0.1868090849637481,-0.10791591749599783,1,0.07889316746775027
-0.015853328477922077,0.02129052122653887,-0.16573355008193827,-0.0822747068739059,1,0.08345884320803237
0.0013343676488236228,0.022597673939770347,-0.15110787327312625,-0.0625249914292265,1,0.08858288184389974
0.0024299306551862493,0.01957124307851702,-0.14408050577870712,-0.06736123291092039,1,0.07671927286778674
0.01353383441144615,0.020347614139590707,-0.13449828930215163,-0.05473564187495607,1,0.07976264742719556
-0.03194554829757794,0.03309723681750951,-0.20496693245989656,-0.07522576413525932,1,0.12974116832463722
-0.021422570074127553,0.021485067188644708,-0.1716841017638712,-0.08746263838438392,1,0.08422146337948727
0.0006326821957268747,0.02245427798117373,-0.15152850264737364,-0.06350773296117262,1,0.08802076968620101
-0.0632181418498637,0.019488503928944974,-0.20956640955059586,-0.13317147414913155,0,0.0763949354014643
-0.00897166888943357,0.020549838868897174,-0.15740015307247204,-0.07684478470639511,1,0.08055536836607693
-0.016516796013134258,0.022411765497731752,-0.16859465638868848,-0.08074053563758003,1,0.08785412075110845
0.02280822372969342,0.021845032162573497,-0.12815883930895064,-0.04252631323166253,1,0.08563252607728811
-0.03088441412218261,0.02248785300296205,-0.18311140600798823,-0.094959022236377,1,0.08815238377161122
-0.04519557978623896,0.022786007606139292,-0.19800695469427199,-0.10868580487820595,0,0.08932114981606604
-0.015801948963231352,0.019867893204685006,-0.16289381964441396,-0.08501167828204875,1,0.07788214136236521
-0.0429335297314931,0.026965237536299147,-0.20393619530263943,-0.09823246416034678,1,0.10570373114229265
-0.03870546361926437,0.018856151946658222,-0.1838143214347145,-0.10989820580381426,0,0.07391611563090023
0.018195222462923544,0.01933914999777464,-0.12786031153271477,-0.052050843541438165,1,0.07580946799127661
-0.023076991178273845,0.01967649086357675,-0.16979371327088427,-0.09266186908566343,1,0.07713184418522084
-0.041300744397630554,0.02131889609650373,-0.19123658074677785,-0.10766650804848325,1,0.0835700726982946
-0.01811974624180686,0.0214742099057193,-0.1683599976570167,-0.08418109482659704,1,0.08417890283041966
0.0013067499234251656,0.019552109965534577,-0.1451661856090226,-0.06852191454412707,1,0.07664427106489555
-0.023866920266051486,0.028152071973165126,-0.18719578133345513,-0.07683965919864785,1,0.11035612213480728
-0.02766459481255744,0.020571812430303208,-0.17613614717595172,-0.09549464244916316,1,0.08064150472678856
-0.01731059173195247,0.020128557395425,-0.1649133642269855,-0.08600941923691947,1,0.07890394499006602
-0.044694881761446245,0.019042637402027298,-0.19016925106941976,-0.11552211245347274,0,0.07464713861594702
-0.019414745651525886,0.020089137471783817,-0.16694025509622218,-0.0881908362068296,1,0.07874941888939258
-0.04880790191031849,0.020967065525366108,-0.19805415034003607,-0.11586325348060092,0,0.08219089685943515
-0.0461547512005888,0.02043738633806028,-0.19436282842318697,-0.11424827397799066,0,0.08011455444519631
-0.02239386542206677,0.019502430615095736,-0.1687694294276544,-0.09231990141647914,1,0.07644952801117527
-0.04195398472795088,0.02134961523516551,-0.19195003058887528,-0.1082595388670265,0,0.08369049172184878
-0.05744021834792819,0.019107987010753707,-0.20304267288900546,-0.12813936380685093,0,0.07490330908215453
-0.020235369351577312,0.021968948735757686,-0.17144530887366238,-0.08532702982949225,1,0.08611827904417013
-0.05547966114359994,0.026452613250635373,-0.21547758311484527,-0.11178333917235461,0,0.10369424394249066
-0.02401070993977704,0.021990499063460036,-0.17526288810415871,-0.08906013177539537,1,0.08620275632876334
-0.03320304544644358,0.02049151817418241,-0.1815172210678411,-0.10119046982504606,1,0.08032675124279504
-0.001733447323747403,0.021323562146461236,-0.15167842913081142,-0.0680900655166834,1,0.08358836361412803
-0.02014680315616406,0.019315302795879924,-0.1661555966360887,-0.09043960967623942,1,0.07571598695984928
0.007685207043067757,0.024059019387231786,-0.14762127095590655,-0.05330991495795795,1,0.0943113559979486
-0.009863486526076923,0.021209291147470603,-0.1595844971751193,-0.07644407587703456,1,0.08314042129808474
0.00013676786816084474,0.01986078773368603,-0.1469411760898638,-0.06908688817381455,1,0.07785428791604924
-0.004339965756851541,0.02066465518623161,-0.1529934899218655,-0.07198804159183758,1,0.08100544833002793
-0.023153002113443025,0.02111497834424174,-0.17268915966815684,-0.08991844455872922,1,0.08277071510942763
-0.02070870125811626,0.020721456887758408,-0.16947355675812276,-0.08824544575810979,1,0.08122811100001297
0.010808990972180535,0.020657636201019056,-0.1378307759818168,-0.05685284207382212,1,0.08097793390799468
-0.011693377442946393,0.02007064613470547,-0.15918264386696912,-0.08050571101892368,1,0.07867693284804544
-0.05157575664638091,0.031150029428003725,-0.22078061432526822,-0.09867249896749361,1,0.1221081153577746
-0.04980131893070573,0.019223058182828406,-0.1956293129690494,-0.12027492489236206,0,0.07535438807668733
-0.04434334597933083,0.019482802909473858,-0.1906804396818996,-0.11430785227676207,0,0.07637258740513753
-0.012120929284077667,0.025426851059731376,-0.17010835736115115,-0.07043510120700418,1,0.09967325615414697
-0.037397991824845614,0.020046704399373495,-0.18484033244761766,-0.10625725120207358,1,0.07858308124554408
-0.022424130629675368,0.020695663874310963,-0.17113843182332486,-0.09001142943602589,1,0.08112700238729897
-0.05107856961935224,0.019619965524222502,-0.19768450204682836,-0.12077423719187613,0,0.07691026485495223
-0.007875664788532633,0.02291151148279816,-0.16093302729481704,-0.07111990228224824,1,0.0898131250125688
-0.013056762667819174,0.022458055728702107,-0.16522535189607532,-0.07718977343956304,1,0.08803557845651228
-0.01337749367466988,0.019404207106000358,-0.15956053960243058,-0.08349604774690919,1,0.07606449185552139
-0.00594267512199298,0.022023752524301377,-0.1572600300696237,-0.07092692017436228,1,0.08633310989526141
-0.008268915925004519,0.022408103314894186,-0.16033959842219714,-0.07249983342781192,1,0.08783976499438521
-0.02053333179433868,0.02029304158646826,-0.16845849330381646,-0.0889097702848609,1,0.07954872301895556
-0.019489401075738502,0.026367397049365953,-0.17932029929249577,-0.07596010285898125,1,0.10336019643351452
-0.02691870631638109,0.026561166754526164,-0.18712939315525237,-0.08300961947750982,1,0.10411977367774256
-0.029793942517311753,0.02017090920200497,-0.1774797245532415,-0.09840976048138202,1,0.0790699640718595
-0.016750688467702626,0.025451445273085845,-0.1747863212029509,-0.07501665573245438,1,0.09976966547049652
-0.03485508485923948,0.025006796209006036,-0.1920192054288913,-0.09399256428958766,1,0.09802664113930365
-0.08291691851706391,0.03547103645186442,-0.26059094996271814,-0.12154448707140966,0,0.13904646289130848
-0.019522432065718562,0.02256712896918481,-0.17190480484532078,-0.08344165928611634,1,0.08846314555920444
-0.041069623317949874,0.022780052786497213,-0.19386932677948443,-0.10457151985641534,1,0.08929780692306909
-0.007991203761844243,0.020048678336825877,-0.15543741330202296,-0.07684659422166554,1,0.07859081908035742
-0.067280486767012,0.041708328767300955,-0.25717961115092186,-0.09368296238310213,1,0.16349664876781972
-0.023120455549170152,0.022830540256248824,-0.17601911445141785,-0.08652339664692246,1,0.08949571780449539
-0.03882606859682851,0.02184908742185402,-0.1898010799436624,-0.10415265724999463,1,0.08564842269366778
-0.007668748185362229,0.020956596026791854,-0.15689447639787427,-0.0747446199728502,1,0.08214985642502406
0.010990645422395584,0.02037492594915726,-0.13709500943795266,-0.05722529971725619,1,0.07986970972069647
-0.021112468911572826,0.020284062690273105,-0.1690200317845081,-0.08950650603863755,1,0.07951352574587056
-0.01836323556209586,0.024247400069317245,-0.17403893969795767,-0.07898913142623407,1,0.0950498082717236
-0.05300186200635977,0.025867784479195036,-0.21185351958558205,-0.1104518044271375,0,0.10140171515844454
-0.03074805104832702,0.0208495423075631,-0.1797639539711507,-0.09803374812550336,1,0.08173020584564733
-0.003115081206009368,0.02131125593731062,-0.15303594284313818,-0.06949581956888057,1,0.08354012327425761
-0.009838212668335372,0.020198218860345275,-0.1575775216346121,-0.07840050370205864,1,0.07917701793255347
-0.04661091858841444,0.0242648035529282,-0.20232073355215371,-0.10720270362467518,1,0.09511802992747853
-0.014846947081531753,0.0224355925992633,-0.16697150857608783,-0.0790239855869757,1,0.08794752298911214
-0.055242135246974175,0.02032917670331208,-0.20323812158546586,-0.1235477489084825,0,0.07969037267698337
-0.019525004847916513,0.019594137694992846,-0.16608031473010249,-0.08927129496573055,1,0.07680901976437193
0.011721961862151298,0.020360486802213102,-0.13633539227018637,-0.05652228400551103,1,0.07981310826467534
-0.014875333947049194,0.020358889346793096,-0.16292955706676365,-0.08312271082733473,1,0.07980684623942892
-0.039504974538091,0.021291680863908653,-0.18938746903135195,-0.10592408004483005,1,0.0834633889865219
0.0019944295353894748,0.022039219696060645,-0.1493532410688894,-0.06295949986033167,1,0.08639374120855772
-0.021654502769560782,0.01996624813448057,-0.1689391491131427,-0.09067145642597887,1,0.07826769268716383
-0.013060989777990528,0.02893662564747101,-0.17792757604703371,-0.06449600350894735,1,0.11343157253808636
0.02185789928440575,0.0208568669624165,-0.1271723599619306,-0.045413441469257916,1,0.0817589184926727
-0.032561738430797446,0.03430451014073452,-0.20794937830663712,-0.0734756985549578,1,0.13447367975167934
-0.032397902265087694,0.020380072390242126,-0.18049364414996227,-0.10060376038021313,1,0.07988988376974915
-0.04171608902243294,0.021620237877145666,-0.19224255526163844,-0.10749122278322745,1,0.08475133247841099
-0.09040789240022017,0.043277435618459814,-0.2833824662124014,-0.11373491858803894,0,0.16964754762436243
-0.020391260457965812,0.028530679453913767,-0.1844621921876368,-0.07262192872829484,1,0.11184026345934195
-0.031204611705288307,0.02164455045983822,-0.18177873060657124,-0.0969320928040054,1,0.08484663780256584
-0.021943649996983214,0.020697631390376836,-0.17066180752212182,-0.08952709247184462,1,0.0811347150502772
-0.027055723343207813,0.022602256615710154,-0.17950694630999972,-0.09090610037641592,1,0.0886008459335838
0.029993382749302522,0.0231394151247895,-0.1235106708952849,-0.03280416360611006,1,0.09070650728917484
0.014498623546811779,0.020914729623565366,-0.13464504651537634,-0.05265930639100011,1,0.08198574012437623
-0.005723898107842865,0.02163903357686607,-0.15628720391850037,-0.07146219229718537,1,0.084825011621315
-0.0009420768882689862,0.02300172865258257,-0.15417626504733084,-0.06400948872920716,1,0.09016677631812368
-0.044421208887444844,0.024097645580435718,-0.19980339422509885,-0.10534062354979085,1,0.094462770675308
0.0006651000548924813,0.02159934799159802,-0.14982042200863965,-0.0651509778815754,1,0.08466944412706426
-0.05029754927839254,0.019965970913992315,-0.1975816522698175,-0.11931504628696761,0,0.07826660598284989
0.011963563153573123,0.021853164913444835,-0.13901944007677874,-0.05335503361607501,1,0.08566440646070374
-0.028577839861143997,0.02274307235458679,-0.1813050616761341,-0.0921522180461539,1,0.08915284362998022
-0.003931456976498604,0.02238461660710963,-0.1559561055264335,-0.06820840842656373,1,0.08774769709986976
0.027195877889480913,0.02065337153694773,-0.12143553032293664,-0.04047431389810154,1,0.08096121642483509
-0.06526724289401982,0.02795370536007539,-0.22820730539976758,-0.11862878038827207,0,0.10957852501149551
0.011985210610161418,0.021322298956462808,-0.13795729534450568,-0.05437388343517149,1,0.08358341190933419
0.0021617199142622417,0.020137729192066904,-0.1454590293021889,-0.06651913086928662,1,0.07893989843290228
-0.03239711719492934,0.028346231983463744,-0.19610653188251828,-0.08498930250734041,1,0.11111722937517787
-0.025801217476752,0.022427582337590648,-0.1779100788584297,-0.08999395609507434,1,0.08791612276335535
-0.016429991447729414,0.0205748360895816,-0.16490747018330937,-0.08425411271214947,1,0.0806533574711599
-0.0534545592623739,0.028495794629970383,-0.21745711673711585,-0.10575360178763196,1,0.11170351494948388
-0.03274242918355587,0.02418616732177187,-0.18829811713422873,-0.09348834123288301,1,0.09480977590134572
-0.02279984552443097,0.020517380057080686,-0.17116471043630913,-0.09073658061255283,1,0.0804281298237563
-0.007050552420491837,0.02078346240917811,-0.15593693874248094,-0.07446576609850275,1,0.08147117264397818
-0.024380615369820766,0.01972597637140487,-0.17119432905777432,-0.09386850168186722,1,0.0773258273759071
-0.02316386211144357,0.01958334035233869,-0.1696980092020274,-0.09293131502085974,1,0.07676669418116766
0.013429887486014133,0.02279104058838199,-0.13939135206721456,-0.050050472960757174,1,0.08934087910645738
-0.033074104294078935,0.01947241246765454,-0.17939083273068185,-0.10305897585747603,1,0.07633185687320582
-0.048164658236153526,0.019548803725269414,-0.1946311135376816,-0.11799980293462548,0,0.07663131060305611
-0.026288108158424292,0.02830962431087438,-0.1899257718077381,-0.0789520445091105,1,0.11097372729862759
-0.012957954423686247,0.020608403953282034,-0.16150122617211904,-0.08071628267525346,1,0.08078494349686557
-0.036698662443398325,0.021259724173922488,-0.1865185218242864,-0.10318040306251025,1,0.08333811876177616
-0.006904534528150333,0.021265840312231145,-0.15673638154012337,-0.07337428751617729,1,0.08336209402394608
-0.022537371289687316,0.023406753100313787,-0.17656540736630233,-0.0848109352130723,1,0.09175447215323003
-0.07334825686199177,0.02901231904694867,-0.23836320219401116,-0.12463491152997239,0,0.11372829066403878
-0.042241090455291716,0.024038693380131076,-0.19750772948034861,-0.10327605143023481,1,0.0942316780501138
-0.0485825773304996,0.02308072657242826,-0.201971601412459,-0.11149515324854022,0,0.0904764481639188
-0.04856768983422892,0.020113641941789977,-0.19614122804013728,-0.11729575162832057,0,0.07884547641181672
-0.0030016801001671867,0.02188688870611412,-0.15405078196415087,-0.06825417823618352,1,0.08579660372796735
-0.048941099752418574,0.02690732645815462,-0.20983025961040164,-0.10435353989443552,1,0.10547671971596612
-0.028855390188068916,0.021365675048461052,-0.17888291328305259,-0.09512946709308526,1,0.08375344618996733
-6.546879808257133e-05,0.02229443067313258,-0.15191335291742245,-0.06451918467874271,1,0.08739416823867974
-0.01316031519138508,0.020210895926882463,-0.1609244712080747,-0.08169775917469546,1,0.07922671203337925
0.018847248063692187,0.035539706850876415,-0.1589613773640256,-0.019645726508590047,1,0.13931565085543557
-0.02070158335477297,0.019702254584089383,-0.16746880233958816,-0.09023596436995779,1,0.07723283796963037
-0.0579211688749932,0.03706117028817358,-0.23871186263981342,-0.09343207511017299,1,0.14527978752964044
-0.04266202148040653,0.022274907016321947,-0.19447163923239755,-0.10715400372841552,1,0.08731763550398203
-0.034924469537644096,0.025088062543824768,-0.19224787212354064,-0.09390266695174757,1,0.09834520517179307
-0.01235620485112908,0.02195079995335235,-0.16353057275969968,-0.07748343694255849,1,0.08604713581714118
-0.04832987924045869,0.02524721111348608,-0.2059652130228914,-0.10699614545802598,1,0.09896906756486541
-0.035773688581163046,0.02627761303061839,-0.1954286101211751,-0.092420367041151,1,0.1030082430800241
-0.017499818108029322,0.021925334513800205,-0.1686242737550777,-0.08267696246098093,1,0.08594731129409679
-0.019858653332448253,0.020751959483780943,-0.1686832939206589,-0.08733561274423761,1,0.08134768117642129
-0.026994850441749887,0.01974096774164607,-0.17383794721537618,-0.0964533536681236,1,0.07738459354725258
-0.023773077413064822,0.021416709826412392,-0.17390062867283312,-0.08994712615329653,1,0.0839535025195366
-0.06210836587933584,0.03278038839778029,-0.2345087271389852,-0.10600960461968648,1,0.12849912251929874
-0.047614451225260326,0.024675408443735603,-0.2041290517749821,-0.10740145067553855,1,0.09672760109944356
-0.04096429084933349,0.02211211223684831,-0.1924548308335562,-0.1057753508651108,1,0.08667947996844538
0.0031083299040171597,0.022473305977302818,-0.14909014981149638,-0.06099479038046932,1,0.08809535943102706
-0.015804956652755803,0.024332299509409707,-0.17164706369119884,-0.07626444961431278,1,0.09538261407688606
-0.0507666122694274,0.02448166600273647,-0.2069014776347909,-0.11093334690406392,0,0.09596813073072696
0.0037016181752043686,0.02022004658656536,-0.14408047313446376,-0.06481789051512753,1,0.07926258261933623
-0.03145709334191572,0.024183938714569257,-0.18700841322247147,-0.09220737346135999,1,0.09480103976111148
-0.029244853952923602,0.02521910089649059,-0.18682509171004516,-0.08796621619580205,1,0.0988588755142431
-0.001941272904361177,0.019834071869492976,-0.14896685376856741,-0.07121729204015495,1,0.07774956172841246
-0.03271848317472527,0.02218821640413127,-0.18435818732682258,-0.09738037902262799,1,0.08697780830419459
-0.023934269596697103,0.03040899250793398,-0.1916866949122477,-0.0724834442811465,1,0.11920325063110121
-0.012829499832530775,0.022980020076216967,-0.16602113918191602,-0.07593946048314552,1,0.0900816786987705
-0.030068802532615527,0.020900642237449453,-0.17918486131801648,-0.0972543437472146,1,0.08193051757080187
-0.04190696767557241,0.023287031219656466,-0.19570034886609908,-0.10441518648504575,1,0.09128516238105333
-0.03385809418723866,0.02709371347447247,-0.19511257259720471,-0.08890521577727262,1,0.1062073568199321
-0.00904643868336602,0.021523021246176725,-0.1593823603258724,-0.07501211704085964,1,0.08437024328501277
-0.013020451083948448,0.02299004733798333,-0.16623174386639578,-0.07611075830150113,1,0.09012098556489465
-0.04696516624128862,0.021825873887582545,-0.1978946790609504,-0.11233725342162684,0,0.08555742563932356
-0.022843705487098034,0.01995169286883253,-0.1700998235100098,-0.09188918746418628,1,0.07821063604582351
-0.02561242515240074,0.021577145670517828,-0.1760544306666157,-0.0914720196381858,1,0.0845824110284299
-0.01794929880263814,0.02231937485562417,-0.16984607351966152,-0.08235412408561477,1,0.08749194943404676
-0.04417003212643504,0.03892735370346539,-0.2286184453852272,-0.07602321886764289,1,0.15259522651758428
-0.0026322439207092513,0.02221293830943887,-0.15432040300720945,-0.06724568483420908,1,0.08707471817300037
-0.013340122800732004,0.019552712770146894,-0.15981423983021992,-0.0831676057712441,1,0.07664663405897582
-0.010202393532986714,0.023357834656934088,-0.16413454946057754,-0.0725718376053959,1,0.09156271185518164
-0.04545577055450696,0.02249936076301609,-0.1977053176500185,-0.10950782345899543,0,0.08819749419102307
-0.05342668769961394,0.021432233607182462,-0.20358466556969157,-0.11957030982953631,0,0.08401435574015526
0.0005750668939817766,0.020342060916197637,-0.1474461725017656,-0.06770529371027087,1,0.07974087879149472
-0.024741704277739848,0.019766502984685075,-0.17163485012772262,-0.0941501584277571,1,0.07748469169996551
-0.018862439058440608,0.02084138232404612,-0.167862348413571,-0.08616412970331022,1,0.08169821871026078
-0.005032944594644706,0.021277484304741558,-0.15488761383193816,-0.07147987535735126,1,0.0834077384745869
0.017459160128514783,0.021370061205155635,-0.13257695983359027,-0.048806319909380176,1,0.0837706399242101
-0.04953075252227125,0.02013451799498991,-0.19714520779245148,-0.11821789725209103,0,0.07892731054036045
-0.010827299708199303,0.024712747197804794,-0.1674150842158967,-0.07054111520050191,1,0.0968739690153948
-0.04289367568432849,0.024716601454028993,-0.19948901453422532,-0.10259993683443167,1,0.09688907769979366
-0.001957498362995247,0.025599543668680096,-0.16028340395360824,-0.059933192772382266,1,0.10035021118122597
-0.02467276072477516,0.03779520327595726,-0.2069021591456514,-0.05874496230389893,1,0.1481571968417525
0.0074472997037650646,0.020049684603747064,-0.14000088211957917,-0.061406118472890694,1,0.07859476364668848
-0.0035210739824731024,0.021207278940528134,-0.15323814070590824,-0.07010560725903797,1,0.08313253344687027
-0.07602198517394078,0.041940169612607804,-0.26637551761465206,-0.10197005273322948,1,0.16440546488142257
-0.03598722665792055,0.021638742457037757,-0.18654996187371456,-0.10172609144212655,1,0.08482387043158801
-0.009637858931974039,0.021774554854922974,-0.16046678644762308,-0.07511053141632501,1,0.08535625503129807
-0.026791934348884425,0.02342067736818972,-0.18084726199053627,-0.08903820670723259,1,0.09180905528330369
-0.0040132150634369645,0.02026014945122555,-0.15187390798783906,-0.07245412213903489,1,0.07941978584880417
0.016700158329774964,0.02090409042899025,-0.13242265891104593,-0.05047862442940415,1,0.08194403448164178
-0.05576321148562689,0.022994388476674375,-0.20898301289990867,-0.11884501007134513,0,0.09013800282856355
-0.004572672284075138,0.021451270977097307,-0.15476796339918586,-0.07067898116896443,1,0.08408898223022143
-0.03631889346136506,0.02096935208476823,-0.1855696235475108,-0.10336976337521933,1,0.08219986017229147
-0.043488065547469715,0.02212255030564863,-0.19499906414654103,-0.10827866694839841,0,0.08672039719814262
-0.02429376951232097,0.025994332082239564,-0.1833934603935105,-0.08149567863113143,1,0.10189778176237908
-0.0462368050534684,0.023265835816128105,-0.1999886432530795,-0.10878656685385732,0,0.09120207639922218
-0.018621657763548946,0.020662388107580188,-0.16727073845440613,-0.08627417707269178,1,0.08099656138171435
-0.020642644206307112,0.02075134778770414,-0.16946608587020723,-0.088120802542407,1,0.08134528332780022
-0.028267083011081065,0.022717571998627763,-0.18094432412839148,-0.09189144189377066,1,0.08905288223462082
-0.009034231631694242,0.020689882913735295,-0.15773720214261544,-0.07663286112077307,1,0.08110434102184237
-0.021176340016199877,0.019326592326934313,-0.16720726097699112,-0.09144701905540863,1,0.0757602419215825
0.0015681985082539457,0.01961176309519948,-0.14502165715833704,-0.06814354582515508,1,0.07687811133318195
-0.015049318625851196,0.02781089645448254,-0.17770947567663697,-0.06869076157506543,1,0.10901871410157155
-0.005039988749087551,0.01935275519674557,-0.15112218893470888,-0.07525938856346623,1,0.07586280037124266
-0.03039112561922712,0.02277835388322153,-0.18318749923034133,-0.09389635200811293,1,0.0892911472222284
0.0038265406176662825,0.021764534740016887,-0.14698274747276682,-0.06166577129190062,1,0.0853169761808662
0.001940492455640458,0.02119121613957165,-0.14774509117791998,-0.06467552391079912,1,0.08306956726712086
-0.06580737429972634,0.02378049143912468,-0.2205679375204107,-0.127348411079042,0,0.09321952644136872
-0.008428875483669634,0.02056635177588267,-0.15688972496439968,-0.0762696260029396,1,0.08062009896146008
-0.01631983667494409,0.019876206715705762,-0.16342800183772738,-0.0855132715121608,1,0.07791473032556658
-0.042612626536672596,0.02803477275685117,-0.2057115811401009,-0.09581527193324431,1,0.1098963092068566
-0.018239453129071173,0.022748101477857153,-0.1709765320256712,-0.08180397423247115,1,0.08917255779320005
-0.022874143832722363,0.020015131176742213,-0.1702546009391371,-0.09179528672630763,1,0.07845931421282948
0.036353087205038326,0.020998750421214525,-0.11295526362054215,-0.030640161969381213,1,0.08231510165116093
-0.007115409100229245,0.024669765929295887,-0.1636189503216492,-0.06691346787880931,1,0.09670548244283989
-0.0034088760461444406,0.020798496441609703,-0.15232472907169947,-0.07079462302058942,1,0.08153010605111005
0.001939700637265493,0.02380293658600809,-0.15286485507131037,-0.059557343654158656,1,0.09330751141715171
-0.0023391896312276034,0.02080071248426538,-0.15125938610038775,-0.06972059316206747,1,0.08153879293832028
-0.04501984443940922,0.01952525326778501,-0.19144014084426786,-0.11490114803455061,0,0.07653899280971725
-0.01760675830112944,0.020104251794774666,-0.1651618918188878,-0.0863532247833711,1,0.0788086670355167
-0.00034874183954689,0.02198976716969862,-0.15159948549215618,-0.06539959818693761,1,0.08619988730521858
-0.010235579462791203,0.02256802082927241,-0.16261970028816514,-0.07415305863741728,1,0.08846664165074786
-0.03594878663160232,0.01954835644751398,-0.18241436526872973,-0.10578480799447493,1,0.0766295572742548
-0.018094208091047767,0.02282241246438978,-0.17097693652125173,-0.08151307966084381,1,0.08946385686040792
0.003839706890521946,0.02094325234122468,-0.14535986769827844,-0.06326231852067768,1,0.08209754917760076
0.024769068867371583,0.021168607918507568,-0.12487220265290325,-0.04189125961235359,1,0.08298094304054965
0.009020099606981163,0.021023672350435302,-0.14033709819987203,-0.05792430258616565,1,0.08241279561370637
-0.05951952821500943,0.026205674806623176,-0.21903345083599085,-0.11630720559402802,0,0.10272624524196283
-0.03545792276018149,0.02267398450368667,-0.18804973238740735,-0.09916771313295562,1,0.08888201925445173
0.005361676979034488,0.03837125423830721,-0.17799678132804764,-0.027581464713883397,1,0.15041531661416424
-0.05226542480221143,0.0211261740235982,-0.20182352588846392,-0.11900892371595896,0,0.08281460217250496
-0.026447220556628417,0.01953806055032827,-0.17289261923527183,-0.09630342187798502,1,0.07658919735728681
-0.029375758219997314,0.01887700029346511,-0.17452547879518893,-0.10052763764480571,1,0.07399784115038321
-0.019359312749625948,0.021323235402624454,-0.16930365413876988,-0.08571657136048202,1,0.08358708277828786
-0.03130271264390137,0.02130843300656071,-0.18121804133676037,-0.09768898395104239,1,0.08352905738571798
-0.018636383689727212,0.019676250541120217,-0.16535263475032286,-0.08822173262913159,1,0.07713090212119127
-0.049481162337368226,0.03130238330008584,-0.2189846336055365,-0.09627929106919998,1,0.12270534253633651
-0.005706253362576116,0.01987825664198014,-0.15281843638085718,-0.07489567034429505,1,0.07792276603656213
-0.053886502284114665,0.019835870092757706,-0.20091560766591976,-0.12315899690230957,0,0.07775661076361019
0.016924493462193352,0.024911448092764205,-0.14005274479962448,-0.042399868275988815,1,0.09765287652363566
-0.044009126197682505,0.02443460342871534,-0.20005174891796457,-0.10426810347740045,1,0.09578364544056411
-0.025000435482657,0.04240376472150154,-0.21626261433680002,-0.050039856628513985,1,0.16622275770828604
-0.011074822588698657,0.019961307509006355,-0.15834978530635113,-0.08010145987104621,1,0.07824832543530492
-0.023803977064322843,0.0200297759473985,-0.1712131379212239,-0.09269641620742179,1,0.0785167217138021
-0.11507606402393532,0.037751415264417304,-0.29721963794219325,-0.1492340901056774,0,0.14798554783651585
-0.012208098437114623,0.01998974722299205,-0.15953880299417905,-0.0811789938800502,1,0.07835980911412885
-0.016679554903057836,0.01964628600218219,-0.16333707546733495,-0.08632363433878075,1,0.0770134411285542
-0.013982682420060538,0.02029828154803624,-0.16191811425421157,-0.08234885058590952,1,0.07956926366830205
-0.016421184033429154,0.023184367694340086,-0.1700133447143357,-0.07913062335252259,1,0.09088272136181312
-0.004366338205828643,0.024526341610743255,-0.16058876776288544,-0.06444550864877187,1,0.09614325911411357
-0.010115307848975505,0.019945301634520792,-0.15735889905263625,-0.07917331664531477,1,0.07818558240732149
-0.05025972515998635,0.024405456493015388,-0.20624521988629652,-0.11057583043367619,0,0.09566938945262032
-0.01268840775828324,0.021783974966671647,-0.16353579869295967,-0.07814261682360682,1,0.08539318186935285
-0.03807940914179929,0.021166792807610423,-0.18771712304471572,-0.10474329523888287,1,0.08297382780583284
-0.013083230373704902,0.02026466264589114,-0.16095276915965154,-0.08151529158775828,1,0.07943747757189326
0.005468496615918,0.021313736190891257,-0.14445722631822888,-0.06090738044993514,1,0.08354984586829374
-0.03005727745161431,0.03351709177692011,-0.20390157733437775,-0.0725145775688509,1,0.13138699976552687
-0.0721677789041728,0.019613330976015492,-0.21876070761716315,-0.14187645019118245,0,0.0768842574259807
-0.02140913594278855,0.023656111396612167,-0.1759259142801484,-0.08319395760542872,1,0.09273195667471967
-0.030260462698884508,0.01999327755279614,-0.17759808670236493,-0.09922443869540408,1,0.07837364800696085
-0.014841167663290009,0.020830922896186807,-0.16382057653981616,-0.08216335878676387,1,0.08165721775305229
-0.003877376813221811,0.019877528677337403,-0.15098813302080313,-0.0730682206056405,1,0.07791991241516263
0.007383668073000227,0.02029306335822087,-0.14054153610911269,-0.06099272774488688,1,0.07954880836422581
-0.0027338471147432958,0.022798065827678102,-0.1555688561369924,-0.06620043809249422,1,0.08936841804449817
-0.006612168426977108,0.021496810758378174,-0.15689671751339834,-0.07262921934055588,1,0.08426749817284246
-0.04926870838982032,0.023475841110850524,-0.20343215696708736,-0.1114068598125533,0,0.09202529715453406
-0.023817676915326838,0.03025873177797304,-0.191275591200154,-0.07266136263049969,1,0.11861422856965431
-0.014831597650282052,0.01977370793391528,-0.161738865200756,-0.08422593009980811,1,0.0775129351009479
-0.023828472294063444,0.02288905530291252,-0.176841820687772,-0.08711672390035491,1,0.08972509678741708
-0.03937802708299944,0.019355129726505778,-0.18546488134695077,-0.10959277281904811,0,0.07587210852790266
-0.039412552827029615,0.020657121488769394,-0.18805131094501765,-0.10707539470904161,1,0.08097591623597604
-0.005435056061680016,0.02100842245696739,-0.1547623640773361,-0.07240934804602395,1,0.08235301603131215
-0.019725014804843663,0.02182743632430951,-0.1706575900004903,-0.08509403960919704,1,0.08556355039129326
0.0030584696525998295,0.019962972227264432,-0.14421975591283848,-0.06596490478196189,1,0.07825485113087659
-0.019603301205685694,0.022597782574591687,-0.1720457550518854,-0.08346244735948599,1,0.08858330769239942
-0.004502769879608404,0.021226386237915056,-0.15425728690592191,-0.0710498528532949,1,0.08320743405262701
0.0016118420858107357,0.021339313971651747,-0.1483640132986267,-0.06471390252975184,1,0.08365011076887485
-0.0010721813914562617,0.02088682887574486,-0.15016116598791618,-0.06828479679499634,1,0.08187636919291984
-0.061567083733325936,0.020992877917473736,-0.21086392445157448,-0.1285718430150774,0,0.08229208143649708
-0.02417155570619413,0.020103610817285542,-0.1717254329080738,-0.09291927850431447,1,0.07880615440375932
-0.01942872274049083,0.03145360320156585,-0.1892285850155599,-0.06593046046542177,1,0.12329812455013812
-0.014915993344472939,0.021354688365573107,-0.16492198254099624,-0.08121160414794965,1,0.0837103783930466
-0.019455041073667148,0.020455469829079937,-0.16769856193866384,-0.08751312020867047,1,0.08018544172999337
-0.007185032429977908,0.026758595905965354,-0.16778268040567001,-0.06288898445428581,1,0.1048936959513842
-0.001961788018005964,0.027324480237995663,-0.16366856928447748,-0.05655660675153447,1,0.10711196253294301
-0.020241410558659093,0.01997437792844361,-0.16754199129840858,-0.08924242981890962,1,0.07829956147949896
-0.07402705621945986,0.02964342642337615,-0.24027897200927711,-0.12407674042964262,0,0.1162022315796345
-0.06784558910404591,0.037068987430245774,-0.24865160446732765,-0.1033411737407642,1,0.14531043072656347
-0.047523573161096774,0.02133071684235298,-0.19748257817210862,-0.11386616815008493,0,0.08361641002202369
-0.035121926754274266,0.02925335957993569,-0.20060931153094821,-0.08593614197760033,1,0.11467316955334789
-0.0060577286280431575,0.03446504342106634,-0.1817600137333332,-0.04665704352275313,1,0.13510297021058007
-0.017919687508390278,0.02085397498849884,-0.166944278485848,-0.08519669653093256,1,0.08174758195491544
-0.0626093234388486,0.03476918276825717,-0.23890772166463264,-0.10261252521306456,1,0.13629519645156807
-0.006356101103851444,0.02390355397627752,-0.1613578668973554,-0.0676559353103475,1,0.0937019315870079
-0.008771801984003583,0.020945947282893906,-0.15797665865847565,-0.07586854530953153,1,0.08210811334894412
-0.0057120945993830025,0.022556568147563214,-0.1580737681686069,-0.0696520210301591,1,0.0884217471384478
-0.019630649981957113,0.020857211733705867,-0.16866158498002062,-0.08690131498389361,1,0.08176026999612701
-0.026884299892911426,0.02025157957295351,-0.17472819585590033,-0.09534200392992255,1,0.07938619192597778
-0.04215144005680936,0.019662058153748326,-0.18883987403815608,-0.11176460607546265,0,0.07707526796269343
-0.02629705949168891,0.02779558888314393,-0.18892721370265103,-0.07996850528072681,1,0.10895870842192422
-0.030372086728423633,0.0214638543983216,-0.18059204134913398,-0.0964537321077133,1,0.08413830924142068
-0.07000966986780342,0.037548568555154926,-0.2517556642359071,-0.10456527549969977,1,0.14719038873620735
-0.042353747465175604,0.02199571713974796,-0.1936161530590816,-0.1073929418712696,1,0.08622321118781201
-0.0217137223074345,0.019795773886873244,-0.16866423912570605,-0.09106480548916294,1,0.0775994336365431
0.0034595399695318274,0.019368908326589874,-0.14265432035058434,-0.06672819971035203,1,0.07592612064023231
-0.03163410351166325,0.02055459614750079,-0.1800719119607648,-0.09949789506256171,1,0.0805740168982031
-0.03129789050861066,0.02042583148415198,-0.17948332021754854,-0.09941406079967278,1,0.08006925941787575
-0.014915771131872618,0.03278439557148209,-0.1873239864519775,-0.058809155811767724,1,0.1285148306402098
-0.047021508893526895,0.029014064409999145,-0.21203987513712522,-0.09830474264992858,1,0.11373513248719663
-0.022947456422994075,0.019874057998551083,-0.1700514101001542,-0.09214510274583396,1,0.07790630735432025
-0.03157497787231435,0.0242578107559575,-0.18727108695399106,-0.09218046879063765,1,0.0950906181633534
-0.013031588408077943,0.021208667071536673,-0.16275137586828983,-0.07961340094786606,1,0.08313797492042377
-0.020337319659645983,0.020068449697451248,-0.16782228106665042,-0.08915395825264155,1,0.07866832281400887
-0.03191639238063189,0.019480663196457613,-0.1782492922456888,-0.10188509251557498,1,0.07636419973011382
-0.019887304221310423,0.0209988566149916,-0.16919586318669397,-0.08688034525592689,1,0.08231551793076708
-0.02328124436386421,0.02186191882804306,-0.17428140526682862,-0.08858268346089981,1,0.0856987218059288
-0.04016980958158815,0.022719830757221143,-0.19285147786574158,-0.10378974129743472,1,0.08906173656830686
-0.05271427665921981,0.020169169372536353,-0.20039664862939105,-0.12133350468904856,0,0.07906314394034249
0.008226380633057445,0.020894152848729176,-0.14087695895045174,-0.05897187978343338,1,0.08190507916701836
0.006778506774561446,0.020054590466492137,-0.14067929053976314,-0.06206529591111397,1,0.07861399462864917
0.0034280483617531166,0.02411175905627522,-0.15198179938854633,-0.05746370388794746,1,0.09451809550059888
-0.023088880451043806,0.021962098604137663,-0.1742853937151536,-0.088193967186934,1,0.08609142652821962
-0.0003546174542055358,0.020927076187222376,-0.1495224867811614,-0.06748834812724969,1,0.08203413865391171
-0.046052416285435535,0.018540806553989538,-0.19054319713125503,-0.11786323543961605,0,0.07267996169163898
-0.012524951216549104,0.0201694889311437,-0.16020794952159076,-0.08114355291150746,1,0.0790643966100833
-0.03628714201184148,0.021424551657214026,-0.18643006325998096,-0.102445820763702,1,0.08398424249627896
-0.008481192884829014,0.018914997848633132,-0.15370538866814995,-0.07955859710150809,1,0.07414679156664186
-0.039045424385872066,0.02296392577881383,-0.19220551891234716,-0.10218692985939697,1,0.0900185890529502
0.005633424400798448,0.025026338210727524,-0.1515689984922275,-0.05346575270617561,1,0.09810324578605188
-0.028171329142673382,0.02261741932301073,-0.1806522710157744,-0.09199198726957236,1,0.08866028374620205
-0.010480754798753919,0.020800302681272875,-0.15940014805404876,-0.07786296154345909,1,0.08153718651058967
-0.06191020181992425,0.02975945575469936,-0.228389535099135,-0.11173246854071352,0,0.1166570665584215
-0.01156347983062736,0.02168511083323791,-0.16221709706377366,-0.07721146259748107,1,0.08500563446629258
-0.05339086658863469,0.03139307485722465,-0.22307209330879502,-0.10001123986847438,1,0.12306085344032064
-0.060311271025771954,0.025056040511389474,-0.21757191042809532,-0.11935223162344859,0,0.09821967880464673
-0.03449214566489438,0.02024546365045098,-0.1823240544197783,-0.10296183691001046,1,0.07936221750976785
-0.032632910913939814,0.02454091399028937,-0.18888390233490698,-0.09268351949297265,1,0.09620038284193433
-0.044472634932210944,0.024000869319294908,-0.19966513879802897,-0.10558173106639293,1,0.09408340773163604
-0.015935485157711038,0.020045519188918327,-0.16337550276799095,-0.08479706754743113,1,0.07857843522055982
-0.016289760234317774,0.02126453977685624,-0.16611905819695602,-0.08276206227167954,1,0.08335699592527648
-0.02612617404747876,0.022020859723675842,-0.17743785910588342,-0.09111608898907411,1,0.0863217701168093
-0.001189052286520012,0.019536802580492937,-0.14763198534428618,-0.07104771922875386,1,0.07658426611553232
-0.028919637783997074,0.02465024705582906,-0.18538492201342205,-0.08875595355457212,1,0.09662896845884993
-0.025514958235136595,0.020465055819582127,-0.17377726764151757,-0.09355424882875563,1,0.08022301881276195
-0.02431129397556718,0.022112318791937254,-0.1758022388077642,-0.08912194914337017,1,0.08668028966439402
0.010798478282514457,0.020443985318456127,-0.13742253294165957,-0.05728211049331154,1,0.08014042244834803
-0.026644709174927297,0.022225636540166935,-0.1783577567936545,-0.09123326155620011,1,0.0871244952374544
-0.040766141077422005,0.020109350026884576,-0.18833126713011578,-0.10950261502472824,0,0.07882865210538753
-0.008936812910288028,0.021155174141470393,-0.15855175422757,-0.07562347159300606,1,0.08292828263456395
-0.01682305686013444,0.01947003242342335,-0.16313512041004422,-0.08681259331022467,1,0.07632252709981954
-0.014334304064882397,0.02126569421660154,-0.1641658647294214,-0.08080434340034338,1,0.08336152132907802
-0.03155841544748521,0.024221921126505137,-0.18718418085543528,-0.09223425003953514,1,0.09494993081590014
-0.009459484860032119,0.020572606158883518,-0.15793259293144382,-0.07728797678862043,1,0.0806446161428234
0.011600656870335471,0.02336898761602933,-0.142353358857082,-0.05074692740224705,1,0.09160643145483495
-0.04112119705244181,0.021983979874366552,-0.19236059760620025,-0.10618339649868339,1,0.08617720110751687
-0.011983205151234855,0.01950078013304527,-0.1583555342120036,-0.08191247609046612,1,0.07644305812153748
-0.01628173430092965,0.020811037247339143,-0.16522216730571437,-0.08364290129614493,1,0.08157926600956944
-0.011376543492235172,0.0201540583036427,-0.15902929776737487,-0.08002538921709548,1,0.07900390855027939
-0.03466690432296059,0.02188836934268762,-0.18571890823462833,-0.09991650041129285,1,0.08580240782333548
0.008763513021656663,0.02160844761457837,-0.14173984430291695,-0.05703472965376974,1,0.0847051146491472
-0.04417764849198651,0.022224382840599802,-0.19588823885956214,-0.1087686581244109,0,0.08711958073515123
-0.015372763082670077,0.02329241466722389,-0.1691766958304289,-0.07787043033491126,1,0.09130626549551765
0.01034357852951888,0.020420626378801286,-0.13783164917293164,-0.0577827937680306,1,0.08004885540490103
0.0068547698841607,0.022144155325638935,-0.14469857455409163,-0.057893485677586995,1,0.08680508887650464
-0.037452150105327556,0.02449874617696483,-0.19362049261217862,-0.0975854075984765,1,0.09603508501370212
-0.009203004100254819,0.023189879864505783,-0.16280596863468616,-0.07190163956582349,1,0.09090432906886267
-0.02986977989010263,0.02320153102094971,-0.18349558069116406,-0.09254557908904121,1,0.09095000160212285
-0.04552098208954862,0.02220034578120617,-0.1971844598207127,-0.11015910435838454,0,0.08702535546232816
-0.00281541847483828,0.024956790677372838,-0.15988152820248905,-0.06205090874718752,1,0.09783061945530153
-0.005001788247785702,0.020490461062358533,-0.15331389193000844,-0.07299128456556297,1,0.08032260736444546
-0.0018897445818209652,0.02116496791479343,-0.1515238816948161,-0.06855720746882585,1,0.08296667422599024
0.006026976830253716,0.022618363244273805,-0.14645581512852296,-0.05779183121096963,1,0.08866398391755333
-0.0243030664701218,0.02047097798634347,-0.172576983323355,-0.09233074961688861,1,0.08024623370646639
-0.010344714264852062,0.020398852206228578,-0.15847726458906009,-0.07851376394064405,1,0.07996350064841604
-0.04467422063919897,0.022138417453695085,-0.19621631884844135,-0.10943372242995661,0,0.08678259641848474
-0.0610067399926459,0.019485694220395363,-0.20734950066462082,-0.130965579320671,0,0.07638392134394983
-0.029549103341055497,0.020921854252095067,-0.17870673767516182,-0.09669306900694917,1,0.08201366866821265
-0.06695391673817146,0.024176638957074746,-0.22249092909403795,-0.12771850438230498,0,0.09477242471173297
-0.03491683349986892,0.0217553117842076,-0.1857080445969158,-0.10042722240282204,1,0.08528082219409377
-0.05174294312369286,0.030917430925580597,-0.22049190773783084,-0.0992955785095549,1,0.12119632922827595
-0.02855332508395801,0.02124846205893056,-0.1783511107194619,-0.09505713944845412,1,0.0832939712710078
-0.0251484577564018,0.025557843860434453,-0.18339263172285333,-0.08320588378995028,1,0.10018674793290305
-0.013356151625573812,0.02062986920180717,-0.16194149526111587,-0.08107240799003176,1,0.0808690872710841
-0.01612513707672894,0.021543119627720365,-0.16650045154706086,-0.08205142260639703,1,0.08444902894066383
-0.05081190589888428,0.02064748361028073,-0.19943177377503452,-0.11849363802273405,0,0.08093813575230047
-0.05151600237862965,0.020877885611650094,-0.20058745817746385,-0.11874614657979546,0,0.08184131159766839
-0.025936715347368397,0.020780194984918034,-0.17481669751780776,-0.09335833317692906,1,0.0814583643408787
-0.0296264527417293,0.019835281529174135,-0.17665440453891063,-0.098900100944548,1,0.07775430359436263
-0.05216036886231602,0.021170156992524815,-0.20180467656766465,-0.11881766115696739,0,0.08298701541069727
0.007453683316832799,0.026435982210744478,-0.1525116418162264,-0.04888259155010803,1,0.10362905026611836
0.0012440782831887875,0.020665634128380874,-0.14741136460843773,-0.0664020788251847,1,0.08100928578325303
-0.03247080633207826,0.021731142002489243,-0.1832146446569572,-0.09802856800719935,1,0.08518607664975784
-0.017594135851885004,0.022123811531269594,-0.1691076064531734,-0.08238226525059661,1,0.0867253412025768
-0.04867348282551416,0.02092935940707919,-0.1978458272633894,-0.11580273838763895,0,0.08204308887575044
-0.05158252954303062,0.03950408177615386,-0.2371613298242922,-0.08230532926176906,1,0.15485600056252313
-0.019874775935501368,0.03529998118911226,-0.1972135390661614,-0.058837612804841344,1,0.13837592626132006
-0.030009967008228403,0.021531544798789166,-0.18036259481385516,-0.09595893920260165,1,0.08440365561125351
-0.004269813713785875,0.02063208776644146,-0.15285950573601115,-0.07198172169156061,1,0.08087778404445053
0.0011951188925708456,0.020758515765133188,-0.1476423720070902,-0.06626899020776811,1,0.0813733817993221
-0.020607964037315726,0.019749208806675925,-0.16746721329840053,-0.09005031477623092,1,0.07741689852216961
-0.020454018615014433,0.020302415067137546,-0.168397552146604,-0.08881208508342485,1,0.07958546706317916
-0.009179073853498004,0.024357276786216034,-0.16507013635448142,-0.06958961135251458,1,0.09548052500196684
-0.01785473361187155,0.02531527018307015,-0.17562346317068905,-0.07638760405305406,1,0.099235859117635
-0.040988745518374184,0.02025043855239948,-0.18883040508107718,-0.10944868595567121,0,0.07938171912540597
-0.00817086060014248,0.020795443477667402,-0.15708072981637058,-0.07556259138391438,1,0.0815181384324562
-0.04995593109382222,0.03569922974960134,-0.22807722140304085,-0.08813624078460361,1,0.13994098061843724
-0.036635826501425064,0.020089538251892098,-0.18416212147513358,-0.10541113152771656,1,0.07875098994741703
-0.025049497430753895,0.02557252795903313,-0.18332245223045884,-0.08307814263104897,1,0.10024430959940987
0.016957493621898162,0.02034831535761568,-0.13107600447902856,-0.05131060827717512,1,0.07976539620185344
-0.02070564929899514,0.019512251466784376,-0.16710046217389252,-0.09061243642409778,1,0.07648802574979474
0.006044214180934829,0.02215479262906216,-0.145529979372027,-0.05868319226610334,1,0.08684678710592365
-0.0117021370061767,0.021387105603103536,-0.16177166398825965,-0.07793421002409377,1,0.08383745396416588
-0.030093971748676077,0.02297974790878614,-0.1832850776498969,-0.09320446584745526,1,0.09008061180244165
-0.03384691169089961,0.019427653244177785,-0.18007591204948808,-0.10391951133231116,1,0.07615640071717693
-0.040132857876910885,0.030322754545829073,-0.2077162567867359,-0.08885105896708591,1,0.11886519781964998
0.004604473447196805,0.020368114843810618,-0.143467831646672,-0.06362482145893439,1,0.07984301018773762
-0.015561055139562657,0.022625108831746846,-0.1680570684497865,-0.07936664182933884,1,0.08869042662044765
-0.04521238572745957,0.0219378854920132,-0.19636144129180544,-0.1103649301631137,0,0.08599651112869174
-0.055315577584945944,0.021859873865112858,-0.20631173036056716,-0.12062102480932474,0,0.08569070555124242
-0.04023752079572519,0.020574074405999596,-0.1887135066314844,-0.10806313495996599,1,0.08065037167151841
-0.013918602555560988,0.021381834520397363,-0.16397779821553982,-0.08016100689558217,1,0.08381679131995765
0.0036505331531429264,0.02964391271388673,-0.16260233576607508,-0.04639819792763909,1,0.11620413783843599
0.005027729494695168,0.02471097975005344,-0.15155659081540956,-0.054689550195200096,1,0.09686704062020947
0.022488996609950046,0.025774861974394356,-0.1361805328598629,-0.03514307392023702,1,0.10103745893962587
-0.01975572233657165,0.02032849202691655,-0.16775036670932808,-0.08806267796381523,1,0.07968768874551285
-0.013969964266260113,0.021918818840152263,-0.16508164919295856,-0.07915987933956167,1,0.08592176985339689
-0.055001680436045045,0.02340322497497906,-0.20902280138700402,-0.1172821594850861,0,0.09174064190191793
-0.06955314401724856,0.027128295621418004,-0.23087540343522786,-0.12453248459926927,0,0.10634291883595859
-0.0266578829155502,0.020250237408322432,-0.17449914823586216,-0.09511821759523824,1,0.07938093064062392
-0.0012677791421278617,0.026569914152379286,-0.16149561088079126,-0.05734154740346447,1,0.10415406347732678
-0.033053395876510086,0.021563646135636654,-0.18346894230235794,-0.09893944945066224,1,0.0845294928516957
-0.014133658488941298,0.021304730217272774,-0.16404172971479594,-0.08052718726308666,1,0.08351454245170928
-0.033155500130403096,0.02248313294696044,-0.18537324070644556,-0.09723935955436064,1,0.08813388115208493
0.011689399599574601,0.03489282267395082,-0.16485133284136902,-0.02807146795948179,1,0.13677986488188723
-0.03164738185142406,0.023171624639527506,-0.18521456614489798,-0.09438179755795015,1,0.09083276858694783
-0.03360673607134147,0.026846962482517465,-0.1943775825370757,-0.08913748960560725,1,0.10524009293146847
-0.02692080458770167,0.02183568338949229,-0.17786954403110655,-0.09227366514429679,1,0.08559587888680976
-0.0050624696252379725,0.019415420491666696,-0.1512674937889047,-0.07515904546157126,1,0.07610844832733343
-0.03715154845550127,0.025074276750833492,-0.1944479308871349,-0.09615676602386763,1,0.09829116486326728
-0.03389602538422583,0.022317725510839048,-0.18578956738547037,-0.0983040833829813,1,0.08748548400248907
-0.027609179888547455,0.022110222371194484,-0.17909601573608863,-0.09242394404100628,1,0.08667207169508236
-0.016429884563803204,0.026264000224000873,-0.17605812500284493,-0.07310324412476149,1,0.10295488087808344
-0.026222620790416165,0.021730517354582903,-0.17696523480539866,-0.09178160677543368,1,0.08518362802996499
-0.009828631530387696,0.021062317444398647,-0.15926157372140903,-0.07669728933936636,1,0.08256428438204268
-0.017142564035664734,0.038695282282267734,-0.2011361173089095,-0.04945061076241998,1,0.15168550654648955
0.026549395211292376,0.02109575841962688,-0.12294909129117632,-0.04025371828623894,1,0.08269537300493737
-0.02240661170295842,0.021416840524175144,-0.1725344191303417,-0.08858040427557515,1,0.08395401485476656
-0.014341188232960933,0.022378097476390597,-0.1663530592866865,-0.07863091717923537,1,0.08772214210745113
-0.03404435394590814,0.026324759865860123,-0.19379168328299398,-0.09059862460882231,1,0.10319305867417167
-0.006815188930133678,0.019979445756327808,-0.1541257026125362,-0.07580627524773118,1,0.07831942736480502
-0.012649163455339923,0.023718655986446895,-0.16728852918877585,-0.07431139772190401,1,0.09297713146687184
-0.0011994058594097523,0.022572931442662897,-0.15359315148702904,-0.06510726023179048,1,0.08848589125523856
-0.027314702873025246,0.020201462613485356,-0.17506036959545654,-0.09587063615059396,1,0.07918973344486258
-0.020594617406921353,0.02608929822098022,-0.1798804419200426,-0.07761039289380012,1,0.10227004902624248
0.0010856609919988602,0.02094222383780938,-0.14811189773010752,-0.06601838028589477,1,0.08209351744421275
-0.006958941761101942,0.020194634747714987,-0.15469122586662332,-0.07552825765558058,1,0.07916296821104274
-0.002358439122030681,0.02206739811890007,-0.1537613394350748,-0.06725713880898655,1,0.08650420062608825
-0.023494615133903288,0.022797829342093106,-0.1763291606444058,-0.08696166962340081,1,0.08936749102100498
-0.021228746119415928,0.0192602926926227,-0.16712971979695643,-0.09162937244187544,1,0.07550034735508099
-0.04934002360644184,0.028885137189971,-0.214105692498785,-0.10087595471409869,1,0.11322973778468631
-0.05084604643068165,0.019592637839454915,-0.1973984165960133,-0.12059527626535002,0,0.07680314033066327
-0.028110314360952696,0.031392189789216825,-0.19778980634781768,-0.07473242237408773,1,0.12305738397372995
-0.06232755445619194,0.02371730970564149,-0.21696428147924926,-0.12399242743313463,0,0.09297185404611463
-0.0789309782383751,0.038849099592320614,-0.2632260134393235,-0.1109375430374267,0,0.1522884704018968
-0.025947141492289202,0.025718197879367948,-0.1845056093358504,-0.08369027364872803,1,0.10081533568712236
0.0009612000426181821,0.02175623636803694,-0.14983182323873423,-0.06454737667602942,1,0.08528444656270481
-0.014511444945425597,0.02073862113531694,-0.1633099423706468,-0.0820145475202044,1,0.0812953948504424
-0.03555444452646424,0.02100077168843547,-0.18486675703579775,-0.10254373201713073,1,0.08232302501866702
-0.0156600966924669,0.021693269416891203,-0.16632970474957365,-0.08129208863536015,1,0.0850376161142135
-0.024884757743886668,0.02273671608756854,-0.177599521275521,-0.08847159421225234,1,0.08912792706326866
-0.08363659344705386,0.033531312557407864,-0.2575087660595733,-0.12606602083453444,0,0.13144274522503885
0.011837482868166438,0.020550381435609635,-0.13659206474562846,-0.05603456951803868,1,0.08055749522758979
-0.05233851619539946,0.027497039910715067,-0.214383514420401,-0.10659511797039795,1,0.10778839645000304
-0.05388998641633773,0.03774626265932485,-0.23602346122861445,-0.08805811160406103,1,0.14796534962455343
-0.007912070906928081,0.021058776984485852,-0.15733807379652037,-0.07478766801733581,1,0.08255040577918456
-0.016864334934594424,0.022044368587547766,-0.16822209736618804,-0.08180817250300082,1,0.08641392486318722
-0.018770195875031273,0.020831203562031757,-0.16775015485661351,-0.08609183689344904,1,0.08165831796316447
-0.016458257691981407,0.02016712518628178,-0.1641366230570937,-0.08508149232686912,1,0.07905513073022458
-0.025206124947260808,0.021513605768697482,-0.17552359225390787,-0.09119025764061375,1,0.08433333461329412
-0.0240419184575167,0.020671246641666124,-0.1727083618751823,-0.0916770750398511,1,0.08103128683533119
-0.04212935981672637,0.027160746725086074,-0.20351522339789507,-0.09704509623555768,1,0.10647012716233739
-0.024732331028281054,0.020541307989594554,-0.17314409468788639,-0.09262216736867573,1,0.08052192731921065
-0.040075737860192154,0.026126921389581986,-0.19943530378377283,-0.09701777193661147,1,0.10241753184716136
-0.019482307880735114,0.01925998124394486,-0.16538267111886704,-0.0898835446426032,1,0.07549912647626383
-0.006960867112284927,0.019853141795703317,-0.15402382503186343,-0.07619950919270643,1,0.077824315839157
-0.031301168555346606,0.026378213708116924,-0.19115326742325578,-0.08775066968743744,1,0.10340259773581834
-0.03687220312402202,0.02133031328472499,-0.186830417162083,-0.10321558908596104,1,0.08361482807612197
0.011674263778435556,0.021818295974742916,-0.13924039633206056,-0.053712676111068336,1,0.08552772022099223
-0.03442952679313828,0.021266434533261463,-0.18426253847833074,-0.10089811510794582,1,0.08336442337038492
0.01346514255991084,0.020789866117796704,-0.1354337950309707,-0.05393751984920763,1,0.08149627518176306
0.012284717512292084,0.020991798839805276,-0.13701000821372628,-0.05472215676168958,1,0.0822878514520367
-0.007559510809935541,0.021094282204598667,-0.15705510393094893,-0.07436551768892216,1,0.08268958624202677
-0.02485317863822982,0.020525018490370472,-0.17323301487935594,-0.09277494239710371,1,0.08045807248225223
-0.017205205341242022,0.02133341799947797,-0.16716950462021885,-0.08354250606226521,1,0.08362699855795364
-0.02113208109665911,0.019729110184383492,-0.16795193705805075,-0.09061382513526747,1,0.07733811192278328
-0.008146399827677675,0.02052403087311055,-0.15652430033897435,-0.076070099316381,1,0.08045420102259335
-0.012393660088811959,0.020911906214973245,-0.1615317962701595,-0.0795571239074644,1,0.08197467236269511
-0.03490744545137457,0.02258534619885994,-0.18732552400114005,-0.0987909669016091,1,0.08853455709953095
-0.03594640304646231,0.023070582995294856,-0.18931554571724024,-0.0988788603756844,1,0.09043668534155584
-0.01385959252338878,0.02088346603157327,-0.1629419859452724,-0.08107879910150517,1,0.08186318684376723
-0.005027470981417814,0.01929371879821471,-0.15099395982591865,-0.07536258213691699,1,0.07563137768900166
-0.06393879104257154,0.028350038818805698,-0.2276556671274307,-0.11652351495771238,0,0.11113215216971833
-0.010510339361072943,0.02276506764024954,-0.16328067193596205,-0.07404160678618385,1,0.0892390651497782
0.011223310720341731,0.02092286579654251,-0.1379363062408816,-0.055918672318434955,1,0.08201763392244665
-0.03861480212652467,0.023046854352956572,-0.19193743665831955,-0.1015937675947298,1,0.09034366906358976
0.002847869784157131,0.021400788322693466,-0.14724847532832208,-0.06335738510336368,1,0.0838910902249584
-0.0006125277729771006,0.02053915070668088,-0.14902006315807162,-0.06850659238788259,1,0.08051347077018903
0.011096059248646067,0.02181713281839297,-0.13981632107540415,-0.05429316042730371,1,0.08552316064810044
-0.0107662102196934,0.0210328058509383,-0.16014130968753248,-0.07769271075185434,1,0.08244859893567814
-0.03362684021287106,0.02270976241112137,-0.18628877453866896,-0.09726650588707317,1,0.08902226865159579
-0.01328310087027218,0.02050322307276579,-0.16162021809289312,-0.08124758364765124,1,0.08037263444524188
-0.06583086398486822,0.02488805474070959,-0.22276225127665902,-0.12520107669307742,0,0.0975611745835816
-0.06511982544302676,0.03618110813355788,-0.2441855973848002,-0.10235565350125334,1,0.14182994388354686
0.01116895407658236,0.02377732169751011,-0.14358539645053747,-0.05037829539629783,1,0.09320710105423964
-0.021754145209819234,0.021541210623165708,-0.17212571803122403,-0.08768417238841444,1,0.08444154564280959
-0.028616700525410807,0.02026985070048997,-0.17649640789837115,-0.09703859315245048,1,0.07945781474592067
-0.07037879202546686,0.023740762728416263,-0.22506148697316275,-0.13199769707777098,0,0.09306378989539177
-0.05048718764208883,0.022633200111296797,-0.20299905986023056,-0.1142769154239471,0,0.08872214443628346
-0.06023067439139383,0.028827704087219668,-0.2248837744023444,-0.11187917438044329,0,0.1130046000219011
-0.06164473688007861,0.020898640010592506,-0.21075687130083992,-0.12883420245931732,0,0.0819226688415226
-0.032742831578677314,0.04143008593477269,-0.22209660001083179,-0.059690663146522854,1,0.16240593686430893
-0.02923825374386653,0.020334387339617736,-0.1772444529295173,-0.09753365455821578,1,0.07971079837130152
0.027031001060165732,0.02048233653180941,-0.12126517854218072,-0.040974419337487834,1,0.08029075920469289
-0.012818361450725374,0.02463899380164826,-0.16926158930195595,-0.0726767335994948,1,0.09658485570246116
-0.025100460077264283,0.02717815681149391,-0.18652044742779234,-0.07998207272673623,1,0.10653837470105611
-0.04382418901413608,0.0232260725584177,-0.19749809122863476,-0.1064518867996374,1,0.09104620442899737
0.013673972374295462,0.024496695995538414,-0.14249035177695984,-0.04646330347444925,1,0.0960270483025106
-0.03079886757934476,0.02006164050795503,-0.17827048297493664,-0.0996288521837529,1,0.07864163079118373
-0.008418442223719194,0.019740377056594916,-0.15526038125464522,-0.07787810319279317,1,0.07738227806185205
-0.03955669564318255,0.019324838476560944,-0.185584179057242,-0.10983081222912311,0,0.0757533668281189
-0.030224324755092777,0.029032335456750498,-0.19527850225032375,-0.08147174725986181,1,0.11380675499046194
-0.026477815298006344,0.02114805918708685,-0.17607881130469658,-0.09317841929131612,1,0.08290039201338045
-0.08844250130800808,0.026883369895181218,-0.24928470630256327,-0.1439018963134529,0,0.10538280998911037
-0.02319937682355093,0.020608743110077533,-0.1717433133193029,-0.09095704032779897,1,0.08078627299150393
-0.0032422092812139786,0.020735202008474465,-0.15203400521782393,-0.07075201334460404,1,0.08128199187321988
-0.05470780219130776,0.022326672163002638,-0.20661887963079295,-0.1190983247518226,0,0.08752055487897036
0.014241560047100546,0.02076752791569214,-0.13461359466765604,-0.05320488523814287,1,0.08140870942951317
-0.00926525264000741,0.031545078397394566,-0.17924440629890076,-0.05558769898111407,1,0.12365670731778669
-0.01563500076476533,0.023684136208570118,-0.17020670773356278,-0.0773648937959679,1,0.09284181393759487
-0.017366096465794664,0.02427699737723126,-0.17309981132516794,-0.0779339816064214,1,0.09516582971874654
0.004886717481475289,0.023102349187380897,-0.14854468692579126,-0.05798347811125816,1,0.0905612088145331
-0.039692909052649814,0.02052256239136233,-0.18806793133972,-0.10761948676557966,1,0.08044844457414034
-0.01815879683963094,0.021243126692990128,-0.1679461251578916,-0.0846730685213703,1,0.08327305663652129
-0.0013355583400588011,0.022205299227482878,-0.15300874482592525,-0.06596397185419237,1,0.08704477297173288
0.005326088057760234,0.03856779643499236,-0.1784175929548248,-0.02723183092965474,1,0.15118576202517003
-0.005393793158489493,0.018707933088601313,-0.15021214201214808,-0.07687704430483092,1,0.07333509770731717
0.0009907045570294731,0.02228746886098481,-0.15084353441050075,-0.0634766564754403,1,0.08736687793506044
0.003310077765685815,0.02214110336251069,-0.14823728482483514,-0.06144415964379324,1,0.0867931251810419
-0.007965894284134648,0.021387314820209717,-0.1580358313317457,-0.0741975572365236,1,0.0838382740952221
-0.03481333915882466,0.01954872094882031,-0.18127963221851245,-0.10464864609913686,1,0.07663098611937559
-0.040914937415509015,0.027989465697024915,-0.20392509018167784,-0.0942063846493402,1,0.10971870553233765
-0.016942433909630447,0.027546500401805278,-0.1790843746971688,-0.0711020931220921,1,0.10798228157507671
-0.014976634573270586,0.019367898276238703,-0.16108851519469844,-0.08516635395184274,1,0.0759221612428557
-0.04315997522288846,0.021392979644815287,-0.19324101532672644,-0.1093805351190505,0,0.08386048020767593
-0.03738885791877934,0.019833656800756477,-0.18441362524826205,-0.10666569058929665,1,0.0777479346589654
-0.0055464905117771635,0.01912844230698649,-0.15118903743347067,-0.07620554359008365,1,0.07498349384338703
-0.04131514493630313,0.024055649936723034,-0.19661501881228027,-0.102316871060326,1,0.09429814775195428
-0.013433397575684583,0.020706768004074273,-0.16216946286367018,-0.08099893228769901,1,0.08117053057597116
-0.03911180360000753,0.022630697435022676,-0.19161877057265198,-0.1029064366273631,1,0.08871233394528888
-0.10894702438584904,0.04123172791445615,-0.2979120110981831,-0.13628363767351498,0,0.16162837342466813
-0.039551806646147256,0.020969584659834468,-0.18880299257942282,-0.1066022207128717,1,0.08220077186655111
-0.022900379293985487,0.02127898422528362,-0.17275798837554138,-0.08934437021242961,1,0.08341361816311177
-0.029434142225344698,0.02071770626290738,-0.17819164650064317,-0.09697823795004623,1,0.08121340855059694
-0.03715178223859632,0.021630263869696336,-0.18769789942320114,-0.1029072650539915,1,0.08479063436920964
-0.022193325865743116,0.023280465276437113,-0.17597383780755987,-0.08471441392392638,1,0.09125942388363349
-0.07741475267588903,0.026493649005598054,-0.23749310472686122,-0.13363800062491685,0,0.10385510410194437
0.003741418720277473,0.025779625015411315,-0.1549374463099287,-0.05388131624951636,1,0.10105613006041234
-0.01990420351112697,0.022837939705502953,-0.17281736533391276,-0.08329264168834119,1,0.08952472364557157
-0.0013378812368550347,0.019634134544952924,-0.14797158494496276,-0.07100577752874732,1,0.07696580741621545
-0.044241081407698765,0.020567279686411977,-0.19270374959306624,-0.1120800132223313,0,0.08062373637073494
-0.03986505005486486,0.021722329331524206,-0.19059161554465232,-0.10544008456507742,1,0.0851515309795749
-0.01674403065445275,0.02378950216816608,-0.17152225490405826,-0.07826740640484725,1,0.09325484849921101
0.0029162130117808965,0.01974939978196566,-0.1439434105608718,-0.06652576341556642,1,0.07741764714530537
-0.030609252351319602,0.021703131720362447,-0.18129819052323,-0.0962219141794092,1,0.08507627634382081
-0.02167521065648602,0.024035001459167843,-0.176934613516455,-0.08271740779651705,1,0.09421720571993795
-0.00858376606006292,0.02083639661263868,-0.15757390342083474,-0.0758952286992911,1,0.08167867472154364
-0.01986325024047987,0.022515038091532293,-0.17214352489988316,-0.08388457558107659,1,0.08825894931880657
-0.021803003520797545,0.026785384848969432,-0.18245315782477764,-0.07745444921681746,1,0.10499870860796018
-0.006673338788801719,0.021348724340377278,-0.15666763849594117,-0.07298063908166226,1,0.08368699941427891
-0.02560174340546091,0.021687548245819296,-0.17626013796726675,-0.0912449488436551,1,0.08501518912361165
-0.03309532391693294,0.02276809366571431,-0.185871587501733,-0.0966206603321329,1,0.08925092716960009
-0.04470236678724339,0.02651927989360222,-0.20483095537870374,-0.10087537819578304,1,0.1039555771829207
-0.015159012112186093,0.02232374953220015,-0.16706436119529838,-0.07955526302907381,1,0.08750909816622457
-0.033472181233719686,0.020742423470228238,-0.18227813123536704,-0.10096783123207234,1,0.0813103000032947
0.005597212314622763,0.021491115060387596,-0.14467617320373694,-0.06043100216701756,1,0.08424517103671939
-0.03956215519664193,0.021868068408211757,-0.190574369276737,-0.10485154111654689,1,0.0857228281601901
-0.0034701246804195174,0.021733698439793017,-0.15421897362241382,-0.06902287573842521,1,0.08519609788398862
-0.03753739033041133,0.02960488925731692,-0.20371377327475249,-0.08766260738607018,1,0.1160511658886823
-0.03248078221740815,0.02318945612237112,-0.18608291621725553,-0.09518024821756076,1,0.09090266799969478
-0.006568170791906289,0.02362763969757303,-0.16102914459914944,-0.06840879698466315,1,0.09262034761448629
-0.06954780830597997,0.03930788280247795,-0.25474205859883675,-0.10065515801312319,1,0.15408690058571356
-0.07128072365175551,0.03276124029562096,-0.2436435546311726,-0.11521949267233844,0,0.12842406195883416
0.007604364692949839,0.021091257232124617,-0.14188529948201442,-0.05920757113208592,1,0.08267772834992851
-0.015213223879647936,0.02503365582276377,-0.17242998929226494,-0.07429805846703096,1,0.09813193082523398
-0.0142952055756278,0.023442650255511052,-0.16839360007642945,-0.07649841107482615,1,0.0918951890016033
-0.02858091419052476,0.020393756771844535,-0.17670347746334006,-0.09675995091770948,1,0.07994352654563058
-0.01954615017612539,0.021486303824230776,-0.16981010567161772,-0.08558379468063307,1,0.08422631099098465
-0.006623269956699915,0.01994882701574931,-0.15387377090756857,-0.07567436900583127,1,0.0781994019017373
-0.01683651530746552,0.02132140511447898,-0.16677726933184434,-0.08319736128308672,1,0.08357990804875762
-0.008064687966565384,0.019187451670346516,-0.15382289324044457,-0.07860808269268621,1,0.07521481054775836
-0.010082746242897692,0.021427134106823672,-0.1602307290922721,-0.0762363633935233,1,0.0839943656987488
-0.02284244105755616,0.02142084432211533,-0.1729780959289022,-0.08900838618621013,1,0.08396970974269208
0.009790702980051469,0.027205846248698942,-0.15168355566739847,-0.04503663837249861,1,0.10664691729489986
-0.084328071879146,0.02921963341872632,-0.2497493533798496,-0.1352083903784424,0,0.1145409630014072
-0.04646546466071473,0.01908601730618197,-0.1920248585808314,-0.11720767074059807,0,0.07481718784023333
0.002338442170898958,0.022076712308671063,-0.14908271395409634,-0.06254200170410576,1,0.08654071224999058
-0.016921159418194567,0.022858065483149954,-0.1698737677651685,-0.08027015107122067,1,0.08960361669394783
0.006198446957402681,0.021980644490121794,-0.14503441624323604,-0.058870289841958606,1,0.08616412640127744
-0.0030356783352421257,0.023338537408646443,-0.15693001165618917,-0.0654429450142951,1,0.09148706664189407
-0.022100094637847692,0.01903248127665566,-0.16755455794009277,-0.0929472313356026,1,0.07460732660449017
0.01662573501317066,0.02126027892911965,-0.13319521168790385,-0.04985491828575483,1,0.08334029340214902
-0.04384274693083158,0.024284223239842088,-0.19959062448092207,-0.1043964693807411,1,0.09519415510018098
-0.04852477919397995,0.022326121028764124,-0.20043477641035762,-0.11291638197760227,0,0.08751839443275534
0.01575158113994704,0.022970119387410816,-0.13742065285937816,-0.047377784860727766,1,0.09004286799865038
-0.03129679673620277,0.020108418003051246,-0.17886009602218322,-0.10003509745022232,1,0.0788249985719609
0.0022272018334661275,0.019407827200196025,-0.14396293947891808,-0.06788425685414967,1,0.07607868262476841
-0.0250236746143203,0.021526026106576113,-0.17536548578320948,-0.09098346344543112,1,0.08438202233777836
0.02635398817587835,0.021611005575401743,-0.12415438275190907,-0.03943924089633424,1,0.08471514185557483
-0.005265135875523172,0.023996143635982316,-0.1604483774020485,-0.06638349434899785,1,0.09406488305305066
-0.010981901027221422,0.024681357077931235,-0.16750816089996665,-0.07075724115447621,1,0.09675091974549044
-0.03139401791907702,0.021183737491714212,-0.18106494340283688,-0.09802469243531717,1,0.08304025096751971
-0.03287529361255338,0.018618820267912953,-0.17751898133766278,-0.104533205887444,1,0.07298577545021878
-0.04415563368212223,0.031001278858893918,-0.2130689402455543,-0.09154392711869017,1,0.12152501312686415
-0.02542699655071938,0.021279284201173886,-0.1752851935850202,-0.09187039951641857,1,0.08341479406860164
0.0009938762472071622,0.020485708834221874,-0.14730891306786772,-0.06700493443771796,1,0.08030397863014976
-0.0024645221719673815,0.02305016562457397,-0.15579364679613236,-0.06543699754780241,1,0.09035664924832995
0.006115655265769404,0.021165995243525793,-0.14352049541154116,-0.06054979405692005,1,0.08297070135462112
0.007103206938963602,0.022308429529595716,-0.14477211493904402,-0.057323071183028804,1,0.08744904375601521
-0.024849088772589914,0.02179003833354178,-0.17570836390633182,-0.09029141363884803,1,0.08541695026748379
-0.04344426091742622,0.027737533528463285,-0.20596062663321427,-0.09722949520163818,1,0.10873113143157609
-0.05217249654019014,0.020762486593143722,-0.20101777026275183,-0.11962882281762846,0,0.08138894744512337
-0.02420140458771007,0.0343115232816006,-0.19960279021964725,-0.0651016189557729,1,0.13450117126387434
-0.03718747780806776,0.02352109920681177,-0.19143963225341884,-0.0992369233627167,1,0.09220270889070215
-0.07392044723155423,0.022042940808590473,-0.22527541121639155,-0.13886708324671693,0,0.08640832796967463
-0.0318940957360148,0.02282838156172684,-0.1847885235969994,-0.09530126787503021,1,0.0894872557219692
-0.03161733489606265,0.023737924245068643,-0.1862944664163972,-0.09324180337572813,1,0.09305266304066906
-0.03622582932775063,0.026169727313107242,-0.19566929486144083,-0.09308396379406045,1,0.10258533106738038
-0.03140433232519259,0.025444254123991556,-0.18942587040821604,-0.08968439424216915,1,0.0997414761660469
-0.032398753208774875,0.03735537977916525,-0.21376609757593876,-0.067333008841611,1,0.14643308873432775
-0.024622146548481508,0.01990035240482208,-0.1717776372619328,-0.09376825583503023,1,0.07800938142690256
-0.0036506291751005893,0.020742165552866784,-0.1524560736587195,-0.0711467846914817,1,0.0813092889672378
-0.07372705142066623,0.023583911263572604,-0.22810231749726853,-0.13565338534406393,0,0.0924489321532046
-0.030519065520826102,0.020172910964552142,-0.1782087710113483,-0.09913096003030392,1,0.07907781098104438
-0.015607366148915003,0.019920503787308128,-0.16280235357203893,-0.08471397872579109,1,0.07808837484624784
-0.011734026180138288,0.022739895651501304,-0.16445502165708084,-0.07531463070319575,1,0.0891403909538851
-0.05729891476381134,0.019526918079085326,-0.2037224741988186,-0.1271769553288041,0,0.07654551887001448
-0.02291014167906681,0.021384384674538823,-0.1729743356411629,-0.08914754771697073,1,0.08382678792419218
-0.06192047095234286,0.02323856490437156,-0.2156188581649111,-0.12452368373977461,0,0.0910951744251365
-0.014481529770712848,0.021205191468529873,-0.1641945050490314,-0.0810701544923943,1,0.08312435055663711
-0.01988475882688308,0.022880342085193357,-0.17288102931386207,-0.0831900883399041,1,0.08969094097395797
-0.007428224834502298,0.020984338915399647,-0.1567083291086856,-0.074449720560319,1,0.0822586085483666
-0.020978067160386707,0.020646635406661985,-0.1695962725574442,-0.08866146176332923,1,0.08093481079411496
-0.037043484869220336,0.019978884118529782,-0.1843528977415387,-0.10603567199690198,1,0.07831722574463673
-0.03497805034084274,0.026911542239779446,-0.19587547313081047,-0.09038222755087502,1,0.10549324557993545
-0.008072753456444356,0.02428807940422064,-0.16382818908871682,-0.0686189178241719,1,0.09520927126454493
0.010931933172855138,0.023167247402778042,-0.14262667173658983,-0.05181106191769991,1,0.09081560981888992
-0.024505796075131717,0.03240989954010924,-0.19617999917374584,-0.06913319297651761,1,0.12704680619722825
-0.04439342091656702,0.020293254881092616,-0.19231900048350856,-0.1127694413496255,0,0.07954955913388306
-0.03927821706069763,0.019905095104569392,-0.18644300346565365,-0.10841503065574162,0,0.07802797280991203
-0.011853030152879876,0.022397022568688366,-0.16390199438750908,-0.07610566591825069,1,0.08779632846925839
0.0035627972311417233,0.020535312894896716,-0.14483721604285585,-0.06433878949486072,1,0.08049842654799513
-0.028498642116953396,0.03509600738117374,-0.2054376165840539,-0.06786126764985288,1,0.137576348934201
-0.0062747857204562,0.02205680731101623,-0.15765692805004802,-0.07119424339086439,1,0.08646268465918364
-0.022446070853967756,0.021951211223369016,-0.17362124485177102,-0.0875724968561645,1,0.08604874799560652
-0.0036131555922151726,0.02131552836856105,-0.15354239119459484,-0.06998551998983552,1,0.08355687120475933
0.004618101285026113,0.03347278809228661,-0.16913936337585567,-0.03792603405409213,1,0.13121332932176355
-0.03542662241352261,0.021361987662334533,-0.1854469182316983,-0.10170792659534693,1,0.08373899163635136
-0.00794116697793755,0.020288974394264126,-0.15585835679069523,-0.07632557716517988,1,0.07953277962551536
-0.006768118427818937,0.02016352601276362,-0.15443942941283564,-0.07539840744280224,1,0.0790410219700334
-0.03140539042259398,0.02042885850061431,-0.17959675308379802,-0.09951562776138993,1,0.08008112532240809
-0.02747704252100812,0.022643293333881633,-0.18000869745541612,-0.09124698758660013,1,0.08876170986881599
-0.021343625186198797,0.01986189111400694,-0.16842373176965242,-0.0905651186027452,1,0.07785861316690722
0.003037258542696264,0.026835237441570604,-0.15771060684278213,-0.05251647607182536,1,0.10519413077095677
-0.026501090434969912,0.020254045994099943,-0.1743498205834058,-0.09495396028653402,1,0.07939586029687179
-0.0060243343808260436,0.022658597415944323,-0.15858598531607693,-0.06976428344557517,1,0.08882170187050176
-0.07221846973199632,0.03906722754034985,-0.256941035711082,-0.10379750375291062,1,0.15314353195817137
-0.003074939702696719,0.033012169036991404,-0.1759295910151999,-0.04652188839019357,1,0.12940770262500634
-0.030142758055640997,0.025981523737869005,-0.18921734458186426,-0.08736977152941774,1,0.10184757305244652
-0.017799726095210536,0.021275026091307696,-0.16764957723417362,-0.08425147495624746,1,0.08339810227792616
-0.031540177480280415,0.02041122558111771,-0.17969697961927114,-0.0996849753412897,1,0.08001200427798144
-0.021197438533548926,0.019980386423333964,-0.1685097959232835,-0.09018668114381437,1,0.07832311477946913
-0.01396867059616666,0.02006120940309461,-0.1614394410262321,-0.08279950016610123,1,0.07863994086013086
-0.030438132537165638,0.022320970207278898,-0.18233803414343228,-0.09483983093089901,1,0.08749820321253327
-0.06261519793459759,0.03668704546763475,-0.24267260705116173,-0.09885938881803348,1,0.14381321823312826
-0.011319964171754376,0.01959104278368725,-0.1578692080277814,-0.08107232031572736,1,0.07679688771205403
-0.010114606152476308,0.02169770110439084,-0.16079290031708235,-0.07573791198787028,1,0.08505498832921207
-0.022015165651182736,0.019653742262599323,-0.1686873004858774,-0.09164463081648808,1,0.07704266966938933
-0.04212831540931343,0.021399454726328208,-0.19222204667291673,-0.10833618414571014,0,0.08388586252720659
-0.038622185726116184,0.02061976518689428,-0.18718772549242899,-0.1063582459598034,1,0.08082947953262559
-0.02904034683080546,0.01937508617646793,-0.17516631573668262,-0.09921597792492833,1,0.0759503378117543
-0.05658285288987254,0.022289994328489462,-0.20842204177371187,-0.1210452640060332,0,0.08737677776767867
0.006295607104971623,0.02215270961085538,-0.14527450373230494,-0.05843588205775184,1,0.0868386216745531
-0.004172883616478856,0.020282912957606175,-0.15207819301338696,-0.07256917421957076,1,0.0795090187938162
-0.032094767353909245,0.01975170106227397,-0.17895890143596624,-0.10153223327185226,1,0.07742666816411398
-0.018793583299260022,0.02127348334349149,-0.16864041065250335,-0.08524835594601671,1,0.08339205470648664
-0.0059983810561979045,0.023632269893416234,-0.16046843004729372,-0.0678299320651021,1,0.09263849798219162
-0.027880858577409393,0.02190641321465541,-0.178968228478134,-0.09309508867668478,1,0.08587313980144923
-0.04028400974789144,0.026777901957019786,-0.20091949758365021,-0.09595012191213267,1,0.10496937567151754
-0.03140159770532493,0.020751538294779097,-0.18022541276309195,-0.09887938264755791,1,0.08134603011553404
0.002777706991053827,0.021728269767878047,-0.14796050175398714,-0.06278568426390521,1,0.08517481749008193
-0.006349523686469044,0.02547236278275649,-0.16442615474067176,-0.06457449263226633,1,0.09985166210840543
-0.016564890976367583,0.023681230823013485,-0.171130903389474,-0.07830047856326117,1,0.09283042482621284
-0.01837701403250551,0.02053540547939417,-0.1667772087721181,-0.08627841929289294,1,0.08049878947922516
-0.052134662221122716,0.020445694094481513,-0.20035902264630648,-0.12021190179593896,0,0.08014712085036751
-0.04028157647332796,0.020154042926742687,-0.18793430060974364,-0.1089304523369123,0,0.07900384827283134
-0.012408840996508422,0.025003540049198802,-0.16956657949293807,-0.07155270250007878,1,0.0980138769928593
-0.03512204353725597,0.027303318961485877,-0.19678734870176828,-0.08975833837274366,1,0.10702901032902462
-0.028467912116126745,0.020446582261037197,-0.17669401334775967,-0.09654341088449384,1,0.08015060246326583
0.004652428307606413,0.024753796031815423,-0.15201581191475183,-0.05498093147003536,1,0.09703488044471648
-0.028252475861076168,0.021690470799109227,-0.17891659862733025,-0.09388995309482209,1,0.08502664553250816
-0.0037750009389185685,0.02044332031611182,-0.15199470875849774,-0.0718568931193394,1,0.08013781563915834
-0.04925953386085792,0.018948099327444536,-0.19454860854264922,-0.12027205917906664,0,0.07427654936358258
-0.02186950683369461,0.020985252082871712,-0.1711514009161232,-0.08888921275126606,1,0.08226218816485713
-0.07274183612289957,0.03923493792649741,-0.2577931144588345,-0.10399215778696465,1,0.15380095667186988
-0.009035323681953575,0.019792187352723083,-0.15597881089329083,-0.07839343647061633,1,0.07758537442267449
-0.04476282072188807,0.01978363851334043,-0.19168955220803532,-0.11413768923574083,0,0.0775518629722945
-0.013139291746857323,0.021458812045061507,-0.16334936335517788,-0.07923082013853677,1,0.08411854321664111
-0.009419073332214645,0.02092134688750968,-0.15857571323173364,-0.07656403343269567,1,0.08201167979903796
-0.0006824423532690166,0.021150746516436992,-0.1502887055254855,-0.06737777918105252,1,0.08291092634443299
-0.025875637090607403,0.023500235438796518,-0.18008689855064858,-0.08796597563056624,1,0.09212092292008234
-0.034236308897574744,0.02026964243394811,-0.18211560806811306,-0.10265860972703644,1,0.07945699834107661
-0.01697332027811589,0.01945829341582226,-0.16326237537312752,-0.08698586518310428,1,0.07627651019002324
-0.07694154558969322,0.041664122592199856,-0.266754025870405,-0.10343066530898151,1,0.16332336056142346
-0.03793040301762875,0.019153239385562175,-0.18362155221333062,-0.10854085382192688,0,0.07508069839140374
0.0018732744722200073,0.019968920124137802,-0.1454166089710901,-0.06713844208446991,1,0.07827816688662019
-0.029902305715500135,0.02213608060752335,-0.1814398237062459,-0.09466638772475437,1,0.08677343598149152
-0.0297183170232979,0.020159750188346016,-0.1773822273924561,-0.09835600665413971,1,0.07902622073831639
-0.004147494715960126,0.02142314109438095,-0.1542876512609468,-0.07030893817097347,1,0.08397871308997332
-0.0011898882314639314,0.020521634639085348,-0.1495630921240712,-0.06911828433885665,1,0.08044480778521455
-0.04778737868028217,0.021215017049649506,-0.19751961209759522,-0.11435674526296914,0,0.08316286683462608
-0.027978415643762314,0.033146060541835505,-0.2010954943057599,-0.07116293698176474,1,0.12993255732399517
0.013686747099322077,0.019907291951773435,-0.13348234512615387,-0.055445760675201995,1,0.07803658445095188
0.0008897290093795307,0.022416896518516236,-0.1511981881669123,-0.06332395381432865,1,0.08787423435258365
-0.00034591580807297184,0.021390545425143292,-0.15042218484135383,-0.06657124677479212,1,0.08385093806656171
-0.030984841155647633,0.021013389821619384,-0.18032188520602163,-0.09794939710527364,1,0.08237248810074799
-0.009855056900906128,0.0203973879538693,-0.15798473729048995,-0.07802697651132232,1,0.07995776077916764
-0.01979742685244075,0.02018066185971114,-0.1675023240974746,-0.08839412960740692,1,0.07910819449006767
-0.0025864697084073685,0.02143580685011037,-0.15275145113462368,-0.06872308828219105,1,0.08402836285243263
0.0040875333845471346,0.02157684407319848,-0.14635388099892188,-0.06177265223198385,1,0.08458122876693802
0.016912712704786323,0.022857800678906956,-0.13603937662587132,-0.04643679796455605,1,0.08960257866131527
-0.014738563792826065,0.020108250031222238,-0.16230153385402166,-0.08347719373163048,1,0.07882434012239117
-0.011528696076497938,0.020600578416647745,-0.1600566297731275,-0.07930236237986836,1,0.08075426739325915
0.007597408177811002,0.02145991919305115,-0.14261483344056924,-0.058491950203808755,1,0.08412288323676048
-0.07149489159797769,0.02206702322247613,-0.2228970571140309,-0.13639432608192448,0,0.08650273103210643
-0.03305768918003206,0.020992267243288263,-0.18235333297687706,-0.10006364538318707,1,0.08228968759368999
-0.01525072773518539,0.02211490198511527,-0.16674673562601133,-0.08005631984435946,1,0.08669041578165188
-0.003988590778084236,0.02125187536304675,-0.15379306648965588,-0.0704857150665126,1,0.08330735142314327
-0.021234529667159593,0.025390006106518367,-0.1791497416359356,-0.0796209176983836,1,0.09952882393755201
-0.01063851626395211,0.021379679918729657,-0.16069348890466223,-0.07688514362324199,1,0.08380834528142024
-0.022109461123627147,0.02207213402407795,-0.17352164381081994,-0.08699887843643436,1,0.08652276537438558
0.04703917719284453,0.021548615924242287,-0.10334691001867036,-0.0188763355956406,0,0.08447057442302976
-0.0022853934260950726,0.022027022217745006,-0.1536091569728753,-0.06726322987931486,1,0.08634592709356044
-0.033242462252037516,0.02380052369433204,-0.18804228869292833,-0.09474423581114672,1,0.09329805288178161
0.0022313512696853083,0.020545051532999962,-0.14618774973499463,-0.06565114772563477,1,0.08053660200935986
0.011707849230406228,0.02111433920007213,-0.13782705560173514,-0.05505884593745241,1,0.08276820966428272
0.0041551344036284965,0.021964336534908598,-0.14704576520479234,-0.06094556598795066,1,0.08610019921684169
0.005153693962968817,0.02084728219996155,-0.1438577791489558,-0.06213643292510655,1,0.08172134622384926
-0.050002367651756044,0.032202296405788165,-0.22126966860710084,-0.09503666669641124,1,0.1262330019106896
-0.04170926595953413,0.0209229623107283,-0.1908690720885616,-0.10885105983050666,0,0.08201801225805494
0.03418809616051115,0.020483793963761574,-0.11411094000846154,-0.03381446767051617,1,0.08029647233794537
-0.00213093638710668,0.020391543664324167,-0.15024916196918206,-0.07031431080503131,1,0.07993485116415075
-0.02195107427360267,0.02101829254919784,-0.17129772767003043,-0.0889060208771749,1,0.08239170679285553
-0.022412646569459835,0.020237593860732685,-0.1702291305364959,-0.09089776260242377,1,0.07933136793407214
-0.04201852346948011,0.03001103059497991,-0.20899094343564073,-0.0913477035033195,1,0.11764323993232123
-0.020632416642541188,0.024605291814081557,-0.17700958859814103,-0.08055684468694134,1,0.09645274391119969
0.017344097256308463,0.019791310186529687,-0.12959767070928974,-0.052015734778093355,1,0.07758193593119639
-0.05277891562288205,0.029749139626870456,-0.21923802929154815,-0.10262140195421596,1,0.11661662733733219
-0.032047697271216966,0.01959723335954841,-0.17860907465593184,-0.10178791988650208,1,0.07682115476942976
-0.019271631870752273,0.030875848710457756,-0.18793909534324948,-0.06690576839825507,1,0.12103332694499441
-0.011444713409800439,0.023273053523018183,-0.16521069831491608,-0.0739803285046848,1,0.09123036981023128
-0.03535209136892577,0.03206901341092045,-0.20635815765432985,-0.08064762508352169,1,0.12571053257080816
-0.04281558788314428,0.02187929213741931,-0.19384980047248612,-0.10808297529380244,1,0.08576682517868368
0.0037089299855794094,0.019810171641917455,-0.1432698064325788,-0.06561393359626239,1,0.07765587283631642
-0.0754042167180174,0.04043198269610686,-0.26280170280238685,-0.10430833063364797,1,0.15849337216873888
-0.01015233689846412,0.02343606388252302,-0.16423782210820925,-0.072368451688719,1,0.09186937041949025
-0.024820277057421333,0.021645227989949972,-0.1753957239177233,-0.09054643019711939,1,0.0848492937206039
0.030229730676902267,0.02353344383658163,-0.12404661924279774,-0.03179551940339774,1,0.0922510998394
-0.01720383284086581,0.020712746789668578,-0.16595161654861623,-0.0847576491331154,1,0.08119396741550083
-0.01597617920718053,0.019582200567324834,-0.1625080923191372,-0.08574586609522386,1,0.07676222622391335
-0.011674373575957991,0.01982808826906319,-0.15868822658332185,-0.08096212056859414,1,0.07772610601472771
-0.02793543697485558,0.027779181463339506,-0.19053343264300102,-0.08163904130671015,1,0.10889439133629086
-0.03000995410330741,0.02062748786804397,-0.1785906303246736,-0.09773087788194124,1,0.08085975244273236
-0.030875437459324737,0.021099631967787965,-0.18038151611618916,-0.09767095880246032,1,0.08271055731372884
-0.05444294936559503,0.019073130155059525,-0.1999770844695117,-0.12521041426167837,0,0.07476667020783334
-0.02167830212393322,0.020247219779896325,-0.16951365289253,-0.09014455135533643,1,0.07936910153719358
0.0013558940962968696,0.022361603457173154,-0.15062364867976252,-0.06296616312764375,1,0.08765748555211877
0.00023968644423108532,0.020917667949438612,-0.1489097427366686,-0.06691248437486924,1,0.08199725836179936
-0.02122040802124113,0.02095480137097257,-0.17044261870834737,-0.0882997973341349,1,0.08214282137421247
-0.004415005709268588,0.020583533302289476,-0.15290953098175597,-0.07222208043678122,1,0.08068745054497475
-0.03267335090585648,0.023108642013069766,-0.18611708925147322,-0.09553121256023975,1,0.09058587669123347
-0.012378535668189028,0.022659036580666304,-0.164941047366295,-0.07611762397008308,1,0.08882342339621192
-0.04191575830116791,0.025357568173286594,-0.19976739192080964,-0.10036572468152619,1,0.09940166723928345
-0.05376833473383834,0.021551012956753036,-0.20415912012907428,-0.1196791493386024,0,0.08447997079047188
-0.01058639528526445,0.020776607069096686,-0.15945934514069396,-0.07801504542983495,1,0.08144429971085901
-0.061107666738360086,0.021588891051668776,-0.2115726931996309,-0.12694424027708928,0,0.08462845292254162
0.0007340558158141774,0.021328951262748447,-0.14922148865917279,-0.06561199970919887,1,0.08360948894997391
-0.05203197701735214,0.021959720459166707,-0.2032238291173189,-0.11714172491738539,0,0.0860821041999335
-0.03411202430545408,0.02115338449706483,-0.18372345791970116,-0.10080219069120702,1,0.08292126722849413
-0.029063559978750084,0.029581221228572648,-0.19519355358675247,-0.0792351663707477,1,0.11595838721600477
-0.021659638137232526,0.020581402332374845,-0.17014998670868722,-0.08947088956577784,1,0.08067909714290938
-0.0023754568768542678,0.020427229890115004,-0.15056362746147967,-0.07048888629222887,1,0.0800747411692508
-0.024670713480604192,0.021388879687542696,-0.1747437176681879,-0.09089930929302051,1,0.08384440837516738
-0.04350933913324821,0.0292758677268539,-0.20904083987788186,-0.09427943838861458,1,0.11476140148926728
-0.04736987367516633,0.01954311779777525,-0.19382518455880582,-0.11721616279152686,0,0.07660902176727896
-0.030423473821649047,0.02042321648854556,-0.17860377813919834,-0.09854476950409977,1,0.08005900863509857
0.02337178473516363,0.020838641656131925,-0.12562275291085495,-0.043935277618817804,1,0.08168747529203715
-0.03404439853618561,0.01939364613677174,-0.18020674496425823,-0.104183652108113,1,0.07602309285614522
-0.05061606948513757,0.023129468996094835,-0.20410062871748347,-0.1134331102527917,0,0.09066751846469177
-0.01543712808609754,0.020754694352392185,-0.16426712901678622,-0.08290872715540887,1,0.08135840186137736
-0.011972574891819424,0.020728553404708593,-0.16075133956504828,-0.07949541021859058,1,0.0812559293464577
0.03270142053072239,0.03830173471176008,-0.15052077950432735,-0.0003779794342278625,1,0.1501428000700995
-0.006351821644767122,0.021202837963208144,-0.1560601840526551,-0.07294505923687916,1,0.08311512481577593
-0.025459695074422625,0.02015093342066979,-0.17310632457893543,-0.09411466556990984,1,0.07899165900902559
-0.014309851704108409,0.02322041417101564,-0.16797266347929907,-0.07694863992891776,1,0.0910240235503813
-0.002553237557345281,0.021441141172197004,-0.15272867425485143,-0.06867940085983916,1,0.08404927339501227
-0.06122145982081674,0.026295170155147103,-0.22091079332490507,-0.11783372631672842,0,0.10307706700817665
-0.08403209975162822,0.021155132211550003,-0.23364695888626624,-0.1507188406169902,0,0.08292811826927604
0.020877378706705266,0.020848981292366123,-0.12813742462633235,-0.04640941796025714,1,0.08172800666607521
-0.030476477860423276,0.035619598798684295,-0.20844169150584452,-0.06881286421500206,1,0.13962882729084247
-0.07015194411544425,0.0322654995680928,-0.24154312326890615,-0.11506236496198237,0,0.1264807583069238
-0.060374958726752345,0.03817361496358006,-0.24334604405536925,-0.09370547339813544,1,0.1496405706572338
-0.010920252029762975,0.040041717281142905,-0.1975528179008031,-0.040589286158722884,1,0.15696353174208022
-0.02489605606691582,0.020968537543568477,-0.17414518965231005,-0.0919485224815216,1,0.08219666717078844
-0.050204242493825255,0.01988401713919502,-0.1973277160866475,-0.11938236890100301,0,0.0779453471856445
0.007139195755969011,0.022027172202201996,-0.1441848617603469,-0.05783834672771508,1,0.08634651503263181
-0.02697110945514823,0.0198351749780718,-0.17399885241216898,-0.0962449664981275,1,0.07775388591404148
-0.044101082996583954,0.025765952610091344,-0.202753150112363,-0.10175061588080492,1,0.10100253423155808
-0.04466342455408208,0.02023629778348194,-0.19247736820970668,-0.11315108089845749,0,0.07932628731124919
0.0017009939642436966,0.02085105031772151,-0.14731786465849045,-0.06558174741302215,1,0.0817361172454683
-0.0011027208449304188,0.020998568806317702,-0.1504107157053131,-0.06809632598454773,1,0.08231438972076538
-0.026465429744486665,0.020138371351327528,-0.17408743759308862,-0.09514502189588472,1,0.0789424156972039
-0.005836045455826541,0.021212738020546566,-0.1555638119760978,-0.07240987893555528,1,0.08315393304054253
-0.026677038275941325,0.020759446657735308,-0.17551635372510255,-0.09413932282678013,1,0.08137703089832242
-0.04249816639245037,0.02541919064090772,-0.2004705800486295,-0.10082735273627125,1,0.09964322731235825
-0.05004863493872415,0.03084432029374716,-0.2186543027144686,-0.09774456716297972,1,0.12090973555148887
0.0020047724016061808,0.022217127940474105,-0.14969159836172308,-0.06260045683506457,1,0.0870911415266585
-0.012571688080551147,0.02273052927139177,-0.16527432545247903,-0.07617065070862328,1,0.08910367474385575
-0.004530337482169855,0.020222802218018174,-0.1523178298294855,-0.07304444513485424,1,0.07927338469463126
0.010166769104121579,0.022044311168333507,-0.1411908807858121,-0.05477718100594475,1,0.08641369977986735
-0.032198422106455946,0.020360203858545377,-0.18025522166920488,-0.10044322254370701,1,0.07981199912549787
-0.008595039699215046,0.02293633969097043,-0.1617010654935171,-0.07179061390491301,1,0.08991045158860408
-0.023190637548286416,0.02180202962751723,-0.1740734156182202,-0.08860945947835265,1,0.08546395613986756
0.005563452008974415,0.023394942308907273,-0.14844143491648384,-0.056733261065567336,1,0.09170817385091651
0.005497601819436537,0.02157613686990283,-0.144942426445573,-0.06036396991555392,1,0.08457845653001908
-0.09488314454806342,0.03747165060026407,-0.276478379724581,-0.12958950937154584,0,0.14688887035303516
-0.045901960477008105,0.020421032396464558,-0.19407798397407863,-0.11402753697993759,0,0.08005044699414104
-3.0577192007136267e-06,0.022696332585833204,-0.1526386695874338,-0.06366904585096764,1,0.08896962373646616
-0.03770421697152239,0.02148842944384583,-0.18797233868146024,-0.10373769526158456,1,0.08423464341987567
-0.02757657079720184,0.020124096507892864,-0.17517059995267187,-0.09628414164173182,1,0.07888645831094004
-0.053106270051231516,0.02253150163665455,-0.20541881325907443,-0.11709532684338861,0,0.08832348641568583
-0.011730988272027051,0.020875460288308487,-0.16079769043711167,-0.07896588610694243,1,0.08183180433016925
-0.018004303667050234,0.024470685596239546,-0.17411764743567976,-0.07819255989842072,1,0.09592508753725904
-0.02276402797816117,0.01975167191525843,-0.1696281049320677,-0.09220155102425465,1,0.07742655390781306
-0.027999181701598333,0.02073578790312634,-0.17679212599172597,-0.0955078374114707,1,0.08128428858025527
0.016366016395840982,0.020170124262089906,-0.13131822715785524,-0.05225134005046281,1,0.07906688710739243
-0.04262831326773066,0.019256854041977634,-0.18852254719000683,-0.1130356793454545,0,0.07548686784455233
-0.004678187797719197,0.01987926454761512,-0.15179234631104482,-0.07386562928439357,1,0.07792671702665126
-0.032656305289971,0.021172007406403976,-0.1823042398065228,-0.09930997077341921,1,0.08299426903310358
-0.03645702190654977,0.023704092713591394,-0.19106784362518892,-0.09814780018791064,1,0.09292004343727828
-0.02195395376731364,0.025543105943370913,-0.18016924141632062,-0.08004026611830667,1,0.10012897529801396
-0.02057561826234501,0.020840732494937085,-0.1695742539524217,-0.08787858257226833,1,0.08169567138015338
0.012755844209249217,0.01979555703660692,-0.13419424758250034,-0.056595663999001226,1,0.07759858358349911
-0.026177803906998573,0.02011934298802706,-0.1737625161635316,-0.09489469165046555,1,0.07886782451306606
-0.019963876832494024,0.022443914916713444,-0.17210475006925238,-0.08412460359573568,1,0.08798014647351671
-0.009074943093346208,0.01979844975618324,-0.15603070461546537,-0.07842078157122706,1,0.0776099230442383
0.008404082356579842,0.02606676208959937,-0.15083757133903491,-0.0486558639478054,1,0.10218170739122952
-0.006705311014962398,0.01967809280535093,-0.15342517291345023,-0.07628704911647458,1,0.07713812379697566
-0.022957875386583657,0.019808101166762505,-0.16993255367343818,-0.09228479709972914,1,0.07764775657370904
-0.005473126097968503,0.020213969669866695,-0.15324330665090724,-0.07400454554502979,1,0.07923876110587745
-0.047884148768161314,0.02326396906561221,-0.20163232813676124,-0.1104375693995614,0,0.09119475873719984
-0.005615976859168717,0.02058598005309198,-0.154115297763229,-0.07341825595510845,1,0.08069704180812054
-0.029246044791952988,0.02074825565826468,-0.17806342588215177,-0.09673026370175422,1,0.08133316218039754
-0.031213063000561078,0.0195001501111004,-0.17758415721831788,-0.1011435687828043,1,0.07644058843551359
-0.026753762170878395,0.022183811710700517,-0.17838483312385142,-0.09142429121790538,1,0.08696054190594604
-0.04014852242038007,0.021275160209022467,-0.1899986364300641,-0.10660000841069604,1,0.08339862801936805
-0.032764698188860006,0.028770021037959736,-0.1973047394232611,-0.08452625695445892,1,0.11277848246880218
0.00276733780979789,0.024803579116482285,-0.1539984772585074,-0.05676844712189684,1,0.09723003013661057
-0.019612447594286223,0.022018634643935876,-0.17091977149640053,-0.08460672369217191,1,0.08631304780422862
-0.05039490287191449,0.022196996114383066,-0.2020518152561053,-0.11503959048772369,0,0.08701222476838161
-0.0026600895690802873,0.020461224251116763,-0.15091488910126916,-0.07070689003689143,1,0.08020799906437773
-0.010696979156133726,0.020369433938019335,-0.15877186967465162,-0.07892368863761584,1,0.07984818103703578
-0.001653411157125112,0.02776783920907426,-0.16422917600691067,-0.05537924630733957,1,0.10884992969957111
-0.03747323776258275,0.023576935451850967,-0.19183483124821066,-0.09941324427695486,1,0.0924215869712558
-0.07294540868146655,0.032298194109874674,-0.2444006691368209,-0.1177917482261122,0,0.1266089209107087
-0.04013212863118727,0.022354884759548558,-0.19209850275990245,-0.1044673545024721,1,0.08763114825743035
-0.036255045167566405,0.020751081068116017,-0.1850779640610738,-0.10373372627405902,1,0.08134423778701477
-0.01592519805478332,0.022342664125473467,-0.16786761974071132,-0.08028437636885533,1,0.087583243371856
-0.012153896100345424,0.021751770297899587,-0.1629381658842286,-0.07767122631646224,1,0.08526693956776636
-0.07346177945254158,0.02481925458931537,-0.2302583184475997,-0.13296684045748347,0,0.09729147799011623
0.03754658735607189,0.020761353413734022,-0.1112964653348468,-0.029911959953009437,1,0.08138450538183736
-0.03752883679609999,0.020934919644758777,-0.1867120792998272,-0.10464719429237279,1,0.0820648850074544
0.005691370403814913,0.0207257565616926,-0.14308191245710258,-0.061836946735267594,1,0.08124496572183498
-0.028675560759762173,0.022124594801663455,-0.18019056657102256,-0.0934621549485018,1,0.08672841162252076
-0.00754316354694376,0.021136605381729238,-0.15712171009513307,-0.07426621699875446,1,0.0828554930963786
-0.016277871858314155,0.021016750050805683,-0.1656215019578933,-0.08323584175873502,1,0.08238566019915827
-0.010803040175000667,0.021362539949722283,-0.16082441847645634,-0.077083261873545,1,0.08374115660291134
0.0004221695170183587,0.019477923549942083,-0.14590536064086812,-0.06955190032509517,1,0.07635346031577295
-0.05734548454829323,0.023252864063738977,-0.21107189811322163,-0.11992067098336484,0,0.0911512271298568
-0.013827424256094178,0.020426765625042212,-0.16201468488117693,-0.08194176363101145,1,0.08007292125016548
-0.01786695269233053,0.02034338871899931,-0.1658907945815692,-0.08614471080309188,1,0.0797460837784773
-0.026193995235289216,0.020746359738578142,-0.17500766032290238,-0.09368193014767606,1,0.08132573017522632
-0.038463363028389944,0.022511258945015242,-0.19073623056061983,-0.10249209549616008,1,0.08824413506445976
-0.006763826655760932,0.022988702321984873,-0.15997248320685128,-0.06985677010467059,1,0.0901157131021807
0.0009217638453404287,0.019675382241091412,-0.14579278534719875,-0.0686652869621204,1,0.07712749838507835
0.0006415769026445334,0.026295285316351003,-0.15904798231740344,-0.05597046387730751,1,0.10307751844009594
-0.006962610040600767,0.019744190197793207,-0.15381202282827544,-0.07641479725292609,1,0.07739722557534935
-0.034250986391332686,0.024244487933328354,-0.18992098274065627,-0.09488259004200911,1,0.09503839269864717
-0.060046400498960276,0.044638670181456945,-0.25568899405461587,-0.08070540694330466,1,0.1749835871113112
-0.019650519978165873,0.02084194676665802,-0.1686515356408156,-0.08695110431551617,1,0.08170043132529942
0.008132111470578338,0.020696868493981745,-0.14058455077762588,-0.05945282628121745,1,0.08113172449640843
-0.02375479059302764,0.020580306482776707,-0.17224299129926998,-0.0915681898867853,1,0.08067480141248468
-0.025576794307276787,0.021142040200987002,-0.1751659931012113,-0.09228919551334228,1,0.08287679758786903
-0.009604648255092219,0.020160820044854148,-0.15727065554300634,-0.0782402409671781,1,0.07903041457582824
-0.0014616754690210815,0.02015432839278325,-0.14911495911887626,-0.07010999181916591,1,0.07900496729971035
0.014020305434603073,0.020968413858496338,-0.13522858572804974,-0.05303240340274411,1,0.08219618232530564
-0.03416281856929902,0.02029477465946043,-0.18209137690184146,-0.10253586023675659,1,0.07955551666508487
-0.056017246730134654,0.030543680795078756,-0.22403366108848902,-0.1043024323717803,1,0.11973122871670872
-0.040072722096174865,0.019084408694496825,-0.18562896313738864,-0.11081808105496109,0,0.07481088208242755
-0.007107234445445004,0.025802933774086097,-0.16583178464265375,-0.06468428424823626,1,0.10114750039441749
-0.021156737193015404,0.020780443885285486,-0.17003720720817495,-0.08857786717785586,1,0.08145934003031909
0.013607974144635049,0.02019714352868844,-0.1341292271715943,-0.054956424539135615,1,0.0791728026324587
-0.08166514488974623,0.025487417571201005,-0.2397712833293002,-0.13986060645019227,0,0.09991067687910793
0.006606966317365098,0.024494897457411725,-0.1495538326991619,-0.05353383466610793,1,0.09601999803305397
-0.07578108862515691,0.04146025346444784,-0.2651939854154747,-0.10266979183483915,1,0.16252419358063552
0.0028061351146891483,0.023450518517154757,-0.15130768117893417,-0.059381648591687534,1,0.09192603258724663
0.0033723604108185923,0.020585524344961224,-0.14512606730530542,-0.06443081187305741,1,0.08069525543224801
-0.011534445004108412,0.021667658496987565,-0.16215385565820406,-0.07721663435001279,1,0.08493722130819127
-0.008924191258258649,0.022137792346501994,-0.16046506425740256,-0.07368491825911475,1,0.08678014599828782
-0.06526641627430806,0.01934899199748116,-0.21134124058937115,-0.13549319195924497,0,0.07584804863012617
-0.05912853598041386,0.020391714328431586,-0.20724709606413977,-0.12731157589668796,0,0.07993552016745181
-0.015180168880965378,0.021589091718339542,-0.16564558864891088,-0.08101634911301989,1,0.084629239535891
-0.04322646002403048,0.022531609191810586,-0.19553921403997923,-0.10721530600808174,1,0.08832390803189749
-0.0217444791014529,0.026380365139769733,-0.18160079477540159,-0.07818976342750422,1,0.10341103134789736
0.03508922134044917,0.021610843287820418,-0.11541883150367885,-0.030704325815422817,1,0.08471450568825603
0.006574012722685818,0.019703278772649005,-0.14019521367170623,-0.06295836088292214,1,0.07723685278878409
-0.018589234527090506,0.024643701917711872,-0.1750416902858058,-0.07843837876837524,1,0.09660331151743055
-0.04262781935487435,0.0203963338853436,-0.1907554337701478,-0.1108018049396009,0,0.07995362883054691
-0.01860368645494591,0.020795986118207224,-0.16751461924663208,-0.08599435366325975,1,0.08152026558337233
-0.0013907098122078049,0.022118166398090285,-0.15289311595246477,-0.06618990367195085,1,0.08670321228051392
-0.03659738363738042,0.02438245422587497,-0.19253779392009537,-0.09695857335466548,1,0.09557922056542989
-0.04918107419819649,0.02295748829376028,-0.20232855125396665,-0.11233519714242635,0,0.0899933541115403
-0.03863037756388217,0.02068580087307402,-0.18732534727510725,-0.1062370078526571,1,0.08108833942245014
-0.022032236515885026,0.020321585690343032,-0.17001334446895738,-0.09035272856281268,1,0.0796606159061447
-0.02007933633488078,0.02497141271787321,-0.17717410526191227,-0.0792861674078493,1,0.09788793785406297
-0.012349705686856671,0.020851376743982047,-0.1613692041050615,-0.07963180726865186,1,0.08173739683640964
-0.010782308112685837,0.02059610844808001,-0.15930148067092265,-0.07856473555444903,1,0.08073674511647362
-0.051232343183510845,0.037656119822142384,-0.23318913803490993,-0.08557714833211177,1,0.14761198970279815
-0.008371119982930317,0.020676978665886515,-0.15704879816806788,-0.07599504179779276,1,0.08105375637027512
0.0013340121712933778,0.0204008620977981,-0.1468024775403909,-0.06683109811702234,1,0.07997137942336857
-0.023372892426678213,0.021248553653693096,-0.17317085758791667,-0.08987652726543975,1,0.08329433032247692
-0.022912994932172873,0.023368005450273576,-0.1768650856147091,-0.08526250424963666,1,0.09160258136507243
-0.006337310667676968,0.02112895210201037,-0.15590085678761728,-0.07307536454773665,1,0.08282549223988063
-0.00017910477501394129,0.02787071660074736,-0.16295650931247876,-0.05370330023754913,1,0.10925320907492964
0.003521132426320975,0.021556092471433898,-0.14687960881768947,-0.062379726329668594,1,0.08449988248802087
-0.01877505797672928,0.02244587707186626,-0.17091977703758715,-0.08293193891587142,1,0.08798783812171573
-0.03717421975589162,0.019230851544997634,-0.183017488784087,-0.10763255072769626,1,0.07538493805639074
-0.029674779495110423,0.020245300863762222,-0.17750636918808438,-0.09814478980213648,1,0.0793615793859479
-0.054895317101881405,0.023085467706506827,-0.2082936338066348,-0.11779860039712803,0,0.09049503340950676
-0.08165944078874716,0.02578860299179535,-0.24035590265266604,-0.1392645789248283,0,0.10109132372783775
-0.04405100046156797,0.019959212335698973,-0.19132185663953796,-0.11308174428359799,0,0.07824011235593997
-0.0055920164107275405,0.02191359319654766,-0.15669345907596094,-0.07079217374549414,1,0.0859012853304668
0.0022391723573020467,0.022236252142284956,-0.14949468184157647,-0.062328573443819445,1,0.08716610839775701
-0.04008789248754051,0.020595806479084808,-0.18860647318654672,-0.1078709117885343,1,0.08073556139801243
-0.03999137664764364,0.02459518877426691,-0.1963487466452068,-0.0999356066500805,1,0.0964131399951263
-0.03952092684953186,0.02213588089892114,-0.1910580534114173,-0.10428540028764643,1,0.08677265312377086
-0.05476584958690499,0.02546419972311909,-0.21282648104421842,-0.11300681812959158,0,0.09981966291462684
-0.03856976406299971,0.023841182982749152,-0.19344928270918804,-0.09999184541681139,1,0.09345743729237665
-0.03762005504428202,0.024814160831859215,-0.19440661027472608,-0.09713509981383797,1,0.09727151046088811
-0.033941957291634364,0.025120464306101507,-0.19132886733159332,-0.09285664725167542,1,0.0984722200799179
-0.027169467957976243,0.023892839768727414,-0.182150233904682,-0.08849030201127052,1,0.09365993189341147
-0.01244895125872146,0.027421140569130663,-0.17434518677421756,-0.06685431574322537,1,0.1074908710309922
0.00901088001580544,0.0218326271086034,-0.14193186911705724,-0.0563479708513319,1,0.08558389826572535
-0.0325507333285044,0.021616516784959752,-0.18306990622702551,-0.0983331604299833,1,0.08473674579704221
0.011933037852096318,0.02065129821019551,-0.13669430663988688,-0.055741217655920494,1,0.08095308898396639
-0.05565006586313688,0.04058186623262961,-0.24334132367909092,-0.08426040804718285,1,0.15908091563190807
-0.057891108074892686,0.023308869587515876,-0.2117272924664238,-0.12035652368336158,0,0.09137076878306222
-0.017205490449214614,0.024840899222502353,-0.17404445292531923,-0.07666812797311001,1,0.09737632495220921
-0.01482938183091595,0.0194516067564487,-0.1611053310735554,-0.08485503258827651,1,0.0762502984852789
-0.027685902892301814,0.021578120048767625,-0.17812981818788637,-0.09354358759671727,1,0.0845862305911691
-0.03946851367147082,0.02178915056461735,-0.19032604877812082,-0.10491257856482082,1,0.0854134702133
-0.032086623382866095,0.022322886384954038,-0.183990280697376,-0.09648456606835619,1,0.0875057146290198
0.016924990988309116,0.02040452364511759,-0.13121867535612136,-0.05123294266726042,1,0.07998573268886094
-0.034977070152533665,0.020300182589299588,-0.18291622802756086,-0.10333951227750648,1,0.07957671575005437
-0.02284777450039581,0.023570301792124222,-0.1771963660129593,-0.08480078298783233,1,0.09239558302512696
-0.006256038006863196,0.022343805931944096,-0.15820069763347364,-0.07061297838025277,1,0.08758771925322087
-0.05082665136470492,0.02591149539987851,-0.2097639823484668,-0.10819092038094305,0,0.10157306196752375
-0.0152249808849797,0.0221712294089943,-0.16683139052660853,-0.07992017124335088,1,0.08691121928325765
-0.0074911583016653155,0.020858085966908555,-0.15652380679680608,-0.07476010980652456,1,0.08176369699028152
-0.027717153977458123,0.020123355706676862,-0.17530973116254478,-0.09642617679237148,1,0.0788835543701733
-0.017826368710605903,0.022172300434309643,-0.1694348775618528,-0.08251945985935902,1,0.08691541770249378
-0.002118878369344837,0.023620827985017287,-0.15656650121997873,-0.06397285551871096,1,0.09259364570126777
-0.06852337044389327,0.022406269333133423,-0.22059045833683477,-0.13275788255095178,0,0.087832575785883
-0.006105118558756992,0.020279512961324634,-0.1540037639629533,-0.0745080731545607,1,0.07949569080839258
-0.017293852482941505,0.0220711071972329,-0.168704022589518,-0.08218528237636502,1,0.08651874021315298
-0.009634248053518826,0.025362249887990653,-0.1674950578339805,-0.06807503827305715,1,0.09942001956092335
-0.013543068891060633,0.020415935076521535,-0.16170910164104285,-0.08167863614107843,1,0.08003046549996443
0.005756082570482116,0.020089896877644734,-0.14177091530970157,-0.06301851954933421,1,0.07875239576036736
-0.035474648530288075,0.02051502606291027,-0.1838348996135922,-0.10341599744698396,1,0.08041890216660824
-0.027165735562748747,0.020246477730736057,-0.17499963191499143,-0.09563343921050607,1,0.07936619270448536
-0.011555936066819372,0.02240647133677491,-0.1636234198868982,-0.07579005224674056,1,0.08783336764015766
-0.030737444572017533,0.021049479109837843,-0.1801452236272997,-0.09763126551673537,1,0.08251395811056433
-0.05209423899496106,0.02198576760215599,-0.2033371434951868,-0.11715293449473532,0,0.08618420900045148
-0.02335272433415668,0.02187583674539227,-0.17438016435512554,-0.08862688431318783,1,0.08575328004193772
-0.01184106739342436,0.021030190163367712,-0.16121104011362508,-0.07877269467322365,1,0.08243834544040143
-0.025936780424431358,0.021871516979984774,-0.17695575370520153,-0.0912194071436612,1,0.08573634656154033
-0.023936665142543764,0.021420478110884485,-0.17407160223987736,-0.09010332804521018,1,0.08396827419466718
-0.04792330105732508,0.026029692497385896,-0.20709229835220144,-0.10505590376244872,1,0.10203639458975272
-0.051801361047634706,0.021752265692967624,-0.20258660180585125,-0.11731772028941817,0,0.08526888151643308
-0.05890629142252614,0.021117812846726303,-0.2084480046021097,-0.1256661782429426,0,0.08278182635916709
-0.0046567394180663385,0.021529231063471786,-0.15500483230247103,-0.07061024653366164,1,0.08439458576880939
-0.014720870931189456,0.02034840486400786,-0.16275454446464488,-0.08298879739773406,1,0.07976574706691082
-0.017918408573392067,0.020560319992497775,-0.1663674357586877,-0.08577098138809644,1,0.08059645437059126
-0.03865349095755176,0.024996808671497166,-0.19579803595368622,-0.09781054596141732,1,0.0979874899922689
-0.02196872611476726,0.02326323551273803,-0.1757154677197338,-0.08452358450980073,1,0.09119188320993306
-0.011630245801538472,0.023768786624569913,-0.1663678675856955,-0.07319422401738145,1,0.09317364356831405
-0.036739299237511194,0.020468110843064893,-0.18500759648991838,-0.10477260198510402,1,0.08023499450481436
-0.001057568495222344,0.021245699683697192,-0.15084993987526885,-0.06756679711517585,1,0.08328314276009299
-0.025479404523910634,0.020880768702059082,-0.17455651117994644,-0.09270389786787483,1,0.08185261331207161
0.0040163699972345646,0.02143788006477325,-0.146152674929721,-0.06211618507580988,1,0.08403648985391113
-0.027595025221305677,0.0223128934101374,-0.179479096305175,-0.09201255413743638,1,0.08746654216773862
-0.008612211991071692,0.020677859234017833,-0.15729161608974665,-0.07623440789239674,1,0.0810572081973499
-0.04213706633567575,0.02687072699318233,-0.20295449124231313,-0.09762124142903839,1,0.10533324981327474
0.010024330548898508,0.020297479295228783,-0.13790952886974991,-0.05834341003245309,1,0.07956611883729683
-0.012565914499889086,0.019771185867825468,-0.159468238800827,-0.08196519019895118,1,0.07750304860187582
-0.0011196762555918671,0.02339627235655521,-0.1551271700744401,-0.06341378243674366,1,0.09171338763769644
-0.04006187074494967,0.03927146237237822,-0.22518473699481098,-0.07124060449508837,1,0.1539441324997226
-0.051291946177640116,0.018910960867089655,-0.19650822947713584,-0.1223772628781444,0,0.07413096659899143
-0.030922719481147373,0.021062178079351675,-0.18035538851667665,-0.0977916504456181,1,0.08256373807105855
-0.023616956890737742,0.01985594997946674,-0.17068541885049254,-0.09285009493098294,1,0.0778353239195096
-0.023275835914707374,0.020243263423552482,-0.17110343222487023,-0.09174983960454453,1,0.07935359262032571
-0.01351494660881887,0.01975772468633843,-0.1603908869940422,-0.08294060622359556,1,0.07745028077044663
-0.012717361305690733,0.022039529782764973,-0.16406563967991009,-0.07767068293147139,1,0.0863949567484387
-0.02619434368506164,0.020851110877384414,-0.1752133210047351,-0.09347696636538819,1,0.08173635463934692
0.008243823268571968,0.020883927664268654,-0.1408394749533946,-0.05897447850946148,1,0.08186499644393314
-0.026459243835035492,0.021146538687571395,-0.17605725966267544,-0.09316282800739556,1,0.08289443165527988
-0.055683826489443214,0.02636248791302453,-0.2155051027989713,-0.11216415017991513,0,0.10334095261905618
-0.04346550211444623,0.03088208037645946,-0.21214517965230678,-0.0910874245765857,1,0.12105775507572109
0.02015452095960761,0.021549157422771054,-0.13023262758902365,-0.04575993049176113,1,0.08447269709726252
-0.01958091386515816,0.03824439662262407,-0.20269073124550135,-0.05277269648481499,1,0.14991803476068638
-0.04764307841945627,0.02441080374869862,-0.20363905376690555,-0.10794870307200698,1,0.09569035069489858
0.009727151816589688,0.019747847666773618,-0.13712942961028662,-0.059717866756534024,1,0.0774115628537526
0.006348209057601709,0.02939518846697382,-0.15941716033766698,-0.04418802154712961,1,0.11522913879053737
-0.0517949392265281,0.026557559559971414,-0.21199855596407208,-0.10789292248898413,1,0.10410563347508794
-0.052259650682039235,0.02177351325581629,-0.20308653666343918,-0.1177343647006393,0,0.08535217196279987
-0.049891246979670165,0.024137031012504043,-0.2053506277641781,-0.11073346619516225,0,0.09461716156901584
-0.03366655579609042,0.020653804056136208,-0.1822988117461174,-0.10133589984606345,1,0.08096291190005395
0.020851900312401944,0.02100330213594473,-0.12846537187404972,-0.04613242750114639,1,0.08233294437290332
-0.009037476398218225,0.020687014231020942,-0.15773482429101926,-0.07664172850541719,1,0.08109309578560207
-0.04274597157786332,0.02434643454533962,-0.198615783286729,-0.10317775986899766,1,0.09543802341773133
-0.015021913190804717,0.022066047039486905,-0.16642216538819904,-0.07992326099341039,1,0.08649890439478865
-0.004934863770260839,0.021189063264459202,-0.15461622776860087,-0.07155509977192082,1,0.08306112799668006
-0.03560451134579591,0.023734200088772334,-0.1902743435197897,-0.09723627917180214,1,0.09303806434798756
-0.01551973658617975,0.02008297205699772,-0.1630331618178953,-0.08430791135446422,1,0.07872525046343107
-0.03431912659545598,0.018577434476375377,-0.17888169816915173,-0.10605815502176025,1,0.07282354314739148
-0.035185835381268585,0.02262251260534948,-0.18767676008775358,-0.09899651067478361,1,0.08868024941296997
-0.04745390139435603,0.03684576289723946,-0.22782239667294538,-0.08338700611576669,1,0.1444353905571787
0.0017601937081067054,0.021381264650238374,-0.1482978850063605,-0.06448332757742609,1,0.08381455742893443
-0.03239867534482686,0.02281101620382242,-0.1852590671043188,-0.09583988358533493,1,0.08941918351898387
0.0026079741688365965,0.0214829791979556,-0.14764946505915638,-0.06343618660317044,1,0.08421327845598595
-0.022598724440179782,0.02289157633250496,-0.1756170140518895,-0.08588203482847007,1,0.08973497922341944
-0.09081536222365989,0.03414457902581248,-0.26588953711425234,-0.13204278733306746,0,0.13384674978118488
-0.04182838598716683,0.021129887853514894,-0.19139376618005602,-0.10856460579427765,0,0.08282916038577837
-0.017370487261105252,0.022236819849856516,-0.16910545416682404,-0.08193712035538649,1,0.08716833381143756
-0.03385134963458543,0.019634073006452202,-0.18048493272723176,-0.10351936654193912,1,0.07696556618529264
-0.012870146086568945,0.02156909808156942,-0.163296378326445,-0.07874551384669289,1,0.08455086447975212
-0.058149364821081975,0.026727024963366482,-0.21868513374928028,-0.11391519589288368,0,0.1047699378563966
-0.014378085858045411,0.03349333173358926,-0.18817581605588035,-0.05688195566021047,1,0.13129386039566987
-0.018708096931436366,0.025610923290488564,-0.17705630658079397,-0.07666148728207878,1,0.10039481929871519
-0.009402599770713449,0.021000641275558396,-0.15871465667080792,-0.07639214287061899,1,0.08232251380018893
-0.03211242148074202,0.02211357552785292,-0.18360582951533375,-0.0969206134461503,1,0.08668521606918345
0.005196377649681352,0.021139557506831694,-0.14438795506370877,-0.06152088963692853,1,0.08286706542678024
-0.009331404299135412,0.020571886172791404,-0.15780310119780658,-0.07716130740046426,1,0.08064179379734232
-0.018016852419121862,0.021077964246464995,-0.16748046234219327,-0.08485484249605048,1,0.08262561984614279
-0.017228182035475006,0.021776890386336553,-0.16806168719269465,-0.08269627687825537,1,0.08536541031443928
-0.005041300563930401,0.022930447072911902,-0.15813577682683774,-0.06824842430102307,1,0.08988735252581467
-0.027405126423428836,0.020126551166723725,-0.17500396671020735,-0.09610788613665033,1,0.07889608057355701
-0.038166880373079706,0.02233573662601386,-0.19009572416006687,-0.10253963658609255,1,0.08755608757397432
-0.014385583020729134,0.020794647623210778,-0.16329389236222225,-0.08177887367923602,1,0.08151501868298623
-0.011770747819623492,0.020439368438366624,-0.15998270995882208,-0.07986038568042492,1,0.08012232427839716
-0.0512274546289581,0.02505586516251153,-0.2084877503474807,-0.1102687589104355,0,0.09821899143704521
-0.020878945466930462,0.03562653609389429,-0.19885775621096327,-0.059201734722897664,1,0.1396560214880656
0.007624423658538534,0.020650073089325108,-0.1410005195965387,-0.06005223308638426,1,0.08094828651015444
-0.0029618577775024635,0.021813640770214093,-0.1538673936871221,-0.06835792186788285,1,0.08550947181923925
-0.041799189912940724,0.022806079110278217,-0.19464990496908602,-0.10525007485679543,1,0.0893998301122906
-0.03953390248556467,0.019326991489362733,-0.18556560580471562,-0.10980379916641372,0,0.0757618066383019
-0.017430117594152097,0.020833159378188085,-0.16641390997540076,-0.08474792521290345,1,0.08166598476249731
-0.05107292609925164,0.02054834429573522,-0.19949848091889266,-0.11894897127961061,0,0.08054950963928205
-0.035849880243699186,0.021220356202559836,-0.18559257840071647,-0.10240878208668192,1,0.08318379631403455
-0.008532199050716269,0.022943533740129078,-0.16165232518136927,-0.07171367292006328,1,0.08993865226130598
0.00171855289533282,0.019867879402312667,-0.14537329073320002,-0.06749120347613435,1,0.07788208725706566
-0.07308431088457353,0.025942636637657116,-0.23208267869438148,-0.13038754307476558,0,0.1016951356196159
-0.012189090873424083,0.02064270177465405,-0.16079958635174602,-0.07988019539510216,1,0.08091939095664386
-0.011977506105569552,0.020510464468364503,-0.16032881646356398,-0.07992779574757514,1,0.08040102071598884
-0.050115314381746864,0.027515529490137785,-0.21219655218241693,-0.10433567658107681,1,0.10786087560134011
-0.04098157395037434,0.04522563849479542,-0.23777462540017336,-0.060490122500575325,1,0.17728450289959802
-0.0809057742872346,0.030603422243334368,-0.24903928188416996,-0.12907386669029924,0,0.11996541519387072
-0.018465232852832345,0.020566113899246504,-0.1669256160953555,-0.0863064496103092,1,0.0806191664850463
-0.05861320637035884,0.020662942238989457,-0.20726337315877819,-0.1262646395819395,0,0.08099873357683868
-0.007105073803015116,0.022751624438371063,-0.1598490577022224,-0.07066268990380783,1,0.08918636779841457
-0.02190463945906153,0.02010232128482598,-0.16945598917732047,-0.0906548897408026,1,0.07880109943651786
-0.011375168570063252,0.02198162436045349,-0.1626099523165521,-0.07644198482357442,1,0.08616796749297767
-0.024561000465025726,0.024150203052481955,-0.18004619844789035,-0.08537740248216111,1,0.09466879596572925
-0.017474210360334655,0.020484609363019223,-0.16577484471185233,-0.08547517600881699,1,0.08029966870303534
-0.04137827256030073,0.019378997116615216,-0.18751190690886654,-0.11154623821173491,0,0.07596566869713163
-0.009577785498530514,0.022995734439591534,-0.16280022500012992,-0.07265694599693112,1,0.0901432790031988
0.005316838777133001,0.020701400234005553,-0.1434087056815179,-0.06225921676421612,1,0.08114948891730178
-0.0367182511623841,0.025240642943041746,-0.19434071133074593,-0.09539739099402228,1,0.09894332033672365
-0.02419767576675573,0.020354559968960986,-0.17224341330591927,-0.0924535382275922,1,0.07978987507832708
-0.03334776086759543,0.024349860678363436,-0.18922428779718778,-0.09377283393800309,1,0.09545145385918469
-0.03518478764121018,0.021296677410284515,-0.18507707536536783,-0.10159409991705254,1,0.08348297544831529
-0.043055974850866416,0.020488952276618653,-0.19136512131303898,-0.11104842838869386,0,0.08031669292434512
0.007171314875757992,0.022085818713297345,-0.1442676898023048,-0.057691280446179216,1,0.0865764093561256
-0.029583181940629852,0.02185673621800296,-0.18057318492791566,-0.09489477895334406,1,0.0856784059745716
-0.03701622161293082,0.019960190822090766,-0.18428899562422874,-0.10604504760163291,1,0.07824394802259582
-0.014009630901152065,0.019758520540884266,-0.16088713116128522,-0.08343373064101892,1,0.07745340052026631
-0.04687362143922398,0.02275921097738639,-0.1996324749549013,-0.11041636792354667,0,0.08921610703135463
-0.00114534869470162,0.029378194260763116,-0.16687740944579732,-0.05171488794360592,1,0.1151625215021914
-0.023799384541560928,0.020239405112841162,-0.1716194185627296,-0.09228095052039226,1,0.07933846804233735
-0.005540260478126502,0.02128606563153013,-0.15541174911592556,-0.07197037184032745,1,0.08344137727559811
-0.0356338086626387,0.023454544982334877,-0.18975551682801506,-0.09781370049726235,1,0.09194181633075271
-0.039506043324080906,0.03173301742088527,-0.20985355746901604,-0.08546012917914578,1,0.12439342828987027
-0.05440409591431815,0.021667138480991652,-0.2050224873370618,-0.12008730449157451,0,0.08493518284548729
0.004067231562100038,0.020610131747112626,-0.14447942666224073,-0.06368771021355922,1,0.08079171644868151
-0.01814123392898971,0.02056098781126147,-0.1665915700390622,-0.08599249781891724,1,0.08059907222014495
0.001529524465798876,0.01999612699456298,-0.14581368444354456,-0.0674288666248577,1,0.07838481781868686
-0.015502843117698145,0.02113432443691889,-0.1650769190140592,-0.08223036722133713,1,0.08284655179272206
-0.005019733807642174,0.0209441866329358,-0.15422113960819633,-0.07211992800708801,1,0.08210121160110832
-0.00721839612370688,0.01984148749892183,-0.15425851162159365,-0.0764798806258201,1,0.07777863099577355
-0.01915810740253708,0.029092632033539182,-0.18433046618827387,-0.07028734861680029,1,0.11404311757147358
-0.031919482631041676,0.0269537197209997,-0.1928995732842011,-0.08724099197788227,1,0.10565858130631883
-0.05239275216854282,0.020302409809183235,-0.20033627539454196,-0.12075082894254369,0,0.07958544645199828
-0.009680328723236084,0.019692047515174976,-0.15642754185297905,-0.07923471559349313,1,0.07719282625948592
-0.10737737120068995,0.039756036625162715,-0.2934500029860089,-0.13760633941537104,0,0.15584366357063784
-0.051561722984275235,0.02380193992639797,-0.20636432524001525,-0.11306072072853522,0,0.09330360451148002
0.011944333733205359,0.021928119970538607,-0.13918558140905032,-0.053227351124538975,1,0.08595823028451136
-0.04638660961269013,0.020037453045429907,-0.19381081758173274,-0.11526400164364753,0,0.07854681593808521
-0.005518024140993422,0.021436717815333604,-0.15568479105904728,-0.07165285722293957,1,0.08403193383610771
-0.003188711301025965,0.02012084705165033,-0.15077637152226062,-0.07190265107979132,1,0.07887372044246929
-0.011856705659387151,0.019840649621771487,-0.15889517891805927,-0.08111983240071505,1,0.07777534651734422
-0.023896115228410772,0.019402436903952765,-0.1700756915601582,-0.09401813889666336,1,0.07605755266349484
-0.006476140781322179,0.020776580241901974,-0.15534903805545006,-0.07390484350719431,1,0.08144419454825574
-0.021092115994828728,0.023406522514790425,-0.17511970012381797,-0.0833661318658395,1,0.09175356825797848
0.009011922540449954,0.02056149735948599,-0.13943941228414258,-0.05883834263495751,1,0.08060106964918506
-0.010122699928466289,0.021154461819725436,-0.15973624509512815,-0.07681075476180443,1,0.08292549033332372
-0.02053444876687001,0.023516631103148538,-0.17477784572904115,-0.08259265180469888,1,0.09218519392434227
-0.09406955710906721,0.03906600570394249,-0.2787897282887945,-0.12565098592933993,0,0.15313874235945457
0.004189050602875527,0.022172988672462257,-0.1474208071951505,-0.060502691599098456,1,0.08691811559605203
-0.012841226048158391,0.028447356266174353,-0.17674884432986013,-0.06523520776645667,1,0.11151363656340346
-0.003247359186459048,0.02113022632064892,-0.15281340277493094,-0.06998291559798717,1,0.08283048717694377
-0.04781402546021389,0.0281286017814526,-0.211096884951861,-0.1008327659685668,1,0.11026411898329419
-0.036208789397967914,0.025155626890872612,-0.19366461810407823,-0.09505456069185761,1,0.09861005741222062
-0.061009258812476916,0.024754358524394275,-0.2176786015202897,-0.12064151610466414,0,0.09703708541562556
-0.03352448304514803,0.020089378912528905,-0.1810504657137047,-0.10230010037659139,1,0.07875036533711331
-0.029420503452578864,0.020750689099704112,-0.17824265408799894,-0.09689995281715881,1,0.08134270127084013
-0.030878986396000188,0.021033603136302412,-0.18025564854315293,-0.09780392424884746,1,0.08245172429430547
-0.030391400739988653,0.02175102379899345,-0.1811742073860158,-0.0959101940939615,1,0.08526401329205431
-0.020732121165050063,0.02222152411452153,-0.17243710842951226,-0.08532873390058787,1,0.08710837452892439
-0.012436961360333676,0.02216780166119018,-0.16403665261626643,-0.07713887010440093,1,0.0868977825118655
0.004297165775967879,0.021674258941966052,-0.1463351817502856,-0.06137208669777867,1,0.08496309505250693
-0.010149302116938416,0.022190699816043834,-0.16179387375638432,-0.07480633047749251,1,0.08698754327889181
-0.01359405871002857,0.019918601385303197,-0.16078531742522284,-0.08270439999483431,1,0.07808091743038853
-0.023720058679581643,0.021080532098947478,-0.1731887015935187,-0.09055301576564459,1,0.08263568582787412
-0.030596025945931873,0.023279884668134975,-0.18437539989547644,-0.09311825199638732,1,0.09125714789908912
-0.017268144483147077,0.0200251241980121,-0.1646681879112508,-0.08616970105504337,1,0.07849848685620742
-0.030917813044475315,0.023542572556910432,-0.18521205525601978,-0.09292517083293086,1,0.09228688442308891
-0.009735861630672235,0.02133743358943801,-0.15970803146597073,-0.07606529179537375,1,0.08364273967059699
-0.05072227375548301,0.0199130228168422,-0.19790259847649372,-0.11984354903447231,0,0.07805904944202141
-0.038122294166940865,0.020755506301404766,-0.1869538865176942,-0.10559230181618753,1,0.08136158470150667
-0.02744978370215491,0.02077761147820574,-0.17632470219943816,-0.09487646520487167,1,0.08144823699456649
-0.006673008758196153,0.02021031804100135,-0.1544360321185588,-0.07521158539783351,1,0.07922444672072529
-0.006415095441740071,0.019786801323547536,-0.15334802603589326,-0.0757837648475869,1,0.07756426118830635
-0.014823219055307604,0.01875817133468293,-0.15974003487128616,-0.08620800323932906,1,0.0735320316319571
-0.04046465426993305,0.022373993846999018,-0.19246848221005114,-0.10476242632981497,1,0.08770605588023617
-0.06531758938664693,0.025113943327270034,-0.2226917183080962,-0.12424506046519768,0,0.09844665784289852
-0.02193720764269906,0.019517455630088148,-0.16834222067767185,-0.0918337946077263,1,0.07650842606994555
-0.0018243911491544335,0.019417672807218345,-0.1480338298513024,-0.07191655244700648,1,0.07611727740429591
-0.026367391938119697,0.021908160031899722,-0.17745818560064316,-0.09157819827559624,1,0.08587998732504692
-0.012257647179505324,0.02052801703208497,-0.16064336056239187,-0.08017353379661879,1,0.08046982676577308
-0.039338308269936215,0.023948241425495904,-0.1944276614639082,-0.10055055507596425,1,0.09387710638794394
-0.02105714945089414,0.02172000969672907,-0.1717791684564831,-0.08663673044530518,1,0.08514243801117793
0.019595404777918463,0.02104803714012197,-0.12980954801672062,-0.04730124242744248,1,0.08250830558927814
-0.01433903756081277,0.02254515315245241,-0.1666783377396195,-0.07830133738200605,1,0.08837700035761344
0.037011345140429225,0.02190926333523768,-0.11408161099663663,-0.028197298722504927,1,0.08588431227413171
0.005520576157394569,0.021180865586568443,-0.1441447203922796,-0.061115727292931285,1,0.08302899309934832
0.007638990249480046,0.0199526193893891,-0.13961894375372258,-0.061404675747317325,1,0.07821426800640525
-0.004985136999206524,0.02869331146290239,-0.1693748274664952,-0.05689704653191785,1,0.11247778093457736
-0.03349374807416654,0.024764853952950295,-0.19018366182194912,-0.09310543432638396,1,0.09707822749556516
0.0017824462819088088,0.020261505528336776,-0.14608090455363126,-0.06665580288255112,1,0.07942510167108015
-0.003650137126482794,0.020083802267786808,-0.15116518957134495,-0.07243668468162065,1,0.0787285048897243
-0.020211938794901282,0.022596526729148234,-0.17265193118403183,-0.08407354640577075,1,0.08857838477826108
-0.08425626800510415,0.034940852901658395,-0.2608911396923546,-0.1239229963178537,0,0.13696814337450092
0.04066706180327542,0.02585532519227748,-0.11816017557358845,-0.016807300819860718,1,0.10135287475372773
-0.04895381972020042,0.020794879062961964,-0.19786258268360588,-0.11634665675679498,0,0.0815159259268109
-0.028504979136710476,0.022546876331835556,-0.18084765674710818,-0.09246390152631279,1,0.08838375522079539
-0.01723830788589671,0.02099939672091927,-0.1665479254588985,-0.08423029031289495,1,0.08231763514600354
-0.01452855695630327,0.020825786715779438,-0.16349789891923097,-0.08186081499337558,1,0.08163708392585539
-0.03043313740629834,0.02615940551597891,-0.189856372217617,-0.08731150259497969,1,0.10254486962263731
-0.02772676494205535,0.023664310468556438,-0.18225961346042596,-0.08949551642368474,1,0.09276409703674122
-0.02621518199343907,0.020818163585099043,-0.1751695826202332,-0.09356238136664495,1,0.08160720125358824
-0.020661599801227573,0.0236026864301109,-0.17507366520424494,-0.08255113439821021,1,0.09252253080603473
-0.019403957535239783,0.03836141893470947,-0.20274313864727034,-0.052366376423209224,1,0.1503767622240611
0.01925848289797441,0.02084148245354937,-0.12974162271098236,-0.04804301149306883,1,0.08169861121791352
-0.027117846659581127,0.020588195081932388,-0.1756215090201686,-0.09491578429899365,1,0.08070572472117495
-0.04428866898135074,0.036905179949964596,-0.22477362168328135,-0.08010531627942014,1,0.14466830540386122
-0.07288210439362851,0.02767488180416966,-0.23527567272980104,-0.12679013605745598,0,0.10848553667234506
-0.02296024657095551,0.020181838644472126,-0.1706674503141209,-0.09155464282779015,1,0.07911280748633075
-0.02403296166939324,0.027838412162446903,-0.18674704950778917,-0.07762047383099732,1,0.10912657567679185
-0.09203170798534989,0.036275689725843975,-0.2712828598480041,-0.1290821561226957,0,0.1422007037253084
-0.024644968935976883,0.02075364542440537,-0.17347291396781142,-0.09211862390414235,1,0.08135429006366907
-0.018416532040183328,0.019753777899601182,-0.16528473672340166,-0.08784992735696501,1,0.07743480936643665
-0.0035424760735916078,0.022887791705959004,-0.15655334781727126,-0.06683320432991197,1,0.0897201434873593
-0.03732993937972161,0.022985513672657373,-0.19053234617813006,-0.10042913258131317,1,0.09010321359681689
0.00976232745274036,0.020499809947696294,-0.13856810004474437,-0.05820884504977491,1,0.08035925499496946
-0.04846258997111326,0.023444619347766035,-0.2025648438927347,-0.11066193604949184,0,0.09190290784324284
-0.061378858020371255,0.027863038629683073,-0.2241412137345501,-0.11491810230619244,0,0.10922311142835765
0.0050020513832703395,0.020667190358412055,-0.1436564417192173,-0.06264105551424204,1,0.08101538620497525
-0.044159081109553563,0.01994828665556058,-0.19140852295445232,-0.11321123926465483,0,0.07819728368979749
-0.005996998751901142,0.0220396711550495,-0.15734555421579816,-0.07095004328800412,1,0.08639551092779403
-0.01536484584951453,0.02047586219064646,-0.1636483357431816,-0.08338295595584747,1,0.08026537978733414
-0.01582848967778258,0.022287204768544233,-0.1676622110241293,-0.08029636833143589,1,0.0873658426926934
-0.04311237299950761,0.019756443288743535,-0.18998580184544495,-0.11254054415357029,0,0.07744525769187466
-0.06826799509246971,0.025579201657082818,-0.22655403034035204,-0.1262835598445874,0,0.10027047049576465
0.0009637928256702455,0.023043017833040583,-0.1523513221270893,-0.06202269222157022,1,0.09032862990551907
-0.008222152245499062,0.020067511732067018,-0.15570527524035044,-0.07704062925064771,1,0.07866464598970273
-0.013367631273427355,0.02337506282499154,-0.16733355441041078,-0.07570330813644394,1,0.09163024627396685
-0.016065518107024654,0.019737332531800225,-0.1629014898693531,-0.08553114634469622,1,0.07737034352465688
0.009922638693208738,0.02131050273732289,-0.13999674667194412,-0.056459575941638404,1,0.08353717073030571
-0.01675338961693712,0.020718404061958795,-0.16551226157837637,-0.08429611765549788,1,0.08121614392287849
-0.02560351057318276,0.018981832104902664,-0.170958701498792,-0.09654991964757355,1,0.07440878185121845
0.0031779285633889293,0.020107986456790183,-0.14438452489191983,-0.06556121798130232,1,0.07882330691061751
-0.025366041166892547,0.023728472886582273,-0.1800246480245938,-0.0870090343091913,1,0.09301561371540251
-0.0530020865037472,0.02235985520910685,-0.20497820271359662,-0.11732757029389779,0,0.08765063241969884
-0.0058831474474636825,0.020678141969426335,-0.1545631057075393,-0.07350478918738806,1,0.08105831652015125
-0.035062680116264164,0.021584701192551858,-0.1855194944536658,-0.10090746577886253,1,0.08461202867480327
-0.030342199351396912,0.023938335977069666,-0.18541213786645347,-0.09157386083634036,1,0.0938382770301131
-0.04138776497570347,0.02018565206745013,-0.18910244302790574,-0.10997468692350122,0,0.07912775610440452
-0.04845047505992621,0.02510149942099126,-0.2058002139250691,-0.10740233619478334,1,0.09839787773028574
-0.04920342201618989,0.02111469789414584,-0.19873902988871575,-0.11596941414366405,0,0.0827696157450517
-0.008749690378654681,0.020811346475142604,-0.15769072946993418,-0.07611025128737518,1,0.081580478182559
-0.03345552555515392,0.01913708843810577,-0.17911501889384124,-0.10409763221646662,1,0.07501738667737462
-0.017150870806380294,0.019527831749695197,-0.1635762210357829,-0.08702712057697772,1,0.07654910045880518
-0.027520581662533974,0.020619071977854467,-0.17608476273912874,-0.09525800058593922,1,0.08082676215318951
-0.020020375850240565,0.019596374672851538,-0.1665800702090296,-0.08976228149145156,1,0.07681778871757804
-0.016863500164965642,0.021996292017033153,-0.16812703251835062,-0.08190156781158067,1,0.08622546470676995
-0.02381844883399291,0.020860219289814037,-0.17285527864202843,-0.0910832190259574,1,0.08177205961607104
-0.007428605443222089,0.023202400500624998,-0.1610561104244471,-0.0701027004619971,1,0.09095340996245
-0.05300196393738989,0.038170036363502295,-0.23596603520985437,-0.0863394926649254,1,0.14962654254492896
-0.009158389049404483,0.020152348763060032,-0.15680779262500216,-0.07781058547380683,1,0.07899720715119533
0.009225098979856211,0.021555680806383846,-0.14117483540065612,-0.05667656663963146,1,0.08449826876102466
-0.0051754949758239105,0.020521987392777503,-0.15354939026566783,-0.07310319968598,1,0.08044619057968783
-0.0004783977276801993,0.020696988982359835,-0.14919529613310548,-0.06806309932225493,1,0.08113219681085054
-0.023344992035595355,0.021937217149176985,-0.17449273764798226,-0.08849884642320846,1,0.0859938912247738
0.003790788178200527,0.02494425131785828,-0.1532507444048017,-0.055469279238797256,1,0.09778146516600443
-0.02054100291468257,0.021598012686621187,-0.17102390778046012,-0.08635969804890505,1,0.08466420973155507
-0.016543473396599895,0.02461505090150116,-0.17293977316354217,-0.07644877362965763,1,0.09649099953388454
-0.007644501175607832,0.022375975526978554,-0.1596522132084858,-0.07193838914272987,1,0.08771382406575592
-0.031111580603735825,0.019694939337997045,-0.17786446170621004,-0.10066029950126162,1,0.07720416220494841
-0.03408619297847419,0.01973290303041978,-0.18091348291809697,-0.10356050303885142,1,0.07735297987924555
-0.015790950658610164,0.03016301305678898,-0.18306125624991657,-0.06482224506730377,1,0.11823901118261279
-0.03232403634041313,0.03235277128802633,-0.20388626806494475,-0.07706340461588153,1,0.12682286344906324
-0.013906631921298887,0.019935966832808592,-0.16113192691360373,-0.08298293692899406,1,0.07814898998460967
-0.04089214972323184,0.022223663402249082,-0.19260132999164004,-0.10548456945482365,1,0.08711676053681638
-0.03522587403153256,0.021386220509306515,-0.18529366622977334,-0.10145968183329179,1,0.08383398439648154
-0.05861785278369046,0.03214088024008287,-0.22976477805425288,-0.10377252751312804,1,0.12599225054112484
-0.060507239497455886,0.019240904064006022,-0.20637021146290768,-0.1309458675320041,0,0.07542434393090358
-0.03804258394289804,0.021409584639239566,-0.1881561698358076,-0.1042305980499885,1,0.08392557178581911
-0.04142020683652238,0.02467856416707664,-0.19794099260399262,-0.10120102106905217,1,0.09673997153494045
-0.026497417364334794,0.01929596654254215,-0.17246831178771743,-0.09682812294095218,1,0.07564018884676525
0.006996891393001137,0.02097493711074623,-0.14226478534406148,-0.06004303186993626,1,0.08222175347412522
-0.002178829301381399,0.020219428903509695,-0.1499597099522604,-0.0706995486505024,1,0.079260161301758
0.009556211479308963,0.020767469729552315,-0.1392988291906136,-0.057890347850768506,1,0.08140848133984509
-0.02705582560328916,0.02508935600903922,-0.18438176338100604,-0.0860314878255723,1,0.09835027555543374
-0.004906240245015028,0.024267117099951142,-0.16062058976091928,-0.06549349072911079,1,0.09512709903180849
-0.006284444630054398,0.02073507259413596,-0.15507598691456087,-0.07379450234554792,1,0.08128148456901295
-0.006048194072157773,0.02129958158566727,-0.15594617398006563,-0.07245181416424992,1,0.08349435981581571
-0.046375437244711284,0.01913858878831416,-0.19203787126980704,-0.11701460321961554,0,0.0750232680501915
-0.061456876312291894,0.02181475435679281,-0.2123645948516058,-0.126850757772978,0,0.08551383707862781
-0.020832733683361596,0.022833212046303453,-0.17373662929411637,-0.08423043807260683,1,0.08950619122150955
-0.01785367002350073,0.02265147874175275,-0.17040136835733613,-0.08160757168966534,1,0.08879379666767079
0.0037950502809550174,0.021937170813475723,-0.1473526045134574,-0.06135889492463257,1,0.08599370958882485
-0.006211039786245362,0.021247574409677682,-0.15600708562921362,-0.07271659394327712,1,0.0832904916859365
-0.006056880433263093,0.024872445828658298,-0.16295767425743335,-0.06545768660909283,1,0.09749998764834052
-0.00813420505969574,0.020315681199004145,-0.15610374020974388,-0.07646626990964762,1,0.07963747030009626
-0.02019556891142686,0.030620613847466727,-0.18836277205246166,-0.06832996577039208,1,0.12003280628206958
-0.03815114409439814,0.02598701082215721,-0.19723648530582627,-0.09536740288297002,1,0.10186908242285625
-0.02946586859708457,0.023845792378924188,-0.18435442165977597,-0.09087891553439317,1,0.0934755061253828
-0.010706065219461602,0.022163523645531636,-0.1622973715647036,-0.0754163588742196,1,0.08688101269048401
-0.025899602826822035,0.02263048707330842,-0.17840615749050653,-0.08969464816313755,1,0.08871150932736899
0.009993614237737342,0.022996173796898927,-0.14322968640418457,-0.053084685120340765,1,0.09014500128384381
-0.02058046060981146,0.021562285302388032,-0.170993339802492,-0.08646918141713092,1,0.08452415838536109
-0.044147858712866264,0.028146533837428014,-0.20746586503422518,-0.09713145239150736,1,0.11033441264271782
-0.05598059307814175,0.023921328270096392,-0.2110171964875307,-0.11724558966875283,0,0.09377160681877787
-0.029459310049027784,0.01911599480173137,-0.17507745986042128,-0.1001427602376343,1,0.07493469962278698
-0.022746767052168645,0.024630559262175254,-0.17917346320603214,-0.08262167089830516,1,0.09655179230772698
-0.03370051552910476,0.02146302086773501,-0.1839188364298654,-0.09978379462834414,1,0.08413504180152126
-0.024363196705724663,0.029068969484871685,-0.18948917689607317,-0.07553881651537617,1,0.113950360380697
-0.041502533310032244,0.023243599606966543,-0.19521078853968668,-0.10409587808037782,1,0.09111491045930886
-0.02491736040117322,0.02026027779988591,-0.1727783048889496,-0.09335801591339685,1,0.07942028897555276
-0.015471076352166019,0.024322834684236364,-0.1712946323332693,-0.07594912037106274,1,0.09534551196220656
0.03751972896914202,0.03362795498972977,-0.13654186281072833,-0.004720279250987641,1,0.1318215835597407
-0.0300582389782766,0.021379582703244252,-0.18011302107663535,-0.09630505687991787,1,0.08380796419671747
-0.021554722860787953,0.022778472217328035,-0.1743513284067509,-0.085059717314825,1,0.0892916110919259
-0.028854939837678215,0.022577104178000764,-0.18125686402655972,-0.09275461564879672,1,0.088502248377763
0.0008370479831832922,0.025412425211970922,-0.15712210543227972,-0.05750539860135371,1,0.09961670683092602
-0.006774225162809247,0.022895137934545343,-0.1597994955145181,-0.07005055481110038,1,0.08974894070341773
-0.0645604568481274,0.03689138635350862,-0.2450183741010043,-0.1004041395952505,1,0.14461423450575378
-0.027408691334065885,0.02072431146309394,-0.17617914180173,-0.09493984086640177,1,0.08123930093532823
-0.0761287912634465,0.02273248388319729,-0.22883525967451318,-0.13972392285237983,0,0.08911133682213335
0.004653126866210694,0.023051074356770177,-0.14867777887305886,-0.058317567394519765,1,0.0903602114785391
-0.008903980172819015,0.02292706026261313,-0.16199181828754075,-0.07211774205809729,1,0.08987407622944346
-0.038233851973757296,0.02724277375788077,-0.1997804885392036,-0.092988815408311,1,0.1067916731308926
-0.034415424887679416,0.02223269511102665,-0.18614230730529166,-0.09899014247006718,1,0.08715216483522448
-0.032298187671132364,0.022794871774903976,-0.18512693634994415,-0.09577103899232058,1,0.08935589735762357
-0.08326636266188998,0.04289703531599325,-0.27549535188123675,-0.10733897344254321,1,0.16815637843869352
-0.004750201023601575,0.02732451884417559,-0.16645705795818574,-0.05934494408901742,1,0.10711211386916833
-0.029648206921401563,0.026156998024365656,-0.18906672304915825,-0.08653129079364488,1,0.10253543225551337
-0.03218979201684309,0.022609224064500617,-0.1846546711832643,-0.09602651285042188,1,0.08862815833284243
-0.032584186324037354,0.019837059401790803,-0.17961562275154733,-0.10185434989652739,1,0.07776127285501994
-0.016101184604179974,0.02076779640219336,-0.16495686555247896,-0.083547103655881,1,0.08140976189659796
-0.019522267685370284,0.022892681907168252,-0.17254272422342007,-0.08280341114732051,1,0.08973931307609956
-0.032340200771449126,0.021119967189498948,-0.18188613646286705,-0.0990958650800312,1,0.08279027138283586
-0.007830251867595839,0.020920789072651973,-0.15698579844999372,-0.07497630528519797,1,0.08200949316479575
-0.026863499545995553,0.022511509621375794,-0.1791368584038921,-0.09089174068809901,1,0.08824511771579309
-0.0072481456789675325,0.025797161122305335,-0.165961381478686,-0.06483650987924908,1,0.10112487159943692
-0.002424215886420042,0.02227085730038181,-0.1542258961951684,-0.0669241355776717,1,0.08730176061749671
-0.017493621534017775,0.02308492550210515,-0.17089087551814386,-0.08039796754989169,1,0.09049290796825217
-0.018792301705511064,0.02065299077687763,-0.16742296362819123,-0.08646323978283091,1,0.08095972384536032
-0.037990761400630804,0.02050855358503791,-0.1863383264273051,-0.10594479637395651,1,0.0803935300533486
-0.04089877414207756,0.025448572034916232,-0.19892877533051337,-0.09917037295364176,1,0.09975840237687161
0.0019832688073937177,0.02034025448339269,-0.14603442998005595,-0.06630063240515661,1,0.07973379757489933
-0.037613423226021056,0.020890876160002965,-0.18671034049962687,-0.10481810595241525,1,0.08189223454721162
-0.04905860283327283,0.02051464245095442,-0.1974181020371435,-0.11700070362940218,0,0.08041739840774131
-0.01028536532973727,0.024110894216108684,-0.16569351799331028,-0.07117881266616426,1,0.09451470532714602
-0.010000894234359695,0.019888071388628796,-0.15713231415607215,-0.07917107431264726,1,0.07796123984342489
0.01493707444018065,0.020743021603940166,-0.13387004790354207,-0.05255740321609663,1,0.08131264468744544
-0.009371168991056,0.02245049980131588,-0.16152494860163513,-0.07351898938047688,1,0.08800595922115825
-0.05667272754319287,0.03582967513247204,-0.23504969080283805,-0.09459736428354769,1,0.14045232651929035
-0.01313602075842571,0.020140513288517254,-0.16076222680391952,-0.0818114147129319,1,0.07895081209098762
-0.027748326937620096,0.02057970589286713,-0.17623535048763966,-0.09556290338760053,1,0.08067244710003914
-0.040211659496698346,0.020037120129414863,-0.1876352149503515,-0.10908970404304522,0,0.07854551090730627
-0.018752526053306864,0.021137503486105668,-0.16833283288607398,-0.08547381922053976,1,0.08285901366553422
-0.00421194653509431,0.02025484255284033,-0.15206223793866136,-0.07266325513152727,1,0.07939898280713409
-0.01604610900298671,0.021564100608139954,-0.16646254619494102,-0.08193127181103241,1,0.08453127438390862
-0.02569507546072773,0.021881846346022034,-0.17673429429893092,-0.09095745662252455,1,0.08577683767640637
-0.003195736637880295,0.022066333947812197,-0.1545965511755922,-0.0680965221001684,1,0.08650002907542381
-0.04193755002705295,0.020201802428619513,-0.1896838827871472,-0.1104928172669587,0,0.07919106552018851
-0.021041279713344616,0.02379099055279471,-0.17582242119682226,-0.08256173822986698,1,0.09326068296695528
-0.05449380213969558,0.0345326347307977,-0.23032856621205908,-0.0949606380673321,1,0.13536792814472698
-0.03251144330648613,0.01925352970062257,-0.17839916151970636,-0.10292532509326591,1,0.07547383642644045
-0.04027864535372262,0.018579158967446406,-0.1848445969299176,-0.11201429377752767,0,0.07283030315238992
-0.011167421378243808,0.020603753115306954,-0.15970157748424543,-0.0789348652722422,1,0.08076671221200324
-0.014672543165312205,0.018958897519317727,-0.15998278230317495,-0.08566390402744947,1,0.07431887827572548
-0.03432550170529329,0.023304313763875945,-0.18815275668249015,-0.09679984672809644,1,0.09135290995439371
-0.021314187136361865,0.024699923878732283,-0.17787683793867715,-0.0810531363340466,1,0.09682370160463055
-0.01416923599292741,0.022783926272945707,-0.166976531487901,-0.07766354049795382,1,0.08931299098994719
-0.017687251906911963,0.020826869859062857,-0.16665871683067518,-0.08501738698314877,1,0.08164132984752641
0.011628259226603987,0.020871555075014127,-0.1374307887204237,-0.05561429282636833,1,0.08181649589405536
-0.08708744482615875,0.027947728944899438,-0.25001579355816167,-0.14046069609415585,0,0.10955509746400582
-0.0012726362078266384,0.020059624893077603,-0.14874030099825875,-0.07010657141739454,1,0.0786337295808642
-0.030307267967148346,0.0204043355567928,-0.17845056565846223,-0.09846557027583447,1,0.07998499538262777
-0.025108811435677406,0.020866879488384848,-0.17415869523291172,-0.0923605276384431,1,0.08179816759446862
-0.04270270011467718,0.020769560982342786,-0.19156183964006904,-0.11014516058928533,0,0.0814166790507837
0.018493031847171604,0.020433414259928295,-0.12970726010228786,-0.049608276203368946,1,0.08009898389891892
-0.031785699014399774,0.02163802689834731,-0.1823470317351605,-0.09752596629363905,1,0.08482106544152146
-0.022811521133676196,0.020372660850058778,-0.1708927363997914,-0.09103190586756099,1,0.07986083053223042
-0.04892006035742748,0.02256797411505011,-0.2013040896229257,-0.11283763109192926,0,0.08846645853099644
-0.02435244276160277,0.019646200960694003,-0.171009796644563,-0.09399668887864253,1,0.07701310776592048
-0.032579733502382704,0.02149152115659607,-0.182853914969311,-0.09860715203545442,1,0.08424676293385658
0.0004846410693673392,0.022689148689121547,-0.1521368903613109,-0.06319542749995444,1,0.08894146286135646
-0.03629481150978513,0.026311941854244864,-0.19601701754410505,-0.0928742054754652,1,0.10314281206863986
0.006358408343082295,0.02008212845347819,-0.14115336342573498,-0.062431419888100456,1,0.07872194353763452
-0.03582025598465756,0.021652118452715113,-0.1864092081519792,-0.10153290381733594,1,0.08487630433464326
-0.034160875072258,0.025711380413771266,-0.19270598068324968,-0.09191736946126633,1,0.10078861122198335
-0.01579869396662026,0.02117064387429798,-0.1654439559602443,-0.08245503197299622,1,0.08298892398724808
-0.030485532765076415,0.041220614983111234,-0.21942873813197444,-0.057843927398178396,1,0.16158481073379605
0.002983743966003871,0.019986622064907734,-0.1443408352812153,-0.06599327678677697,1,0.07834755849443834
-0.027004685628439343,0.020398838292698326,-0.17513720868212806,-0.09517376257475063,1,0.07996344610737743
0.0018630576063580206,0.02383942590052869,-0.1530130171586782,-0.05956246762860575,1,0.09345054953007245
-0.02409815721820481,0.02091784485409602,-0.17324793313223302,-0.09124998130417661,1,0.08199795182805641
-0.036203679806447606,0.026383016910801894,-0.19606519295161934,-0.0926437666612759,1,0.10342142629034344
-0.006872911777264512,0.022365980739539264,-0.15886103402676147,-0.07118638952776757,1,0.0876746444989939
-0.023946256633494437,0.020537567464965635,-0.17235068886482707,-0.0918434244021618,1,0.08050726446266528
-0.012191739823898817,0.020787429471258743,-0.16108590158756597,-0.07959917806023169,1,0.08148672352733428
-0.02984614600037623,0.02022511344749116,-0.1776381683574589,-0.09835572364329356,1,0.07928244471416535
-0.002372574231793864,0.02557044399460366,-0.16064144446121703,-0.060405304002370694,1,0.10023614045884634
-0.034355351062102954,0.031648230699229986,-0.20453668323259372,-0.08047561889161219,1,0.12406106434098153
-0.016723852882237697,0.02056209825964714,-0.1651763654711461,-0.0845729402933293,1,0.08060342517781681
-0.05643661562968323,0.020046536983478126,-0.20387862811730037,-0.1252962031420661,0,0.07858242497523427
-0.031530865396231664,0.01972974805687288,-0.1783519715877025,-0.10101135920476083,1,0.07734061238294167
-0.05199548082128862,0.025938955710783262,-0.2109866340144238,-0.10930592762815343,0,0.10168070638627037
-0.03154029259090939,0.024633465357584327,-0.18797268469177467,-0.09140950049004412,1,0.09656318420173055
-0.030703446271556897,0.0260651683225187,-0.18994197618369354,-0.08776651635942026,1,0.10217545982427328
-0.04434209495153758,0.02792590368269934,-0.2072276661696283,-0.09775812373344689,1,0.1094695424361814
0.004749278316656905,0.01996566469059118,-0.1425342244769018,-0.06426881888978439,1,0.07826540558711742
-0.055329461237119834,0.042313887667622584,-0.2464154810656601,-0.08054504140857957,1,0.16587043965708054
-0.06387092186473074,0.025870456557981265,-0.22272781671837402,-0.12131562701108747,0,0.10141218970728655
-0.010623290048120404,0.02245774950309745,-0.16279127907419141,-0.0747569010220494,1,0.08803437805214201
-0.07340425154025094,0.02597836058450572,-0.23247263828588216,-0.13063746479461974,0,0.10183517349126242
-0.02040871823662975,0.020267686113025152,-0.16828418301815906,-0.08883485345510045,1,0.07944932956305861
-0.001633582005909573,0.04272979731083984,-0.19353478473515567,-0.026033979276663496,1,0.16750080545849216
-0.010265176234174375,0.024578733907829393,-0.16659029469352,-0.07024165777482877,1,0.09634863691869122
0.00236277456905043,0.020663782320191598,-0.14628903877852512,-0.06528701208337404,1,0.08100202669515108
-0.03238963350214012,0.02780831621687464,-0.19504473328721442,-0.08603613371706584,1,0.10900859957014858
-0.026223529782083463,0.0222709422037134,-0.17802537650136174,-0.09072328306280521,1,0.08730209343855654
-0.012037511606283607,0.02407482717893437,-0.167374972876995,-0.07300165033557224,1,0.09437332254142275
-0.0034885959142738204,0.022393754271162,-0.15553115428575134,-0.06774763754279631,1,0.08778351674295504
-0.0240454097596262,0.02501605835508541,-0.1812276841355936,-0.0831647353836588,1,0.09806294875193479
-0.03276784324096872,0.0201042840659667,-0.18032304001026345,-0.101514246471674,1,0.07880879353858945
-0.04350088198289441,0.0323695647257543,-0.21509602884537282,-0.088207335120416,1,0.1268886937249568
-0.008791015410719041,0.021535122780283876,-0.15915065606007545,-0.07473297476136265,1,0.0844176812987128
-0.013290428332573698,0.02132282834713652,-0.1632339718929613,-0.07964848477218613,1,0.08358548712077517
-0.016823478437633474,0.02136697242831703,-0.16685354439713485,-0.08309501247813211,1,0.08375853191900273
0.0033328012065339113,0.01978538062759332,-0.143597344823549,-0.0660386527633832,1,0.0775586920601658
-0.024830094858126053,0.026031072953884134,-0.18400179784773896,-0.08195999186851316,1,0.1020418059792258
-0.07058020692806767,0.023845928505665002,-0.22546902679917108,-0.13199298705696427,0,0.0934760397422068
-0.02796246100204043,0.021944064140469215,-0.1791236267173601,-0.09310289528672078,1,0.08602073143063932
-0.022408112412744943,0.023409157811165416,-0.17644086172262916,-0.08467696310286074,1,0.09176389861976841
-0.007554395233608291,0.025025885456802392,-0.16475593072894099,-0.0666544597382756,1,0.09810147099066538
-0.02402474355468863,0.022056812201716146,-0.17540689547005228,-0.08894419163932499,1,0.0864627038307273
-0.019543019423527583,0.02237764557330177,-0.17155400474719906,-0.08383363409985611,1,0.08772037064734295
-0.03287053548706757,0.020355404943123722,-0.18091792917559008,-0.10112474179854508,1,0.079793187377045
-0.04526507590941921,0.021214807295523407,-0.19499689820864508,-0.11183485361019334,0,0.08316204459845174
-0.01838677975234139,0.02279424666731187,-0.17121430322027265,-0.08186085628441013,1,0.08935344693586252
0.012574990117219437,0.019956514054568098,-0.13469057742973403,-0.0564610423358271,1,0.07822953509390693
-0.03002243584160337,0.02425338576727744,-0.18570987194546715,-0.0906365997377396,1,0.09507327220772754
-0.036754114672781044,0.022566945488021316,-0.18913612782930284,-0.10067370151625926,1,0.08846242631304357
-0.016648066357516283,0.020432567119780462,-0.16484669791228598,-0.0847510348027466,1,0.08009566310953939
0.007275024112779721,0.022292825608851038,-0.14456971408056832,-0.05718183769387225,1,0.08738787638669607
0.004034008743537085,0.02230444311705797,-0.14783349976589655,-0.0604000827470293,1,0.08743341701886725
-0.02703950719640484,0.018797981330350218,-0.17203435060389127,-0.09834626378891842,1,0.07368808681497285
-0.03249960003911469,0.024659188688051455,-0.18898240986769554,-0.09231839021053384,1,0.0966640196571617
-0.04865379042238392,0.02493428390668215,-0.20567578687948093,-0.10793339396528692,1,0.09774239291419401
0.01778562383779607,0.02590391273378493,-0.1411368451204224,-0.039593507203985474,1,0.10154333791643694
-0.04135644130894893,0.020058822600504206,-0.18882253360593718,-0.1101919490119607,0,0.07863058459397648
-0.024064608630744097,0.02228393430568832,-0.17589191986989322,-0.088538897391595,1,0.08735302247829822
-0.019560059426192364,0.020974621719860913,-0.16882111799711974,-0.08660060085526498,1,0.08222051714185476
0.0022143746050477114,0.0207409272308626,-0.146588642767443,-0.0652842080224616,1,0.08130443474498139
-0.03480550708507245,0.020834706941797346,-0.18379233269099526,-0.10212028147914966,1,0.0816720512118456
-0.016958021158826844,0.02209543453282229,-0.16841587284315854,-0.08180176947449516,1,0.08661410336866338
-0.0380809313812019,0.021078505550099103,-0.18754560225939615,-0.10491786050300766,1,0.08262774175638848
-0.056264158737345346,0.03751563033482168,-0.23794559419359584,-0.09088432328109486,1,0.14706127091250099
-0.019934821367458624,0.025149666572535215,-0.17737896784962764,-0.07879227488528961,1,0.09858669296433803
-0.022345368177002292,0.022305654515539012,-0.17421525102745877,-0.08677708532654584,1,0.08743816570091294
-0.059635903491617945,0.019407157121254758,-0.20582473144927727,-0.12974867553395864,0,0.07607605591531863
-0.06883249484763825,0.032065193767574475,-0.23983107463208422,-0.11413551506319228,0,0.12569555956889195
-0.011087964180560114,0.021020709154047797,-0.1604393541224938,-0.07803817423862644,1,0.08240117988386736
-0.02531920616280782,0.019920580697196953,-0.17251434432931384,-0.0944256679963018,1,0.07808867633301204
-0.04152727157702611,0.021229808167564236,-0.19128849558545202,-0.10806764756860021,1,0.08322084801685181
-0.0516494433090527,0.026387687479880108,-0.21152011076961771,-0.1080803758484877,1,0.10343973492113001
-0.0070832805060893345,0.02162419638842349,-0.15761750542739938,-0.0728506555847793,1,0.08476684984262009
-0.03878916588346222,0.03034455701952663,-0.2064152976417344,-0.08746463412519004,1,0.11895066351654437
0.004634456364707773,0.02156860452437266,-0.14579080850306264,-0.061241878767521817,1,0.08454892973554082
-0.0466595319581352,0.01930653779286198,-0.19265114603214467,-0.11696951788412573,0,0.07568162814801895
-0.0004171322638332614,0.020791594511238385,-0.1493194575058605,-0.06781640702180602,1,0.08150305048405448
-0.03906865945201897,0.022456286319739886,-0.19123378063870916,-0.10320513826532879,1,0.08802864237338037
-0.020276248690066903,0.019149963131486876,-0.16596097642778118,-0.09089312095235264,1,0.07506785547542855
0.013529920950068053,0.0204340118115549,-0.13467154220057956,-0.05457021589928435,1,0.08010132630129521
-0.01538975211673127,0.026097733304400256,-0.17469210939335578,-0.07238899484010677,1,0.102303114553249
-0.06163358534240919,0.02710345917637654,-0.22290716532810723,-0.11666160535671118,0,0.10624555997139605
-0.02179123289809999,0.02143040394806284,-0.17194562463630317,-0.08793844115989682,1,0.08400718347640634
-0.0397340136530608,0.023968200134216293,-0.19486248591612473,-0.10090714138999687,1,0.09395534452612786
0.004229381923781514,0.020423760271581604,-0.14395198820851843,-0.06389084794391856,1,0.08006114026459987
-0.04485537692771861,0.02006604614631754,-0.192335627374501,-0.11367672648093624,0,0.07865890089356475
-0.019696038174206662,0.02519699897167862,-0.17723295615869677,-0.07846072018971657,1,0.0987722359689802
-0.020448853378622164,0.021167006816067764,-0.17008698673811498,-0.08711232001912936,1,0.08297466671898562
-0.016989910559897167,0.02086469789384483,-0.16603551843183303,-0.08424590268796131,1,0.08178961574387172
-0.03773207059111393,0.020365408961835342,-0.1857990721563112,-0.10596666902591667,1,0.07983240313039452
-0.0014213504556860879,0.020068333737288516,-0.1489060845807716,-0.0702382163306006,1,0.078667868250171
-0.056848902267992676,0.024886504445542273,-0.21377725098125555,-0.11622215355472983,0,0.09755509742652572
0.00828067932982339,0.020764337152409617,-0.14056822148889947,-0.05917201985145377,1,0.08139620163744571
-0.0042682101176927945,0.02359717869058512,-0.15866948035123962,-0.06616853988414596,1,0.09250094046709366
-0.008331655281930264,0.020786479505350914,-0.15722395511241805,-0.07574095545144248,1,0.08148299966097557
-0.022647276260944746,0.02334617901403219,-0.17655658712844785,-0.08503956539344165,1,0.0915170217350062
-0.05114941559535892,0.01947688405783657,-0.19747490834871861,-0.12112552284199925,0,0.07634938550671937
0.016840245852156974,0.02260120766574121,-0.1356089211726958,-0.04701218712299026,1,0.08859673404970553
-0.03142288668659536,0.02066958844918556,-0.18008608004699905,-0.09906129332619168,1,0.08102478672080737
-0.007582885955006807,0.021410829190034553,-0.15769891116747453,-0.0737684607425391,1,0.08393045042493544
-0.012338426912995804,0.02056821106053746,-0.16080292059164925,-0.08017553323434239,1,0.08062738735730686
-0.026165722827836926,0.02382333765297745,-0.18101026462767272,-0.08762278102800114,1,0.09338748359967158
-0.024202568448301556,0.021578976239550098,-0.17464816187781976,-0.09005857501878337,1,0.08458958685903639
-0.0015115260658551538,0.02087052870006598,-0.1505685623179845,-0.06875608981372583,1,0.08181247250425866
0.015432557285956758,0.021834513620412617,-0.135513889410052,-0.04992259601803452,1,0.08559129339201747
-0.0376515538222086,0.01985498023313071,-0.1847181150791448,-0.10688659256527241,1,0.07783152251387238
-0.03531703413949765,0.023321098177561204,-0.1891771865675176,-0.09775848171147769,1,0.09141870485603992
0.014411122422075387,0.021330929732689654,-0.13554829985399633,-0.0519310553018529,1,0.08361724455214342
-0.0075794670769451095,0.02259324087080082,-0.16001301918371472,-0.07144751497017551,1,0.0885655042135392
-0.011666303810169976,0.021108207713034125,-0.16118919092771686,-0.0784450166926231,1,0.08274417423509375
0.02736938827624677,0.021881515176702292,-0.12366918147008973,-0.037893641977416744,1,0.085775539492673
-0.041463590412059506,0.019563856468689543,-0.187959549090691,-0.11126923173342801,0,0.076690317357263
-0.05409019729432711,0.03982967069027531,-0.2403071518472667,-0.08417484274138752,1,0.15613230910587916
-0.05372166289428766,0.026404776624117426,-0.2136258250775578,-0.11011910071101752,0,0.10350672436654029
-0.008158603054560593,0.02170963074993136,-0.15886027932442606,-0.07375852678469513,1,0.08510175253973093
-0.004502715672164065,0.020001675034939537,-0.15185679874064556,-0.07345023260368258,1,0.07840656613696298
-0.03895456611564131,0.01952941002344978,-0.18538300976160288,-0.10882772246967976,0,0.07655528729192312
0.0007660175151738974,0.021467890653091758,-0.14946184816488595,-0.06530771680476627,1,0.08415413136011968
-0.07909623470201539,0.03400970646971253,-0.253906059382652,-0.12058801002137884,0,0.13331804936127314
-0.018621694345422726,0.02065371034860719,-0.16725376662869282,-0.08629122206215264,1,0.08096254456654017
-0.01121590949397884,0.021131858412012067,-0.1607851519815225,-0.0779482670064352,1,0.08283688497508729
-0.03878010828709548,0.02152005284700439,-0.1891102118672241,-0.10475160470696687,1,0.08435860716025723
-0.06868866582751103,0.038290077637172584,-0.2518880179963693,-0.10179091365865277,1,0.1500971043377165
0.0036440661025035764,0.020763283353140358,-0.14520276926965153,-0.06381069852534133,1,0.08139207074431021
-0.04116755096883089,0.02056798640802673,-0.1896316043285633,-0.1090050976090985,0,0.0806265067194648
-0.016263344404625374,0.019400172113803,-0.16243848174767925,-0.08638980706157151,1,0.07604867468610774
-0.02999807127443259,0.019086107407057205,-0.1755576417922647,-0.10074010075660048,1,0.07481754103566424
-0.01706095422483543,0.03194363039561621,-0.18782126980024322,-0.06260223864942767,1,0.12521903115081556
-0.052153663371702505,0.02389418223899451,-0.20713706056013176,-0.11347186618327326,0,0.0936651943768585
-0.10717786476867656,0.0445796093709373,-0.3027046991357137,-0.12795263040163946,0,0.17475206873407423
-0.028447105487881416,0.026318888482035986,-0.18818292691267197,-0.08501288406309089,1,0.10317004284958108
-0.030896835250215846,0.021616825950863255,-0.18141661411390783,-0.09667865638652387,1,0.08473795772738396
-0.01888836820624641,0.020395948102757584,-0.16701522648765127,-0.08706310992484155,1,0.07995211656280972
-0.023600455704839304,0.01905954703108536,-0.1691079678857666,-0.09439454352391201,1,0.07471342436185459
-0.041378726215168735,0.022114626363002442,-0.19287419388665353,-0.10618485854368395,1,0.08668933534296958
-0.02693797463664248,0.021973166090353425,-0.1781561801737352,-0.09202136909954978,1,0.08613481107418541
-0.0073287182654799415,0.020294476214329803,-0.15525669164556635,-0.07570234488539354,1,0.07955434676017281
-0.0136583360661401,0.02209665623324079,-0.16511858228329207,-0.07849968984898816,1,0.08661889243430392
-0.004050672840405514,0.02140522637257401,-0.15415571653065058,-0.07024722915016046,1,0.08390848738049012
-0.002806747385153019,0.02430545962417393,-0.1585962482485339,-0.06331884652177212,1,0.09527740172676179
-0.02483150951260897,0.02047343064931404,-0.1731102335852645,-0.09285438543995346,1,0.08025584814531105
-0.025475404944660593,0.019888143243318165,-0.1726069657015642,-0.094645444187757,1,0.0779615215138072
-0.0019393800437673137,0.021264447369892622,-0.15176849688875685,-0.06841186319877779,1,0.08335663368997906
-0.05637278688739901,0.04132795739118835,-0.2455263833741282,-0.08352079040066984,1,0.16200559297345835
0.015416820495099987,0.02118087832177442,-0.1342485010155779,-0.05121945799422216,1,0.08302904302135573
-0.03151369465199137,0.019804755377130487,-0.17848181519116713,-0.10084717411281563,1,0.0776346410783515
-0.02846273823884314,0.02013625729901525,-0.17608060254491303,-0.09714647393277326,1,0.07893412861213978
-0.0588757647441714,0.03268785396197406,-0.23109475850964056,-0.10295837097870225,1,0.1281363875309383
-0.0007535456349329755,0.021309849252629916,-0.1506716501700876,-0.06713704109977835,1,0.08353460907030925
-0.05829949421832532,0.032841902757958785,-0.23082042362392455,-0.10208016481272611,1,0.12874025881119844
-0.08991132763027139,0.03686918645148195,-0.27032573307517604,-0.12579852218536677,0,0.14452721088980927
-0.024435623102467094,0.019303021776585095,-0.17042034578457388,-0.09475250042036032,1,0.07566784536421356
