ipw_rd,ipw_se,gcomp_rd,aipw_rd,aipw_se,tmle_rd,tmle_se,scaipw_rd,scaipw_se,sctmle_rd,sctmle_se,sim_id
-0.1009210401378857,0.0245470000027649,-0.0879745674222098,-0.1197682697109283,0.019648797300042,-0.1200758886165208,0.0157797335246536,-0.1217748822295774,0.0209074477151088,-0.1049447501358706,0.0175994283314614,1
-0.0930756822362556,0.0239662782925699,-0.0659432917693149,-0.0948349725688176,0.0159538752927031,-0.1036326547038147,0.0155263537179614,-0.1162903242470603,0.0208435285345123,-0.1130939584592844,0.0182408265866255,2
-0.1199587281044647,0.0215995385297674,-0.1128839105433169,-0.1314926576421797,0.0168122665348935,-0.1344854015287268,0.0168544900026319,-0.1285700272104725,0.0201573840609179,-0.13241727012518,0.0198109947146787,3
-0.1107262891013159,0.0233774028081339,-0.0808874869886215,-0.1017638980691823,0.0180856681246025,-0.1037486374056925,0.018211911346911,-0.1133882333178397,0.0210273436497451,-0.0995744206354231,0.0213210790426083,4
-0.0657313842575291,0.0241935258233296,-0.0476843815496552,-0.064540576928355,0.0188888490868246,-0.0667264713305847,0.01876007002254,-0.0629905802844537,0.0213072242431257,-0.0562357288044788,0.0190391949352198,5
-0.1166842810273101,0.0214309686300006,-0.1050466596129145,-0.1262292379549565,0.0153918021231002,-0.1327444549163373,0.0155211204408525,-0.1228171779265727,0.0190995336541694,-0.1323161067773839,0.0186278271870276,6
-0.0957412353276809,0.0213971009425703,-0.083501921055564,-0.1085811262286691,0.0153620144420279,-0.1159076329258602,0.015316695302053,-0.1243417054729888,0.0222474076211626,-0.1261410781522966,0.0213731429691684,7
-0.0407397106643727,0.0226017022744466,-0.0470488212966537,-0.054148537206918,0.0179621491211292,-0.0568270441112815,0.0179803282407069,-0.0513093737560273,0.0234935160349737,-0.0537320474074418,0.0201709232389356,8
-0.0917866969197479,0.0240796728281945,-0.0646543842520345,-0.0899911183078759,0.0165890972017265,-0.0928974845168644,0.0171328960320144,-0.1155314233515848,0.0202242227549207,-0.1141434918479504,0.0191188942632353,9
-0.0716051561274948,0.0216710664602643,-0.0614181517492076,-0.0826593072887906,0.015242047826457,-0.0934100649221683,0.015269420990121,-0.085301223825987,0.0187537411474161,-0.0905234745675032,0.0190076791166214,10
-0.1016955217262233,0.0216223067537258,-0.0833122957562029,-0.1059342550600505,0.016411187497006,-0.1155651263839364,0.0162678626858285,-0.0977349661168574,0.0212269874682682,-0.10129451919335,0.0205793900231268,11
-0.0918566289120304,0.0208501638748918,-0.0772579799401076,-0.1036849784839249,0.015579144234616,-0.1129284569389346,0.0155301372403825,-0.1076672439965306,0.0200375461720035,-0.1076238374984658,0.0204310743305814,12
-0.1425002747790519,0.0191909167703621,-0.1238333538221796,-0.1465947015864008,0.0149611597578264,-0.1535793434408776,0.0149949674151721,-0.1557242476116957,0.0174173181403965,-0.1575467409297743,0.0172406826238122,13
-0.0808217247609251,0.0236114960572251,-0.0632431948146911,-0.0805107519595884,0.0176438622059598,-0.0863237609286689,0.0179696351511575,-0.0879102456657519,0.0210703898065755,-0.0949090484786856,0.0170901230952094,14
-0.0830899073190878,0.0225737871046631,-0.06148109315573,-0.0855248129538271,0.0167903444585654,-0.0891275716248074,0.0168889299988642,-0.0978378177560506,0.0220651944864672,-0.0838429024698635,0.0216118545552674,15
-0.0889499448309726,0.0232249896466882,-0.0608500899575248,-0.0816804688242786,0.0168353051373779,-0.0833787777671213,0.0182642476189549,-0.0977756673489175,0.0247636575788271,-0.0789630750248922,0.0211587615852244,16
-0.0609690471517954,0.0211430265490564,-0.0686495644142919,-0.0783520704850019,0.0182372159148325,-0.0814435234341053,0.0181965580946889,-0.0625396155616323,0.0343839095964112,-0.0687551348595585,0.0196162008867118,17
-0.0893850992122016,0.0196833203780742,-0.084874844366708,-0.1077119677263407,0.0157627540230482,-0.1182161914542937,0.0158484593398373,-0.1096949410613242,0.0175912165206855,-0.1103432703566675,0.0174376341290965,18
-0.0811945582716587,0.0229333426973484,-0.0779416552944509,-0.0934989519487872,0.0165939925925851,-0.0968935058853992,0.0164598700850874,-0.1053522504465413,0.0200918637672768,-0.1002863786946196,0.0193513378526907,19
-0.082945311104817,0.0224086397883655,-0.0669112363478023,-0.0799751154459482,0.0175063106182484,-0.0805459472635501,0.0177053137778324,-0.079163303798176,0.0206616547804202,-0.0803586697144518,0.0222498297949599,20
-0.133145867128373,0.0224796291224301,-0.1042098622534779,-0.1346767977940775,0.0162460613719628,-0.1394953463048045,0.0159160546967078,-0.1328023058221646,0.0177217111362082,-0.1363383795858356,0.0182880128051058,21
-0.1066029995228237,0.0232560332758517,-0.0880017374085995,-0.1106879112666496,0.0170948063626779,-0.1162917624254041,0.0167313708074321,-0.1181739424044463,0.0219969868719605,-0.1156867758365858,0.0246302539168681,22
-0.1057822685414119,0.0258239459078809,-0.0898050740149829,-0.1158968317840797,0.0158054739257195,-0.1239275458139961,0.0160243461121397,-0.1134959332622607,0.0196485053817518,-0.1112844976053369,0.0200665375851368,23
-0.0924881052235166,0.0234359668763663,-0.0728708518011339,-0.0983912152006655,0.0185252930236582,-0.1033023411475615,0.0177015352935175,-0.1003729651948556,0.0498451776004294,-0.1057893881350039,0.0500985061278677,24
-0.1290684365501828,0.0222515084900883,-0.1086244940958527,-0.1293105650450346,0.0171712075478006,-0.1328607708890497,0.0173012321167966,-0.1463563641634022,0.020121709702593,-0.1252737253245359,0.0193339561420975,25
-0.0972430334683698,0.0227716860733873,-0.0714067358871536,-0.1013682052846753,0.0170692327158572,-0.1071194769827205,0.0165338507114432,-0.1027495725643367,0.0188637688166983,-0.0999033081795087,0.0177640886688416,26
-0.0600732844940867,0.0231987498687119,-0.0484917142768332,-0.0792826612421559,0.0174887799698847,-0.0902998213870192,0.0167742614913763,-0.0794158880185515,0.0201010182423274,-0.0829217459871829,0.0196624426473203,27
-0.0355071346090473,0.0221066369916922,-0.0379671680936697,-0.0466151626723473,0.0169481095654342,-0.0514552321509118,0.0169824434889728,-0.082514031401888,0.0319717827704866,-0.0481647266251326,0.021918240819315,28
-0.1027127516289663,0.0252575340795263,-0.086231178014482,-0.103126240273204,0.0169746016205777,-0.1046208262552711,0.0173040649713471,-0.1103945501237693,0.0235691227325461,-0.0911886174804152,0.022355001461371,29
-0.0956065550391667,0.0244333409599902,-0.0565323118654415,-0.0908012994040495,0.0180453579724904,-0.0924788084697891,0.0170820889374421,-0.0856253934330797,0.0203396361065155,-0.0808868102607271,0.0194849239658486,30
-0.0963385915581746,0.0211966647487368,-0.0971218180605527,-0.1137538344346141,0.0155336388618629,-0.1208292003125755,0.0155312827852169,-0.1240153631657415,0.0212853935191461,-0.1211575090242226,0.0222072408783414,31
-0.1381201075361512,0.0228905487817741,-0.1028237542196193,-0.1336973583995875,0.0169650711527252,-0.1345826774950591,0.016466726472334,-0.1396102996862555,0.019361650294431,-0.1308646456498786,0.0174163410158161,32
-0.078831985691039,0.0222798819363075,-0.0666877669961801,-0.0945971896381078,0.0172173170511092,-0.0989953932314691,0.0172902282124921,-0.101646472344552,0.0197716361838106,-0.0921019784400963,0.0196640513870103,33
-0.127710208765922,0.0275591435216825,-0.0940701989621491,-0.1137796462595197,0.0169003551274307,-0.1141255985919499,0.0166044209739299,-0.1254608537282197,0.0211843627169914,-0.1105800953853976,0.0186008978551911,34
-0.0705886256331155,0.0223503073140879,-0.047668401542062,-0.0765856130407513,0.0167260995859373,-0.0796130480231778,0.0166405188591184,-0.0759463284796696,0.0183867032351131,-0.0795305072624601,0.0184573706368257,35
-0.1011726468996693,0.0231874774009699,-0.094648441246473,-0.1186212702715359,0.0155654368302224,-0.1262033016298677,0.0155417797428707,-0.1230236906271402,0.0177802271796211,-0.1247248147237961,0.0175675498039569,36
-0.0622634209105937,0.0205933410162007,-0.073347569005827,-0.0906947447846449,0.0174422649911849,-0.0978099348533924,0.0176063694289413,-0.0907389892889347,0.0336594926760237,-0.097867532001485,0.0337183929565072,37
-0.0788658051611918,0.0227678992885651,-0.0649280232847808,-0.0841676534963895,0.0218621897395,-0.0924659187695781,0.0213629436578067,-0.1001353653233353,0.0222009463961834,-0.0976187857413154,0.0204489363056383,38
-0.0841265784061441,0.0215011904372756,-0.0860396155025191,-0.0936573081558145,0.01773616741422,-0.0964421649242377,0.0177784489546698,-0.0979775633284227,0.0201869892205395,-0.0986253211028312,0.0211457651865271,39
-0.0732485549685394,0.0217608877423932,-0.0659326721890768,-0.0807237853245437,0.0164330149982384,-0.0851464997951946,0.0164260236823427,-0.0883716543446011,0.026673868897924,-0.0791654517507712,0.0253324689047011,40
-0.1067990469283222,0.020690311033175,-0.0962923416279177,-0.1120604484528035,0.0164661705549681,-0.1148721741824226,0.016444586323073,-0.1178490191640956,0.0179251998554705,-0.1236565818652272,0.0169368953266769,41
-0.0252780590944217,0.0221427033012402,-0.0476556253020042,-0.0389000312172182,0.025153974774365,-0.0375773912290472,0.0193111477218572,-0.0463962792460108,0.0247574306834126,-0.0469591783477486,0.0227105883338603,42
-0.1034463091142376,0.0225656434149387,-0.0717414175380159,-0.100828508883445,0.0162254379676351,-0.1037392324504441,0.0161567406461316,-0.1061734311509935,0.0180638201209147,-0.1043906128789735,0.0166906595580897,43
-0.0950039489055432,0.0225143205154544,-0.0652541885199766,-0.0868339549481038,0.0177549968434512,-0.0923224091947294,0.0178089387353707,-0.0992758831460832,0.0201968901456126,-0.0954033825849975,0.0193980823433915,44
-0.0804342039807166,0.0223277233919389,-0.0675921781785355,-0.0924125222310144,0.0161094309767675,-0.0982622185237238,0.0161156548364806,-0.0966970050839734,0.0222352397711384,-0.0853518417885699,0.0201435854444453,45
-0.1145801058967352,0.0239821547246205,-0.0897387261299596,-0.1095566032597645,0.0173441680073807,-0.1119695399966278,0.0171479752209237,-0.1101722187840519,0.0196010029184962,-0.105619234344156,0.0192084749009886,46
-0.1100782145130125,0.024313181108359,-0.0933401308441453,-0.1177103837542047,0.0166135892470124,-0.1254165977497376,0.0167068678990977,-0.1262094236585317,0.0212340428942239,-0.1267214626361783,0.0190749994246358,47
-0.1172269470779671,0.0292974081096788,-0.0732963490375921,-0.1146669845358977,0.017817091029868,-0.1165155637920336,0.017198014931201,-0.1119163521222465,0.0208717899044265,-0.1279908209304204,0.021354433126466,48
-0.0864137451413782,0.0270180819533144,-0.0719816748358179,-0.091503120150361,0.0171490481200915,-0.0989581609929222,0.0170671049201916,-0.0910278836279651,0.018773369255269,-0.0958010862840451,0.0197173293112665,49
-0.078385554216117,0.0254683359360526,-0.0598892803865295,-0.0831481395185615,0.0171769586257689,-0.0876681667277779,0.0169514079433868,-0.0837096839604649,0.0219808663294994,-0.0719815936981782,0.0203592987136444,50
-0.0967404632995097,0.0251995220056404,-0.0865625917971974,-0.1133996673945638,0.0157451755218484,-0.1290815579454578,0.0148996132910447,-0.1296972291188509,0.0206589617261812,-0.1219502940337256,0.0191870519680285,51
-0.1202941287845956,0.0219991218525655,-0.0925172733834359,-0.1136084139218527,0.0177857958420568,-0.1153228333724035,0.0177152443212888,-0.1674156499010244,0.0452855342055734,-0.1070255878043935,0.037934425429949,52
-0.1041216827964828,0.0238276179441722,-0.0770088736038691,-0.1023529192676221,0.0164261118800108,-0.1058446316606729,0.0162555306987569,-0.1201153330461546,0.0206168346080163,-0.108392564574897,0.0181700527868397,53
-0.0981437547187366,0.0229737597064907,-0.0747921674349791,-0.1046399999005023,0.0163689788609539,-0.1134345733972629,0.0160851948467533,-0.1210825470039475,0.021658273896296,-0.0995504180285937,0.0188546562743699,54
-0.0776516502304131,0.0224715384475369,-0.0562370307425568,-0.0735550473352505,0.0162996383566115,-0.0761143819093848,0.0162250510252803,-0.076349795877638,0.0190881852283736,-0.0734915299455837,0.0191425325327787,55
-0.1240897125024328,0.0217754338152695,-0.1101604409132486,-0.1338742693767076,0.0163805899383811,-0.1397876861264544,0.0163959540633157,-0.1730160960619938,0.0287554300426677,-0.1546111959553177,0.0203773752767241,56
-0.0927807669191862,0.0229980117885029,-0.0782485587520206,-0.1059505700528653,0.0151997055418256,-0.1146777122775928,0.0149536751267363,-0.1155751166999012,0.0183209975605363,-0.1098064319760099,0.0168604474053352,57
-0.0831214178105223,0.024760808378907,-0.0643100120595142,-0.0964160868474598,0.0192332358006999,-0.0989522677834444,0.0167082697717369,-0.0944723514147113,0.0193700928920759,-0.0943112184344767,0.0186793997149859,58
-0.1024187036062365,0.0271173583439167,-0.0695425065012031,-0.091167482220081,0.0163960960498785,-0.0944810975241786,0.0162024595213975,-0.1377952596483156,0.0394083525475308,-0.0833522670724408,0.0337231853810666,59
-0.0836903180828819,0.0227124973623295,-0.0719326761922555,-0.0953558566515862,0.0172319042289649,-0.1030556640407277,0.0164835509524765,-0.0981368652441572,0.0184832048530036,-0.0925260677327107,0.0188928838816012,60
-0.1158872590202892,0.0215548739166794,-0.091399496071524,-0.1197995310091677,0.0163686441578631,-0.1239264316139048,0.0163564029915321,-0.1087374350590018,0.0231808007638781,-0.1106462124095577,0.0183309122411529,61
-0.1011910690315759,0.0206059779456757,-0.0907566762148222,-0.1110355526763227,0.0170384108009303,-0.1166702184549267,0.0171464386344682,-0.144367708940362,0.0230574076390529,-0.1317112190632489,0.0194080906146782,62
-0.0965121127659801,0.0217276984258474,-0.0843414458806958,-0.1131745524229169,0.0159127330839976,-0.1231555398654241,0.0156669811298579,-0.1276107882299887,0.0191834656931269,-0.1230760268678473,0.0181645700087525,63
-0.0912674955268674,0.0219284792902084,-0.0749567884575565,-0.099087394892346,0.0165714790897334,-0.107234582644964,0.0166498268115826,-0.1072298996370744,0.0191922956638292,-0.105375990291027,0.0186773277254081,64
-0.0887366010900596,0.0221095475954756,-0.0737288847178239,-0.092674126706298,0.0176104490384185,-0.0944487185545023,0.0176060526866949,-0.0950672888044621,0.0318993652115519,-0.0945642474776798,0.0323980060491211,65
-0.095367173797764,0.0213115274558818,-0.0832150036876194,-0.1055713024472545,0.0163500796010001,-0.1099113470631627,0.0165659732215197,-0.0898507979177131,0.0233617964666207,-0.1101184174962778,0.0242019378379322,66
-0.0991229015993661,0.0227978964493408,-0.0790462024989036,-0.1065320901971268,0.0162930565831634,-0.1141710725746858,0.0161584857668506,-0.1155769072444556,0.0196940521899529,-0.1214018121798816,0.0186257046416238,67
-0.0830312237893782,0.0216376818526677,-0.0659888805571716,-0.0882217939484694,0.0164328760043523,-0.0948954153079387,0.0165081522894489,-0.1570713678288704,0.0386787040363131,-0.0985997008795836,0.017786415478341,68
-0.0872290385930579,0.0214344336794191,-0.0784007945541885,-0.0978316366874894,0.016215588910227,-0.1055841066567838,0.0162580954442956,-0.1238514708640582,0.0266047230432743,-0.0956830292271723,0.0175768129434074,69
-0.0720525998311248,0.0232398180436693,-0.0655508070462496,-0.0868805262154544,0.016441853377052,-0.0936669659421813,0.0166669848017439,-0.0902454270457427,0.0267789897517622,-0.0839338939658461,0.0264420315945413,70
-0.0885616911519174,0.0230731595304657,-0.0698011907514321,-0.0992063297057269,0.0177695590282443,-0.105508965008278,0.0177488047260186,-0.1050801186193224,0.0205894303704932,-0.0903844520478999,0.0203658295847921,71
-0.1216784403876471,0.0217904784805963,-0.1034677530525872,-0.1324193338895511,0.0178907595768917,-0.1411657206954546,0.0175373008694829,-0.184546376048713,0.0365648132448452,-0.1303736992472075,0.0276249703497731,72
-0.1129197377021808,0.0236637330308537,-0.083330340976626,-0.1157959418862343,0.015446502405321,-0.1195215471992065,0.0151070660159047,-0.1112557488305333,0.0177302811225382,-0.1180480156305006,0.0177134821787181,73
-0.0529821713658462,0.0220102431463887,-0.0495965542488817,-0.060325440974336,0.0168114063358725,-0.0650847185183431,0.016811948637751,-0.0676465264108366,0.0338313014243533,-0.0692018370330539,0.0314038561724842,74
-0.0982050405866875,0.0206503200442284,-0.0895801706058024,-0.1092259347766241,0.0165447188016745,-0.1141084909618097,0.0169511490581057,-0.1282209826699417,0.0212655644526405,-0.1243075704072327,0.0200266252321715,75
-0.1195922480940999,0.0221196558293716,-0.1027972324849599,-0.1213991550089732,0.0165335127435179,-0.1231804266393497,0.0165309283992019,-0.1437794461204617,0.0190873892339763,-0.1433608805391118,0.0179491208024016,76
-0.1007669208725685,0.0253149279899279,-0.0767663848387075,-0.1030536618427034,0.0200383876526294,-0.1063443530873692,0.0196486648909207,-0.0933928878285418,0.023219484136362,-0.1039302783131495,0.0189800966009814,77
-0.1039137946560903,0.0271429878018473,-0.0830557048978366,-0.1051649229466233,0.0171733994017078,-0.1082528686642352,0.0166540137462152,-0.1303722441094659,0.0209843994759976,-0.1067876572641065,0.0178272144869488,78
-0.092157999849328,0.0205853492163824,-0.0762407650716117,-0.1071870594698967,0.0146015207695599,-0.1205501914156935,0.014502063247833,-0.1201776745795732,0.017467250268373,-0.1198617842457085,0.0170362802877509,79
-0.1040127567317863,0.0242228821877299,-0.0911832738833784,-0.1113452413944449,0.0163298319692938,-0.115717033476517,0.0165864124017481,-0.1115740164870208,0.0196073684923734,-0.1018757508937097,0.0199685078419535,80
-0.1170207725633455,0.0213586995193348,-0.0933892441696528,-0.12646481224072,0.0164837466533371,-0.1307723242899824,0.0161479981631046,-0.1363588177495618,0.0198145603780155,-0.1281908648231357,0.0171589220713771,81
-0.1169338029180238,0.0214416913216961,-0.1075902078056224,-0.1218869710134733,0.0172064026140733,-0.1255618559127457,0.0172975834586239,-0.1392497806211343,0.0201408593398882,-0.1250678428411992,0.0194201543034627,82
-0.1270818424649515,0.023154614929348,-0.1040396048155199,-0.1255324717776075,0.0194934643055976,-0.1285937523477773,0.0196874421016813,-0.1675196581332505,0.0263279477444856,-0.125423717257159,0.0339917751296617,83
-0.1130629523507995,0.0252897915885943,-0.0926414069600986,-0.1123542150899223,0.0167091072370596,-0.1147291165894088,0.0164517677984386,-0.1200973168612401,0.0241035342168388,-0.1304541591358058,0.0240913491690609,84
-0.1069247294431086,0.0220852111750452,-0.0724733052481691,-0.1078358203354614,0.0151112534886936,-0.1171207867442328,0.0149702713958065,-0.1173309095290804,0.018765617194194,-0.1181837274700553,0.0188483575761947,85
-0.0682751303667811,0.0217797133682699,-0.0600552784862312,-0.0874198480096055,0.0162388266194471,-0.0950404065904522,0.0167977990036116,-0.0829954092739707,0.0214324677585775,-0.0794854690995148,0.0201463394338205,86
-0.0764979315740199,0.0234929190086817,-0.0725301960330292,-0.0854019240618864,0.0179557286802545,-0.0890396834092148,0.0180384970603395,-0.0926030896895559,0.0244123068175828,-0.0912990023747465,0.0228770411815175,87
-0.1164097503180929,0.0208051842559329,-0.1036885820404145,-0.1281667557691333,0.0157150114977044,-0.1330861591699071,0.0157899563408436,-0.1358578706682542,0.0218064646610575,-0.1334521337011368,0.0189752354166297,88
-0.0955114382118452,0.023768105518596,-0.0785010268311598,-0.097850411782721,0.0164666529089933,-0.1025158860374484,0.0161335290409219,-0.1008837895861761,0.0187533434503668,-0.0991808973359312,0.0191049842150782,89
-0.1023065831448939,0.025890011803885,-0.0705772448800764,-0.0951925207848317,0.016610164108747,-0.1008679117251326,0.0163253144945641,-0.1131954996251619,0.0196657454053731,-0.1124803732076893,0.0177631456405048,90
-0.0633022551551585,0.0209249552468682,-0.0726053589654949,-0.0970539579371125,0.0155550113106665,-0.1034219389272517,0.0155359683425756,-0.1141415410365215,0.0229903327572531,-0.115187000163128,0.022639525334568,91
-0.0704878106950891,0.0236509870752928,-0.057394294157252,-0.0783910403905595,0.0166564617827751,-0.0840689009286961,0.0163316435316405,-0.0775694906307903,0.0198070580662696,-0.0790304401509637,0.0194278254660526,92
-0.0934166549587173,0.0210023627169078,-0.0973445318591125,-0.1023569916026155,0.0167449947249774,-0.1042478285547942,0.0167849037779318,-0.1206117696062443,0.0197543027784786,-0.1107044410970592,0.0177397840195101,93
-0.0819099392811586,0.0215042228661352,-0.0819343626235016,-0.1017668942550342,0.0159456787720696,-0.1153682731762016,0.0159572374357147,-0.1008816963896417,0.0186252927693634,-0.1130061659475032,0.017928107980399,94
-0.100824226434011,0.0231079917138636,-0.0893461326744979,-0.112967313189526,0.017153301859288,-0.1171978172967629,0.0169913270640594,-0.1036874733384888,0.0294468944332462,-0.1158864841345429,0.0288584429383644,95
-0.1258760208501128,0.0222010871193409,-0.0958219880181178,-0.1298251972977613,0.0154673428364947,-0.1383593652791287,0.0154084112564438,-0.13298399250243,0.0187737463260831,-0.1330246807277775,0.0173693266087075,96
-0.1128968123725723,0.0224498513992836,-0.0887401033308197,-0.1160982138604692,0.0158905468314064,-0.122895036659332,0.0156331363792511,-0.1288053261888169,0.0281468445901344,-0.1147921908532863,0.0276146917812751,97
-0.1497523332226885,0.0197454472410585,-0.14425279068435,-0.1655729044060676,0.0143273330734396,-0.1766444910431876,0.0144070811473943,-0.1780245745777436,0.017331088707551,-0.1729121682305186,0.0159094544997899,98
-0.0598641549209494,0.0209029547963886,-0.0583240694366124,-0.0760047602258029,0.0154140454190498,-0.0833319976312674,0.0154231117907312,-0.0814610616028098,0.018939120893263,-0.0836730910659149,0.0188202537616794,99
-0.0552128092467841,0.02303255926512,-0.0570733623848863,-0.0761045626630872,0.0160588668512752,-0.0873671310235847,0.0159677393491149,-0.0760893729129505,0.0205070102348122,-0.0701832696527093,0.0204626809787947,100
-0.0905720692841352,0.0226603452922407,-0.084542258066984,-0.1021971615997504,0.0159449889645936,-0.1108796320354646,0.0159009737999428,-0.1061760537222692,0.0190443247666634,-0.1036424321071424,0.0185906849179045,101
-0.077682033998113,0.0256946766732083,-0.058629033873372,-0.0779325251962057,0.020169998823275,-0.0794170281177037,0.0203839168291655,-0.0769243901578801,0.0222420350865083,-0.0829214058406159,0.0225448264105308,102
-0.0821015514481889,0.0199553454753486,-0.0871488937883868,-0.0948967755686138,0.0175221978433466,-0.0996096379075743,0.0175587941200571,-0.1115975146716423,0.0188388745292807,-0.0977441408163582,0.0193264009992581,103
-0.0837383966931501,0.0220248068683273,-0.0768874299246683,-0.0805198866577983,0.0178127300018559,-0.0811745604778534,0.0178226775567014,-0.0941923723708169,0.0237447068068869,-0.0941176076479954,0.0286451271356095,104
-0.0917758505187593,0.0206354615009303,-0.0880112946480862,-0.1043155235060933,0.0155003236302516,-0.1115975333752552,0.0155490859298168,-0.1275386722159867,0.0221437800035133,-0.11710418292789,0.0202708621063812,105
-0.1335124870473736,0.0226127098590865,-0.0966875732508208,-0.1265080260431325,0.0153567657754292,-0.1298529875257379,0.0154359746462217,-0.1342236430927087,0.0219078612731962,-0.1353016326679312,0.0206684326728995,106
-0.0980371404169965,0.0225021459546363,-0.0762599608635334,-0.0990498183035117,0.0165828873380656,-0.1050214773846079,0.0164503039216818,-0.1094223446934052,0.0252368632852312,-0.0966683764341664,0.0239855995592423,107
-0.0824342804225639,0.0202119671075369,-0.0808090395996887,-0.0977182626409024,0.0161846736675946,-0.1010451453849087,0.0162290937327328,-0.0907880125911361,0.0259152775519893,-0.102879898405694,0.018842257708084,108
-0.1189937900436687,0.0242444688631044,-0.0847053059244572,-0.1169825384882376,0.0174025232043706,-0.1184623445384328,0.0173337902415389,-0.1191243807715049,0.0197228429880809,-0.1264261478315504,0.0199629191543676,109
-0.0955322016241119,0.0209405906402315,-0.0874947671782463,-0.1040118878164772,0.0154925291117265,-0.1084447318512925,0.015537311181396,-0.0833298714289656,0.0237957241092523,-0.0888394974727819,0.0214588494022939,110
-0.085177332574617,0.0217630848176125,-0.0912751647428455,-0.1110583616114256,0.0162324871008733,-0.1231600806283624,0.0162767647310955,-0.1231658213589324,0.019380243196933,-0.1300054518225684,0.0260322872478525,111
-0.1357881176242138,0.0214132793874459,-0.1067411010412088,-0.1373739969341702,0.0153748081567479,-0.1446382716618953,0.0151722811474293,-0.1479519379316735,0.0180907147124877,-0.1332088350825375,0.0178324742555403,112
-0.1260782010958347,0.026150065998741,-0.0905927555678838,-0.1177277055252916,0.0182370363524202,-0.1256385888773031,0.0180724680364294,-0.1239247344129726,0.0222507587509528,-0.1222867171194015,0.0198122168439644,113
-0.0935068043078081,0.0215324847898954,-0.0924335717664278,-0.1044124774574698,0.0168616224645045,-0.1085177469373538,0.0168406151085463,-0.1134911022133956,0.0191659732745799,-0.1104898756378596,0.0182093403649291,114
-0.0721459406023399,0.0238541235991835,-0.0458279910403061,-0.0684373516438222,0.0173957895379456,-0.0706228692585123,0.0172701742168185,-0.0682334704697324,0.0196310964631415,-0.0700997383631879,0.0198504889349786,115
-0.0890317566937904,0.0240095129605754,-0.0762976841452866,-0.093098464365984,0.020955877632263,-0.0943906269938648,0.0219324367653487,-0.0924945380955079,0.0211794176481988,-0.1172214005303569,0.0199188958120824,116
-0.0919088663342678,0.0232056326736701,-0.093793185664678,-0.1103095387400714,0.0167607530881156,-0.1161703282995366,0.0171622704950541,-0.1109409491805188,0.0212836409377314,-0.1046521832908795,0.018302090244019,117
-0.1100359646877121,0.0241682521439806,-0.0854354832047544,-0.1175301587522113,0.0154663445201961,-0.126313731049234,0.0150255351048534,-0.1046336491389387,0.0200035150276899,-0.1140889370063371,0.0212265711206534,118
-0.0887578342710308,0.0209443797040579,-0.1036589773786331,-0.1105819128830086,0.0173624574566319,-0.1131795805918936,0.0172801926255651,-0.1097568016921387,0.0211220694142887,-0.1126105662617111,0.0190340649134697,119
-0.0882537481262945,0.0225014984536417,-0.0760297051076256,-0.0972598413984433,0.0160982804741799,-0.1034178719237929,0.016172994132633,-0.1022348418236974,0.0213887715378301,-0.1107892409802641,0.0206870902628246,120
-0.0850237958742805,0.022864337984102,-0.0776498914302032,-0.1012665136910182,0.0163185652435556,-0.1125972544962971,0.0160205663970768,-0.0950714249785767,0.0198897848409905,-0.0904763618489483,0.0204948523129169,121
-0.0581997221735012,0.0227872344190141,-0.0597223635384487,-0.0773261489908345,0.0169367638824791,-0.0826698526880388,0.0171003976696929,-0.0999964574408106,0.0264430530562667,-0.0918542496653297,0.0217689923929909,122
-0.1111829064912871,0.0240014587859015,-0.1094767086217329,-0.1267250118276705,0.0164749117977892,-0.1308641264069456,0.0162300542494567,-0.1210891113075885,0.0175776494260511,-0.1221139566305354,0.0176358878778236,123
-0.053796612502512,0.022865798915768,-0.0388857562786397,-0.0604714080696041,0.0158126352368768,-0.0692799016472036,0.0157162153043061,-0.0724486743614609,0.0243167419686519,-0.0598706806619851,0.0230857769387702,124
-0.0322292915375132,0.0224241208720784,-0.0440635527666622,-0.0591776532983624,0.0162083873172442,-0.0661544480971495,0.016175316597746,-0.0692704572878801,0.0195535853796125,-0.069771559416344,0.0200575511458607,125
-0.0870830217846945,0.0210583610755319,-0.080531577206336,-0.0975908035142481,0.0191777504592109,-0.1028889579709625,0.0190087645129273,-0.1194379593645358,0.0246234920447504,-0.1100112783544951,0.0204809525559506,126
-0.0824995406361157,0.021988627832933,-0.0703736902025098,-0.0915441931091704,0.015853269482026,-0.0992113582623485,0.0161331531076933,-0.0939910470004494,0.019673989951799,-0.0937109432870477,0.0205512219122413,127
-0.0956277019426213,0.0213526032202913,-0.0836486291107401,-0.1043432164690432,0.0148646844547448,-0.109567352383103,0.0148294526914528,-0.1070422234628469,0.0200276623079101,-0.1106521409786645,0.0218177679837335,128
-0.0987189587284913,0.0202838876242823,-0.0856108968119647,-0.1068317820604556,0.0156772818312351,-0.1135311671159825,0.0157098408369466,-0.1117532120303014,0.0177892134227838,-0.1134187491007334,0.0176879163208934,129
-0.102712066293652,0.0217646883950096,-0.0809471481097719,-0.1110530314694254,0.0148672357566983,-0.1237603385463499,0.0147806950023096,-0.1239457276682568,0.0179928949634681,-0.1226810246369721,0.0163413894401254,130
-0.1182751337425597,0.0202130626184808,-0.1071991699804652,-0.1262311920513729,0.0151065630301125,-0.1330989254557104,0.0151584917658689,-0.1373511544505275,0.0173719501018964,-0.1368606127233255,0.0171839468208599,131
-0.1173881069310207,0.0218868530270013,-0.0914154201052027,-0.1201836893386778,0.0151284474771185,-0.1301481331288487,0.0149767750227561,-0.1436954850354531,0.0206487444129631,-0.133198173533219,0.0164763416432666,132
-0.1198765331312876,0.023816108930884,-0.0948917350743677,-0.1165971633761033,0.0163724940402703,-0.1202409577399271,0.0162741977230663,-0.1136750657737012,0.0191296778236625,-0.1181073496140666,0.0186555710374521,133
-0.0902448399126751,0.0208201879752988,-0.0687562232184281,-0.0994133194517744,0.0153599740245046,-0.106468678154558,0.0152864380033584,-0.1042213955614122,0.0177500860502142,-0.1038412215700083,0.0181698902622356,134
-0.09811197166442,0.022382360210644,-0.075318873855404,-0.1030323832068032,0.0166030673595154,-0.1082543103968417,0.01653108283869,-0.0981179358129315,0.0204455019924682,-0.0972721132181953,0.0192493927515145,135
-0.1190496993997796,0.0227800126177553,-0.1073914523070034,-0.1281507954445865,0.0163721500025662,-0.1322462102694842,0.0165416495090333,-0.1407182701873125,0.0182729000905426,-0.138986924498547,0.017522097281737,136
-0.1314199138604715,0.0208499949140671,-0.1112731594666996,-0.1387646631457558,0.0155303603340126,-0.1432800242611694,0.0153659804050582,-0.1361127592537648,0.0164313473309265,-0.1430557304592253,0.0167392794929818,137
-0.1212345811887912,0.0230566668483102,-0.1099505833261892,-0.1375958745614504,0.0153708918832207,-0.1459671563086308,0.0150443732459628,-0.1448063142169501,0.0181049520526498,-0.1418400486023731,0.0172942621668912,138
-0.1142665034806214,0.0233185289090599,-0.0913042364815635,-0.1180445412784321,0.0159873386577843,-0.1250002494539616,0.0158320549227786,-0.1221919772133358,0.0180653244360255,-0.1146502143029445,0.017509065145245,139
-0.0819829361710964,0.0230661339030253,-0.0746726259431089,-0.0993857579378666,0.0158181713477607,-0.1055453332027976,0.0160887369777143,-0.1115265513029969,0.0213707161298115,-0.0994832670318951,0.0186492335841714,140
-0.0902209788413303,0.0243265663462589,-0.0663817713630184,-0.0865940252580884,0.0172059262700457,-0.0909169688947405,0.0168545156222707,-0.1047776871736604,0.0210309817418145,-0.0963153957415349,0.0186685095354146,141
-0.1133720252319805,0.0220856203124001,-0.1019463461007722,-0.1199314337877124,0.0169037000904225,-0.1218535178032769,0.0169449860046039,-0.1342636445089694,0.0215763112194997,-0.1228747109095008,0.0196469544779068,142
-0.0894971366888257,0.0197773697811987,-0.0937366965936183,-0.1161624499219782,0.0155029390749331,-0.1243984079816345,0.015584882861337,-0.1792413423498292,0.0420726348756881,-0.1271548042963873,0.033209325689054,143
-0.0721978162452299,0.0224202947630054,-0.0625072667108224,-0.0834513110260409,0.0162448546996305,-0.0931687813367464,0.0164010358158061,-0.0981934862058843,0.0199063664057894,-0.0971651882771812,0.0194378503725873,144
-0.1219553877743892,0.02570326230032,-0.0754866959303903,-0.1096622176201581,0.0172302483477733,-0.1131291125452545,0.0168130206221274,-0.1325757427775549,0.0219188723432098,-0.1170673692252327,0.0187323837125966,145
-0.1057680213854001,0.0204049268649963,-0.0965219879664705,-0.1192352811382096,0.0153888795703743,-0.1247751896827738,0.0153621372394504,-0.1302904789483022,0.0403737678345132,-0.1278330705019591,0.0251071665893317,146
-0.0807585505524708,0.0215030257304252,-0.0843205808955477,-0.1002008942967802,0.0163249855622559,-0.1039007808120157,0.0164653157688764,-0.0870447801566889,0.0339020864067489,-0.1004819157144522,0.0330882156553909,147
-0.1273937008548107,0.0214850740459763,-0.0999394320316034,-0.1243545963675318,0.0169731226582293,-0.1274433135548648,0.0170302742661945,-0.1323186330346786,0.0189042947425157,-0.1320196625522378,0.0186195546830553,148
-0.0987531853165161,0.0212279132833047,-0.0881906078913203,-0.1078936536834312,0.0156566681102576,-0.1132478253504873,0.0157699847280236,-0.0384643215454344,0.0350413000118059,-0.1016284089345926,0.0187467359059655,149
-0.0672715031262974,0.0236584997053832,-0.059006257424542,-0.072429052385672,0.0179701946006495,-0.0761126349554024,0.0179923182934476,-0.0720714908500572,0.025249429026918,-0.0737877754267137,0.0255584312834082,150
-0.086911933446548,0.0231313749126603,-0.0745441404209419,-0.0938804604712291,0.0163734544220126,-0.1010085003588996,0.015933379749129,-0.1360843508895688,0.0250111447650061,-0.1034772410673663,0.0180901862822495,151
-0.1116220792623211,0.0206230078803056,-0.0898806297381341,-0.1151803516131993,0.0149583683635573,-0.1228168791887574,0.0149131147300636,-0.1548638273084457,0.0327723599736318,-0.1199635767489669,0.0303057791863204,152
-0.0676269509501691,0.0208197106141577,-0.07054046887375,-0.0911691167970957,0.015017720605162,-0.1002080555887333,0.0150042682682498,-0.0968489512043,0.0176344855093186,-0.0988388689084648,0.0174312261074375,153
-0.0929706985880315,0.0229114909548865,-0.0718228098163543,-0.1019620039469215,0.0159247740910926,-0.1077344059593576,0.0158449271566639,-0.1159137326839885,0.0204908212274554,-0.1062718473674256,0.0180969121643724,154
-0.1256914444952846,0.0224003356309213,-0.0982053942037634,-0.1336794032167237,0.016266949906828,-0.1402440905017591,0.0157023685447096,-0.1185878032769698,0.0237701038571414,-0.1371847884622154,0.0233445710511084,155
-0.0845978350768313,0.0225206034514756,-0.0628850428474184,-0.089086339280631,0.015482158462098,-0.0957403479590382,0.0153489859736234,-0.0965728721751268,0.0185053011243223,-0.0884499747145682,0.017521694413368,156
-0.1187626190890298,0.0246556333267942,-0.091371506520083,-0.1236008235411041,0.0158062703000667,-0.1323324418359345,0.0155394426994083,-0.1411065784754615,0.0210801398553052,-0.1417636105053641,0.0184638706774511,157
-0.1180129743425702,0.0220065409187637,-0.0918693306757958,-0.1148088196251592,0.0163892787303291,-0.1192003927830133,0.0162471088415899,-0.134038420656451,0.019414249672133,-0.1230980474076628,0.0182076449433188,158
-0.0992484835021697,0.0227139976746888,-0.090084140535422,-0.1023192721348226,0.0173621449879374,-0.108601967569259,0.0174173717295347,-0.1101626788455269,0.0213201313747941,-0.1222654131055394,0.0211422442736386,159
-0.0708783140272121,0.0225840903915114,-0.0591008420560509,-0.0812408489372878,0.0164677308552795,-0.0877918485706165,0.0165109389841885,-0.0854748748938573,0.0243579312892703,-0.0740182883202736,0.0207909757242415,160
-0.1081901895653237,0.0207955481102072,-0.088947304907262,-0.1143329601065092,0.015124079076184,-0.1205392326304008,0.0150730370447992,-0.1215823759835619,0.0270170260814295,-0.1111943197108733,0.0219111062800382,161
-0.0493235292885754,0.0211729550082391,-0.0612800190103469,-0.0572000701029339,0.0221399450249,-0.0586544933385029,0.0194033179119017,-0.0797105889975136,0.0186107524272565,-0.0815068144855376,0.0182324356661893,162
-0.0758230789083445,0.0206795676999223,-0.0661555297777666,-0.0981648323779635,0.0162914176331182,-0.1054465091840201,0.0157774867267073,-0.1373433437214762,0.0491952451918423,-0.0993057654811217,0.0405561574329364,163
-0.0776658909077721,0.0218118187170086,-0.0678949928563507,-0.0825328982602525,0.0184723296656274,-0.0859956669328458,0.0186555678777489,-0.1172568582145913,0.0392502838612907,-0.0916520245364989,0.0243138440243518,164
-0.0882060691612053,0.0294626406500279,-0.0710960147623882,-0.0900354060270364,0.0168999024396798,-0.0937374231571779,0.0168238347174808,-0.1047909878888066,0.0297554317255464,-0.094897208059091,0.0278918580595947,165
-0.1169076768020863,0.0219714447419553,-0.0911907688990192,-0.121510418051009,0.0161404375832423,-0.1258147077552269,0.0159851830474708,-0.137193841046134,0.0211761626520731,-0.119925470759766,0.0204361819052921,166
-0.0912469571833833,0.0237507722303685,-0.090521381128804,-0.091050483733074,0.0250328165470495,-0.0926976496701248,0.0228687730276929,-0.1035347298306106,0.0186366903769306,-0.1124788958429943,0.0186493921792288,167
-0.1021098861132574,0.0225873904080251,-0.0928578259457496,-0.1161417242547472,0.0154635644705053,-0.1219264037183789,0.0152604207632915,-0.1274903898163348,0.0200752483908615,-0.1248371710607978,0.0178299092660129,168
-0.1209419801745966,0.0296688365385675,-0.0909633821006385,-0.1216999399259933,0.016335633935014,-0.1294718808647074,0.0159471178920827,-0.0990279785440243,0.0213685910641765,-0.1059547594978242,0.0186403014427313,169
-0.103162119806808,0.0260915849012333,-0.0864518232081172,-0.1036403080295707,0.0174858128881795,-0.1077285904172327,0.0167044576255493,-0.1027594549224051,0.0188755991447226,-0.1041259507859983,0.018327870510704,170
-0.0944794709213603,0.0220351879592314,-0.0655378646913801,-0.1043866882306573,0.016759816917776,-0.1080538843123343,0.0167004795263643,-0.1228382014054734,0.0258698139731437,-0.1012180263623359,0.0208320968550776,171
-0.0914287565187069,0.0221550836697974,-0.0783560183132378,-0.1036287856736274,0.0167497306002951,-0.1079412883377153,0.0166823284308343,-0.1096898622372312,0.0204995477528802,-0.1054227144592898,0.0200451816498476,172
-0.0988812563548174,0.0228813700403542,-0.0861990757058659,-0.1127316607018925,0.0151518564403135,-0.1233128302393474,0.0149790504044844,-0.1140627580470469,0.0203723223252435,-0.1145674818031848,0.0174913585931412,173
-0.0931370320169292,0.0198819619215568,-0.0784184358054548,-0.0949343638372037,0.015529339155788,-0.0997696892641572,0.0155330102115321,-0.0838693522285137,0.0235749879558682,-0.098045444484263,0.0185939185753983,174
-0.1220830916437632,0.0231989647824383,-0.091085223964736,-0.1218537370789646,0.0161252191505971,-0.1310246520406188,0.0156958727358176,-0.12099795559151,0.0197676671932818,-0.121467538628978,0.0190501015970097,175
-0.1001971559484834,0.024420538352601,-0.0785821399273077,-0.0941527962207019,0.0169038730655248,-0.0978189821311523,0.0167360156232477,-0.1048493171178951,0.0335088821595427,-0.1014987517042828,0.0337235947479821,176
-0.1123649790459239,0.0230864281708898,-0.0817039664138078,-0.1175208888034012,0.0160597476976455,-0.1255659200485178,0.0157995373689967,-0.1521622982920635,0.0232701900141696,-0.1254579687028773,0.0186969719651735,177
-0.1142703562217859,0.023834103481076,-0.0901818069466003,-0.120279192503791,0.01603701383163,-0.1259942429453698,0.0157774759630051,-0.1265416050972049,0.0191637245698209,-0.1093393242676435,0.0188871453465595,178
-0.0959465559663644,0.0229025185123283,-0.0773633584598344,-0.1040192636471174,0.0184412498251227,-0.108416709696744,0.019376718330433,-0.1030248961176418,0.0203558190029253,-0.1092233721520268,0.0189484759984805,179
-0.1161700992947442,0.0260910995553431,-0.0764735707121115,-0.1159600557456139,0.0185319647585659,-0.1238881762187677,0.0164362807151476,-0.1237369386505674,0.0275146792200121,-0.1173723988212183,0.0204832681650324,180
-0.0988986418408778,0.0262244986444446,-0.0838083553544435,-0.0994574473506755,0.0168772460294345,-0.101954671059422,0.0166352602374536,-0.0977311908567908,0.0185468915139968,-0.0982044788150493,0.0169249293003729,181
-0.0844647504680364,0.0209755022549042,-0.075830999265381,-0.0990766048713073,0.015826542440133,-0.105878801024978,0.015819062463,-0.0787352510854595,0.0413326875618197,-0.0857628042871628,0.0408816722397624,182
-0.1280622386055289,0.0208716133183772,-0.1242589735268934,-0.1393517768955472,0.0166656943555364,-0.1431694840587558,0.0167475276211462,-0.1349194240881811,0.0213897744718603,-0.1374665822946122,0.0198482937253067,183
-0.119335719863742,0.0214135225631141,-0.0976624780582704,-0.1251371695054353,0.0153537989105216,-0.1351902480230241,0.0152647172405981,-0.1276559757223424,0.0176276842594361,-0.1249145151828991,0.0170098896618443,184
-0.1073795021801437,0.0209572110335335,-0.0935196001951239,-0.1182100146872116,0.0156499820699922,-0.1255778319601228,0.0156429041208772,-0.1210251876097836,0.0198211158478622,-0.1188824986046894,0.0187879217796231,185
-0.1275498004258589,0.0230817503282799,-0.1024476382847624,-0.1342650076480721,0.0174625292354344,-0.1393776962472833,0.0165513729915989,-0.1483813828518892,0.019495456253276,-0.1372908523670782,0.017742104888592,186
-0.0683120902561197,0.0246517004450235,-0.0699778642455389,-0.0807191751679207,0.0175891970853576,-0.0889955611751829,0.017127246192824,-0.0941311253587498,0.0258467332795628,-0.0846279138932132,0.0226104019942317,187
-0.0926022790129208,0.0217957497801175,-0.0746267153395262,-0.0949780127998941,0.015663696555745,-0.1023059116003122,0.0156225891799095,-0.0973174784236222,0.0177857642299653,-0.1052577045188742,0.0179455653506041,188
-0.1124313995235704,0.021767517077919,-0.1074521940788912,-0.1280417188994602,0.0159066065051447,-0.1344404938570166,0.0159317537761146,-0.1287761050024737,0.0190602373499555,-0.1194163860223825,0.0190018870951938,189
-0.088249344578977,0.0212275427440926,-0.0892885907265426,-0.1032170102263266,0.0164479956304357,-0.1117438012154376,0.0163905389968332,-0.1144382412362941,0.0197487616180152,-0.1102844861973209,0.0199432788051099,190
-0.0661052493100004,0.0225348415311871,-0.0618172147414241,-0.066351640380489,0.0179671743299739,-0.0674561745625035,0.0179303872065651,-0.0625979426495435,0.0211293321579512,-0.075540886118327,0.020832362599259,191
-0.1000071034164819,0.0234103635878814,-0.0810382025055745,-0.0968168445867648,0.0214502337026793,-0.0996712548036265,0.0217189802503415,-0.1370066679326438,0.0225114174598795,-0.1172047094462963,0.0196141433975212,192
-0.1228650526814297,0.0222766304083535,-0.0995445494188156,-0.1278177278803235,0.0153310683081623,-0.1355239487698406,0.0152336347834786,-0.1502860976001031,0.0199081191337915,-0.1385009563442311,0.0178865364686163,193
-0.1012900615625211,0.0211918043240484,-0.0958483924455435,-0.1194168825267209,0.0155786330147544,-0.1277104266272625,0.0153684735766701,-0.1298702316172937,0.0186547563622168,-0.1235546039019265,0.0173105960387338,194
-0.0555791840589879,0.0214660685363816,-0.0721964892502635,-0.0723092060698981,0.0186086560041132,-0.0725371879762934,0.0183981315631109,-0.0769601893304315,0.0196094140686345,-0.0766276555385472,0.0184974967291089,195
-0.0925235779893275,0.0230762014201226,-0.0833561673552825,-0.1026466944252429,0.0169420204616356,-0.117482286950941,0.0167182199546784,-0.0981900169508286,0.0189597607948261,-0.099260608020157,0.0198208418720538,196
-0.1359997930107094,0.0257296995273602,-0.0920841930521051,-0.1257536246325013,0.0157540697893438,-0.1326245083301244,0.0152743950210267,-0.1345738067023308,0.0199095392950048,-0.1233684681405409,0.0186774997000389,197
-0.0963881767879327,0.0227033226249631,-0.0783376295220568,-0.1135900763176795,0.0155903781946207,-0.1229396514932048,0.0151523582189398,-0.1104061445900055,0.021417544337364,-0.1084983197620734,0.0206638995921747,198
-0.0894449630787267,0.0216552588144086,-0.0772561595653305,-0.0954416754495383,0.0170137616397781,-0.0986921986959749,0.0170467768804738,-0.1166647144709064,0.019761358402524,-0.1075759772944527,0.0187233120460957,199
-0.1156612040914146,0.0217007365523466,-0.1012094637970077,-0.1234467958306709,0.0170446936476006,-0.1316230440879337,0.0171988564971804,-0.1399141205965491,0.0200011874408579,-0.1316089192066476,0.0189767648417993,200
-0.1160423545870771,0.0224617825213741,-0.0921422430263576,-0.1124337809893624,0.0187964739155057,-0.1152277346752583,0.0190629239909409,-0.1167527990476873,0.018245491276646,-0.1207745248778984,0.0180752540273747,201
-0.0837783883206951,0.021048642951104,-0.0894647115994848,-0.107324806154641,0.0163995387684948,-0.1168621890178378,0.0169091638070945,-0.1006688241575792,0.0197262678284381,-0.0912901371092386,0.0200945060018871,202
-0.1144514456093332,0.0215861341093013,-0.1108478582123017,-0.128788241196728,0.0169530077250087,-0.1334342251418219,0.0170850392024262,-0.1916443110869482,0.0332660684933014,-0.1344893320962008,0.0323646794609474,203
-0.0730982854242658,0.0259422351272425,-0.058534359351432,-0.078938811995264,0.0172798597835688,-0.0819464750886095,0.0168046349419492,-0.0844512916786737,0.0201767915525842,-0.0850507349861658,0.0190656996589918,204
-0.0925842745006981,0.0216642732775084,-0.0905745076348677,-0.1021315283294279,0.0162615767778442,-0.1045098351989748,0.0163291628657059,-0.1075082560039733,0.0191669318706891,-0.1028443331882006,0.0190454731232828,205
-0.0946309567269477,0.0196924723541217,-0.0923427708270805,-0.1098461718533123,0.0154440247523161,-0.119661678286307,0.0156324051900906,-0.1141445999726042,0.0172961696218252,-0.1157487562082176,0.0167883542619749,206
-0.086609581374507,0.0232110757112198,-0.0867635268705946,-0.1069598411782564,0.0160161538110813,-0.112202081750374,0.0160622607035523,-0.1007534364507441,0.0252567918767352,-0.1133840576459336,0.021425560658379,207
-0.1343676799667597,0.0209211503672557,-0.1111515915132476,-0.1349890814623805,0.0159289011514693,-0.1394759539375642,0.0168505512428042,-0.1417410100447999,0.0173293397416832,-0.1407729589386869,0.017340001158351,208
-0.0951246746045922,0.020928159797229,-0.0855281496272328,-0.104767082655392,0.016102838769691,-0.1106513809388693,0.0160497990467548,-0.1018378609138466,0.0242280115453234,-0.1002698607802802,0.0244317730477102,209
-0.0980819661728451,0.0237847209324892,-0.0682909976547307,-0.0947448844306573,0.016516253558098,-0.1008810976027963,0.0162083859656808,-0.1500470984607667,0.0371380497389407,-0.0897826513102256,0.0319789492024735,210
-0.0976130384185984,0.0214391325507687,-0.0774633230092051,-0.1030380413160347,0.015920184168565,-0.1132385703741408,0.0160250758159572,-0.1121405574839444,0.0223905512461407,-0.094534001032973,0.0198005720950974,211
-0.0432159577270733,0.0213134450024204,-0.0355485465349703,-0.0576538903302186,0.0155699791317314,-0.0654551748594667,0.0154600937122386,-0.0764763814285787,0.0203500448707197,-0.0644059133524259,0.0178931215622922,212
-0.1017913600323772,0.0239256701876465,-0.0783363151861938,-0.1021930279248795,0.0159395445245414,-0.1074799562385189,0.0159979627761222,-0.099274236999372,0.0212270470194892,-0.098509636533118,0.0208241175127146,213
-0.0750381589434286,0.0238666918903982,-0.0609014137886261,-0.078396252865019,0.0157649839466932,-0.0874037679517277,0.0157027531710508,-0.078901315217551,0.0179939646105088,-0.0776378156910782,0.0187051575910302,214
-0.0958062626869588,0.0223728266453071,-0.0848594140956983,-0.1018968538207644,0.017009294051381,-0.107921534103557,0.0170626522347983,-0.1370281946644076,0.0236634361802418,-0.1138666955778925,0.0189491237313091,215
-0.0917822255070995,0.0213846117962694,-0.0795959640853483,-0.0972732240624149,0.0162229684221352,-0.1007665514760777,0.0161671726218211,-0.1028514688495101,0.0196719919225014,-0.0993616137789178,0.0194489697464338,216
-0.0802825930011956,0.0231826226914696,-0.064172174624401,-0.0857269031377095,0.0164583660923447,-0.088222334746254,0.0163198296905124,-0.0792963333561751,0.0178766513966572,-0.0776988279309038,0.0175160069700322,217
-0.1442195182520308,0.0214192311414983,-0.1174656084166179,-0.1484613086257851,0.015282597822863,-0.1532177767270365,0.0150673257162694,-0.140245758454245,0.0200689068599442,-0.1319896138351587,0.0208197238406057,218
-0.0993121040430999,0.0216233779355839,-0.0853604118080771,-0.1079949299470771,0.0159198430156713,-0.1149581959623942,0.0158687866992886,-0.1143229816931074,0.0197804853619718,-0.1044957701923948,0.0194742833779575,219
-0.0964381601110529,0.0225605007894777,-0.0793201389450065,-0.0998799240087215,0.0162266810565052,-0.1065932326102599,0.0162023966113278,-0.0959245178274036,0.0287222983936964,-0.1075275005754705,0.0273300728140396,220
-0.052530187980138,0.0224921021352487,-0.0500420955401675,-0.0578413486885027,0.0176077083085652,-0.0599523143718771,0.0176755343041954,-0.0194141794555615,0.0420808372811065,-0.0676100216200338,0.0364557893667629,221
-0.1030706300193206,0.0212607871526948,-0.0797091669726029,-0.1100571930477879,0.0158489008212147,-0.1161311196485678,0.0157558400661573,-0.1147101332364832,0.0178498862082519,-0.1194661847832312,0.0178602346113416,222
-0.0636636994956565,0.0228682334675505,-0.0591497185394063,-0.0795280841960859,0.0159542315280468,-0.0890466328577739,0.0158472259896789,-0.0883406845240811,0.0220955945459188,-0.0717400055624969,0.0205863368192842,223
-0.0866017436167841,0.0228994857383105,-0.0780342702883858,-0.0955838840924116,0.017185681818397,-0.1015865655090796,0.0171115556975804,-0.0957891270811459,0.0204935243763803,-0.1053696191226171,0.0203360878487708,224
-0.1028892589336457,0.022441035280433,-0.0851739893813032,-0.1101724059168657,0.0213221736505942,-0.1165102406855556,0.0218544217211615,-0.1130253939206032,0.0183314493908278,-0.1141523532910345,0.0170429549293367,225
-0.1065161103369488,0.0220246322914818,-0.09066311633299,-0.1079098065138639,0.0165065254327224,-0.1117125486834801,0.016531443117838,-0.1149644647736362,0.0190541407596583,-0.1138364620198039,0.0204045839915257,226
-0.1354844005258245,0.0216365887604456,-0.1039226750486409,-0.1402753274238396,0.0170108437198928,-0.1480648909818734,0.0168564431350656,-0.1412617160875325,0.023763087769866,-0.1462761912609896,0.0187141912015264,227
-0.0679791726310002,0.0211758962531278,-0.0666231793186813,-0.0845497653417307,0.0159072176875497,-0.0950316107768041,0.0159613944506697,-0.0831808324816556,0.0190069456060976,-0.0872248524287263,0.0187376514079922,228
-0.0692950086464754,0.0229746164609948,-0.0567039332778225,-0.0708307704080078,0.016574506938367,-0.0718787758223134,0.0165019342622108,-0.0719947326434825,0.0183519263698593,-0.0645196080730568,0.0183259570421042,229
-0.1208919405864998,0.0218729433384578,-0.1022427181232597,-0.1233282996960972,0.0166477438679607,-0.1272025968741791,0.0166816147080129,-0.1250116773726054,0.021929254234748,-0.1159359919339982,0.021728307788316,230
-0.0916936224061101,0.0224153744630863,-0.0867686051728211,-0.1011355215887988,0.0160023981842262,-0.1082072048040773,0.0161218788247035,-0.1163801629195278,0.0218889446307032,-0.102242460945501,0.0201046538849994,231
-0.052235557688815,0.0217269611129876,-0.0580981149459958,-0.0711599211164915,0.0162719223297416,-0.0823162946534804,0.0163913820744354,-0.0721758445640773,0.0226301409469898,-0.0763554830010751,0.0209391734946335,232
-0.1182308136459649,0.0202921678629754,-0.1036023999436112,-0.1259828438608161,0.0153616675267608,-0.1325110977860863,0.0154051472393413,-0.1329206151083612,0.01739843205655,-0.1349905965224303,0.0170560682286561,233
-0.1195539327698216,0.0209788066259252,-0.111886113978091,-0.127779985433257,0.0156476227506006,-0.1314475924133811,0.0156847259242991,-0.1411824731152332,0.0190353965512472,-0.1337795180734445,0.018399561592646,234
-0.1401117514419502,0.0196823375901959,-0.1273916057207842,-0.1562375989566375,0.0147788669420814,-0.1656562230695089,0.0146083779331418,-0.1569461866425549,0.0170666486148884,-0.1577522976386436,0.0165320573446004,235
-0.0794974591763505,0.0217119793903115,-0.0617670744342674,-0.0836620135184953,0.015975864684836,-0.0876818439067165,0.0157326773535901,-0.0768889954488038,0.0182045002489622,-0.0818189059946754,0.017838685184527,236
-0.1142347587558521,0.0217229887615781,-0.0969318312122647,-0.121089304834795,0.0153623222057542,-0.1300139031094724,0.0151296012846456,-0.1239625377660876,0.0186796674465677,-0.1228157001323725,0.0181079746951313,237
-0.0793129522314508,0.0225200255217991,-0.059900586333992,-0.0863585136773804,0.0162004791569569,-0.0903518685842609,0.0160692181539078,-0.0875157145010391,0.0203491386716581,-0.0906762445892843,0.0189954526723766,238
-0.0646650969287598,0.0218417019225594,-0.0577414364113354,-0.0684739999745002,0.0188062049624156,-0.0710800323280126,0.0186928070104178,-0.059998391580944,0.0196363792976098,-0.0651120204825648,0.0185106437262438,239
-0.0716217400546786,0.0235729445017827,-0.0492891582910399,-0.070911620471759,0.0181503194947258,-0.0729905496409869,0.0180819782516804,-0.072025517765188,0.0210569471884633,-0.0698702310365341,0.0194511814659813,240
-0.0889436763066466,0.0223958013155609,-0.1041600449990762,-0.1084926275148918,0.0205225574583139,-0.1126346622815755,0.0179482044239556,-0.102902147905018,0.0262449994572441,-0.1124430129909361,0.022772626607524,241
-0.0616610989784146,0.0219267103021377,-0.0532745625380563,-0.0701766870342985,0.0158913163461262,-0.0764179061158287,0.0159216690678817,-0.0781900915774262,0.0198952714639795,-0.0746507594683623,0.0190072365664128,242
-0.10592361972929,0.0237266829599355,-0.0871254692401508,-0.1078141165604082,0.0163536155246993,-0.1117334464757426,0.016271542793019,-0.0994923590770197,0.0201943069457751,-0.1045831934804005,0.0193117488547558,243
-0.066677440093703,0.0232388530295493,-0.0552978485964169,-0.0709165337124619,0.016945028957613,-0.0760137108845551,0.0166775708032873,-0.0776624358509244,0.0203155683960084,-0.0710909135362238,0.019550069986164,244
-0.1049988022267746,0.0224142438089274,-0.0952612981913757,-0.1169117557509361,0.0162678525388424,-0.1221842066875452,0.0168013870940752,-0.1182566515656683,0.0176898172355023,-0.1195142607664682,0.0172012979786308,245
-0.0758745665222853,0.0217343870854929,-0.0651491076957109,-0.0805796980111259,0.0159422865094517,-0.0858983900980087,0.0159856803105803,-0.0869254433589575,0.0211792990118613,-0.0774115990417923,0.0203123282854505,246
-0.0707458131933916,0.0217841975881756,-0.064437466478639,-0.0738792381781133,0.0160094818618009,-0.078633446851683,0.0160230757598311,-0.0834828012182328,0.0204610396238899,-0.0840896783326952,0.0243153823313094,247
-0.1036575052048983,0.0213451835609881,-0.0896981796461307,-0.1097034174797815,0.0153839844660595,-0.1211806037280732,0.0153530363606028,-0.1451474255383666,0.0239071371071549,-0.1287187601413245,0.0203167142923189,248
-0.0830405707371383,0.0232423812936021,-0.0607579864658414,-0.0881946907188765,0.0165480114062051,-0.0909805233612979,0.0163495020754559,-0.0915423382259456,0.0213620003417276,-0.0842710292377479,0.0182634207498774,249
-0.0801779232229684,0.0227964839810542,-0.065377748352945,-0.0919650941289499,0.0187617376096719,-0.0964191201530106,0.0175495181210589,-0.1003275331777194,0.0226900021544223,-0.084061738457156,0.0193455818297366,250
-0.0931259569036407,0.0223000971392235,-0.0860702634188066,-0.1080231088978195,0.0159817036020864,-0.1175037031644112,0.0159134537313064,-0.1065700156809249,0.0235307749310896,-0.1168957059295865,0.0183605442460929,251
-0.1282031582107333,0.0233688930153784,-0.1078725215556594,-0.1305217628722628,0.0160765979225025,-0.139976148608623,0.0159728474808762,-0.144220025176694,0.0188943885472364,-0.1328575122552038,0.0186540682968078,252
-0.1026183730165202,0.0227466457804822,-0.095940992470448,-0.1127212355631284,0.0162395890401341,-0.1193534109486157,0.0163106207819864,-0.127033492365327,0.0241849349720997,-0.122846952544345,0.0208531962932901,253
-0.1067598777727697,0.0210357593009983,-0.0842726989710853,-0.1102308241644921,0.0155598239677107,-0.1170053782638767,0.0155154108646325,-0.1376678061799595,0.0273364212735596,-0.1159187383178475,0.0266833287808673,254
-0.0642815766813525,0.0218838329358999,-0.0597664959915341,-0.0842595440296441,0.0165669632165931,-0.0909188436913564,0.0166602425006871,-0.106016841787864,0.0239399351908385,-0.0906403856634248,0.0220143664114429,255
-0.1041935929026871,0.0277344414777976,-0.0720557549062843,-0.1051720634541873,0.0166946191574748,-0.1180792267499775,0.0162563759720782,-0.1112293113618159,0.0190789164951747,-0.1132901403945148,0.0184887860989578,256
-0.075652519329193,0.0217721796120411,-0.0829687187878713,-0.0927902470200982,0.0164403032217668,-0.102585814705573,0.0164745778439288,-0.103645849736347,0.020185435346897,-0.1038402957299565,0.0207742687090059,257
-0.1304687954138635,0.0223215723059617,-0.1052833306292672,-0.141068971176561,0.0146954075618074,-0.15465704574314,0.0145895642506163,-0.1750167995901377,0.024461848963482,-0.1524738026602651,0.0176013252776608,258
-0.0996494912561138,0.027034590175189,-0.0669614460932628,-0.0957968080906723,0.0171278693644236,-0.1026027270124224,0.0161483414049823,-0.1197576517584567,0.0199181363682934,-0.1047896502398967,0.0178267104998153,259
-0.0925765157583967,0.0215515712104478,-0.0751782182792467,-0.1058445227081368,0.0153637528676709,-0.1162086673117862,0.0152625741414942,-0.0960220432525384,0.0211278793390774,-0.0971076356211396,0.0211578806880994,260
-0.0644027537765309,0.0207459603607399,-0.0625101094845181,-0.0735934289563552,0.0163605060325224,-0.0774772918372721,0.0164027216535168,-0.0481278566525595,0.0334492231544144,-0.0848048235911963,0.0185381277037918,261
-0.1080601474383728,0.0242880418024785,-0.0900896809782217,-0.1084886076112813,0.0167192072514322,-0.112524010892133,0.0165589252174087,-0.1160346698717609,0.0193050301575127,-0.1161707471558171,0.0193489137086488,262
-0.1001699405691935,0.023605366063176,-0.0746127574428277,-0.0993734568588435,0.0163477886418186,-0.1071280899636225,0.0159677700077534,-0.0983758005706315,0.0187526035851383,-0.0979478230038993,0.0171617393600161,263
-0.0869818696490346,0.022606062103002,-0.0612651788978103,-0.094143700698865,0.0159352246259467,-0.0991476639078641,0.0158555647211058,-0.1005358386431676,0.0184189394352178,-0.0963400029813476,0.0185594325254112,264
-0.1075872280614985,0.0233716016500826,-0.0974371874982396,-0.1180378985575665,0.0171069500538864,-0.1224613594412522,0.0168031251216107,-0.1240690121797677,0.035960421715656,-0.1104763859663914,0.0246836426866208,265
-0.1263819976580151,0.0220295062566197,-0.1077525735136269,-0.1307956694544826,0.0163721843486943,-0.1321001179308356,0.0159478067565037,-0.1712164506482311,0.0266487842134405,-0.1446984298222549,0.0219428961946873,266
-0.0856253279047474,0.0216436582660943,-0.0747848809062262,-0.0976078322748821,0.0162282445870405,-0.1037021745522861,0.0162105402990358,-0.1113996217803009,0.0247948888781645,-0.0987575268140797,0.0239639818965776,267
-0.1560728991386022,0.0214180697925383,-0.1263129129182717,-0.1577377136297184,0.0154189471249865,-0.1591288794399943,0.0151528498374966,-0.1664779216785584,0.0169475108037788,-0.1504663282913394,0.0162360618126974,268
-0.0864561825321612,0.0217288966954734,-0.0801055696557883,-0.0980098997220969,0.0167979996726186,-0.1010008888403907,0.0166283672741506,-0.1361691894186384,0.0287453567481184,-0.0996056610787693,0.019107110941517,269
-0.1081097037921162,0.0222501305980776,-0.097165894743443,-0.1233486657688858,0.0153071363124776,-0.1332890615477174,0.0151371465499518,-0.1176631677301475,0.017399715460279,-0.1218556975575923,0.0172747448268991,270
-0.0872068553659145,0.0227295793299816,-0.0772837661851483,-0.0984202347509515,0.01592223605143,-0.1038507460733967,0.0160443606172791,-0.111440836565067,0.0213108489638692,-0.0990200217475309,0.0183084755306897,271
-0.0721633466044433,0.021217399368954,-0.0718562807928061,-0.0843195350478278,0.0164575294947201,-0.0888033284982971,0.0163065204993637,-0.0940669618354111,0.0190231711942107,-0.0789946310942119,0.0181316208050112,272
-0.0600540820706601,0.0204671205616114,-0.0678735855823979,-0.0760467381098944,0.0170100605665934,-0.0804351075689344,0.0170597660948328,-0.0771771588685448,0.0195580560440127,-0.082784956050488,0.0197751286112509,273
-0.0924303719166961,0.0209810220045482,-0.0921506353476219,-0.1075437856664438,0.0151041062077859,-0.1164263621816362,0.0155807945963931,-0.1230210746872639,0.0198559771677558,-0.119317769383044,0.0174516609872347,274
-0.0744475379970442,0.0213304297789367,-0.0688527819715848,-0.0859011242399153,0.0180733851022958,-0.0892095518163694,0.0182015856923875,-0.0944922487963028,0.0205347197959868,-0.0905967319735263,0.0201785860184451,275
-0.1234244072122475,0.0237838725132307,-0.1011014484297162,-0.12595368502886,0.0158986109123757,-0.1313876456799676,0.0158721941596486,-0.1336343417645579,0.0204556923936466,-0.1257338443192606,0.0183900920143758,276
-0.114981428190297,0.0226013686039285,-0.0807524453186334,-0.1206151792731289,0.0154425441156175,-0.1281555924519142,0.0150405570835111,-0.1250110919838909,0.0173761665076702,-0.1291986241494357,0.0169962373961796,277
-0.0664068780028485,0.0223943639579901,-0.0564823835344876,-0.0750290765164018,0.0160922935886706,-0.0792894406990308,0.0161172802963225,-0.0847494920593694,0.0215667068185238,-0.0821359116002355,0.0232034236537457,278
-0.1153754132122601,0.0246703976142968,-0.0949660553450376,-0.1206751666200377,0.017422617293214,-0.1240363360170536,0.0168749076629728,-0.1025603720977902,0.0241552186627643,-0.1231732302967244,0.0228583978056545,279
-0.082105950810866,0.0264335135860362,-0.0648772726211584,-0.0789508480575838,0.0179976316097264,-0.082975707181827,0.0179729113967921,-0.0838655399515794,0.021997890550145,-0.086057709390971,0.0198736743619304,280
-0.1258884678606045,0.0217843772344604,-0.1061481069073449,-0.1330843821368622,0.0157497254377229,-0.1365458458847777,0.0156640224646266,-0.1439395765428288,0.0206982043811268,-0.135235839604293,0.0182808369098339,281
-0.1003918065195537,0.0214981053849242,-0.0943644828555231,-0.1114924585554804,0.0164583346069921,-0.1182708422520036,0.0164467643880065,-0.1176871037390252,0.0185251491998321,-0.1152368364602079,0.0180641710733755,282
-0.1070699616209346,0.0211572012818763,-0.0847167012325431,-0.1151451940158449,0.0169413946251241,-0.1223164123599978,0.0167064811518236,-0.1063924320340659,0.0187427995231823,-0.1203090864177079,0.0218587076050439,283
-0.0714107191625064,0.0235135540862679,-0.0544213233165469,-0.0780896441404419,0.0167685234846541,-0.0838823857494206,0.016645379718061,-0.0964762711712398,0.0251586132418655,-0.077475853975686,0.0235115407487788,284
-0.0751698798274061,0.0217973698700975,-0.0604394599008532,-0.0810651287844211,0.0161729943095972,-0.0875462103427659,0.0161361299214453,-0.0880651555222743,0.0195850307126841,-0.0792411826718679,0.0186820995015112,285
-0.0935897866603114,0.0213868551573779,-0.0761643656580444,-0.0971837046549782,0.0167152490829558,-0.0993523891470453,0.016647831756817,-0.0803954360393219,0.0266166176436894,-0.0844988389371635,0.0287936842663224,286
-0.1144835881052569,0.0219880667211612,-0.1014277202823484,-0.1259619221447295,0.0171039147050599,-0.128229069164721,0.0178993973160507,-0.131861186365266,0.0192153030808814,-0.1165417649195561,0.0235181175929035,287
-0.1051501063589849,0.0227923337788663,-0.0861426962159518,-0.1086824716107765,0.0156775957282892,-0.1145769358486459,0.01560966738019,-0.103589690981125,0.0190086408868614,-0.1038615780855015,0.0184541443554516,288
-0.1112855883290218,0.024371743649094,-0.0833879465524506,-0.1137153137737739,0.0152089460074034,-0.1219833124092573,0.0149224158161262,-0.1348905707489657,0.0183163814192265,-0.1293092108253164,0.0177712825467213,289
-0.068985232226001,0.0228588866365989,-0.060271640608361,-0.0760884224939005,0.0214404286635839,-0.0791687918846915,0.0216423136416706,-0.0988204401724722,0.024550811555466,-0.0863988992235913,0.0188722476843317,290
-0.0612164725366102,0.0217270092962798,-0.0669571592515562,-0.0698488637966381,0.01961630775854,-0.0705212297980401,0.0194399268547993,-0.0734515070441036,0.0198154679978552,-0.0774878210869796,0.018564021279873,291
-0.0999461059247375,0.0241433357080508,-0.0839477536424667,-0.1120864949397091,0.0163188183783352,-0.1183245559944416,0.0160374370678991,-0.1211728427584945,0.0219724713657476,-0.1116207917792432,0.018951225948948,292
-0.0988060858055261,0.0229365373805426,-0.0747667528321565,-0.1025905433484078,0.0166573086976311,-0.1070279568514629,0.0160984591247203,-0.118235970161978,0.0210065890088955,-0.1046562755035919,0.0175512893645176,293
-0.0953870847047197,0.0257104459411905,-0.0823024064823124,-0.0901072750378097,0.0259280178276278,-0.0927625799590136,0.0262745530839069,-0.1508608562755544,0.0387952892685607,-0.1101527735087902,0.0291368905849713,294
-0.0724483442317572,0.0221686383175011,-0.0707239760521615,-0.0884781258516264,0.0163386234267296,-0.0933911114316443,0.016303855135835,-0.1105489293372368,0.0185590691459947,-0.1141255957085859,0.018295731512804,295
-0.0805552301898975,0.0206659045262276,-0.0816771646632951,-0.0985498636540682,0.0159402993463198,-0.1082769022646096,0.0159960503475529,-0.1036711813988804,0.0188337610635556,-0.1040440295981215,0.0185279253949668,296
-0.1008624779790985,0.0217124936298407,-0.0924449840735744,-0.1145157456281434,0.0153069415949608,-0.1215304353799106,0.0153708046867158,-0.1166808572008405,0.0183733132839878,-0.1197575811416658,0.0180862833114651,297
-0.1022070939381012,0.0201399982852874,-0.0896411522499409,-0.1165246179314414,0.0152713869263053,-0.1253525868957895,0.0153631041418302,-0.1143819313996933,0.0199762591474408,-0.1173647511774963,0.0181367350719076,298
-0.058659215425974,0.0212836209786016,-0.064797313937083,-0.065280769618574,0.0193194383372603,-0.067057161380736,0.0189825498038843,-0.0680248096556312,0.0241479265406685,-0.0740915188239403,0.0195337092993813,299
-0.0689727540032324,0.0209798444678765,-0.0809594166132972,-0.0920680746633313,0.0167378134224632,-0.09816101680454,0.0167802828482678,-0.0748024706302213,0.0357843217277717,-0.1034302858039502,0.0303621105331016,300
-0.092889762781462,0.0236138155722919,-0.0642868491245118,-0.0907491550885579,0.0172688180570158,-0.0952696734663306,0.0170434523210291,-0.1040114536637242,0.0220545915904305,-0.1006043686673304,0.02026057487616,301
-0.0826153759418894,0.0212626572853563,-0.0829518751468399,-0.0972696934663927,0.0155969902109303,-0.1022641406818558,0.0157981072550274,-0.1116669880836081,0.0193367275059425,-0.1147635754256266,0.0178731786374055,302
-0.0957905320715235,0.0210744881738437,-0.0865342226407456,-0.112210122688449,0.0151582142233827,-0.1194530250202403,0.0151730931602555,-0.1282529730895957,0.0203210972336305,-0.1345572725346649,0.0185562060908069,303
-0.0926910053013,0.0229861630691742,-0.0834479091065457,-0.1005260521893424,0.0164074375524845,-0.1033260680792875,0.0164410967981132,-0.1015034657842432,0.027067087942748,-0.1136821073783507,0.025886194035772,304
-0.093111968351527,0.0212371527870877,-0.0818999361168103,-0.0979868929361972,0.0181664148693198,-0.1028785265718887,0.0185381524992622,-0.0934163266817832,0.0188616552712912,-0.1006397665543143,0.0174503325179244,305
-0.1212369892955099,0.0314194351789541,-0.0945553009297734,-0.1234392108736894,0.0155294640115238,-0.1362452914517296,0.0150998553188159,-0.1373896112979118,0.0208193122862569,-0.1368218540001311,0.0170890919018154,306
-0.070688690241325,0.0225643965998946,-0.0409949314320737,-0.0676147240362674,0.0176085413400349,-0.0693993420822191,0.0174344715528143,-0.0636735391783668,0.0191810465639854,-0.0664998102271672,0.0191607978747578,307
-0.1063022294473777,0.0238251041980315,-0.0738902338247542,-0.1100260836343934,0.015543791508551,-0.1157048842565754,0.0154603233749452,-0.1110879734890009,0.0233688219871596,-0.111406234496947,0.0201197181696209,308
-0.1066106185939396,0.0216586223239517,-0.0962616056450808,-0.1193766483680361,0.0158776159919922,-0.1256215871346388,0.015983080492525,-0.1221314607336488,0.0173023364045003,-0.1227973338661884,0.0174689862854579,309
-0.0923430118397118,0.0221229858789613,-0.0892169843473486,-0.112432711961674,0.0150313190847757,-0.1208620872011698,0.0151537970319494,-0.1286071941161526,0.0192316610327441,-0.1137607951386513,0.0181032460907562,310
-0.1059518505036879,0.0264230499095196,-0.0738385888874474,-0.0936981056701669,0.0181323143694971,-0.0929207844587922,0.0178637025687841,-0.0947613947895773,0.0200590025846448,-0.0850902925953047,0.0214864717285605,311
-0.0938882878844972,0.0244628320765762,-0.0671346020277459,-0.0963372675856153,0.0157437757474568,-0.1055878999793746,0.0155524339380087,-0.1172471834103656,0.0185463419301818,-0.1119811283574766,0.0169001848165375,312
-0.0806373746948629,0.0223727871251786,-0.074057621176316,-0.0925430728564003,0.0158155272222662,-0.1001576832606566,0.0158397515500649,-0.0985447159415774,0.0215163534483997,-0.0915043426481948,0.0193059529740292,313
-0.0646215698443502,0.022613604410153,-0.0620383640727054,-0.0731122068127647,0.0176325166517194,-0.0746246741941855,0.0177974367996214,-0.0795627064898733,0.0214454730314567,-0.0713723749755085,0.0201614859489102,314
-0.1334577900338681,0.0218288248900227,-0.1184143776208573,-0.1383831348665328,0.0159852045440084,-0.1448138299925988,0.0163569735358748,-0.1461262694688688,0.0194944268329483,-0.1471363222854417,0.019893475354962,315
-0.1096969259858471,0.0218250484842843,-0.0864776568395919,-0.1100724387953445,0.0155886987701863,-0.1154403324260434,0.0154716682699857,-0.115892845537024,0.0184292293170785,-0.1156530250907666,0.0185868087262464,316
-0.1006447639026434,0.0227779574536992,-0.0836932042724658,-0.1015598349144803,0.018145161634425,-0.1031051656979178,0.0182831822345718,-0.1628533950818351,0.0432425838029594,-0.1187820430488728,0.0454754354808359,317
-0.0570834394062622,0.0212472102562089,-0.064703416560701,-0.0780325664046791,0.0165350960464447,-0.0883398945966991,0.0167354652559837,-0.076044072478632,0.0181219225031497,-0.0766846658659099,0.0190475964112655,318
-0.086339868062981,0.0243701597042152,-0.086884077913306,-0.1027249501473612,0.0159729781497849,-0.1121858282784139,0.015945220987511,-0.1073199281718389,0.0222096079792349,-0.0953760131651885,0.0226818260970014,319
-0.1148333546909125,0.026202634942034,-0.088965702981642,-0.1192757039665799,0.0206598291588864,-0.1139034867568455,0.0197830447387723,-0.1417964048281172,0.0225879113790087,-0.1379032937330401,0.0197998899582078,320
-0.0711176103749649,0.0212132033723576,-0.0786288396073727,-0.091418157665531,0.0167073560380615,-0.0950178963385818,0.0167040542278644,-0.0597216353340427,0.0364087336964206,-0.0823808113792731,0.0348484876608298,321
-0.089586781044815,0.022582808333328,-0.0767075366287471,-0.0942347424773649,0.0164672679812224,-0.1030871006231676,0.0164899726619366,-0.1055305880736143,0.0206842914532077,-0.1047303786997256,0.0218500345409752,322
-0.1017175992760077,0.0218105016267096,-0.0958993501216107,-0.1178018467631373,0.0146402961201242,-0.1281683129437887,0.0145994306722923,-0.1252785020118026,0.0180653562096218,-0.1183262500338679,0.0176264625157084,323
-0.1339407763191656,0.0200199687755754,-0.124738121852561,-0.149559054420082,0.0146424713803451,-0.1582039864956414,0.0147366076685279,-0.1740824934031746,0.0202499645957591,-0.1614239643363038,0.0176144611593612,324
-0.0924776705782491,0.022982566930167,-0.0992312326589043,-0.1007818461547712,0.0177481734170323,-0.1015935206192401,0.0177930502410479,-0.1062000291066709,0.0215142300775774,-0.0947557000911033,0.021920197027999,325
-0.0947540214225042,0.0230007271734553,-0.0720027975883803,-0.1008034759753692,0.0158281971996749,-0.105658061055319,0.0156280614543971,-0.0853004467507737,0.0223273220513774,-0.0959589641301058,0.0210977109783591,326
-0.0905544370853867,0.0251148697048274,-0.0701265525773187,-0.1010758935039446,0.0187102912876664,-0.100530185375109,0.0187808894862098,-0.1041854246861612,0.0225089034596875,-0.0988512182913496,0.0204088718791611,327
-0.098604698086091,0.0249812365911357,-0.0763576329273866,-0.1049634112702204,0.0158244216141579,-0.1121081173045529,0.0155628774159961,-0.1090777683357283,0.0200000609398793,-0.1038392535587039,0.0206803549046045,328
-0.1129976019993744,0.0237872770052502,-0.0718630962520278,-0.1113353565133522,0.017314652032403,-0.111504752606148,0.0167146508812047,-0.1149329218259598,0.018828712191655,-0.1098836729849848,0.0177899587689309,329
-0.0758166773277411,0.0235088558877537,-0.0671048539990085,-0.0812532739331586,0.0160352919269066,-0.0845335155987038,0.0160185533571666,-0.0843446622044548,0.020101466892741,-0.0809005576108956,0.0192774778517399,330
-0.0690221153516021,0.0217012582181316,-0.0847033792694217,-0.0836254252738456,0.0201454561147558,-0.0832536210896583,0.0202327266687242,-0.0882641760223938,0.0233341529730019,-0.0904714419911807,0.0205854526446328,331
-0.0675419687111929,0.020794329874879,-0.061171727081025,-0.0801327420958217,0.0158669203817816,-0.0862999036028754,0.0159617111977464,-0.0923028845725158,0.0186733990071683,-0.0925209755564348,0.0182510183557862,332
-0.0859451498039101,0.0285514913024993,-0.0732196039417561,-0.0846357070152564,0.0177100471488876,-0.0860820377846118,0.0176983314570512,-0.087199246709305,0.0215197734526345,-0.0693085691925639,0.0290906812734779,333
-0.0807826484637114,0.0204152608905711,-0.090351144264895,-0.105146813779458,0.0156978630716575,-0.1085588773966763,0.015800779263412,-0.1139508369993875,0.0190793908477718,-0.115305431843061,0.0185605176477361,334
-0.0880008804326748,0.0211267278610447,-0.061911926970348,-0.0898272373375533,0.0166128227789022,-0.0960862642620459,0.0166136394026769,-0.0990099987524895,0.019135289231653,-0.097026992250637,0.0186602674763448,335
-0.0907198346724368,0.0200952983448802,-0.0730053250654129,-0.0976625703810149,0.0163833799701063,-0.1025757891725163,0.0164912284119547,-0.120907541700434,0.0214099755358575,-0.1016722601320974,0.0185308073940437,336
-0.079051474533254,0.0214920992417476,-0.0669568216508103,-0.0867934656613915,0.0159622282848557,-0.089767736102588,0.0162445962269557,-0.0894402128696308,0.0192948337874115,-0.0865941683421672,0.0195816540226477,337
-0.0842368682229088,0.0225511540092452,-0.0670708166413783,-0.0846420339049274,0.0156437716081739,-0.0979354108161738,0.0156758930780898,-0.1149386120263254,0.0196130100902342,-0.0984859404639752,0.0179052408365425,338
-0.1165326572516004,0.0225966717593628,-0.0927182052124374,-0.1172813589128972,0.0153623374981132,-0.1271461284148843,0.0151974304364339,-0.1225712968378186,0.0182789212071662,-0.1267236603424323,0.0165083276861806,339
-0.0428473801252418,0.0216549587299792,-0.0488906326270353,-0.0611125092213562,0.016745954909137,-0.0658301645341599,0.0168341806518125,-0.0507292748814809,0.0223657102393213,-0.0529818605152518,0.0214059792663216,340
-0.1019441656294208,0.0231857196970513,-0.0901858657977093,-0.1139387969841078,0.0158894674768719,-0.1259256828351677,0.0157261908129402,-0.118771191005304,0.0179449150398347,-0.1089851314254074,0.0182102593308692,341
-0.0673747408907703,0.0233335449065572,-0.0598016627963142,-0.071986111438028,0.0171917177234195,-0.0770768694346497,0.0171725214590804,-0.0775328030380921,0.0190244965957711,-0.082078792190544,0.0187922356347396,342
-0.1167169636216824,0.0216902475069996,-0.1017620889119192,-0.1228968987025938,0.0167687316733512,-0.1310842370081099,0.0175121334425383,-0.1269779473367748,0.0211337062854558,-0.1279296492541516,0.0199964327742055,343
-0.1189529567294211,0.0217622362646452,-0.0942278594422817,-0.1238531305066721,0.0157876686863281,-0.1323386143084017,0.0155580494022943,-0.1326866818290761,0.0266749664353259,-0.1270689377182771,0.0262535274060047,344
-0.1030565880271014,0.0250261067795116,-0.0845450680746426,-0.1045714796360407,0.0164363078955965,-0.1106483621027554,0.0163079159418074,-0.109824047706514,0.0181023705688382,-0.1122712211906269,0.0212034544454257,345
-0.0803884145273448,0.0213188652720448,-0.0585346310485743,-0.0750525564073153,0.0168498029728734,-0.0796854437091468,0.0169377048723096,-0.0821538941714559,0.0232882627589,-0.0678579933809952,0.0237939481244883,346
-0.1047840032156704,0.0220844553097664,-0.099520263801349,-0.1226265651580229,0.0172049671035902,-0.1271787324983068,0.0170648008559193,-0.1325320732035442,0.0224848141012051,-0.1139937371985269,0.0183225680058054,347
-0.1028905377826905,0.0209843554112994,-0.0974062257556178,-0.1195229949829454,0.0151713124376687,-0.1271865569272073,0.0150599620548348,-0.1554358877812525,0.0270480733544989,-0.127549091640292,0.0175321644154298,348
-0.0775718157735774,0.0251055474071875,-0.0570754576947369,-0.0824939814692821,0.0164862040853084,-0.0878065488864613,0.0173108537013612,-0.1193480093214574,0.0319155917426064,-0.0984262183673938,0.0233806879861848,349
-0.114255076406008,0.020403974502743,-0.1026521438121139,-0.1271162334133899,0.0150620213832461,-0.1355295948157832,0.015034444725713,-0.1313732857076552,0.0180604717557424,-0.1355478795680245,0.0174470659941488,350
-0.0780781379042588,0.0206465561761602,-0.0930555584146121,-0.1153409879329706,0.0147333983199839,-0.1303297064583169,0.0148223697978203,-0.1277660528060265,0.0198091699169983,-0.1320301902991751,0.0190651809648183,351
-0.0960180377569354,0.0217606703541084,-0.0779375690526154,-0.1022339161973871,0.0160809295065263,-0.1099262780514192,0.0162365494469286,-0.1063654207004752,0.0193186220130061,-0.1071630830402577,0.0190968390961734,352
-0.0760682857738209,0.0222750893649058,-0.0621224290392047,-0.0847672847600601,0.0170984256203982,-0.0936041388548014,0.0171339340604184,-0.0889050688320591,0.0211941064757145,-0.0775292711251757,0.0208130147291191,353
-0.0862256307765324,0.0224040253097804,-0.0874281337773885,-0.0994193132371651,0.0178203441978869,-0.1030878066904226,0.0177987756137163,-0.061530290706485,0.0466705276947011,-0.1012240522010598,0.0376551893405681,354
-0.0838237685005131,0.0223619620019078,-0.0848975925787333,-0.0963795092985454,0.0163858667193678,-0.0997412666397484,0.016370316623049,-0.1118975281355774,0.023916055008538,-0.101901347809456,0.0206808544652555,355
-0.0900036246463231,0.0204658548671286,-0.0908466899375003,-0.1048861737801626,0.0150617851940447,-0.111924012963829,0.0150912962717013,-0.0906548327878721,0.0253516892000898,-0.0953393579077871,0.0241544558521648,356
-0.0969929655707152,0.0229127856795869,-0.0747268586923797,-0.10285185261096,0.0158697586471586,-0.1107642255020462,0.0157736148062663,-0.1018638129580011,0.0183460788495215,-0.1023270543730352,0.0176915753575827,357
-0.1141917398528672,0.0234277891667607,-0.096101217028206,-0.1225086054326753,0.0162036673360262,-0.1319463004490181,0.0161063041721462,-0.1207833061199892,0.0235622639270319,-0.1184573849510287,0.0256198813790956,358
-0.0812118367175057,0.0262967061967744,-0.0717984288101262,-0.0928819094659662,0.0180307532433516,-0.0940449956703264,0.0197875991430716,-0.1373247824576766,0.0313915685111347,-0.101400511320863,0.0198571895028951,359
-0.1349725698955937,0.0247226834776929,-0.1085012179254372,-0.1338819709947047,0.0162489920966556,-0.14031997928565,0.0159341775142394,-0.155243490959942,0.0233235714898669,-0.1447929909911516,0.0175610480231537,360
-0.0517902038105791,0.0229640551980761,-0.0539876531414563,-0.0611718655553115,0.0178014257478185,-0.0633466966490012,0.0178363676780651,-0.061478683953121,0.0200417114830432,-0.0707007580975987,0.0198199135221528,361
-0.1051672993077963,0.0238169871249089,-0.083655276746785,-0.1100938000841436,0.0156995163796191,-0.1168676032914811,0.0155736011978298,-0.1129572908975847,0.0178484584977782,-0.1157845913774498,0.0166808220949817,362
-0.1038460174696128,0.0227901049077028,-0.0913283122006064,-0.1179066000732798,0.0169058578383544,-0.1225509485476202,0.0162356256986873,-0.1183147149821712,0.0191034147601115,-0.1219590519131629,0.0189037842113995,363
-0.0869483065152213,0.0291501140608211,-0.0781532615586151,-0.0938815224939478,0.016851707472225,-0.0957734044817513,0.0160930312566288,-0.0849847372397107,0.0189560874960697,-0.0764413495275394,0.0207646875031236,364
-0.0908312790204057,0.0223625516504648,-0.0743374825347234,-0.0951875805639368,0.0159678187915953,-0.1011824391715489,0.0158637245842486,-0.1042225952432981,0.0208883556164138,-0.1058201512122128,0.0201783836803033,365
-0.0964908740544066,0.021062186371009,-0.0874020203413295,-0.1101641451606225,0.015879141776079,-0.1168638791280822,0.015990416814927,-0.1376063325064786,0.0243557160811356,-0.107287140497018,0.0182988261493,366
-0.1184540984584641,0.0227558410827074,-0.0922873970370661,-0.1180025750962943,0.0164443880184331,-0.12258031247869,0.0161789361669768,-0.1220221352262858,0.0187016082583805,-0.1245061676580056,0.0180913851594515,367
-0.1059016556137599,0.0240999899684886,-0.0878317891056327,-0.1054474522098673,0.0180359353827448,-0.1078956624115602,0.017951450441333,-0.1002513210125894,0.0223537428173256,-0.1131324339863273,0.0235677269756029,368
-0.0925862373619964,0.0230037138614083,-0.0825818833294117,-0.1044333936799015,0.01705682526383,-0.1111796934844983,0.0169468580198134,-0.1071460517049912,0.021554754635884,-0.1020613883552847,0.0210216535963631,369
-0.112525723531598,0.0232853104392493,-0.0816550333410545,-0.1142388532342911,0.0154035148283212,-0.1247964148932788,0.0151444775001673,-0.1302569502485329,0.0188574193278953,-0.1207820145677068,0.0177711568994191,370
-0.1137080665292509,0.0216329796683844,-0.0930350490285867,-0.1152167419649044,0.0166389862295846,-0.1196317823394131,0.0166056701039545,-0.1153742909895654,0.0185059127301191,-0.1149914015753132,0.0187857480444735,371
-0.1147951718081123,0.0213505099639227,-0.0960191032068191,-0.126642425414377,0.0149464049026976,-0.1397592878496949,0.014820521324848,-0.14775692014311,0.0192610676914861,-0.1376142241971645,0.017336657140897,372
-0.0925443514675086,0.0222757054896545,-0.0684109791546119,-0.0990709846224431,0.0172224966042757,-0.1042715111188635,0.0169546263530079,-0.1080913794141854,0.0205518481994034,-0.1103534349736097,0.01918234675679,373
-0.0716974081904833,0.0209421923263292,-0.0674067573919235,-0.0773605808949095,0.0175764805125754,-0.0788294689190394,0.0175307850816338,-0.0840980016104157,0.0220449087808841,-0.0728708457909926,0.0218147542486963,374
-0.1021601018360904,0.0232131792182346,-0.0850713662217614,-0.1002843108689992,0.0171381359261245,-0.1032082075532154,0.017057332360482,-0.0980697986236339,0.0200046721680817,-0.0999558205247242,0.0216009253670417,375
-0.1495190891852716,0.0229072580870597,-0.1213265902237281,-0.1534066069020285,0.0155212658212631,-0.1586162421983369,0.0155810761713318,-0.1666496565405369,0.0187009883182998,-0.1615682023042033,0.0172649586588607,376
-0.084929665664805,0.0213362590980645,-0.0767859295366353,-0.1047193525665294,0.0152518723860207,-0.1169675759391417,0.015192491000136,-0.1136220447743592,0.0186366304060604,-0.1144053557598969,0.0187126702068706,377
-0.0511400755477997,0.0240032587549285,-0.0459375632058587,-0.0599751520252419,0.0172675603085948,-0.0653445413978253,0.0172312683755,-0.0732017566726858,0.0236417571770769,-0.0433180415314645,0.0216502103380427,378
-0.0636389070210229,0.0233842831191741,-0.0637311930547471,-0.0835120270024288,0.0161407253679126,-0.0939536725298873,0.0159089111941653,-0.0884279488309481,0.0214532719425456,-0.0797166973289845,0.0202857914369487,379
-0.0820046601103778,0.021906320756634,-0.0670690716769799,-0.0924448234383035,0.0155353068556762,-0.1040139172960278,0.0155241899345809,-0.1294576534792047,0.0228160295355205,-0.103834454156272,0.0211300572394725,380
-0.1041167411980502,0.0230541495512152,-0.0917019482835365,-0.1147848909707429,0.0161046509496972,-0.1230969781335911,0.016040215835568,-0.1270434850528381,0.0257711839443241,-0.1146640889924741,0.024768297050553,381
-0.0708357314866337,0.0221578857659674,-0.0678138740031996,-0.0865356862221126,0.0165846197940688,-0.0909214233378743,0.016448907105399,-0.0871712987011863,0.0199909708154625,-0.0855272970394405,0.018898034953228,382
-0.1035363314482875,0.0221348983658575,-0.0804515692664972,-0.1167713427806668,0.0160394145092369,-0.1279701557540966,0.0156560086617263,-0.1062600290467055,0.031877872442811,-0.1126723312522721,0.0240766644070507,383
-0.0871620144752064,0.0235360166526141,-0.0876863496567299,-0.0977985883311367,0.0186553508420118,-0.1030219238608355,0.0187103088044288,-0.0995284963496348,0.0227866117106356,-0.098557359584473,0.0208986839837191,384
-0.0719678880350303,0.0200762844615574,-0.0714467942545113,-0.0961234145824122,0.0143351965201126,-0.1103452538367049,0.0141709535923459,-0.0842779469660999,0.0219682601818998,-0.0737591371566901,0.0235501969876076,385
-0.1128183779471696,0.0271768305197793,-0.0737278519868105,-0.1021349625625361,0.0165602916450377,-0.1017088685935892,0.0160393227361889,-0.108557094939488,0.0189270683428818,-0.1072567154631454,0.0185475562368352,386
-0.1267770196719708,0.0221145128758945,-0.1013112306985724,-0.1309799978940177,0.0151749604841019,-0.1406400775237013,0.0149367168222941,-0.1340684665429651,0.0190977625243808,-0.1365127344130282,0.0172824930324683,387
-0.0751846302685795,0.0225460799095364,-0.0760703042712078,-0.0848838982370586,0.0221158543711694,-0.0878428480628751,0.0216131799466606,-0.0831940948498101,0.0257525763556796,-0.0964257664450143,0.0205459734569108,388
-0.0859876392844977,0.0277363605466975,-0.0705895492152377,-0.0934675598243529,0.0165238022558275,-0.098627365381321,0.0156908376455728,-0.0982291576823133,0.0181309418294402,-0.1049206774811767,0.0184390026514451,389
-0.0982212075815534,0.0227739884489108,-0.070681664929884,-0.0911377947789193,0.0170330164849849,-0.0934280244010772,0.0169851468012722,-0.0920071773464775,0.0179454763107436,-0.0926586288393934,0.0174162586746065,390
-0.0971798250416579,0.0214396607609969,-0.0884388764894013,-0.1055716696883897,0.0168842669518391,-0.1077916696634898,0.016845162656089,-0.0783275794373298,0.0251693163659652,-0.096417230115008,0.0198671157537335,391
-0.1060020326075447,0.0211657153726957,-0.0914285508066156,-0.1143000289178199,0.0162781031682717,-0.1194694742909705,0.0167138107400923,-0.1243498607311548,0.019242527790507,-0.131075995050875,0.0182564389540238,392
-0.1129834717583254,0.0246958103224982,-0.0912752944109998,-0.1175816098682572,0.0177930217463979,-0.1197891178379927,0.0170254351784455,-0.1280197682686573,0.0212108708010317,-0.1052244907235418,0.0185699848535572,393
-0.1210981172808675,0.0206839123755743,-0.11415094100062,-0.1287395250012931,0.0165723369216267,-0.1342156293362347,0.0167273415573128,-0.131764595591255,0.0234210174870501,-0.120721885488044,0.0235746410933332,394
-0.1093071477106816,0.0217597613514973,-0.0987629646738368,-0.1159209694208944,0.0158736064002303,-0.1199397800083413,0.0158820413298322,-0.1230816561025162,0.0191367127830728,-0.1243228095466984,0.0188336916917474,395
-0.1231331320323136,0.020652325499531,-0.1068080921224087,-0.1322950009609006,0.0146285869774931,-0.1397333639551457,0.0146706342727356,-0.1349437325020128,0.0334636308217437,-0.134235312486703,0.0309734959772358,396
-0.050160455563123,0.0225371985827732,-0.0431624937346448,-0.060961263541064,0.0162625980977537,-0.0660791980650672,0.0165746971371,-0.0698134630150178,0.0182711727500519,-0.0726352612501179,0.0187062827565025,397
-0.0718977722594311,0.0295325103431898,-0.0429989818039694,-0.0761532403222119,0.0178759192475149,-0.085347407551954,0.0167430728732556,-0.0816961759843853,0.0187335215867121,-0.0827150341570386,0.017870873222246,398
-0.1089466445244087,0.0253964822575747,-0.074164732420531,-0.1040725651438145,0.0173555418739731,-0.1100239806757088,0.0171173033592957,-0.1082834253617832,0.0189604299335011,-0.1146885462606326,0.0188201640631052,399
-0.1275436975272925,0.0217683037509416,-0.107569171164697,-0.1358700863149149,0.0162869103699784,-0.141762890965842,0.015844166489815,-0.1420333941575147,0.0183952570258391,-0.1353135735531926,0.0187769794828025,400
-0.1175824213884714,0.0240421752210672,-0.0807050223685735,-0.1165475512014556,0.0180363689919731,-0.1151622980315759,0.0170326302047268,-0.1263171974039394,0.0196777844815822,-0.1226089419708404,0.0189002801180897,401
-0.1188599146406893,0.0244573567272499,-0.099016618559944,-0.1220325083735954,0.0163741230144483,-0.1242721529941345,0.0163845029269517,-0.1365690295473605,0.0182955425311405,-0.1359395715135803,0.0172890004509558,402
-0.0795498081058883,0.0212689155121854,-0.0742461272253145,-0.0914920185141011,0.0171180831374777,-0.0957039979204829,0.0171524700983796,-0.066779056002644,0.0367513911462468,-0.0783965416276367,0.023783510606683,403
-0.0945739954604332,0.0222517655230719,-0.0833788309003996,-0.1074985304697,0.0162222443839822,-0.1121539338954656,0.015975727231608,-0.107050690994577,0.0207239932954221,-0.1067438757061029,0.0178650020633102,404
-0.0659557368911067,0.0221522848397749,-0.0722146579348051,-0.0850912872318353,0.0171502165945762,-0.0890182629559909,0.0173813496579836,-0.0959335567490237,0.0238436246175408,-0.0857773604807558,0.0263900640711912,405
-0.0659886047240398,0.0218826385342172,-0.0816649794893727,-0.0853835773840225,0.017110117164177,-0.0876853245533547,0.0171335804395853,-0.0836970970095689,0.0222053004055959,-0.0803858131835995,0.0214727542723942,406
-0.0866480525460063,0.0262995641615288,-0.0669549923806062,-0.0865402382254732,0.0190021920456894,-0.0882665668946097,0.0187829183166533,-0.0962755932850241,0.0250572045361774,-0.085909352288166,0.022363985901568,407
-0.0807226657511096,0.0233431894343595,-0.0719822782944613,-0.0833812644816685,0.0207749126607241,-0.0854116627713355,0.0212104830390075,-0.0955425922971534,0.0213186670409141,-0.0936006351836758,0.0207731788679156,408
-0.1054094590047841,0.0212640618243859,-0.094724887341516,-0.1232244385827975,0.0154822491876115,-0.1286466447786933,0.0155332999344844,-0.1133217426188456,0.0210491279279507,-0.1199905033067749,0.0183254900744717,409
-0.0684459523197786,0.0233812151118089,-0.065905943699484,-0.0832917136513895,0.0172231976349425,-0.090865199291987,0.0171318903524857,-0.0895650286538783,0.0196080973597746,-0.0759304391494664,0.0195932343636961,410
-0.11104055402217,0.0254309831412459,-0.0903905097246714,-0.1166837318146862,0.0168597285515157,-0.1232727046025081,0.0166109968188647,-0.1179274097780329,0.018316839900055,-0.1319072041724084,0.0194319800788885,411
-0.0877436887039046,0.0209933307055074,-0.0895331471225013,-0.1081018510587839,0.0152312125404896,-0.1192326140656958,0.0151336952920473,-0.1091632440796074,0.0199254274355003,-0.1198371666533479,0.0187254721034861,412
-0.0382262867586589,0.023083787488594,-0.0563113115633144,-0.0541505848183594,0.0195965194139978,-0.0528250168409698,0.0179687196386328,-0.0670804041340032,0.0209724513190519,-0.0590439735194759,0.0201455925981856,413
-0.1034946501782175,0.0249680593500839,-0.0709218488198749,-0.0986408011510175,0.0176007025102737,-0.1021732423930301,0.0171803446812017,-0.0937391198114128,0.019486388472181,-0.0972271559293242,0.0182974934875389,414
-0.0898531478706365,0.0218514710151643,-0.0896545614698468,-0.1011864133370749,0.0165639861831119,-0.1059622980217046,0.0166322468449336,-0.0883148207337799,0.0442617757807613,-0.0933042354680321,0.0425496302251949,415
-0.1275658012080534,0.0224500093339546,-0.1170695643124915,-0.1392840150970598,0.0173295492927512,-0.1464218920196827,0.0170373826122192,-0.1411768866163192,0.0218173767838829,-0.1312843045803853,0.0208576931804716,416
-0.0894593619658678,0.0245430473471801,-0.0825528664051559,-0.100292411438291,0.0159294743598421,-0.1042349985137294,0.0158756456280952,-0.1036540786683782,0.0193232553630016,-0.0995244036675589,0.0201760786126226,417
-0.0887703195305139,0.0219372864818853,-0.0752730960990309,-0.0970890518691485,0.0156035407139551,-0.1061560170373663,0.015663782627346,-0.1161096178714283,0.0224059896187062,-0.1125096975544763,0.024609153535857,418
-0.0961172093145955,0.0207665105614934,-0.1018676650115786,-0.1187647784812066,0.015365579985178,-0.1268811435733512,0.0154761849063339,-0.1274259426800409,0.0183443632906227,-0.127968849466282,0.0179628634737847,419
-0.1209462948240509,0.022190414527641,-0.1031858102165148,-0.1395904374388916,0.0175627035499072,-0.1485909498383892,0.016082852952583,-0.1381741629501413,0.0194225664963143,-0.1411619631538322,0.0170391314381002,420
-0.0958394280634002,0.0216195457768795,-0.0876462182619778,-0.1108315391744117,0.0164656781398767,-0.1210447628060126,0.0163951192982024,-0.1168807252896797,0.0194252355392754,-0.1150232127764812,0.0187987692748435,421
-0.0821968728207266,0.0221786392699817,-0.0613423581448854,-0.0869476056681483,0.0161108191514289,-0.0940517455168507,0.0162676150767799,-0.1013662702393085,0.018526602768369,-0.0975957590029267,0.0177307026394441,422
-0.1099580557156627,0.0214577622043587,-0.0888566588415356,-0.112042251078041,0.0152899638562021,-0.1161789248138142,0.0152155950300994,-0.1329256978971673,0.0210778775093998,-0.1172023360765685,0.019825660496126,423
-0.0815438004195764,0.0215240972073874,-0.0754656414927905,-0.0938416423805895,0.0158373116066913,-0.1019059050150323,0.015853068198981,-0.1030777616972758,0.0210468778724736,-0.1052406100187945,0.0270508855222584,424
-0.0728143104844105,0.0219865032088257,-0.0654202811810498,-0.0822727421625261,0.0164072358561009,-0.0911164430577538,0.0164472710127224,-0.0961851209819315,0.0284068940902035,-0.0895211471440076,0.0206723738679961,425
-0.119367530641568,0.021542229074905,-0.1057615342054609,-0.1242683119340798,0.0168920082116989,-0.1263194365368993,0.0168987938542367,-0.1354026036588766,0.0244400265665336,-0.1264406919341734,0.0224549872606382,426
-0.0818958065003665,0.0209925487898924,-0.0837958311501351,-0.0992713289827329,0.0161922874824779,-0.1033405596874211,0.0162621999326948,-0.1072134802866815,0.0193921316947087,-0.09321600951145,0.0200797759081872,427
-0.0968366451700813,0.0231247529134244,-0.0843805808534614,-0.1019385495516182,0.0167230384055025,-0.1072690148223089,0.0167571167387388,-0.1425632655291072,0.0299679953357181,-0.1124949712161636,0.0202457992875441,428
-0.1041545332091354,0.0284196101073897,-0.0740414534054921,-0.098135307621585,0.0183781535365006,-0.0954906896918486,0.0199757690722145,-0.1026427318159582,0.0283329380775405,-0.0933965342962022,0.0276073637660442,429
-0.1233071873125781,0.0255489773561122,-0.0930689523621316,-0.1161731571949335,0.0165304912051467,-0.1176252658067923,0.0164883199486183,-0.108247443727091,0.019340405256492,-0.115179003885845,0.020290941243629,430
-0.111989449810744,0.0241578004429921,-0.0759169878059246,-0.1102569884332843,0.0161398976748717,-0.1151095554857344,0.0156912148682255,-0.1267932525100043,0.0239845481105252,-0.1127574971491695,0.0177535598274324,431
-0.0903259024713387,0.0220357027051521,-0.0760488621592851,-0.0987475264445986,0.0159141988595595,-0.103986360914285,0.0159043472525801,-0.112590388872224,0.0199736058270034,-0.1113555535231508,0.0185529278990496,432
-0.1172122550107503,0.0261446053172175,-0.0766552154062295,-0.1101303473338547,0.0166602752752708,-0.11574517716245,0.0164982869074955,-0.1386351837230765,0.0236355816280222,-0.1290413568336068,0.0209812989069848,433
-0.1103347468906355,0.0238139893075589,-0.09447635565429,-0.1198408932270817,0.0151128897180204,-0.1327696939365056,0.0148811529321584,-0.1079833911178948,0.0249512936313206,-0.1086490905692142,0.0232058452290021,434
-0.0788214320924399,0.0215588778812309,-0.0706408159006724,-0.0888021077343259,0.0164313184760931,-0.0926536392310589,0.0165011686315995,-0.0882431745149441,0.0194739400652767,-0.0857037221769894,0.0195809610677344,435
-0.115452440957507,0.0215992554880777,-0.0879106134498191,-0.1146626136913006,0.0163372463999623,-0.1166716475427259,0.0163643669563539,-0.1104995744476218,0.0223242645227046,-0.1199574795977001,0.0228769497114161,436
-0.1291372636124498,0.0212773085967707,-0.0940417726229043,-0.1298128655533109,0.0149079161410882,-0.1400937289149919,0.0146409915911436,-0.1449521463490618,0.0240548305457334,-0.1295289246902744,0.0248329261433117,437
-0.1002888564592347,0.0259456165794251,-0.0681591603229794,-0.0953560921333473,0.0172674040256651,-0.097469365436542,0.0166712294019765,-0.1066068424283545,0.0199037682254856,-0.1082201484563636,0.019562602517917,438
-0.0815298993185271,0.0222102468781322,-0.0721947082542916,-0.0901074796181541,0.0164309233976077,-0.0928620334330923,0.016472374479072,-0.082022814220092,0.0223316843307042,-0.0948653917849359,0.0233220285881593,439
-0.1009366825163247,0.0231911996596492,-0.0851222340446314,-0.1161560343494194,0.0166791319289946,-0.12127488040991,0.0159137547127124,-0.1102638007950681,0.0193241862809818,-0.1066670329180068,0.018469186119185,440
-0.078840069912061,0.0238752925142355,-0.0693775666861707,-0.0859420696741695,0.0157551368016673,-0.0923415160295429,0.0156161760002932,-0.09106126138207,0.0186712609667091,-0.0868317975099265,0.0178922483757265,441
-0.1175321290095468,0.0210746791116226,-0.0884809684726801,-0.1224603580115294,0.0157584252624491,-0.1287314601495097,0.0162879221974363,-0.1330130463671346,0.0172228929533347,-0.127788398328239,0.0167672074068918,442
-0.1015694991273687,0.0254447116455031,-0.0819475569684693,-0.0994134963011517,0.0171446555333926,-0.0994994381621681,0.0170138977608309,-0.1065673522251109,0.0195600484482242,-0.1077421286303988,0.0187334991925413,443
-0.0902943192276462,0.0244833043306339,-0.0845364824324237,-0.0997909839026396,0.0181270616358774,-0.1001387505715701,0.0200702221966686,-0.1005874551201254,0.0210441379881736,-0.1088196803091319,0.0202765857663534,444
-0.1082598589146925,0.0225375242490672,-0.0864843894304776,-0.1239601676504155,0.0163267528686228,-0.1330101521763349,0.0155152806882614,-0.1282219910759252,0.0228513401622111,-0.1171386106476341,0.0193035581907165,445
-0.0373428152232827,0.0220105183578214,-0.043164274576592,-0.0544211702948409,0.0169989410350202,-0.0609956847685059,0.0170023891327091,-0.0605339381934506,0.0204768939401824,-0.0592858984367527,0.0196893282370084,446
-0.1222279278256609,0.0222376709048677,-0.0936555913447964,-0.1243230408806405,0.0155104545715283,-0.1310190928772721,0.0154152359717695,-0.1197698154111222,0.0181459096614532,-0.1285859864507368,0.0184198938787248,447
-0.0848782370584753,0.0224763903957508,-0.0813318553598063,-0.0954111551425176,0.0171706869380993,-0.1009240439001461,0.017100458115645,-0.0947716945083971,0.023514555878342,-0.0925155568742186,0.0220732793510827,448
-0.1244461397401556,0.0255198692838963,-0.0878525389722569,-0.1179999467418957,0.0153893049115183,-0.1233002399258277,0.015166468084244,-0.1386111422738569,0.0214844613325154,-0.1215868731874168,0.0187343740161102,449
-0.1046304394486492,0.0237448911343531,-0.0887043047933633,-0.1090453633320341,0.0171229132989911,-0.1126021660852821,0.0169810715751638,-0.1139749690741637,0.01779715886423,-0.1245801522647606,0.0183602781302164,450
-0.0761994611600793,0.022740166304871,-0.0642191022359214,-0.084130897056128,0.017203806208442,-0.0902339630461374,0.017182104231703,-0.0847859322309095,0.0210122100913619,-0.0975306462509079,0.0214409620681886,451
-0.0445727234928769,0.0212988780933659,-0.0337744209612309,-0.0535786721999786,0.016396852047079,-0.0579205064642574,0.0163972381568733,-0.0740688263551411,0.0244387349776924,-0.0634058492569777,0.0218230775084188,452
-0.0979584525249318,0.0222782837857505,-0.0827555852979751,-0.1072643897887316,0.0159672001075491,-0.1120082396317208,0.0161469139781412,-0.1149266572813859,0.0188054109776755,-0.1081249843719788,0.0182098401779464,453
-0.1128459742293627,0.0235137666156852,-0.094893169773978,-0.117937243217889,0.0159118347679948,-0.1250743296809388,0.0158175435808691,-0.1309204626870562,0.0188625855065647,-0.1277169225848669,0.0190863749927209,454
-0.0846689675556219,0.0219290143443093,-0.0718524238211645,-0.0931939248103452,0.0161767839049581,-0.0954025221863073,0.01633969885929,-0.0947925012623956,0.0186261205373719,-0.0927480192435206,0.0211806680316871,455
-0.1093681197354408,0.0198655587265495,-0.1154624345097512,-0.1339189057421432,0.0154405538316103,-0.1409211672331524,0.01548141138026,-0.1527015674290885,0.0247095161777827,-0.1282340951186245,0.019223630447822,456
-0.0904634559839374,0.0243480427604924,-0.0562731907198296,-0.086851775247649,0.0173089976411244,-0.0900782108129515,0.0170668844238601,-0.1143470721020592,0.0256859104481638,-0.0853316256567379,0.020118393925327,457
-0.1254416915498346,0.0211883073920554,-0.1116091062823572,-0.133615217928275,0.0165669009462477,-0.13962664446406,0.0165718719290418,-0.1302713855134486,0.0195036012775542,-0.1287412253671755,0.019950286381596,458
-0.0864406721044544,0.0217025286202778,-0.0694063000989195,-0.0904368183968519,0.0156916182938436,-0.0971211720984896,0.0157154946701944,-0.0973867852219213,0.0209537624239453,-0.1007718361971591,0.020037836768862,459
-0.1421597977388269,0.0220530678641273,-0.1216524813705871,-0.1432097050559606,0.0162199335307235,-0.1467206539471595,0.0161927180416639,-0.1479900747221644,0.0182016811144882,-0.1446930190799354,0.0179455135128173,460
-0.0858252943319164,0.0220174912956309,-0.0707248346260572,-0.0926052566117148,0.0158374948228688,-0.0994422764292715,0.015670914087137,-0.1061810343084227,0.0203005720319311,-0.0985099534220928,0.01985310076442,461
-0.1092481958624641,0.0244273073224435,-0.0860009064136586,-0.1106006449246086,0.0151931123096963,-0.1163577796222539,0.0150463662171116,-0.1127647629310756,0.0199692722434335,-0.0962067387566864,0.0213109753571829,462
-0.0833571934729776,0.0219160633288332,-0.0703513565111458,-0.0878697468584651,0.0165700637752585,-0.0948969801960557,0.0164164518579041,-0.0936245331260642,0.019020132979008,-0.0860856318416077,0.0195085778382171,463
-0.0847265248934797,0.0229100444115483,-0.0724387886891667,-0.0932330614058712,0.0165740506677657,-0.0984565238796355,0.0164453710317965,-0.0975486100270097,0.0189160137671345,-0.0894849366226443,0.0190548326004303,464
-0.0937135798307568,0.0206302770555156,-0.0883876728204013,-0.1071973827873926,0.0171408965726025,-0.10985726756431,0.018270627768501,-0.1051649794201722,0.0212995233239034,-0.1094702642882937,0.0179868673839899,465
-0.1369343834998303,0.0242701911222927,-0.114936483342988,-0.1397583386509944,0.0159378952258764,-0.1430485288661475,0.0154896009475811,-0.1438183867363437,0.0174552015419656,-0.1458227317645224,0.0167112109800663,466
-0.104442760099147,0.0234895779320272,-0.0970197144553285,-0.1099894114070799,0.0193556907054963,-0.1156564032826783,0.0194475176840133,-0.1111851249361221,0.0213621777878242,-0.1161935390820078,0.0206579354335015,467
-0.1057303930665841,0.0229751363903048,-0.0828606522472379,-0.1132174962719485,0.0184612916753742,-0.1139632427313712,0.0170807297715757,-0.0701962199680123,0.0347065952104691,-0.10631756310017,0.0301973265866405,468
-0.089265754300483,0.0216572217214491,-0.0712193986995332,-0.0955083348847007,0.0153481231549688,-0.102884920887026,0.0153401621723368,-0.1027902013497803,0.0182951073215582,-0.0985156288044867,0.0183208601142966,469
-0.0603800780181562,0.0208213689029517,-0.0525160936558226,-0.0669959327894454,0.0167046352919415,-0.0712320976445007,0.0168155756930104,-0.0772132766230378,0.0199265080739706,-0.0759595178900308,0.0195271644173977,470
-0.0845653959118685,0.0229681244296735,-0.0919175471345059,-0.1038621585656009,0.0169668249204849,-0.1068829511818923,0.0170761981290741,-0.0841017980583246,0.025385736915938,-0.0885486378824022,0.0229270203533921,471
-0.082943080498577,0.0210063630987679,-0.070718425087241,-0.0994827153820878,0.015174228767253,-0.1114123497917481,0.0151658938186355,-0.1352850115385721,0.0302791331647377,-0.120175110915124,0.0275910902302818,472
-0.078340622451439,0.0217458786780067,-0.0677334962714754,-0.0903611128081379,0.017037510317496,-0.1010678967770864,0.0170956945206487,-0.099425427285455,0.0217541775894232,-0.084547402002721,0.0203151311270149,473
-0.1739864549458208,0.0244944087523165,-0.1280631328241778,-0.1658801478581754,0.0164965537994972,-0.1677628013028898,0.0159914226189306,-0.1615048627806978,0.0171181098174659,-0.1671260410007226,0.0166466061434551,474
-0.0961163652206333,0.0250780476070458,-0.0740056701115871,-0.0921122081512855,0.0169851058442028,-0.0985382659336574,0.0168392384426164,-0.1026924827340689,0.0194947803498554,-0.101180334981511,0.018889009584927,475
-0.0925067810543715,0.023509464076235,-0.0735939013131605,-0.100573771505185,0.0173268283791635,-0.1075423678815543,0.0171677639862602,-0.1160345594191295,0.021330067562439,-0.1038493205509642,0.0196305129215284,476
-0.0661544169001613,0.0255670791654358,-0.0438818287791107,-0.0758636648028653,0.0192752112066026,-0.0760149245772773,0.0174577785274687,-0.0637958674612615,0.0214017758777283,-0.0558760768999644,0.0203476711106346,477
-0.1168555960218704,0.0220293371571276,-0.0940387630124719,-0.1174080367202,0.017182102699079,-0.1230937923935587,0.0172935960324185,-0.1067135145176195,0.0270611461200344,-0.1208540016712154,0.0267422446752825,478
-0.1118010330756874,0.0221140787700383,-0.1108491752164628,-0.1237198798221725,0.0167323204618309,-0.1270124912680923,0.0168158533490811,-0.1395571500258521,0.0201567139555895,-0.1343776557130443,0.0201392321813356,479
-0.0723074476498149,0.0203972899841923,-0.066055922657145,-0.097517524455979,0.0149777498672957,-0.1031537774075879,0.014925557571804,-0.1076223028716998,0.0202154573715344,-0.1108626099145628,0.0198177930500707,480
-0.1210171204747429,0.0220009114211024,-0.1146043019469819,-0.124742916599683,0.0177811488065629,-0.1272310171683632,0.0177850399147662,-0.1443556778176045,0.0195458877106065,-0.1411507246229639,0.0179042223305313,481
-0.1279438775769276,0.0234943728495148,-0.0983778982258823,-0.1200056525919885,0.0161736974315986,-0.1246757518640523,0.0160819680437755,-0.1370692529634959,0.0210926109604522,-0.1275468555174383,0.0181971059055487,482
-0.0596620464711715,0.0224643307254606,-0.0721468289505751,-0.0733404973136899,0.0222957373787077,-0.0752566559459967,0.0192425288287792,-0.0757797937754201,0.0195684317359906,-0.0709347094752128,0.0189324721919737,483
-0.1062729378298066,0.0208961162593998,-0.0863928777757219,-0.1185115818210971,0.0153254720804355,-0.1263200332510416,0.0151353932712744,-0.136639264931718,0.0227553481034611,-0.118356141417219,0.0234197880244117,484
-0.1192539046830106,0.0223100996807079,-0.10330973138168,-0.1316699581803616,0.0158971368305518,-0.1385946710097386,0.0162000782106988,-0.1239849123603303,0.0204664478730535,-0.1324603977779822,0.0191866500351014,485
-0.0768236579010705,0.0233298054576475,-0.0629453603701845,-0.0734219311630005,0.0199472343251843,-0.0760734806762683,0.0201735395472711,-0.0940917796358447,0.0195312069617454,-0.0915740715441794,0.0193108194794937,486
-0.0932416261429499,0.0210241816749173,-0.0711595056762228,-0.0882396456782994,0.0173514767688986,-0.0926692803516493,0.0173720770579252,-0.0741055070585852,0.0330288473948915,-0.0951952022631908,0.0313744528110723,487
-0.1186965744122829,0.0254970727885525,-0.0913029269389744,-0.1178627854823559,0.0158276493703439,-0.122737750402635,0.0156433134651688,-0.1149959563977443,0.0176381568804731,-0.1084802790072539,0.0173188090440841,488
-0.1227387502598348,0.0252549651308524,-0.0925084293254769,-0.1157679158754895,0.0173346677136319,-0.1160808069369537,0.0180258558144874,-0.1207640696333137,0.0194424793991798,-0.1219766043639812,0.0173123860206264,489
-0.1096782109354717,0.0217983565397853,-0.0854131393534831,-0.1154148952392881,0.0154097880319763,-0.1230424190194767,0.0153582533675495,-0.1249973661847217,0.0183425905366483,-0.1198702907656274,0.0169651998589491,490
-0.1382026948684483,0.023023556970765,-0.1053776531211998,-0.1328223150960458,0.0160796163063305,-0.1348404514074231,0.0157228688367726,-0.1681615865481164,0.0314914014529681,-0.1296080056661178,0.0191387575201748,491
-0.0970330823019225,0.0214690250895783,-0.0826003243175488,-0.1029305849843099,0.0167508488479273,-0.1120656490654235,0.0169118279049182,-0.1006001738800359,0.0231756944260389,-0.1054523210816963,0.0210896879906559,492
-0.1106473019137092,0.0217400468423612,-0.1017870257005293,-0.1225213048692167,0.0153500646883246,-0.1306027645500907,0.0152790124655539,-0.1184623749397162,0.025240795216533,-0.1298423823073689,0.0249438007904756,493
-0.1103832124348633,0.0219103218261391,-0.1010565331383838,-0.1229391338703879,0.0155864632359279,-0.1284672517817277,0.0155839963174601,-0.151081530328037,0.0246108592983165,-0.1270389822725023,0.0184486935192171,494
-0.1086137095714694,0.0209057027570167,-0.0952027478126246,-0.1218462830481958,0.0149715462726116,-0.1295257616550453,0.0149669988954843,-0.1250067028401406,0.0203135091488532,-0.1213875130400088,0.018713544715458,495
-0.0980082248566717,0.0221855355417959,-0.1101326786811913,-0.1041648561703214,0.0321938897801134,-0.0747248253977137,0.0163103323498798,-0.1108585608105445,0.03497467589418,-0.1362271754244735,0.0197280788497996,496
-0.1058461444006913,0.0197304669697139,-0.1018761489666648,-0.1374914121361705,0.0139621417726288,-0.1531510386351053,0.0139072695930906,-0.1470413648415284,0.0191314371217121,-0.1482051772896497,0.0194673975238926,497
-0.1093113255177383,0.021684280477591,-0.0885268172424093,-0.112095107600767,0.016275031328185,-0.1171855272806569,0.0160917646501249,-0.09697977827983,0.0189606814702386,-0.1070504985304506,0.0210558414922676,498
-0.0893530997978303,0.0260588237624424,-0.0780780288039522,-0.1004742009043572,0.0158784479466004,-0.106822202310271,0.0171702656403666,-0.0990835979705012,0.0221012843052619,-0.0975436923153836,0.0221614638121623,499
-0.1037797467332108,0.022621823526368,-0.0881213390096235,-0.1119751585356325,0.0153857433976606,-0.120916528787746,0.0153093401844623,-0.1224678344290324,0.0191186202382036,-0.1196170755932946,0.0186564124597959,500
-0.0966149022709224,0.0200190253087976,-0.0957535794058756,-0.1178378731387488,0.0151958521325932,-0.1248599751153696,0.0152121601629854,-0.159944300542792,0.0356378828051939,-0.1303415393230702,0.0288546458465074,501
-0.0975695963702721,0.0219691921772579,-0.0815278119141263,-0.1095710504852023,0.0155662326566546,-0.1158303271068377,0.0154540398586545,-0.1197468329614672,0.0182058819265198,-0.1177226895326171,0.0198546540040143,502
-0.0978668641628805,0.0211616624546164,-0.0849918678326718,-0.1088211786492863,0.0166143023390928,-0.1179838184347592,0.0165693419461103,-0.1150347697436009,0.0191388129736272,-0.1105447897160298,0.017852414727353,503
-0.07598111180587,0.0222162804925271,-0.0715794030557235,-0.083384561542874,0.0173213105419504,-0.0856255282065507,0.0174012979469702,-0.0908621324561998,0.0203373758230737,-0.0952035454157528,0.0202818339096648,504
-0.0789814307997508,0.0231951718591476,-0.0587723168960195,-0.0833573745757464,0.0158567057111207,-0.0950479364075997,0.0157900274117719,-0.1026182378816608,0.0215288000285671,-0.1062004384835682,0.0187070859165769,505
-0.1012482468468774,0.0216672011943857,-0.072527941168875,-0.1019334464339486,0.0163299579397854,-0.1055752556371678,0.0163480267950103,-0.0956370054435814,0.0179461268540253,-0.0970688167723847,0.0180394077190303,506
-0.0815763645486183,0.0239954273812232,-0.0668951442891596,-0.080507259870875,0.0166383473511161,-0.0843171120597159,0.0165943663488574,-0.0878204562434122,0.0203235237983166,-0.0885289735296494,0.0208416259309887,507
-0.0963575111090084,0.0224399806012849,-0.0803848111127429,-0.0967650987365263,0.0177507883250239,-0.1010798424766006,0.0177722625402061,-0.1023247704627197,0.0210096539751944,-0.0984225477726289,0.0203126990861727,508
-0.097111427706369,0.0209972432074299,-0.1002091556472662,-0.122158689546262,0.0154051438766302,-0.1376024861531871,0.0153088866827639,-0.1287208850983055,0.0220059894749334,-0.1328201194958403,0.0198884706271084,509
-0.0806510533110032,0.0220327424979781,-0.0549736474933997,-0.0753257317942241,0.0194207499879471,-0.0762312758676252,0.019371355403586,-0.077509006944017,0.0457448442578151,-0.0961533772164828,0.0461151475592709,510
-0.1062061850609962,0.0222067433705549,-0.0858108962498738,-0.1150503539008402,0.0152879013614058,-0.1214029657925297,0.0150289472204925,-0.1131353574879024,0.0165265185052874,-0.1166515022709674,0.0168810788246508,511
-0.1066442739805196,0.0215660471078392,-0.0921113240596202,-0.1145571744142916,0.0167120729238464,-0.1178902463118978,0.0163197691562557,-0.1242067229413947,0.0199013073912273,-0.1191644982280128,0.019176833541175,512
-0.1201384583211332,0.0197214854468076,-0.0989800726217155,-0.1370095453590661,0.0142423577892262,-0.1488852456384875,0.0140670392802375,-0.1499283115235634,0.0171944879621858,-0.1442511734170937,0.0165618546128502,513
-0.1367458904712657,0.0216640333795695,-0.109385979895249,-0.1453637331831485,0.0161490604443574,-0.1542842640643434,0.0156289641985782,-0.1462612527318873,0.0189679853070558,-0.1465921999604896,0.0191553177204789,514
-0.0721045196334655,0.0244977481925753,-0.0600231731525805,-0.0753913507804017,0.0167385532175638,-0.0818319350398781,0.0165745155746738,-0.0786248893599405,0.0207727262534771,-0.0763335486568461,0.0201596514092481,515
-0.1036116466850122,0.0212370067054167,-0.0958018853263537,-0.1225655027846889,0.017306640465797,-0.1297094305445804,0.0163304493129083,-0.1351434035271732,0.0187403740998965,-0.12967645301841,0.0180806334276715,516
-0.1081955635450454,0.0218029134432962,-0.0846743235815538,-0.1185161323135674,0.0154017479565691,-0.1247749116454089,0.0149610061921356,-0.122625427697367,0.0197526069135753,-0.1115990817515706,0.0174633706387333,517
-0.1407729523117387,0.0255868383813273,-0.1045527170586215,-0.1320969066105821,0.0165061403138597,-0.1342627221218215,0.0161774226534975,-0.133387902405595,0.0181412138252924,-0.1376815448541844,0.0180136840259051,518
-0.0760353705373508,0.0212091829833753,-0.0810057004197721,-0.0910809340303376,0.0169231754776783,-0.0942771913609239,0.0169737436015067,-0.1176247203459204,0.0208454835176818,-0.1054798424895976,0.0203868667851078,519
-0.0691279048378456,0.0229287842153972,-0.0489722177359348,-0.078625768095884,0.0159299648978859,-0.0890852673584357,0.0158080121509559,-0.0890227382441953,0.021872874597999,-0.0836252840805203,0.0198830955183136,520
-0.1057964826614468,0.0214448987051899,-0.0956217576435946,-0.1101617742462838,0.017318240375388,-0.1134365657806079,0.0170847656652547,-0.1391191783465878,0.0315076810190788,-0.1014419691408543,0.018094146071043,521
-0.1025446625024985,0.0206926150041964,-0.0878889007616929,-0.1141757230410558,0.0156864177217967,-0.1214983178300668,0.0156532585113194,-0.1248657081169941,0.0191094850683904,-0.114927139914188,0.0183895060747994,522
-0.076115614504339,0.0224506655784861,-0.0713851436051796,-0.0910533967791074,0.0169827432152867,-0.0959112180495543,0.0169531010000954,-0.1124071623719651,0.0234833409261114,-0.0810952083852481,0.0211434732582865,523
-0.1079477628973333,0.0223259660231413,-0.0773086277906904,-0.1104839483577411,0.0157506296233674,-0.1188090843230536,0.0155743587648216,-0.1078096084640491,0.0174400935167769,-0.1138045759860547,0.0172291489128273,524
-0.1231654773558898,0.028664800714232,-0.0822494017178139,-0.1165594645441005,0.0169694592071373,-0.1162840517799285,0.0162981463577574,-0.1322637865901955,0.0244065578849192,-0.0913430001363284,0.0259183679783459,525
-0.0810680391446176,0.02250220390649,-0.0526541970397148,-0.0796808783710961,0.0159624157211122,-0.082830431842722,0.016147452762419,-0.0979341694098759,0.0226466870073161,-0.0926391003740874,0.0195924254946684,526
-0.1139690045172366,0.0215234671562039,-0.0910425903244257,-0.115648524846749,0.0152306035365744,-0.1210686498971792,0.0151826668596101,-0.1224519585718129,0.017848988278678,-0.1199325259646763,0.0177731779038472,527
-0.1124183693372898,0.0218194630143323,-0.0876377301471838,-0.1177679165881759,0.0159467086238382,-0.1249017490816864,0.015801836499209,-0.1206403026416763,0.0242380868036323,-0.1309116953360929,0.0187485687883777,528
-0.0947759839556448,0.0212764628773138,-0.07516092759169,-0.0965538311999226,0.0158467137121876,-0.1010415353634202,0.0158371162124599,-0.1182946246359476,0.021620939818226,-0.113501484229168,0.0187969414104495,529
-0.1105179073856928,0.0218121970400076,-0.0905750826130144,-0.1140004410489474,0.0165565075749337,-0.1181010190504622,0.0164487419820019,-0.1216317760817496,0.019193895768549,-0.11898406769084,0.0180650054133499,530
-0.0980201120599425,0.0243172897892527,-0.084983186661869,-0.1059937427946972,0.0162706558619371,-0.1128529642045549,0.016296749611406,-0.1142368343957612,0.0210262516343488,-0.1140766722801689,0.0200101769002526,531
-0.0890419290218601,0.0217511049186518,-0.0924750391098227,-0.1073136015577991,0.0152293172542562,-0.1151534766545704,0.0152441399958051,-0.1017545123397623,0.022370120353434,-0.1094235264628664,0.0215587721273942,532
-0.0940583870744192,0.024318154636869,-0.0717608930645549,-0.0911168560935341,0.0171402696129604,-0.0946713052200474,0.0167092887723961,-0.0968635705365411,0.0240291560343601,-0.0884650172188988,0.0234608783754121,533
-0.1026254835688531,0.0216584481305354,-0.0821152048978708,-0.1068512901711891,0.0158066704133284,-0.1149480911484499,0.0157670967875454,-0.1184283855395484,0.0186407137883517,-0.113303142893912,0.0208841392849268,534
-0.0783267324282356,0.0228286914730104,-0.0824068163193318,-0.0835512572111992,0.025712729709215,-0.0887130554016353,0.0227562191796587,-0.0946849242542638,0.0313049570972913,-0.0858817160440758,0.0258891520652764,535
-0.1174958487301382,0.0213052804942283,-0.0945602454679978,-0.1203642469307554,0.0159899436975612,-0.1243959070981266,0.0160974475395696,-0.1312908380003604,0.0182654107748218,-0.1353414723538771,0.0176982131615937,536
-0.0758055557835563,0.0199689402278621,-0.0722175370488216,-0.0923740242741921,0.0151904500357555,-0.1023160358510816,0.0152000395221352,-0.1004420150505154,0.0182825575822829,-0.104843716470596,0.0182803512090086,537
-0.0726312252823317,0.0220555795322676,-0.0685300998738773,-0.0825226618329924,0.0163700217425371,-0.0880017496178899,0.0162965161149098,-0.0897069297405117,0.0195593311909633,-0.0813707776554007,0.0185013280344119,538
-0.1186080779549643,0.0234845900696021,-0.0931873171683912,-0.118417578315855,0.0165901689927869,-0.1229705229086226,0.0162615768879377,-0.1467454636898357,0.0220450279321106,-0.1274473629477074,0.019405577681843,539
-0.0854931003466126,0.0251937953016382,-0.0632124348508293,-0.0863359191380869,0.0171414119165686,-0.0891949116531088,0.0172818153467792,-0.0944841904357955,0.0193112728905693,-0.0994672857376079,0.0184828326098518,540
-0.1015039348506258,0.0219819330768587,-0.0941700778362618,-0.117278272309771,0.0162543132062111,-0.1222802169153022,0.0163312089038324,-0.117095288092262,0.0202441681257337,-0.1267681996549967,0.0196490778255939,541
-0.1215098783109297,0.023946822319446,-0.1038443723463687,-0.1214873921853322,0.0168862077145272,-0.1233249769472683,0.0167502821294015,-0.1227976345587755,0.018935360204613,-0.1219689774842732,0.0181746823797428,542
-0.0751757129057187,0.0216103796745588,-0.0676669808406184,-0.0902459846445836,0.0165012547825747,-0.0977471577761473,0.0165766205788445,-0.0908685918603976,0.0190297392241729,-0.0937096995857583,0.0191258876200263,543
-0.0933070995233802,0.0228824167637321,-0.0714281163110371,-0.0997540734971822,0.0167683927932536,-0.1046463359866185,0.0162558393493115,-0.100570414639961,0.019807854515985,-0.1042976736097939,0.0180967118629379,544
-0.1156667670427134,0.0220230066214739,-0.0998067399144239,-0.1189661747996186,0.0159884186988133,-0.1256007754257253,0.0159235779003948,-0.1253145012263899,0.0182237439947023,-0.1211737765284151,0.0178773186633102,545
-0.0619380317064032,0.0230388040148651,-0.062777792042691,-0.0768445485013311,0.0161832424551167,-0.0793523557999192,0.0160504453854636,-0.0764413783169292,0.0245325003336572,-0.0748508313636352,0.0238198541377845,546
-0.1190311368306329,0.0219021973828999,-0.1012955381766917,-0.1191192520431012,0.0157929702158518,-0.1240134620114235,0.0157818385068274,-0.1231682170686217,0.0258185441754588,-0.1156368007939692,0.0261234505797917,547
-0.1099249737527926,0.0200196919735646,-0.1035756821370893,-0.1217757150024386,0.0173937001680048,-0.1274898138194654,0.0175025235915361,-0.1280944050475203,0.0175915252154475,-0.1188890263832305,0.0202063799003175,548
-0.0680072264534525,0.0235087038503112,-0.0531141178900109,-0.0735586379255629,0.0161713228111974,-0.0792233399935819,0.0158803851353977,-0.0774245879425899,0.0195729538694291,-0.0807490089662605,0.0194308966623231,549
-0.0930138694885935,0.0209944415677287,-0.0709335815759791,-0.0988333501169325,0.016019804248284,-0.1063861100009094,0.0160009956732472,-0.1057878092710478,0.0188660188179708,-0.1031806065279022,0.0182998570605469,550
-0.0973794858215768,0.0227208108943677,-0.0857636784956601,-0.1044344427216793,0.0166413763343862,-0.1108236033971006,0.0165706935664315,-0.1265667306731653,0.0217671859305472,-0.1117836091610934,0.0222062661825742,551
-0.0696145097580141,0.0210846855978113,-0.0609539364288922,-0.0816757933253655,0.0164796177391832,-0.0862270873354305,0.0167069625987472,-0.138827488069551,0.0426645807485366,-0.0805001510293567,0.0263441530522984,552
-0.103482266906538,0.0223246021509744,-0.0833159460338018,-0.1090937041587157,0.0160226319625986,-0.1148480797294269,0.0159660253332288,-0.1404405755391963,0.0221572957698771,-0.1175324868384996,0.017989986695298,553
-0.0830265315827112,0.0203434873084126,-0.096406987752203,-0.1077536587605858,0.0161809663973684,-0.1146248469341781,0.0168601361265278,-0.1134430377861016,0.019304804081453,-0.108237100826083,0.0192582917772348,554
-0.0658683719148219,0.0255619530748003,-0.0503396297325685,-0.0722268561269345,0.0171916594797114,-0.0787383085509518,0.0167598365154141,-0.0723725770439801,0.0187912612284533,-0.0722886233427924,0.018214385540004,555
-0.1005954417136974,0.0237013304822137,-0.0774347183497474,-0.1069261436517298,0.015597625323449,-0.1198534705905412,0.0153322117353512,-0.1282638974074807,0.0222166114383921,-0.0995081181181826,0.0184575420537421,556
-0.1025981987197633,0.0195022682454929,-0.0948115398364773,-0.1094230516099714,0.0173414666825687,-0.1120130886987911,0.0171574270279115,-0.120943325177596,0.0193726828094633,-0.1177238010692333,0.0163258450480611,557
-0.1404445362754823,0.0219128049179705,-0.1189234939024817,-0.1465827611489652,0.0152855503797817,-0.1513974880281037,0.0152233443189285,-0.14535210717278,0.0176460113899757,-0.1476375045185881,0.0167558688381659,558
-0.1039046674430804,0.0243698710806828,-0.0798745439487353,-0.1112684862271051,0.0160781464936645,-0.1184125366976332,0.0157139896046209,-0.1264190753764778,0.0198700838801645,-0.1256397008290215,0.0175263952976474,559
-0.1065543645253014,0.0195203636266655,-0.1028125818427119,-0.1187515066944383,0.0155575234348481,-0.1233359088129655,0.0155774582968555,-0.1343700964904127,0.0332102602286416,-0.1010630975212593,0.0318356725792397,560
-0.1164808608512931,0.0218369698712475,-0.0847045118139769,-0.1195123537987098,0.0160778330281753,-0.1259885232310586,0.0158745549494654,-0.1228990103813409,0.0197211854929225,-0.1288423625984137,0.0190368974423559,561
-0.1220779564653918,0.0302629704696503,-0.1059488120798452,-0.1348532035336175,0.0167319818103915,-0.1423948017501439,0.015953609362735,-0.1459488821761137,0.0229064654112021,-0.1398195166584279,0.0203297348661307,562
-0.0936163644699835,0.0215195485569576,-0.0887515519163142,-0.1099173457584678,0.015792917691369,-0.1160548410437339,0.0163206418649188,-0.1146074787463049,0.0191395685916098,-0.107808338895442,0.0190952808169343,563
-0.0584492683120761,0.0265025734375276,-0.043605830393929,-0.0615643287340029,0.017386103096019,-0.0626998832964861,0.017437131516366,-0.0626337345827351,0.0191027628650383,-0.059832082682676,0.01934882605554,564
-0.0541856226308647,0.021042725966941,-0.062132405379812,-0.0735219786176294,0.0164399274032329,-0.0783349294165541,0.0163668573644378,-0.0495376114471704,0.0368917368189783,-0.0924900808818816,0.0285392896361732,565
-0.1033156578462003,0.0222208387890121,-0.0831912747922936,-0.1033118559782217,0.0176606839805693,-0.1069244965495093,0.0176727261567186,-0.1084010782691617,0.0220152713336642,-0.1064046031454095,0.0220831643150725,566
-0.0811114947559885,0.0231815581899096,-0.0563471252937949,-0.0849789979166029,0.0168830905957195,-0.0890912163179901,0.0167729681160559,-0.0874910342700918,0.0199260950736811,-0.0914783711529654,0.0193994297152135,567
-0.0940541927947684,0.0209124757930039,-0.0815358700107572,-0.1024531035819324,0.0170555911256964,-0.1085513566952619,0.0174143342541374,-0.0999719326940616,0.0228105788431041,-0.1075549663794252,0.018904755420259,568
-0.081042342712139,0.0226106808244522,-0.0554285922683409,-0.086374004033929,0.0157647913453206,-0.0960121301802297,0.0156256912497901,-0.0920589022815625,0.018579835885632,-0.091362150391295,0.0175354838746553,569
-0.1303045480892965,0.0224623682623549,-0.116153530308624,-0.1335607719926226,0.0150311108659575,-0.1411928808385414,0.0150517139272003,-0.1271803811778061,0.0206252224956586,-0.137794194434729,0.0210954366929327,570
-0.0505383502792826,0.0224437240683101,-0.0549883185086227,-0.0677247631348238,0.0167950717030964,-0.0722791249440926,0.017037935566402,-0.0747792188816706,0.0190515956092114,-0.067274725095662,0.0194669215978867,571
-0.0990216876291151,0.0227000667995057,-0.0840340830141777,-0.1072589650745973,0.0159008620856183,-0.1134818479267891,0.0158385092124322,-0.1101644108578904,0.0186263972885347,-0.1018132595358805,0.0208111644965061,572
-0.0851205449345277,0.0249156913325752,-0.0695000084536536,-0.0831239077901828,0.017663130957076,-0.0900450422421151,0.0174027054076327,-0.0864523755326192,0.0213849471903308,-0.0832473633862661,0.0215575299392905,573
-0.0627823036762223,0.0221191477633276,-0.0613748228126817,-0.0847594896822235,0.0158458904765108,-0.0917618550023564,0.0156795695995396,-0.0868822096382881,0.0186814764855256,-0.0840556797309759,0.0183286174908844,574
-0.094181449186553,0.0217639719763469,-0.0818185973022156,-0.108467084417974,0.015900940395772,-0.1142998407886319,0.0158618663678485,-0.120495553283814,0.0195916175321783,-0.1064941864118602,0.0180615471015718,575
-0.0629616866926266,0.0228078560421573,-0.0443507632700311,-0.0758880835845898,0.0158717680616017,-0.0852592632335873,0.0156977555081323,-0.0896488878811564,0.0196673694905804,-0.0848110379549195,0.0185970838727928,576
-0.0762953845845142,0.02312083178748,-0.05324735930494,-0.0727649123712183,0.0168630055900274,-0.0773984213606795,0.0167386519149688,-0.0852600559713415,0.0206607738838807,-0.0777038498536779,0.0188157755231846,577
-0.0979755835284949,0.021853869557407,-0.0720487078841191,-0.1008257764125184,0.0153208475952648,-0.1103877221656005,0.0151009312333506,-0.1112497522324978,0.0196414297116763,-0.1083284427812153,0.0180693952031902,578
-0.1102716741941499,0.0221872439687612,-0.1023046634386609,-0.1214132770748653,0.0165515469604914,-0.1234893492768266,0.0166402464476745,-0.1116976742803666,0.031203543580471,-0.1101067585098158,0.030920830354713,579
-0.1123856822944023,0.0210885239413019,-0.0900263423927158,-0.1229176902386676,0.0157697803685193,-0.1298718269416656,0.0156410404126377,-0.1188713427133695,0.019432235530835,-0.1200003218141144,0.0206660386288503,580
-0.1165127061633759,0.0210853171571912,-0.0939985017776731,-0.1195681067065146,0.0166821846040804,-0.1228064654904539,0.0163770668260862,-0.1205087396773154,0.0210711552123865,-0.1269439039544684,0.0196979508192067,581
-0.0965958940097437,0.0216386782613413,-0.0778301661042763,-0.099788516461409,0.0156910695512989,-0.1053674351853269,0.0156975706677037,-0.1314550553907513,0.0200668780657054,-0.1250483559440038,0.0179526311549365,582
-0.1123899476995316,0.0249222278135102,-0.0850132010216593,-0.1130097731677479,0.0147399911573254,-0.1238694783615274,0.0145364204922398,-0.1198412018680527,0.0189662705387674,-0.1184051381990007,0.0178095347838614,583
-0.0972306720387495,0.0272167906524008,-0.0714015920222116,-0.093616131877258,0.0177159791241537,-0.0971997471182135,0.0172872236473758,-0.1031529142695336,0.0210618329976536,-0.096743241319719,0.0206120984540661,584
-0.1010262471378731,0.0199158909825754,-0.1055640462356422,-0.124107867332696,0.0177172469926426,-0.1286569491791716,0.0179375138224345,-0.0991331343490212,0.0367118880425986,-0.1357676817241433,0.0263560190366062,585
-0.1036176637790953,0.0214660615539993,-0.0801666882388046,-0.1119166958881999,0.0167684240919427,-0.1160441742057331,0.0162536833768256,-0.1137490036987824,0.0184967059904062,-0.1129992666908266,0.0182402038214624,586
-0.0780670317214934,0.0217514891689902,-0.0733365776124571,-0.0958423466438569,0.0154507716643722,-0.1035432285286163,0.0153097713155442,-0.0689890719848024,0.0318613933942111,-0.0799522843647666,0.0296536200231375,587
-0.0926335457704841,0.0187374340193956,-0.1059272827282166,-0.1227386475656602,0.014602929673887,-0.1273619233909966,0.0146367152385182,-0.1323429596663985,0.0178614605556508,-0.1231799702360506,0.0178294192757706,588
-0.1245038255321123,0.023189181566234,-0.1096853067749211,-0.1260839432526884,0.0182718696015152,-0.1345520443823095,0.0185336025479401,-0.1407248240657831,0.0175284380760907,-0.1466930848369453,0.0179376309329547,589
-0.1121546900977632,0.0235468335448158,-0.0855000091959297,-0.1126507517848382,0.016484112714307,-0.1195592510790796,0.0159450962537794,-0.1181306579529657,0.0194614779427369,-0.1133273906323012,0.0176523403555765,590
-0.0991340117222923,0.0213246827650536,-0.0848258454372335,-0.1060368756465391,0.0161628713333349,-0.1081033712402403,0.0171706400576028,-0.128237257926404,0.0186941550032533,-0.1094669240354202,0.0173542948423818,591
-0.1051131511730365,0.0237220678841868,-0.0889477636945306,-0.1070452821140863,0.0164795022427293,-0.1111382674641213,0.0163647478097345,-0.1110582156046735,0.0194870616402397,-0.1124111454607933,0.0193673602781987,592
-0.0894457240402517,0.0225147182829857,-0.0712878980307991,-0.1009485270193826,0.016468250601305,-0.1112587760408293,0.0161209626320306,-0.0989721192767031,0.0190668733520023,-0.1028838662049385,0.0181092916416216,593
-0.0927753617330923,0.0225015823761949,-0.072720291455291,-0.0982625578877981,0.0165577066236027,-0.1002549391138901,0.016486365573798,-0.097476823439823,0.0188852544297765,-0.0910624882340484,0.0186719597811443,594
-0.1118370884392957,0.0211741924325334,-0.0890244120635985,-0.1161131592477141,0.016636211832938,-0.1231634276723787,0.0166564159065222,-0.1209734130352981,0.0188811995215987,-0.1200436797430987,0.0184653998730744,595
-0.0925804566002026,0.0218328781877707,-0.0756178695165945,-0.1015661067601611,0.0161396575988554,-0.1085536505565463,0.0160615494658013,-0.1043982256035502,0.0200144518272206,-0.1080538503457596,0.0185348423203882,596
-0.1048407859081953,0.0228483371541405,-0.1045609071204039,-0.1177186050365822,0.0157249574246574,-0.1325490979866654,0.0154303693885324,-0.1301092709535898,0.0197913670807072,-0.1248868045636404,0.018759993367949,597
-0.1373861204327587,0.0218237666194286,-0.1183398044298807,-0.1459347122340917,0.0161569367422176,-0.1524254761787966,0.0159738057234181,-0.1514708498095066,0.0195947280832237,-0.1423037045998616,0.0183533665965603,598
-0.0664405633936469,0.0232384807174071,-0.0591345524782528,-0.0744942906788137,0.0165162332530762,-0.0767684429942228,0.0163958157501226,-0.0821306508834699,0.0198569685687772,-0.0896498356200781,0.0203763868541713,599
-0.0960491420548179,0.0230766110163747,-0.0802737886999613,-0.1075771391733761,0.0171231791164589,-0.1152931681944073,0.0171154078744907,-0.1275444034087735,0.0224121574075014,-0.1218608415284957,0.0187835916493663,600
-0.1083360762353564,0.0223662966034709,-0.0848601128038402,-0.1110037225026176,0.016411348037648,-0.1148890387676847,0.0163798580319037,-0.1435105064512834,0.0224521812049946,-0.1178281670975963,0.0185875737110194,601
-0.0652430991072904,0.0227335429562058,-0.0540585042545134,-0.0731216657204149,0.0186588808758698,-0.076231255939313,0.0192399280502168,-0.082752482888999,0.0201466070995788,-0.0757018021382146,0.0195621038095535,602
-0.1123648848540751,0.0229841205803648,-0.0747073923821033,-0.1048554355278337,0.0166057014792967,-0.1068164216902905,0.0164263376182934,-0.1130656546297489,0.020553063039453,-0.1059792659826744,0.0185185430971997,603
-0.063901836399236,0.0232377102350026,-0.0556112873792487,-0.0742320460630248,0.0166784623443438,-0.083191038196934,0.0167017914785014,-0.0821210203631265,0.0305551727401001,-0.0899403713934559,0.0301014905077485,604
-0.093659127728087,0.0228879711095677,-0.0810402632276159,-0.0958784998287169,0.017756828458548,-0.1020050822098483,0.0180943240610477,-0.0918026177906418,0.0198609701261365,-0.100539722088484,0.0197190431656932,605
-0.104810877892194,0.0216249342720735,-0.0947480483447464,-0.1074335889850782,0.0187298042331719,-0.1103697987525759,0.0192072165819599,-0.1172969714219824,0.021674731342637,-0.1170949150099835,0.0210075926199459,606
-0.1210400881977524,0.021780897190374,-0.1183409805701424,-0.1285970750771185,0.019918140831562,-0.1283142673567482,0.0196890889178124,-0.112490840439048,0.0339252170965631,-0.1180034137728885,0.0307964289162544,607
-0.1051240889917594,0.0238443346635994,-0.0811098777344211,-0.1071552725069911,0.0169514570868905,-0.1120928104711706,0.0170697060299014,-0.1178515281268364,0.0186081880405248,-0.1129963308048433,0.0173589780196295,608
-0.091359654698213,0.0231258673677568,-0.0718319931344186,-0.0970571885728635,0.0170147078348718,-0.101031524275578,0.0167890924608497,-0.127156889309018,0.0280031158815399,-0.089743706159888,0.0191881272824414,609
-0.1088104432735719,0.0232543685582126,-0.0761662641095308,-0.10834216751389,0.0168433162383073,-0.1148281483461547,0.0165683588104934,-0.1225957859517114,0.0211550459883919,-0.1115876674752305,0.0182900804372574,610
-0.076430501631561,0.022327507543026,-0.0687704717734207,-0.0921477707284621,0.0160809769086276,-0.1011966322218381,0.0162420358385231,-0.1099972238991691,0.0208171643780933,-0.0976119033583506,0.0208929766956589,611
-0.0858899989034592,0.0219190793795224,-0.0708180677905883,-0.0973113770858641,0.0153561441118987,-0.1056632359671268,0.0152311766487713,-0.0972170524114921,0.0192144518288264,-0.0958058301477749,0.0192065483776044,612
-0.105461745038756,0.0245272974323548,-0.0916594889058795,-0.1121124255349839,0.016632559251279,-0.1148830409137414,0.0172441512752556,-0.1267579852591657,0.0221684434029995,-0.1099544226545009,0.0223637403795944,613
-0.1222878265753605,0.0216966744271984,-0.0996469019964234,-0.1290509483038546,0.0155154865784185,-0.1334496519096505,0.0153355060055263,-0.1257382639610291,0.0182986519577244,-0.1175040926413095,0.0195567878112035,614
-0.1132145430210718,0.0257478516546276,-0.0807368501050087,-0.1166142904669662,0.0182446642783301,-0.1162620018833811,0.0161531211008205,-0.1310817534118391,0.0209664701503094,-0.117081869270937,0.0169517789957217,615
-0.111995423176098,0.0202267270352165,-0.1055161885483675,-0.1250861757959706,0.0161831190247667,-0.1280447571043219,0.0161782738267922,-0.1267787502292298,0.0344089031219812,-0.1122635049079705,0.036850075780064,616
-0.1134711753812063,0.0218165368249662,-0.0937624774822552,-0.115281807458249,0.0156654456708349,-0.1227868536970162,0.0157108089150635,-0.1292424820646695,0.0197712248601498,-0.1290225818171005,0.0177606040544882,617
-0.1361382405050837,0.0224998027174775,-0.0963465106644137,-0.1265175887561376,0.0159096285401364,-0.1314598621215951,0.015833670433022,-0.1340684484121307,0.0207940522618397,-0.1178979789384618,0.0194354143839733,618
-0.0701664737480741,0.0215198689197415,-0.0666743102339098,-0.0904132884609769,0.0150361369823994,-0.100868814075447,0.0150165530092806,-0.1002618614852966,0.020581264351193,-0.1007800182233662,0.01903667665893,619
-0.0949583819895135,0.0230407299476458,-0.0790728762460086,-0.0981714111741711,0.0163423867716995,-0.1025833360424079,0.0161588323115961,-0.1113135773857087,0.0195719849882578,-0.0986069616111474,0.0193954644858752,620
-0.1126098040083206,0.0229309275625253,-0.089810556140111,-0.113673296855485,0.0175235311405774,-0.1188978340127447,0.0178507444109367,-0.1301469497341245,0.0219459383201878,-0.1081661279480639,0.0204007667159258,621
-0.0766619355614619,0.0208880516953076,-0.0626031739999343,-0.0903130517974647,0.0155008522894642,-0.0997714660247841,0.0151775416290153,-0.0916703544449435,0.019336407872094,-0.0930848053343052,0.0188215735137838,622
-0.1130579825437873,0.0257334551592197,-0.0767643535616119,-0.1106738664176889,0.0163637848105615,-0.1153150605915484,0.0159737617827198,-0.1120173372002299,0.0342086675495552,-0.1071025741800302,0.0301158463440284,623
-0.0989696003298841,0.0256563526131275,-0.0731478551589096,-0.0973024678065507,0.0167375569748201,-0.0997110204349645,0.0162543662792889,-0.1124042162186096,0.0243150234018904,-0.0894503022067832,0.0231173435318275,624
-0.0724133143903666,0.0204691919981656,-0.0950133485170228,-0.1085966517260577,0.0156828009670473,-0.1154649907436398,0.0156926577098306,-0.1041927702234144,0.0182749117775517,-0.1013038958430311,0.0181775044878214,625
-0.097493141271146,0.023561708079704,-0.1019637215530386,-0.0922904375199452,0.0302915262649535,-0.1018034406233861,0.0222029298366205,-0.1064589843846855,0.0254903858952053,-0.1224865642500665,0.0190968632579812,626
-0.1240896405499608,0.0283976242026642,-0.0871338430624352,-0.1204582825852853,0.0169907199887178,-0.1261733174053299,0.0161877089772151,-0.1247608087815289,0.0199974610857398,-0.125384643269267,0.020287277901759,627
-0.0854136392580581,0.0212175316340342,-0.0712725237949975,-0.1021797955318379,0.0151552755941957,-0.1109085532004187,0.0150805822890179,-0.1163298347391521,0.0224197054359915,-0.0961654144139488,0.01923616533399,628
-0.0884452882802544,0.0217139935720723,-0.072267449212143,-0.0907541990196573,0.0169626840599794,-0.0997732155019713,0.0170635794827309,-0.0924675530259109,0.0258628768158789,-0.0852413727540202,0.0248453398476055,629
-0.0953042174173213,0.0211614924462102,-0.0893396388853757,-0.1115157357425979,0.0152055534667287,-0.1219607502962688,0.0152186288351796,-0.1205681528069629,0.0185369628229618,-0.1279671436311489,0.0175690862413842,630
-0.1173653915888819,0.0226560444279537,-0.0972778875267789,-0.1161902642424953,0.0163318000388422,-0.1180922987669288,0.0165043905297327,-0.1377375831657463,0.0198097565139952,-0.1336987804501463,0.0180053657987422,631
-0.0779805600938106,0.0212179390218828,-0.0763350793652973,-0.0967097473594294,0.0160026824216163,-0.1067049430754243,0.0159890861492085,-0.0935823182462403,0.0212992579556319,-0.1074768907835916,0.0206539899078192,632
-0.0896093500243045,0.0224956689145403,-0.0833284809366377,-0.099620642543888,0.016991515696639,-0.1038273771798229,0.0170678908609064,-0.1113445548102073,0.0211759681918082,-0.1038549003661435,0.0191202701388577,633
-0.1264175801002598,0.020297005258624,-0.1069288392842174,-0.1333223197813167,0.0152184819823288,-0.1398740780276732,0.0152453974555546,-0.1530699491940877,0.0200243742208638,-0.1332102271764939,0.0202590742060856,634
-0.0979232213506338,0.0215320120528618,-0.0899248037808161,-0.1036972842010472,0.0165249748489928,-0.1069597827167227,0.0166811155791935,-0.1031835002290617,0.0199643291636337,-0.1050496123740548,0.0203326160717567,635
-0.0975862563431514,0.0210475082024504,-0.0864671447940542,-0.1125053675384424,0.01473460013324,-0.120781781101902,0.0147113941951477,-0.1082213180097731,0.0376536041670772,-0.1089052347420594,0.0177664073052582,636
-0.0865398060784192,0.0231199952708764,-0.0657755171389446,-0.0880245545168242,0.0175884506483725,-0.0922238146626756,0.017574935633737,-0.1022099895294672,0.0191181160720916,-0.0952551441616273,0.0180889294780354,637
-0.0791156133507679,0.0214336428033696,-0.0671383771040877,-0.0876515251152449,0.0154998910483346,-0.0940339769389863,0.0156324960532187,-0.0891803298208379,0.0209697048886004,-0.0959985648481568,0.0190772876282674,638
-0.0938277573159463,0.023132508281483,-0.0689279020736558,-0.0920087102338174,0.0190264450249446,-0.0956122267761904,0.0208527629920568,-0.1236647744983841,0.019276668146858,-0.1086892963059942,0.0169764645558022,639
-0.1086101653328178,0.0213402770372896,-0.08390254856442,-0.108467356428927,0.0163818198345314,-0.1143251303893708,0.0163776225946862,-0.1150967399788412,0.0175740979582072,-0.1138887775165057,0.0169418732272895,640
-0.0845338036015859,0.0253107016825582,-0.0553653679462715,-0.0846727262579338,0.0178623446088886,-0.0925532850210553,0.0171662560648244,-0.0954703727244676,0.0206773475063816,-0.0970951504720387,0.020467741951798,641
-0.1137424514006505,0.0204976743419724,-0.1003701008399446,-0.1230177101195929,0.0153735638812605,-0.1322974114438369,0.0153974305285751,-0.104877770690377,0.0357912287753446,-0.1257085080563261,0.0341089871907059,642
-0.1371172523316836,0.0231274176115142,-0.1032841308601301,-0.1292291258574718,0.0159504449646751,-0.1295126049975845,0.0156764480174803,-0.131909560399445,0.0198930520120955,-0.1325288186656664,0.0185709499771673,643
-0.0832692128349342,0.0216080278141367,-0.0746401159728409,-0.089253517668309,0.0166125618299459,-0.0936463678914769,0.0165529194472145,-0.0827086649164053,0.0268215569595261,-0.0897666745328543,0.0217733950427281,644
-0.0843071732459694,0.0213257026321917,-0.0750817151535515,-0.0900790329286276,0.0179659136026941,-0.0938474923038554,0.0179312302422775,-0.0970626082404644,0.0204039703014691,-0.1004846525068253,0.0204998624625963,645
-0.0979684640139152,0.0229049674599892,-0.0708669843904541,-0.0975212072977824,0.0161117271335784,-0.1015103177517132,0.0159618447406575,-0.1175550073902015,0.0228088246988963,-0.1072611177748026,0.0242362669317122,646
-0.0930083652420462,0.0209250339628697,-0.0865542823801137,-0.0998319402349253,0.016341024159836,-0.1053191730278723,0.0163619595573668,-0.1098347110163249,0.0200574329290723,-0.1063112845319461,0.0205830640170508,647
-0.0838200292844485,0.0229736378483152,-0.0639845807650512,-0.0879202206724936,0.0161130341800652,-0.0915331481594481,0.0159217016869071,-0.068666582989755,0.0300799269076722,-0.0929088864525921,0.0175555669524451,648
-0.1300141202394366,0.0211443677329469,-0.1102168447924509,-0.1388888399622606,0.0149583023326789,-0.1469192413691226,0.0148354442309028,-0.1385726097765247,0.0213074856807032,-0.1329724590780835,0.0214016713220402,649
-0.0815001019326277,0.0222540489930992,-0.068677573344477,-0.0901610520860134,0.0164928686243915,-0.0982009410793566,0.0164335733863223,-0.1181402017954207,0.0270842448496328,-0.0823143982738451,0.0236421106903773,650
-0.1430062947634823,0.0252921879751637,-0.0998729056754473,-0.1389800295376232,0.0181654476646576,-0.138763978433106,0.0176179806882847,-0.1388552690398673,0.0192948573637704,-0.1369270091154817,0.0186996332668199,651
-0.0907934361730756,0.0272605062594663,-0.0741591414741388,-0.0889989746570569,0.0179306949380698,-0.0922356026289835,0.0179240867235507,-0.1032621055179032,0.0236921690507778,-0.0943429739752418,0.0210876261371907,652
-0.0717155805526876,0.0221026068705458,-0.0682145279270869,-0.0803731624468235,0.017820027493503,-0.083122292967335,0.0179062370493498,-0.0893330488483723,0.021311552180068,-0.0832944914021719,0.0198028647686566,653
-0.0676058338798916,0.0217630960116479,-0.068167906921584,-0.0867619983741744,0.0157900352169837,-0.0952805996166076,0.0158314846979017,-0.0851295198167288,0.0245830967413012,-0.0849153534011045,0.0216509200171208,654
-0.0938291958510921,0.0238944755008838,-0.0826195057288448,-0.1004599102780334,0.0185823321347392,-0.104918336686596,0.0183260866630623,-0.1071592636855228,0.0206271616524316,-0.0980660620803682,0.0194114426331222,655
-0.0897044270560357,0.0224624078629464,-0.0704958420397846,-0.0918817822197841,0.0168797644924004,-0.0973779419882427,0.0169341538995716,-0.1231039435578388,0.0276645831665343,-0.0986529523198384,0.0199555551270495,656
-0.1103929352772142,0.0210435082763494,-0.0866605711020148,-0.1103307596473035,0.0150329503793945,-0.1162932398467261,0.014954791633243,-0.1119641996352906,0.0178337842127765,-0.1102047817715912,0.0176695649609442,657
-0.0725875469549556,0.0224014588594334,-0.0625959098580506,-0.0793832525438246,0.0167479576638401,-0.0844579844679883,0.0168435884847741,-0.0908569059151097,0.0213891092320696,-0.0751558183962509,0.019805595074254,658
-0.1137394653870444,0.0257430054823315,-0.0833324349301458,-0.113901899518147,0.0161609435427624,-0.1229359060618741,0.0160330335087532,-0.1515650954228398,0.0258656593092496,-0.1138901587214098,0.0206842540584093,659
-0.0650865899096016,0.0211691515565409,-0.0647507607455787,-0.0824346607558822,0.0170789912931232,-0.0891680494699618,0.0171457213884777,-0.0840510092440493,0.0191771630140688,-0.0787070230248804,0.0184947468036113,660
-0.0577670149845014,0.0217790200791841,-0.0564651754745201,-0.0694220346050628,0.0193787250485722,-0.0750496696032268,0.0197469556369698,-0.071781022312831,0.0207610962524826,-0.0665703431194247,0.0193429450063071,661
-0.0914048869806805,0.0205893620627684,-0.1023233973869857,-0.1243240762686279,0.0147552853534171,-0.1362409445921465,0.0149323571093449,-0.1287623769941416,0.0192417583978554,-0.1273833523136022,0.0189048091662996,662
-0.0816769707015694,0.0213818191452257,-0.0776419524556414,-0.0928383710553403,0.0170037099311973,-0.0992696582215704,0.0170401993406662,-0.08519674268742,0.0325039520784236,-0.0907796623237436,0.0196163291213105,663
-0.1217243989599386,0.0217229057189117,-0.1028586328020521,-0.1297345332792584,0.0157723138330252,-0.1345978382147103,0.0155137562911488,-0.1464706460905595,0.0202668648028832,-0.1451756360083821,0.0186850971686026,664
-0.1156560312611294,0.02177197153682,-0.0981630753749276,-0.1224088181827198,0.0150659844311292,-0.1291955382203844,0.015590504813516,-0.1422602511056315,0.0181165198454441,-0.1292541193427138,0.0177018157417803,665
-0.0741599257459833,0.02147268001081,-0.0622618419220514,-0.0853733469205199,0.0161048385432656,-0.0891211210696397,0.0160115253710071,-0.0852216539569147,0.0197457182907547,-0.0773766499515717,0.0206001404564205,666
-0.11750005372776,0.0215642822758931,-0.0816365497207108,-0.1146480873041335,0.0157418039077403,-0.1195379687852764,0.0155802754075607,-0.1458512707792353,0.0200620486912517,-0.1226327561730577,0.0169236105493483,667
-0.0968802144854706,0.0215819323339218,-0.0857052273598638,-0.1004967396617817,0.0167814022694659,-0.1036555494990598,0.0168268812144928,-0.0829749200565779,0.0317301229141469,-0.0969334601600259,0.0279831968648189,668
-0.1029142563875139,0.0210608414383816,-0.0883791449103983,-0.1121501600519568,0.0157276530780263,-0.1165207637432845,0.0157095999289838,-0.1218923770150887,0.0188714655114095,-0.1187973012117813,0.0184515698254177,669
-0.1114443600603486,0.022912302699092,-0.0722643005136991,-0.1055897313822044,0.0160339725303758,-0.1128819318747794,0.0159006095561663,-0.1163813525484067,0.023412680021496,-0.1134531054930886,0.0205456811659408,670
-0.1100613993964406,0.0263528727140869,-0.0756890850921231,-0.1041881651303855,0.0175940474977143,-0.1055175272467716,0.0173212501017058,-0.1169688439764766,0.0201077632178977,-0.104737583503876,0.0171131346159026,671
-0.1076862658786659,0.0238048686174608,-0.0723770820741805,-0.1012073673784961,0.0164471109437019,-0.1034816980554349,0.0163901228804552,-0.1090558637479036,0.0224994496560252,-0.1066253376456554,0.0187929271755926,672
-0.0917878131712652,0.021050766227311,-0.0692344060678176,-0.0975180395140029,0.0150574743626972,-0.1029164935496289,0.0150182749672592,-0.0873417427517734,0.0218283073748905,-0.0890645784836783,0.0199296091706734,673
-0.0918894844571277,0.0225671013339428,-0.076408461249702,-0.0964846561302071,0.0169038220379471,-0.1013817260468226,0.0168255556857575,-0.1034974708712088,0.0467764315961308,-0.086833769525706,0.0465387515702447,674
-0.0809358857215554,0.0211925539970726,-0.0570436080200374,-0.0844034591193315,0.0152283304069967,-0.0916688058495237,0.0152002499404844,-0.0934054108121283,0.0186950101286377,-0.0854641068896283,0.0181279783365922,675
-0.0933275910075306,0.0232942340831801,-0.0672106914823937,-0.0886337784702467,0.0172791432268626,-0.0929217201905518,0.0170809680505567,-0.0914838060036754,0.0200074424667829,-0.0862858528511077,0.0206856099069525,676
-0.0634733126533431,0.0228135406227018,-0.0607281120836151,-0.0709652064519276,0.0182568101016357,-0.0738276719242396,0.0182971069619428,-0.0744828545896292,0.0204012622308205,-0.0854811177178863,0.0199885200177754,677
-0.0802479755459811,0.0211694439880228,-0.0741011273927677,-0.0825024334936593,0.0164849904445265,-0.0843919615179448,0.0165244592427887,-0.0897823521892412,0.0183069108633316,-0.090848331180289,0.018005922523958,678
-0.12583927426076,0.0207283968523771,-0.1078500034643297,-0.1373953088915388,0.01504247816233,-0.1470678999390331,0.0149216213769741,-0.1507479256954462,0.0184360506709019,-0.1457412776693677,0.0178436752636958,679
-0.0786453099261025,0.0243015355012747,-0.0708612101002629,-0.0859759593931021,0.017174139493425,-0.0916926424741163,0.0173107191314969,-0.0893096137501695,0.0256422713172761,-0.0755582374714837,0.0245613363054746,680
-0.0938404208216856,0.0203710105121655,-0.0960105715385437,-0.113798756600855,0.0158609298498658,-0.1206927385756291,0.0159127405606889,-0.1101830635613575,0.0191392772329203,-0.1079178606450807,0.0190624767221709,681
-0.1084104361889008,0.0253645150495803,-0.0744241014672079,-0.1077462163256139,0.0161791447670142,-0.1194691952190362,0.0158480593461114,-0.1326351046710451,0.0251469218525841,-0.1217415168720039,0.022222725665462,682
-0.0905500203885708,0.0228867610160507,-0.0804016237640415,-0.1047433931223081,0.0156794405398166,-0.112806977623925,0.0154990913759768,-0.125787709841853,0.0201032947605345,-0.1160141137289969,0.0188565826046941,683
-0.1015514234942276,0.0220224376464603,-0.0863223383471556,-0.1093086487758119,0.0159102585923612,-0.118569704019038,0.0158487143166065,-0.1277316284365806,0.0202219614813161,-0.1148227071438006,0.0197857875753268,684
-0.0323550437096821,0.0222216927852703,-0.0287507058843203,-0.0318268842320965,0.0231877277515824,-0.0350811922193785,0.0213572906201053,-0.0457290904959237,0.0219544135300776,-0.0404744353516796,0.0224929629077424,685
-0.060575562176605,0.0217646973218601,-0.0690061111622551,-0.0815478174484839,0.0161738638521506,-0.0879651757024008,0.0162429051695477,-0.1182246610669421,0.024702248973017,-0.0958916753263555,0.02017275136299,686
-0.0888228677533953,0.0217230609976339,-0.0802040723103587,-0.0945375971727517,0.0162370990480512,-0.0975746287751089,0.0163026101540753,-0.0911782317897747,0.0196935579880214,-0.0941000595630558,0.0205705822421478,687
-0.0717400781470908,0.0261063644552823,-0.0667271232804087,-0.0806087657422684,0.0180389795145955,-0.0849401923747009,0.0171671706277149,-0.0827577230069201,0.0218964905493495,-0.0859921569268761,0.0214015865593985,688
-0.0929270309566231,0.0263482249324414,-0.0590568143345576,-0.0860237913285456,0.0174484368973465,-0.0918482911948696,0.0170051042196715,-0.0914708306832811,0.0187562669830949,-0.0971784211556175,0.0185938043609767,689
-0.1340529003197692,0.024496126142824,-0.1061193189098521,-0.1351789745174642,0.0158529109171614,-0.1460999050821576,0.015240682376444,-0.1442227857436398,0.0183875695097982,-0.1391653518334188,0.0169742878177914,690
-0.0998961652121278,0.0224606558241595,-0.0844498788966523,-0.1030975443942136,0.0154265342036327,-0.1135217810286288,0.015362646482858,-0.1120718293652243,0.0180134721939405,-0.1073978060804186,0.0179714656821584,691
-0.0560877635125107,0.020969769238465,-0.0583866338394348,-0.0845240784713552,0.0154722777488232,-0.1017697022702546,0.0154797324087914,-0.1104384915727909,0.0263084802550131,-0.0876568935322503,0.0199941152245499,692
-0.0932805438952952,0.0258935120080547,-0.0790005976838074,-0.10967312217666,0.0158827585933895,-0.1246010689592152,0.0155690099165836,-0.1051036688941261,0.0191538307264741,-0.0946950998302635,0.0181408689964129,693
-0.1129306093681645,0.0212502180881687,-0.1100292839355456,-0.1224212277816802,0.0192916806321399,-0.1274129835758466,0.019543768377549,-0.1053373686094535,0.0236053657047868,-0.1205690387556907,0.0183307714765999,694
-0.0847140981239499,0.0221139874318254,-0.0699237199099495,-0.0985510154525372,0.0159100501026482,-0.1054690648433919,0.0159389710782946,-0.1073724627687428,0.0214933803462408,-0.0897737289823721,0.0213962706704938,695
-0.0828780689202988,0.0219438606768414,-0.061623497529465,-0.0827547179105435,0.0156325898419159,-0.0916763969869991,0.0154599176170161,-0.0964556646663696,0.0191299340958392,-0.0926302965049977,0.0181855734713622,696
-0.0640371626401852,0.020688653726138,-0.0671051226248682,-0.0836338126496923,0.0170135768814581,-0.0867467750674078,0.0169586752509539,-0.0667649795408706,0.0190901943455887,-0.0660698727793808,0.0194310361986557,697
-0.0810164384773797,0.022782424893959,-0.069060101224575,-0.0899504518537794,0.0170949899698941,-0.0914950201832449,0.0179525040791214,-0.082313225646405,0.0258602344651316,-0.0973361594315298,0.0195219586729526,698
-0.1188122157743914,0.022346111837638,-0.0984804985219051,-0.122871155492654,0.0162806828834235,-0.1309393439212428,0.016149783527367,-0.1433689686896383,0.0197899382141563,-0.1391286203794524,0.0185027426711094,699
-0.1256971847555691,0.030045682712747,-0.1158229337775706,-0.1214565728153849,0.0195148123203977,-0.1248701562526448,0.0196640524331902,-0.1241720291308518,0.0246719193813862,-0.1206109079506549,0.0226946252769919,700
-0.1089208044164771,0.0328506639082654,-0.0783937186095125,-0.1066739295267369,0.0164998830266211,-0.1142794849099754,0.0158704089223062,-0.1035755608077534,0.0209039894679975,-0.1025450828057917,0.0224501980227569,701
-0.120205628341828,0.0206307461925425,-0.1059636414225837,-0.1355996488592516,0.0150654571866101,-0.1480172624073708,0.0150501304892034,-0.1384638491644618,0.0191936780897299,-0.138006955519275,0.0178203589270608,702
-0.1197480264903203,0.0207556360436706,-0.0874848214032188,-0.121619783430687,0.0159605094555465,-0.1324340815440301,0.0157919760146016,-0.1187455225142854,0.018050462005483,-0.134740183647856,0.0181622149380418,703
-0.1040958470448364,0.0217797670364098,-0.0869003154962849,-0.1089256993732066,0.0165553530594203,-0.1135945597453309,0.0165727221005941,-0.1246122351820125,0.022330197314169,-0.1109468906472533,0.0174630249788242,704
-0.099196318164276,0.0207626245196476,-0.0931306645979701,-0.1140656695677975,0.0152722350458731,-0.1229753396604973,0.0152123214390871,-0.1162114349725742,0.0191958201147869,-0.1180618314639298,0.0174412339448183,705
-0.1198890274557658,0.0221061884503239,-0.0950420255637924,-0.1246102622965739,0.0152337156571264,-0.1326958142305678,0.0150248705458208,-0.1418828134603679,0.0315163950718361,-0.1232312807030889,0.0253637325472871,706
-0.080723163070389,0.0220734603296,-0.0745057156027907,-0.1005762131049387,0.0156097637467873,-0.1090936854050421,0.0154985512082785,-0.0997530710488844,0.0187094406673594,-0.105615335265853,0.0178346894381801,707
-0.0908796096452054,0.0268236544701126,-0.0743632357117241,-0.0962916907508826,0.0166292685968174,-0.0995424049696992,0.0164628794254603,-0.0948481984557881,0.0192236510593387,-0.0931245980755644,0.0191082831910398,708
-0.0815308729311508,0.020733988277303,-0.075600094831649,-0.0939183718851163,0.0166485290549776,-0.0989535493025403,0.0167684601198635,-0.1050755802803287,0.0240825363602588,-0.0975761651707674,0.022945831603702,709
-0.1393741023888824,0.0211678667686303,-0.1131680082283081,-0.1395882772403676,0.0149574225975834,-0.151056247317003,0.0148783211515761,-0.1473940419000974,0.0167028002444612,-0.1520445106793073,0.0165909977191785,710
-0.0629550255503035,0.0214411867245786,-0.0677644300897719,-0.0762608520482318,0.0170883766191278,-0.080553004410099,0.0170987540788623,-0.0749550476778307,0.0228438238252105,-0.0819386467953374,0.0206190588919291,711
-0.1060209166557562,0.0233479527725918,-0.094604802509525,-0.1123161316903168,0.0158622943402034,-0.1169998534717823,0.0158256527815048,-0.133527829555066,0.0337223266903111,-0.1087371436535521,0.0326766991208698,712
-0.0722937926554276,0.0244832707768735,-0.0590826424250021,-0.0764185821703954,0.0171872257456493,-0.0818383170997805,0.0170122465315078,-0.0799203545863974,0.0232604427881356,-0.081748929804744,0.0209826953744605,713
-0.0980024548002194,0.0211660199494839,-0.0762573406521572,-0.0965647062423127,0.0176816666278252,-0.1018510042757959,0.0178149051801612,-0.1150688422144574,0.0192184526363773,-0.1119943322523119,0.01853436231919,714
-0.0974740741487652,0.0207964958717001,-0.082731210567724,-0.1101900313407732,0.0149285621762873,-0.118883427154093,0.0149005601702058,-0.12747781587464,0.0184331933081193,-0.1244516977327032,0.0168270706426899,715
-0.087511487071605,0.0223605469712746,-0.093052374485859,-0.1007087775433418,0.0200506273718133,-0.1082909293966881,0.0196298139054712,-0.1095789063237605,0.031571588670617,-0.1144556881282184,0.0198051294307954,716
-0.1003909068104397,0.021277531904248,-0.0802437458649565,-0.1066563936072812,0.0160882998193523,-0.1103907980437131,0.0160967962032495,-0.1111517832544645,0.0186873560507763,-0.1102758915574504,0.0182312843796839,717
-0.0962251927280987,0.0218996756747937,-0.0949550110075616,-0.1091300712077773,0.0165010139621556,-0.1135339597919879,0.0166474801989246,-0.1186457377541499,0.0212727864954795,-0.1192558009596507,0.0243276522730281,718
-0.1110039339268968,0.0224780425779954,-0.0908200860122067,-0.1146935221572949,0.01766704310101,-0.1164319152970623,0.0177328038501618,-0.071898104613134,0.0337741936399608,-0.1075489560409007,0.0195776118950631,719
-0.0847127841354167,0.0233408121576505,-0.0542668292456076,-0.0802770539565824,0.0166522076429243,-0.0869971612517174,0.0162565750166496,-0.0918948999117937,0.0198291014115102,-0.1017421088746588,0.018314710380957,720
-0.1123966893699815,0.0220056876712591,-0.0967842782514359,-0.120326993033235,0.0156943666281809,-0.1272844511059167,0.0155003275403788,-0.1325450865516043,0.0222065532529369,-0.119187213933564,0.0178964364286631,721
-0.0813226831927073,0.0219253233196284,-0.0796897990671677,-0.0852828689792157,0.0193163984692518,-0.0869401936417602,0.0190955448356841,-0.105618043095868,0.0191919569415806,-0.1013478097635596,0.017938008787024,722
-0.098272277225985,0.0236792887399503,-0.0757626394352319,-0.1039856430668374,0.015577948194554,-0.11667401076503,0.0155160468681,-0.1150405293246374,0.0196935620252711,-0.1139306596387528,0.0189503090995155,723
-0.0923875005699056,0.0237200471728888,-0.0748925604076365,-0.0963868920948771,0.0163561679230212,-0.1059675663986556,0.0163053570847947,-0.0921556086347826,0.0241716924795247,-0.0934854805411021,0.0229020827408412,724
-0.1173194732918274,0.025339435614407,-0.0873146358661909,-0.1136295925488399,0.0178036393551506,-0.1175622580826288,0.0173548504751511,-0.1220905073961513,0.0214763722074046,-0.1080795369396769,0.0199057843993291,725
-0.0890056830445317,0.0225676281380203,-0.0725734327536469,-0.0976095692469319,0.0159152150094444,-0.1029402572931148,0.0158057793253899,-0.0929740186260285,0.0191401501729584,-0.092140654089228,0.0189234802373486,726
-0.0549869008631037,0.0215582023997479,-0.0544248921540474,-0.0686492822680534,0.0166379464265016,-0.071785912981442,0.0167237967975518,-0.0542635333169163,0.0214038131097059,-0.0584128646308556,0.0204240969985349,727
-0.0681383129467945,0.0226692338883203,-0.0537542587114312,-0.0742668243752399,0.0171959486495057,-0.0786533622408528,0.0172944199213375,-0.0775554037390526,0.0222963858539418,-0.091365593704879,0.0222124163443077,728
-0.1572719337212558,0.0210477265933386,-0.1317118116574075,-0.1603306919972417,0.0149289866496918,-0.1679699923616784,0.0148208073338515,-0.194434975081837,0.0246308202599642,-0.1641545324886628,0.0174817462464862,729
-0.0858636717719645,0.0212464150067757,-0.0869801444660749,-0.1060644004747493,0.0156648442976406,-0.1149500126490653,0.0156335429600482,-0.1270080020254172,0.0217262005373735,-0.1150375800711049,0.0258150710368182,730
-0.1228645865205517,0.0236014557361382,-0.1075535709370159,-0.1301869209165153,0.0159778473495789,-0.1383557777484555,0.0158445801331139,-0.1254809294983375,0.0283804726053649,-0.1438487372266436,0.0306369523275504,731
-0.0975084476422715,0.0221262449126451,-0.0940786918297339,-0.1192525078738731,0.016076775998355,-0.1317624324281254,0.0160019819372753,-0.1208892195877596,0.0194495407040849,-0.1169862555676036,0.0180461447521962,732
-0.0876360314752277,0.0216843178542418,-0.0663907908249162,-0.0900097965087108,0.0158225245590215,-0.0959535764014313,0.0158102233726954,-0.0962164817680187,0.0190827024691814,-0.0943436360142671,0.0188984626221566,733
-0.0927946266513339,0.0237274790232036,-0.0728393340812849,-0.0981480550809964,0.0160216325753268,-0.1038802624367434,0.0158565803311502,-0.1012785156652864,0.0192504808062911,-0.0890531222023405,0.0189325594082623,734
-0.0684736558585724,0.0228112315194844,-0.0620019067883186,-0.0743843867083146,0.0173374567241904,-0.07946560988424,0.0174102514043658,-0.0757029913558492,0.0238171653571508,-0.0915903322697714,0.0254700361155034,735
-0.0856299582711054,0.0219355953607348,-0.0766039229936254,-0.0979051097082582,0.0157258288579228,-0.1079435792548434,0.01569058082354,-0.1061830808265779,0.0200820202096625,-0.1027223480844094,0.0201412821605121,736
-0.1046519349251197,0.0226438343197357,-0.0832583751948938,-0.1119631993678679,0.0155014032977312,-0.1174166433660468,0.0154629905246549,-0.1073384318883423,0.0294615596884866,-0.1211165616277135,0.0249180894983051,737
-0.1076651980428435,0.0284338255891202,-0.0778457215254974,-0.098525562083404,0.0171405818538916,-0.1003391313353964,0.016350811793724,-0.1255033995852944,0.0291187642603689,-0.1099986816683578,0.0191279407000275,738
-0.1055193940540364,0.0233346376788995,-0.0988901909760617,-0.1212875127998878,0.0156951482635534,-0.1286454414881302,0.0153855098720473,-0.127463412088687,0.0189191160534213,-0.1299572151331568,0.018929083087024,739
-0.1086044881416223,0.0214117228413967,-0.0903463300527871,-0.1097764321988596,0.0162996804445456,-0.1146585342880672,0.0164014235855341,-0.1248516901712569,0.0203921263354012,-0.1197013928065823,0.0201957308371339,740
-0.1290840183703693,0.0205248303533291,-0.106534936612625,-0.132071054497349,0.015973869015627,-0.1367807878691463,0.0159715903466927,-0.1195557249589688,0.0195088011673345,-0.1246908053339871,0.0188411606506149,741
-0.1477584837335738,0.0242837822580373,-0.1158723664599489,-0.15671713435327,0.0208941264048354,-0.1585945626079505,0.0157449015099761,-0.1605244876127116,0.030181805232476,-0.1535097896533492,0.0214818637758889,742
-0.0799607920429427,0.0227927988361939,-0.0688699599390402,-0.0894634099449126,0.0177945435130398,-0.0976808864623751,0.0177298291533067,-0.0803110780226248,0.0331997264865493,-0.097411759935333,0.0307800293397747,743
-0.076916277814355,0.0248018576086873,-0.0771163931346577,-0.0901938684233966,0.0173645115754376,-0.0937496536514321,0.017157205851961,-0.0825992404899427,0.0215651217651971,-0.0876853048210566,0.0217518716668274,744
-0.1037615171074338,0.023894941454169,-0.0755574899351732,-0.1034028351640903,0.0160634232131792,-0.1061706220243177,0.0162252580186706,-0.107930087261551,0.0182291245841935,-0.1146003861343822,0.0196245503339826,745
-0.1054233993021477,0.0220412568232616,-0.0861201814347455,-0.1086038412822796,0.0148957595424512,-0.1144760126371321,0.0148209009617939,-0.1143163359953178,0.0187619702523728,-0.1068076034070838,0.0177808239270885,746
-0.0967778804593514,0.0253065435536881,-0.0701452796031377,-0.0938914139726778,0.0166768619969246,-0.0988276550011624,0.0164624658532593,-0.0984413743068216,0.0184049461238907,-0.0918895537367527,0.0177451780167594,747
-0.0789541196412606,0.0232414282264138,-0.0623910624160308,-0.082703535099712,0.0176413121986005,-0.0861454488002768,0.0177580966849846,-0.0852522819093077,0.0203747365175139,-0.090910601584122,0.0202663879469461,748
-0.0857943249232538,0.0252834582999332,-0.0679802946974611,-0.0881755390889601,0.0174214393410735,-0.0919955427650804,0.0170330297211807,-0.0907599845358545,0.0210741493202954,-0.0798528953842497,0.0201549561175566,749
-0.1508130476458381,0.0237411653943178,-0.1167278103773581,-0.1552077108354938,0.0153996592429536,-0.1661725674067053,0.0146849098691816,-0.150308097304995,0.0166081443392189,-0.1552083094445386,0.0166323978651732,750
-0.1029345786299712,0.0212309833799944,-0.0857624785197727,-0.1133117824170809,0.0154943417140115,-0.1201091247593072,0.0155141221354705,-0.1175276281913864,0.0176598397466816,-0.1190909602759647,0.0177438322340928,751
-0.1084418395054779,0.0234810958285642,-0.0816634978443056,-0.1070163165445651,0.0154549906288388,-0.1123251525422044,0.0150390573443479,-0.0995831102705463,0.0197215103706033,-0.0989188858973131,0.0186238068223226,752
-0.1064770548774509,0.0264033820362396,-0.0801917747433997,-0.1006174072455174,0.0173551327257767,-0.1028778433734441,0.0169634597439509,-0.0934661448426164,0.0200999124702904,-0.1023258206849654,0.0187916916966709,753
-0.0938961928441141,0.0212374441399148,-0.0798037572556243,-0.1032886002666955,0.0147202842018945,-0.1110163697853869,0.0146498548166746,-0.1150049589189792,0.019019936530129,-0.1117199192595135,0.0171324360475484,754
-0.0850229562390705,0.0222964744515489,-0.063504855509193,-0.0884351789169169,0.0158877809756327,-0.0951544146739524,0.0158036022181542,-0.1057752574679889,0.0189547000685893,-0.0945441537416806,0.0185618165901653,755
-0.0766135427116629,0.0233019884683168,-0.0642629837946971,-0.0892771578372945,0.0166838422066775,-0.0947534466420573,0.0164316504305431,-0.1039837543712959,0.0220197923874068,-0.0890324026388185,0.0199184917083578,756
-0.1194012718671078,0.0262587597676638,-0.0872782434548099,-0.1116591069812616,0.0155856105299749,-0.1129768913257085,0.0151794774890114,-0.122214236428463,0.019105907166036,-0.117330075325552,0.0182366719310897,757
-0.1233360225010416,0.0212275336124867,-0.1011909454289189,-0.1293544467469911,0.0156794932899916,-0.1356568043783607,0.0158596485878852,-0.1640130313075199,0.0243901413439925,-0.1255044956180019,0.0213154479861539,758
-0.1103799251440631,0.0237811579463192,-0.0842030394333949,-0.1109090309499762,0.0173359907284246,-0.1142644427012342,0.0171823722063764,-0.0933683916167943,0.0371442562491922,-0.0999103769087863,0.0346488406552084,759
-0.1242746051862509,0.0213989241218726,-0.1015302018346438,-0.1322557524196084,0.0155852436076076,-0.1379432629803733,0.0155722724058868,-0.1276248995571341,0.0214979472288783,-0.1182443453200865,0.0208129238956524,760
-0.1125028748707838,0.0228195563120946,-0.0898522725566108,-0.1114983262493478,0.0160905288319965,-0.1168829499796302,0.0158610728982713,-0.128830193968814,0.0310086862661949,-0.1335490139318023,0.0293420352750937,761
-0.0692594021276614,0.0214064643546172,-0.073452938716664,-0.0843160181303215,0.0162517041240148,-0.0885903498866531,0.0163065307519578,-0.0831368236594108,0.020841176264199,-0.0806627596352346,0.0199161258406604,762
-0.073080311035836,0.0203155914262401,-0.0969228896955015,-0.1146078489770456,0.0151703252881718,-0.1201942717717182,0.015237605160883,-0.1236395873940064,0.0201066684280367,-0.1269098760462698,0.0204668315868239,763
-0.1025731502020063,0.0214321401413183,-0.0969171918260485,-0.1159464754540786,0.017183583749891,-0.122167317896785,0.0172742903803269,-0.1288660288602139,0.0405593084012688,-0.1224082267135711,0.0411072887586564,764
-0.1037604062369595,0.0222872282644539,-0.0893570564175398,-0.112383432174063,0.0153600688698488,-0.1173443672026533,0.0153151260429564,-0.1101390340907644,0.0177440721785076,-0.1118482682450659,0.0175328626808594,765
-0.0976256805807926,0.0241792429997638,-0.0705487037156671,-0.0990138471746229,0.0175748091964351,-0.0979366525693855,0.018595770038202,-0.1016876095049267,0.0180753431154294,-0.1098131732172085,0.0179353441043882,766
-0.0776566494504201,0.0223667657509081,-0.082946928240048,-0.0932875234035384,0.0166547429006608,-0.0951133584269674,0.0171547185193195,-0.1050322097056038,0.0206821251784037,-0.1061468019571892,0.0190219992933876,767
-0.0946567839573443,0.0224536068647741,-0.0744945591135068,-0.0975922339073752,0.0169971487070581,-0.1028362731633843,0.017082353896926,-0.1080412234173204,0.0189689691897103,-0.0995938839004959,0.0177930397893796,768
-0.094870155075193,0.0229842143416404,-0.0771408141253912,-0.1030241963230937,0.0155455685218934,-0.1122485659999276,0.0153209973034887,-0.1165491700875965,0.0222600039226936,-0.1031245760093454,0.0203513208445576,769
-0.1202730428072235,0.0200791828291226,-0.0947759101833803,-0.1269596754758609,0.0152929662639059,-0.1345933974293591,0.0153091249907287,-0.1421413703025172,0.0186612367092651,-0.1297688480692733,0.0181438371560404,770
-0.1038608000455076,0.0274795484371001,-0.069229310186345,-0.0966780071983475,0.0171623882438147,-0.1002253886059683,0.0166803955543874,-0.1156594626290314,0.0265347728735692,-0.0890593681640457,0.0189278084508184,771
-0.0857146344403856,0.0212243624746902,-0.0806885876120887,-0.1001158844448996,0.015613850664903,-0.1071510372571014,0.0156126519504458,-0.1113250527371796,0.0221722310361067,-0.0983517184368511,0.0208090507909152,772
-0.1253089634386535,0.0249086764734661,-0.0823973412929669,-0.1136940667954649,0.0162611820772143,-0.1185157748843436,0.0160408019455319,-0.1374372004631704,0.0244449884866379,-0.1157551283979554,0.0220061215231692,773
-0.1213735258405148,0.0206119454768486,-0.0992235996959822,-0.132173354943584,0.0148543619053826,-0.1435709809066975,0.0147012630872139,-0.14173631983447,0.017909933347023,-0.1401229501504275,0.016847184054354,774
-0.1161764291667226,0.0220391761137217,-0.1016334092582937,-0.1207241892017652,0.0158541875876322,-0.1238415634639971,0.0160292736150477,-0.1263326405383525,0.0188406966388628,-0.130699741231925,0.0190602561206482,775
-0.0881821859294858,0.0232184069370199,-0.0740068725909766,-0.0959419233030349,0.0158112178186599,-0.1058116496324929,0.0154351030852754,-0.0970822622989159,0.0185175211683616,-0.0963139947289009,0.0175788439978263,776
-0.1229482989243322,0.0236349662636941,-0.1028684985047297,-0.1238270493117978,0.0169288145703215,-0.1272875565075306,0.0178351467279725,-0.1225296286518368,0.0235374340758488,-0.1328501631421438,0.0185032120566824,777
-0.1541553423008392,0.0294603203458454,-0.1088356536774763,-0.1452764428480889,0.0169011605775021,-0.1488724831489941,0.0157461084952725,-0.1450490752727841,0.0185640177638364,-0.1443190571235258,0.0171359753048753,778
-0.0975129145697325,0.0210184154392547,-0.1014278136014782,-0.1072936696283777,0.0180234126404125,-0.1104433264986985,0.017923590413336,-0.0937772227873882,0.0413498166467057,-0.1009277842861653,0.0407962845116154,779
-0.1043672881591667,0.0222183603719613,-0.0999837003572431,-0.1142658928575343,0.0166394851085536,-0.1203421216928668,0.0167269241802991,-0.1238578499359801,0.0342136963251749,-0.1193190034818406,0.0341570710243734,780
-0.1077746322129349,0.0207872290739876,-0.0888157020299161,-0.1178584660276589,0.0147322138108682,-0.1292838265107517,0.0146270672946963,-0.1195969040109971,0.0168362832651751,-0.1278193298216906,0.0165289941079184,781
-0.0895226537529867,0.0218917417012318,-0.0788696550036559,-0.1068574438601991,0.0171860295598069,-0.1179914878500142,0.0169690655700978,-0.1052447337342746,0.0209407994060524,-0.1170421025765593,0.0203300128979686,782
-0.1027298567819166,0.0262359266548836,-0.0834097702369446,-0.098020562199714,0.0171461442558935,-0.0997246689850706,0.0166258486671163,-0.0854267594950891,0.0317552600655134,-0.0994501027628855,0.0360787672230188,783
-0.112985855528161,0.0228778695414274,-0.0843151900550688,-0.1102681717995187,0.0158211380866647,-0.1139875732847224,0.0156710716523007,-0.1180000250289998,0.0182078278713769,-0.1075484707450373,0.0172501621357628,784
-0.1237007702975556,0.0235727778745998,-0.1013419637044923,-0.1239446691264955,0.0156069696916815,-0.1295845469100378,0.0154726069534902,-0.1322315841951233,0.0164843765799363,-0.1382265642230737,0.0165587751140051,785
-0.0894571550894285,0.0219173892052565,-0.0811369447709648,-0.1014917182374006,0.0155604921987443,-0.1080327155475306,0.0155573733810436,-0.1237216528369676,0.0216736303131569,-0.1006778233709781,0.0179880949724947,786
-0.099402178112885,0.0236357788922653,-0.0740015880242167,-0.1018961142933728,0.0162440893567637,-0.1118907405810303,0.0159103352876992,-0.1136620053557086,0.0186489810725901,-0.1062555673446892,0.0178511245017487,787
-0.1262730916666352,0.0228059341282584,-0.1104766832921673,-0.1362392771596489,0.0157520545477694,-0.145352505066055,0.0155798818131923,-0.1367060300810545,0.0194300425029697,-0.1410589412657278,0.0194397431107685,788
-0.1182642904836887,0.0206816466153645,-0.1042796070864268,-0.12396301844379,0.0155437590446369,-0.12988877894865,0.0156056529995142,-0.1286207781053308,0.0213680570229546,-0.1248427806493571,0.0221318601588813,789
-0.0850347463444885,0.030924968843965,-0.0418593852946264,-0.0753776105460502,0.0188364534038426,-0.0774413560391114,0.0167015411170407,-0.0879269757054048,0.0203046326103084,-0.0786962722254202,0.0189023183765474,790
-0.0870116167464277,0.0213757299184084,-0.0563920656546398,-0.0840281475293332,0.0156306290804668,-0.0905235867350137,0.0155621039674268,-0.0931714191745931,0.0179815072986708,-0.0941830344710658,0.0173784788388423,791
-0.0575256323506393,0.0219865777327005,-0.055408404025088,-0.0770810234870767,0.0167314064640019,-0.0862899110505697,0.0165319767782215,-0.0702891977102932,0.0201832996314787,-0.0714154494512106,0.0199751377753304,792
-0.1074446593315898,0.0224196949448974,-0.0837195768181341,-0.1168838675949939,0.0153707602698308,-0.1245738890923721,0.0152148005084347,-0.1095329144539858,0.0174684205913307,-0.1286335653763579,0.0190409448079602,793
-0.0890069606818016,0.0237806361530768,-0.0799924963778287,-0.100557260247726,0.0159349098623888,-0.106712382044056,0.0157270588382772,-0.0985366777343222,0.018333685896157,-0.0993406102094287,0.0184867909433189,794
-0.146835581480048,0.0232000612999991,-0.1187390654477473,-0.1457583492673589,0.0151022270750269,-0.1533037922733156,0.0148894547305358,-0.16035930566159,0.0185950749602438,-0.1521440874888684,0.017203408473305,795
-0.0845564203365037,0.0204280655088744,-0.0777939741216429,-0.1013442285072335,0.0150439240624191,-0.1113335707336191,0.0149864979598966,-0.1091937723931989,0.0184083254829654,-0.1029617503990977,0.017873039623208,796
-0.1003070480459933,0.0207994701070091,-0.0875349908950642,-0.1079932650602547,0.0155163858072679,-0.1176114113805773,0.0155874178088963,-0.1190968466986422,0.0184919792955421,-0.1172484374729337,0.017692405177026,797
-0.0757992858541267,0.0206328698650682,-0.0845473214686621,-0.093238668291062,0.0179151837701786,-0.0962423480672493,0.017855521019283,-0.096959339596271,0.0190268193078292,-0.1045517603452311,0.0186224385213595,798
-0.1054684735818148,0.0226024633839417,-0.0883382130770927,-0.1129280617608105,0.0158700875201374,-0.1225601157325887,0.0157074191602881,-0.1181518777442835,0.0188260372695956,-0.1182397834482772,0.0187259253539256,799
-0.0527491117639088,0.0216770582878383,-0.0455112869311016,-0.0646472891955543,0.0157677738595841,-0.0700425571232325,0.0156219343693675,-0.0829018719091696,0.0248044389050359,-0.0665031817369067,0.0214744834720304,800
-0.0950179774204418,0.0213023214513462,-0.0791330169457673,-0.1011966693629645,0.0185995222175134,-0.1109892878737897,0.0190775803741449,-0.099820339603345,0.0188552974400265,-0.1065274335127965,0.0182612023202358,801
-0.1137419709596539,0.0247496964242903,-0.0899411687357261,-0.1205910162101619,0.0170106506309711,-0.1229538421859562,0.0165298815587743,-0.1351498448009315,0.0219833152159072,-0.1265297857034615,0.0182155088243967,802
-0.115189218265601,0.0221155658397625,-0.0876020663093702,-0.1194341703788218,0.0167226521108654,-0.1264201604218882,0.0167185342809087,-0.1337440154767187,0.022542321114037,-0.1245838804871187,0.0190742228593277,803
-0.0982108169521333,0.0300749857977863,-0.0667059920976385,-0.1024558004678973,0.0165239411433382,-0.1156036571481547,0.0158375718320813,-0.1045810520467367,0.0183582545060857,-0.1046528598914319,0.0178318920155849,804
-0.1237327114310557,0.0222186708602563,-0.1092298777213004,-0.1229726391748985,0.0178964562760711,-0.1249387700734982,0.017892300409932,-0.1259903732407791,0.0203299778026454,-0.1414740078687094,0.0180091748787354,805
-0.1282371806543424,0.0226098502832753,-0.0989970211172516,-0.1337708977995041,0.0146838935743412,-0.1429645387650727,0.0145426348690459,-0.1538477370947517,0.018054509885693,-0.1441373265863431,0.0161292610492709,806
-0.132944810528691,0.024232816861676,-0.1014817548779386,-0.1283856080174374,0.0164085294957839,-0.131271634773627,0.0158317966459097,-0.1203052963992322,0.0185189783028082,-0.1078814686706429,0.0198888345346718,807
-0.0946653615580468,0.0213845892089901,-0.0763470344918352,-0.1066290472573435,0.0161572255008956,-0.1113699585219362,0.0160871857593181,-0.1154166906960128,0.0247717964195592,-0.1164965010203017,0.0209249024781512,808
-0.1224265688980625,0.0215447871254522,-0.0986603073055553,-0.1221544559206729,0.0152334557244584,-0.1270029227321845,0.0151918085914638,-0.1217757132928107,0.0245022370449051,-0.1072638781902622,0.0218002411408491,809
-0.093659006973924,0.0223815799990855,-0.0932344610774589,-0.1095350565172436,0.0167507711172688,-0.116454627848769,0.016717530324601,-0.1043343810788611,0.0228875599251021,-0.1061503426541235,0.0273675307532949,810
-0.1020681193197479,0.0248118963385601,-0.0878287535163,-0.1123360119462745,0.0160436330213261,-0.1249488662890647,0.0158875090229656,-0.1203003663833254,0.0187688669374823,-0.1113443450102277,0.0175796391818734,811
-0.0992369904881543,0.0235625222510129,-0.0788226062778596,-0.1095001231582901,0.0156421832754724,-0.1199372414321943,0.0154371203953844,-0.1191681285699509,0.0189498161800241,-0.1146483122757585,0.018332326283654,812
-0.0828505499252535,0.0263394371240267,-0.0632596616981053,-0.0770913863534239,0.0167936624688898,-0.0847346176029403,0.0169436129520579,-0.084303598958586,0.0174427451110876,-0.0880505890951929,0.0174826080546545,813
-0.086883313313204,0.0217686374167983,-0.0794884474877983,-0.1066002280890193,0.016387222663326,-0.1168104701555675,0.0162738162644088,-0.1062438544414115,0.0193445340865268,-0.1011312878267486,0.0265243484724494,814
-0.1063369031012806,0.0217881887083858,-0.0923409587065733,-0.1156220818540494,0.0163749701682084,-0.1190194723898107,0.0163727387346581,-0.1181839414163837,0.0176394163860401,-0.1213372959234958,0.0182315402954543,815
-0.097134211996908,0.0235040292843963,-0.0890500157898726,-0.1032643789178528,0.0166650529860409,-0.1092295881686908,0.0164851092095261,-0.0840080600945848,0.0295927262595149,-0.0945847206017099,0.017299073306962,816
-0.0877956597792835,0.0237070779195058,-0.0722564557367828,-0.0918003575279684,0.0163291714635508,-0.0976459756448019,0.0161783565764406,-0.0933938621102853,0.0186201304260775,-0.0930862381398629,0.0184459056728541,817
-0.09468247968053,0.0243616263261351,-0.0700283084461495,-0.0925166253356359,0.0163977494724879,-0.0973662524953956,0.0162528595384511,-0.1139340610819368,0.0232176480703677,-0.0945704344987182,0.0195858912807458,818
-0.1240159048960747,0.0213211044965424,-0.0952192016730923,-0.1254885399400428,0.0156814553629446,-0.1340798946372739,0.0155949030261473,-0.1387322930717886,0.0187968590233296,-0.1375546720635949,0.01752210258906,819
-0.0791521704295471,0.021947870450084,-0.0659876556884723,-0.0750276657755001,0.0205537732403514,-0.0775431467087022,0.0206129038005519,-0.0777670679597688,0.0219056863828422,-0.0847672490574651,0.0200138009313691,820
-0.1136165911389294,0.0215897724129694,-0.0902036139013344,-0.121087081023752,0.0166515186793059,-0.1274334956052688,0.0163095542098041,-0.1231257430403367,0.0182374519089116,-0.1157165543351455,0.0179827836891975,821
-0.0761458038053758,0.021723964675391,-0.0655627722521353,-0.0843895606885954,0.0158025378833207,-0.0899120872333646,0.0158430025197937,-0.1053898334572866,0.0206021893717021,-0.0980861117627126,0.0183725612096663,822
-0.1275392218537755,0.0299659337590074,-0.0821851246619128,-0.113619528344164,0.0164311923161604,-0.1149428783604383,0.0160546836104934,-0.1137586312994488,0.0188914501367496,-0.1130663761872179,0.0175163747766028,823
-0.0954015698146531,0.0225079823828367,-0.0771056926071844,-0.0992310062367335,0.0201581728649198,-0.1026038033065689,0.021097132661481,-0.1290134859464102,0.0249793967857155,-0.107277934854689,0.0183853285686125,824
-0.0673651539120171,0.0222051726118391,-0.0512556515752489,-0.0753194854519994,0.0158669133608887,-0.083720510336567,0.0158194675324263,-0.1345204466126308,0.0347552875752814,-0.0754871809108,0.018398821443015,825
-0.1209675124507736,0.0218730368393524,-0.0979613387900435,-0.127569713076812,0.0153743163911318,-0.1339053574733215,0.0152754740965496,-0.1594858720193079,0.0233581291787793,-0.1392949135493937,0.0170228307091327,826
-0.0896340444445562,0.0217605044398776,-0.091512592561649,-0.1151805680255208,0.0151312183755467,-0.1239435420268267,0.0149717014141723,-0.1168160193600843,0.0191301167512431,-0.1155890334176496,0.0177068704879886,827
-0.0959811467024471,0.0216731965046258,-0.0891417500069668,-0.1124058122346754,0.0157316908163275,-0.1183583042704696,0.0156522340691828,-0.1122757628071621,0.0186777063545618,-0.1099510814793158,0.0178348454280239,828
-0.0977504545513186,0.022684438916052,-0.0748794017255158,-0.1073923307231693,0.0155048418006132,-0.1193191068354206,0.0153862069345531,-0.1209897748019028,0.0208154123750376,-0.1236320566732999,0.0195038233355143,829
-0.0985042796496879,0.0228858621372606,-0.0814377361020816,-0.104013766195508,0.0155015655806692,-0.1148144022133094,0.0153285592579944,-0.1101298427025534,0.0190151794812853,-0.1101142515484309,0.0183794082271616,830
-0.0574527000615409,0.0218179116674198,-0.0632060127879441,-0.0711879408947579,0.0179435702089449,-0.0735837212338109,0.0179915337762992,-0.0698267322403489,0.0240575748426568,-0.0662337437339286,0.0223028590467961,831
-0.1108845858733031,0.0232516188440539,-0.1066250788448988,-0.1217751185205012,0.0156698918910651,-0.1289985885122945,0.0156954776036037,-0.1358940869725592,0.0183419855134302,-0.1298795071728475,0.0184359155243096,832
-0.1082465252925075,0.0235660076869224,-0.098636465668497,-0.1184871339134752,0.0173711812861834,-0.1231916772428491,0.0173349003805986,-0.1318372231683199,0.0216220856782942,-0.1192099653070822,0.0188861016205118,833
-0.0725129821192454,0.0224284031768695,-0.0548408617944091,-0.0786040099746147,0.0159023383276364,-0.0869638341009624,0.0158148164034644,-0.0884732566486422,0.0198309483366889,-0.0854351346214572,0.0181266577527788,834
-0.0765308991877341,0.0220778194521599,-0.0489431266146525,-0.0786756229569374,0.0156611022376092,-0.0831305030579886,0.0155107219044927,-0.0753745336765587,0.0209698160719053,-0.0831107443219707,0.024570493027818,835
-0.1087141093252277,0.0247014473244434,-0.0882713370189516,-0.1265563795685049,0.0183428204334701,-0.1357431770308484,0.0156419901366425,-0.1223015761277896,0.0193899250801799,-0.1202599071204015,0.0186788183497312,836
-0.0938340760719404,0.0239376183470873,-0.083283844663784,-0.099405121364278,0.0162198399485951,-0.1054828781463685,0.0161301735933421,-0.1401323905148206,0.035644108776926,-0.100960319292322,0.0275008215438476,837
-0.0949046540624118,0.0241572463309667,-0.0724084035235563,-0.0958537656378362,0.0159657076126345,-0.1003382073102246,0.015848691419529,-0.0970637961704786,0.0192342290652603,-0.0969005668071695,0.0200439997421693,838
-0.1302375367730411,0.024470599926797,-0.1030612075364335,-0.1397077728172541,0.016299169157381,-0.1505078420999083,0.0157288692483626,-0.125000842571541,0.033131152698553,-0.1431292906541959,0.0277992067847146,839
-0.0732406124385467,0.0224687664515003,-0.0674961596061923,-0.0840733923492757,0.0171057256579839,-0.0870715976424083,0.0170688953140671,-0.108025425608666,0.0215407461884488,-0.0960636223774348,0.018610008349389,840
-0.0857762476160657,0.0222454544954165,-0.070347816115789,-0.1003599368096706,0.0159292642069802,-0.1104967022288773,0.0158175496221792,-0.1080230581401594,0.0178522847856557,-0.1143427537237664,0.0174844961988985,841
-0.1053483385038064,0.0289189391057662,-0.0761920145625294,-0.0994493545438698,0.0157945214767133,-0.1065253091513006,0.0155500505548564,-0.097677548540542,0.0183470123592794,-0.1012587832831215,0.0193699769565712,842
-0.0760337339259847,0.0219576039361129,-0.063574550349948,-0.0760287807642082,0.0187945022318451,-0.0810492519513705,0.0187485719670423,-0.0554421783487868,0.0352793610894141,-0.0834380097541874,0.0185920750478866,843
-0.1041989040239425,0.023456140450156,-0.0819252724042299,-0.0969786030177391,0.0199317425480577,-0.0983772003608841,0.0203891828332387,-0.0992156546952434,0.0200014915940089,-0.1133959878337123,0.0188728225756917,844
-0.1019415613740445,0.0218969404105684,-0.0783286700490885,-0.1034835928038408,0.015687974601586,-0.1096025920894975,0.0155927939511015,-0.0881668088565174,0.0333851688397284,-0.0993111414242894,0.0321404991460188,845
-0.1232128916627275,0.0207226703028302,-0.1020678634183158,-0.1291758552479234,0.0153897622875598,-0.1378900246240042,0.0153595351314127,-0.1240007922950601,0.0211266230408073,-0.1363791471813064,0.0202553052089385,846
-0.1304380897896764,0.0205741808229608,-0.1092982951551532,-0.1369372786678006,0.0149755455672405,-0.1430465203059601,0.0151112497285798,-0.137379027956369,0.018768909915343,-0.1396140900456511,0.0184396831495609,847
-0.1122583335581606,0.0263682348173331,-0.0759415058736214,-0.1065432635252894,0.0165291765794848,-0.1142255847550141,0.0158881664338326,-0.1234754781067351,0.0208398027042957,-0.1135911759759582,0.0187910336651345,848
-0.1386145429558267,0.0224804357209852,-0.1166917360023803,-0.140633487004789,0.0156340299055711,-0.1457553537770681,0.0155549844322467,-0.145220494928557,0.0189090581771258,-0.1445378059329165,0.0189392397955865,849
-0.1005779028360573,0.0212373466908663,-0.0908624022010615,-0.1108227540274771,0.0155128787235625,-0.1175002057029476,0.0155155423502536,-0.1267497951275995,0.0191470446416979,-0.1220472213202823,0.0184849722425602,850
-0.1164869650238877,0.0229216975852462,-0.0939459250260567,-0.1212215052461495,0.016455540720287,-0.1256987225340117,0.0162790463113056,-0.0806674045621381,0.0389379313508667,-0.1219994667895259,0.0329625071080655,851
-0.1069381569045498,0.0232087702093543,-0.0877482726426319,-0.109669428077563,0.0161455806242502,-0.1126817097954306,0.0161034326186682,-0.1193246041658555,0.0194254710204293,-0.1149385167782591,0.0188150930166754,852
-0.0755045679601871,0.0211708190454635,-0.0793365231829159,-0.0851283465054768,0.0171763156360151,-0.0904767048788553,0.0172207912842722,-0.0690558908108772,0.0343039269686641,-0.0831367104611262,0.0284184082799024,853
-0.0896369401862769,0.0219543397639754,-0.0666071625453214,-0.096309990290799,0.0160939589775368,-0.107436594498314,0.0159399473079237,-0.1010835055158831,0.021012422139607,-0.1071283734688695,0.0211204478972413,854
-0.0912599985986387,0.02308938351415,-0.0678769074908391,-0.0910410417840789,0.0166888686016038,-0.0984650883331925,0.0166443958644104,-0.0963965309954007,0.0197990006667217,-0.1009797166758056,0.0186260391188978,855
-0.1352024388066713,0.0202366036297564,-0.1140743153085698,-0.1396445810130808,0.0159597162108631,-0.1461428115705149,0.0158731441292228,-0.1569676105699183,0.0208585215864395,-0.1443368126397245,0.0167156976889022,856
-0.1155313004233744,0.0206196772675954,-0.1050096764398609,-0.1311575857197398,0.0151385573710112,-0.1434148867896731,0.0151484821925348,-0.1436290853607049,0.0191852708567176,-0.1364844207303645,0.0190005491739186,857
-0.0926264452657904,0.0224476398112589,-0.0759436659793714,-0.1004496871272931,0.0176922810969497,-0.1063836538068929,0.0174524900416868,-0.1076014592222382,0.0195455323532899,-0.106988226576002,0.0188681832196441,858
-0.1035645719932796,0.0224543477746865,-0.0770953488035538,-0.106015986146088,0.0157579131857744,-0.1143318867372061,0.0157626215354155,-0.1021474058219392,0.0201883575247053,-0.1113587391727522,0.0200276970319578,859
-0.1303240112309966,0.0227321092074233,-0.1070525291727637,-0.1282061261380573,0.0173288743199076,-0.1316920654659263,0.0172264215110427,-0.1344419071335384,0.0195018272408393,-0.1406794260658674,0.0190473922059242,860
-0.0836995171332885,0.0277150562601448,-0.0580586772694525,-0.0669665449700585,0.02430926983988,-0.0698015578299351,0.0240265067341341,-0.0943865032145591,0.0213703160686077,-0.0762112629659639,0.0196025273781209,861
-0.080219657918536,0.0230315415336109,-0.0679549007371267,-0.0908334220180176,0.0159991688845688,-0.0943827965128935,0.0158688026802095,-0.0969997304803784,0.0198371508922699,-0.1012682623565274,0.0194793800229322,862
-0.1190973647485446,0.02349204098701,-0.0819851123785205,-0.1130522546126245,0.0157132566347462,-0.1196049279759236,0.0154148920998176,-0.153172828587431,0.0368167519663801,-0.1264969701265186,0.0221752667639847,863
-0.0995442135625662,0.0228321985510006,-0.0825340029159261,-0.102865371620558,0.0164673714067914,-0.1077423242561296,0.0164707657047261,-0.112109582549574,0.0185382012241561,-0.105148484356322,0.0180860684632132,864
-0.1486503047459713,0.028060442419326,-0.1091414659109352,-0.1439404044869049,0.0165802173860543,-0.1464248833037623,0.0158817956603488,-0.1539918490154507,0.0175185591768504,-0.1408094401990001,0.0164177006446259,865
-0.0968665402744196,0.0214069701743617,-0.0896648824180891,-0.1075496807004691,0.0165807037986345,-0.1097635105379845,0.0167831888714541,-0.113344358141,0.0177648116648683,-0.1098329537453385,0.0181230960665333,866
-0.0564031710011954,0.0205533779829137,-0.0642258498102343,-0.0768339628445444,0.0158048200477355,-0.0823334760180678,0.0158258014702623,-0.0672722515987257,0.0215490968121619,-0.0697305862135659,0.0218562992747056,867
-0.1356557356605889,0.0221076270232203,-0.0975220162933283,-0.1280032881301536,0.0161692839468807,-0.1305967724550761,0.0160676160812571,-0.1308959579491004,0.0192995422297637,-0.1294500947326722,0.0189597349947735,868
-0.0617398780631408,0.0240970720545081,-0.0734996431083405,-0.0723613390213002,0.0287422849697953,-0.0777995435193251,0.0229129604092973,-0.0787757179481568,0.0353963898196335,-0.093719155987063,0.0177807485866046,869
-0.0926088591125628,0.0212950071819193,-0.0786185445601484,-0.0985474478302956,0.0163008994115144,-0.1071036603973463,0.0164100929921361,-0.1024566677899648,0.0186462569686903,-0.1051411216426567,0.0173878663865817,870
-0.0897367481476704,0.0198198265027677,-0.0897281963442734,-0.1038604315758043,0.0167418532760778,-0.1083094153273388,0.0168363527031476,-0.1050207437615429,0.0198941255633116,-0.1018123196749676,0.0186297854361305,871
-0.0972514059001189,0.0241653575575372,-0.0797204671458388,-0.0994716820555099,0.0165940850543158,-0.1032920257331066,0.0163538938373427,-0.1078379321613983,0.0238608667705771,-0.1069154079986661,0.0247491970241356,872
-0.0800957714692395,0.0224877952176155,-0.0586804899387224,-0.0823893396624039,0.0159963147728666,-0.0885088879561169,0.0158534580507767,-0.1032741615613571,0.0189367743462402,-0.0937338329752742,0.0172352871092649,873
-0.1123746334400285,0.0239145029270086,-0.0935960215751507,-0.1155169032965256,0.016081664731617,-0.1210934745833118,0.0159320033012948,-0.1080650587827789,0.0201761593580676,-0.1127870144590516,0.0179408002834809,874
-0.1131841091281493,0.0213443712061032,-0.0993517074150922,-0.1197510827213933,0.0165262800865466,-0.1268920014339598,0.0166710564714354,-0.1181673272959631,0.0333331310936495,-0.13142462051777,0.0285030493172936,875
-0.1224051337752392,0.0262445359285454,-0.0899477453676107,-0.1306604567287194,0.0208188157315831,-0.1236377878623404,0.0156615518155372,-0.1150641217771091,0.0178781621974064,-0.1245905514676428,0.0173507489430974,876
-0.0928287938509482,0.0222601989908768,-0.0782968000928086,-0.1035653471544075,0.0173082226963415,-0.1064162440194084,0.0164287167331564,-0.1068695174286591,0.0187490103226564,-0.0996692217465513,0.0191128238673178,877
-0.1205521865078986,0.0218799164757529,-0.104127580899443,-0.1227194952807262,0.0163796447137391,-0.1281485724358282,0.0162065266598237,-0.1207539262723154,0.0186753898126248,-0.1242382268302076,0.0185427396194045,878
-0.0942781670281122,0.0217189770506531,-0.0751065265954535,-0.092180068530299,0.0165149568250793,-0.0953997906957094,0.0164987471979198,-0.0920826151143932,0.0188926049716204,-0.0970942101936122,0.023093583371371,879
-0.0844588367634834,0.0216589318496647,-0.0678284263839694,-0.0799408609042972,0.0185904457352912,-0.0823637733384934,0.0183965080617201,-0.0803397858047555,0.0218305433926771,-0.0885699285184433,0.0211999579175083,880
-0.1087913458088934,0.0214060232974673,-0.1076726123843037,-0.1251234080201896,0.0162865074167993,-0.1331883383828669,0.0161450616577127,-0.130525350997784,0.017968785096259,-0.130855369091004,0.0177710038711229,881
-0.0611479155541047,0.0216629810623791,-0.0849167739057127,-0.0800915865810204,0.0225351515912343,-0.0758207122257945,0.0207222509212793,-0.0660600373496571,0.0278354875158242,-0.0841492467852494,0.0232501037556881,882
-0.1022783690994524,0.0233269347064341,-0.0784206897509721,-0.0991973236790269,0.0179759324212972,-0.1003068218428301,0.0178513117065311,-0.1338997892557443,0.0352840320675387,-0.1076415520254415,0.0246521027556447,883
-0.0817497190283898,0.02165740360515,-0.0900020455207608,-0.1000402221774729,0.0165625608962909,-0.105169559316742,0.0166103923062997,-0.1165842198674667,0.0238326181441026,-0.1089369477753802,0.0212911945491574,884
-0.121664434464362,0.0217923263162427,-0.0939466710132761,-0.1286866695892748,0.0158401612976836,-0.1358553340703647,0.0157006297479466,-0.1378984044914155,0.0168884465938283,-0.13645293695553,0.0169574782959453,885
-0.1092457739257904,0.0218203829870004,-0.1015415659746834,-0.1172062896180426,0.0154444457421559,-0.1240012455124144,0.0154088126372724,-0.1061447868967605,0.0229426290701759,-0.109537136342223,0.0204583659046726,886
-0.0854321432528633,0.0231250714003332,-0.0666058399764276,-0.0971216471257035,0.0172637479875697,-0.1023485246310264,0.0169434427691235,-0.1072404088383735,0.0202829435862848,-0.0966089444679241,0.018547000533405,887
-0.073829074178461,0.0213762249572185,-0.0702033065030653,-0.0852116287130243,0.0173911773804865,-0.0895627373308964,0.0178467040475689,-0.106354835869658,0.0232471364327325,-0.0934580538458638,0.0212029274472057,888
-0.1197037507794152,0.0247392757066486,-0.0999841545948403,-0.1236126808570733,0.0189054001415682,-0.126996043001629,0.0192704648482401,-0.1544152948478517,0.0309135236536025,-0.1295247539187278,0.0201226250929023,889
-0.1226555562280777,0.0238221645150788,-0.0908986764860841,-0.1178610637814431,0.016402736073686,-0.1228884688930163,0.0160390452343631,-0.1440135547075623,0.0205207748598495,-0.1322067624269757,0.0177498612715386,890
-0.1287347059650685,0.0237540708193355,-0.1024933895263609,-0.1305366894237198,0.0156528277914004,-0.1376836086663584,0.0153904362747333,-0.1504439166792286,0.019261676945222,-0.1367580092884237,0.0175399010455579,891
-0.0868223589583468,0.0234378063679844,-0.0691691220436623,-0.0999974203926827,0.0191115407661882,-0.1014820693040127,0.0178003466007377,-0.1058586107498122,0.0204006039737203,-0.0844901352258812,0.0182092268347474,892
-0.0971203472140685,0.0202892263080972,-0.0978822444460696,-0.1159460743615392,0.0151435849314763,-0.1258464571960365,0.015171311490424,-0.1122550010681123,0.0254407201636678,-0.122884721351712,0.0199375714924154,893
-0.0333029171212987,0.0220112376586574,-0.0408670605125793,-0.0556002777446421,0.0167516096796878,-0.0607918333999748,0.016756115874493,-0.0664361857766585,0.0243652308857816,-0.0581185550228339,0.0239959932797438,894
-0.0699052525935809,0.0246192775403023,-0.054438068993151,-0.0755426702999726,0.0171255992132981,-0.0815048664021928,0.0168938628177409,-0.0740120927030807,0.0196030878869048,-0.0787801563564742,0.0200192093988468,895
-0.1082379334817858,0.0219740589129798,-0.0871928807272407,-0.1154261011634039,0.0157072532058338,-0.1242370179675596,0.0155123983587879,-0.1238889382352002,0.0194177075545387,-0.1149630263918588,0.0179333392998637,896
-0.1113605733724684,0.0264140750190363,-0.0871864233674155,-0.1151235427497016,0.0164317732192156,-0.1184999495636105,0.0163047229092809,-0.0977341311794376,0.0195159349744901,-0.1137750232049801,0.0190898428304466,897
-0.1207931363194965,0.0235291402841496,-0.0977380277917321,-0.1228528220890085,0.0163053102085723,-0.1276256332771003,0.0165825447183827,-0.133420257965577,0.0296119601089983,-0.1003717626607007,0.0314308841612078,898
-0.1083670419985097,0.0210596457450814,-0.094675789124423,-0.1147539567164101,0.0160470155685792,-0.118627399501173,0.0160208422539478,-0.1265428896572583,0.0196359393178201,-0.1285255886723747,0.0194955386285155,899
-0.107718825463532,0.0217041562446988,-0.1062440845736038,-0.1227626662496264,0.0158823958251571,-0.1265969557523711,0.0162522936505149,-0.1314089552617846,0.0172438257242289,-0.1325559986457788,0.0162051737172236,900
-0.0437522704401531,0.0210919785736014,-0.0511012295635749,-0.0661333569451787,0.0159523074832464,-0.07300689302338,0.0159599839793476,-0.0834420059853662,0.0212463406866294,-0.0870738432269379,0.0197427222781104,901
-0.1088526911314043,0.0221733983049857,-0.0933690684158212,-0.1190236844890393,0.0153399151082547,-0.1274600472162903,0.0151818774966845,-0.1201373963907136,0.019803578236321,-0.1293513244619064,0.0211439431322246,902
-0.1139016947375984,0.0270699359862518,-0.0828055455846171,-0.1086323301010461,0.0165369575996041,-0.1121614392488028,0.0160532642658869,-0.0967419346889351,0.0201302452349317,-0.1021415258428047,0.0190034830637134,903
-0.112647441576043,0.0225063128860544,-0.0964654960223812,-0.1160545936533315,0.0161429510982389,-0.1194301434296904,0.016190955492525,-0.1217966832892789,0.0201007479487415,-0.1081824839073421,0.0211417434957555,904
-0.0685501447674373,0.0242415926239186,-0.0678843851947919,-0.0754517866823962,0.0173469572043912,-0.0785469202848211,0.0173433595997999,-0.082504662443362,0.0213762075971132,-0.0767002348964419,0.0219484816777089,905
-0.1152011338272465,0.0309707665113818,-0.0954785639336096,-0.1173214518021538,0.0155456081486276,-0.1230595319221332,0.0157586290364048,-0.1362863195752178,0.027726710013697,-0.1326787742798666,0.0313290839998967,906
-0.0961745088352205,0.022201989041323,-0.0823184746496213,-0.1061407898418675,0.0155399822466803,-0.1121593719543965,0.0155835070427763,-0.08982280481667,0.0326808227564375,-0.1051917612018028,0.0293815650129496,907
-0.1003824323640889,0.022882034002627,-0.0796577561040825,-0.1048673526160293,0.0158991422327139,-0.1105302437222939,0.0158717921207578,-0.115557802470578,0.0189479859200548,-0.1133841834845603,0.0180930932253814,908
-0.0797733264240828,0.0211871780232256,-0.0698678269582221,-0.0842371380884039,0.0153267180528848,-0.0949093891356038,0.0153567815044129,-0.0995064436767067,0.0200386502494749,-0.091282137878243,0.0188862610999825,909
-0.0957557228076665,0.0234897128110915,-0.0867777478111226,-0.1067589184507378,0.0152285393096925,-0.1146213119556425,0.0151706483486956,-0.1242909168756118,0.0188768188299821,-0.1142721741839747,0.0179268957244073,910
-0.0912471333813649,0.0221999099989567,-0.0840126252196051,-0.0972098967093634,0.0184811517559886,-0.100604143320572,0.0183841463980297,-0.1244225338948192,0.0217761343470703,-0.1029566766057108,0.0181060531771677,911
-0.0896405993284247,0.0224909499124995,-0.0851600157345316,-0.0930991881933398,0.0212185852022968,-0.0944447884500283,0.0206697564302047,-0.0825135206186749,0.024631496154829,-0.0997965672975056,0.0202692109581013,912
-0.069350022571319,0.0217770739643563,-0.0783789261590257,-0.0817023768755245,0.0179107782545365,-0.0844772429568678,0.0178952309141318,-0.0615336289949773,0.0285985671203855,-0.0681974893204995,0.0275760780863255,913
-0.0921086524834644,0.0219219499713745,-0.0993253233533341,-0.1159462022382163,0.0157947719467161,-0.1231057730327827,0.0158180961721036,-0.1177750784632891,0.0200238984167991,-0.116421068268963,0.0195021891826979,914
-0.0928462850733636,0.0229739680854914,-0.0753453549912623,-0.0988774998556815,0.0161133216570469,-0.1049372750810696,0.0160409598001614,-0.1058794046625174,0.0189296946543538,-0.0907919127714467,0.0185129120773415,915
-0.0947542362363918,0.0252576562451535,-0.0874387247300383,-0.1087509817451562,0.0158545299602719,-0.1188126371964024,0.0156803267204063,-0.1255262618449205,0.0207401046778262,-0.1058817943248602,0.0193695842437631,916
-0.068751780715259,0.0301401171713798,-0.0489638678379301,-0.0669815166686335,0.0173155385099134,-0.07177403293683,0.0170375002269869,-0.0703707737918096,0.0203918267448896,-0.0532190656534427,0.0189183647387692,917
-0.0957766288943617,0.0217632641924785,-0.0896528312430071,-0.1101205714300315,0.0161171553555487,-0.1148780796624822,0.0162348717285967,-0.1201114382150699,0.0229379735523716,-0.1130772372494846,0.0192147153055802,918
-0.0887457493182593,0.0213198699890875,-0.074045885903296,-0.09117788270542,0.0166304833556069,-0.0974485471893888,0.0167829545449843,-0.0922069039944252,0.0182712631659942,-0.0824271901635103,0.0197923302964786,919
-0.1024095493620613,0.0215110930088743,-0.0948823269426167,-0.1153153875880541,0.0160443414783172,-0.1205586400188531,0.0159947123996569,-0.159100763310851,0.0265761980097965,-0.1011051628586491,0.0210838177659085,920
-0.1085447004517229,0.0229399391267728,-0.0837918262547584,-0.1159251528205693,0.0154340278382641,-0.1241004578020007,0.0153048086945234,-0.1184591304996678,0.0231940065735068,-0.1218479020452654,0.0223156450211825,921
-0.0730054989608723,0.0213904104054105,-0.0730359847685399,-0.0935585479737521,0.0152395457234334,-0.1014217462766118,0.0153995222441703,-0.0895122173980957,0.0322808082593641,-0.0900923799474611,0.0311125635419431,922
-0.0990061541236526,0.0237255351037738,-0.068690912972162,-0.1005982842030495,0.0187825130618845,-0.1036336646815618,0.0182929511634365,-0.1187513181975802,0.0212575687843534,-0.1227578711900965,0.0200288747223899,923
-0.1084862594937175,0.0235088719028269,-0.0798584059534667,-0.1141422927018876,0.0154911339724792,-0.1307836892537346,0.0151799622064799,-0.1299339138272446,0.0196257110354596,-0.1262072689567291,0.0187020169183011,924
-0.0957619868530303,0.0229641761621876,-0.0844152761341736,-0.1053740132538026,0.0175204872391736,-0.1135301450839993,0.0173974626514508,-0.0897291235041433,0.0246326983439304,-0.0941888608230011,0.0251939078497209,925
-0.0666498325737443,0.0219934498491755,-0.0668284299215846,-0.0802729038381208,0.016855674901186,-0.0854136400258812,0.017013091455406,-0.0884687097943964,0.0213245047376655,-0.0778357483974746,0.021200101007279,926
-0.0874394011182003,0.0210159840098036,-0.076025033629846,-0.0978704881061427,0.015925714843281,-0.1020832048985643,0.0159561617227854,-0.1089742407056333,0.018610876258923,-0.1127219018751875,0.0186992705943246,927
-0.0713534894808743,0.0242647346948142,-0.0586098234237836,-0.0762722000764511,0.0172003932196449,-0.078424270000269,0.0171781156930625,-0.093257925572553,0.0311836261271582,-0.0910619536836797,0.0213527861754709,928
-0.1000026639672454,0.0230506904490562,-0.070322064443833,-0.0983612650619628,0.0155924213276643,-0.1086159438933835,0.0152974661065299,-0.1008122960280745,0.0198003873096593,-0.1120125113452366,0.0193817955778901,929
-0.1040538428608155,0.0254146511955827,-0.083090097976997,-0.1061067350157803,0.0161195883222593,-0.1114608875188511,0.0160619346510978,-0.1200346069359048,0.0199967883338136,-0.1060239659314668,0.0184309553955418,930
-0.1072619836118946,0.0211876589322445,-0.0997345865237297,-0.1213561891868089,0.0159967268757675,-0.1254249171802582,0.0161283759905144,-0.1173993057229669,0.0202561414657262,-0.1193565605087621,0.0185766844998946,931
-0.144140594376665,0.0205187516655705,-0.1189087654647625,-0.1495249152032245,0.0156538359434108,-0.1565252173586786,0.0155983924151693,-0.1520524900230356,0.0181923027770921,-0.1537595359949458,0.0177580805351959,932
-0.0822541442341667,0.0218371955793407,-0.0695314790323885,-0.0912447299004284,0.0160877639584566,-0.0980816951165516,0.0160988783196293,-0.0927136618792124,0.0213218656967284,-0.0882831806382683,0.0188112736365934,933
-0.1313645634787176,0.0246732737745965,-0.1066964349618385,-0.1367660637032576,0.0152929656383209,-0.1449318754230789,0.0151213003484285,-0.1458859615155498,0.0164533756641149,-0.1460287379983652,0.0163561749862077,934
-0.0814231983491009,0.021268014622347,-0.0853928719482382,-0.0988050758286173,0.0157071000758218,-0.1028168961806484,0.0157523116986324,-0.1208196928620022,0.0305414254751646,-0.0957723447906419,0.0199876159017953,935
-0.0867717357981183,0.0221289359032656,-0.0736257268839134,-0.0994011052816315,0.0155705601282339,-0.1079126207569219,0.0154757612462686,-0.0968084546713896,0.01860912707841,-0.0923921682146589,0.0180560589998876,936
-0.0649308147331959,0.0231846111532258,-0.0590353707147373,-0.0729894583944438,0.018075105042291,-0.0761657412459147,0.0181173369297739,-0.090779757807752,0.0207755155845568,-0.0840362705571332,0.0203619578144202,937
-0.1006743482565051,0.0271074918971301,-0.071911078736899,-0.0977970659229234,0.0162450981975773,-0.1050142261292467,0.0158236086570425,-0.1171694646039048,0.0197539649024125,-0.1100194388744704,0.0187707373339753,938
-0.1196142096567935,0.0241568205663365,-0.0848529255417928,-0.1111723547072881,0.0167684544197021,-0.1109605303790256,0.0174803805855965,-0.1126570714679821,0.0219267976372979,-0.1150332754246503,0.0237662086059824,939
-0.0944401312822938,0.0233468635522687,-0.0605319857799244,-0.1008232971584192,0.0167379271596727,-0.1103236242609594,0.0161632122157733,-0.1120696586817414,0.0210752480942021,-0.0989944910765769,0.0189113866870312,940
-0.1030997407028314,0.0298070180940299,-0.0744557429958471,-0.1023649561359659,0.0170487626470069,-0.1098837694890316,0.0158487880803007,-0.1066023932996467,0.0186016599891983,-0.1132569644556939,0.0193527837093973,941
-0.1354178439407697,0.0219728895533343,-0.1264771097718343,-0.1455346230067258,0.0156607868334989,-0.1525176964010358,0.0162265694973737,-0.1560299890478746,0.0192689978415904,-0.1554557712295606,0.0188452227645069,942
-0.0766655431510962,0.0228927081111572,-0.0768967587223544,-0.0928728069181036,0.0166102123368956,-0.1007693386485435,0.0164063134733996,-0.0904298807959612,0.0198379433554086,-0.0935379464402556,0.0198901430533501,943
-0.1016002468517113,0.0244162330889468,-0.0751615376314152,-0.1007595197256451,0.0163861532362532,-0.1063942792516242,0.0163369598943778,-0.1105728152759061,0.021159254193273,-0.1119232195532867,0.0214287600093922,944
-0.0926957984563364,0.0223572138399122,-0.0800664790559778,-0.1007743701283601,0.0160948067003733,-0.1053010463170373,0.0159832364081826,-0.1049569802559185,0.0238444228991253,-0.1023014341265258,0.024330505704522,945
-0.0894153201992971,0.0218978029103965,-0.0802155695795757,-0.0959034861127575,0.0160290719591878,-0.1014791665083679,0.0160934825960658,-0.1028043474038102,0.0216942819742201,-0.095743482721365,0.0211353431242774,946
-0.1015389410824453,0.0241322012447842,-0.0810389702648886,-0.0963503996412528,0.0175111833627417,-0.0976273324554252,0.0174228287424206,-0.0878659995954904,0.0246873822538009,-0.0939125280782405,0.0219713415653562,947
-0.0933362551487178,0.0224157185807466,-0.0746815105655146,-0.0941428874554941,0.0159214589572936,-0.0987166390658518,0.0157064442030885,-0.11232374721413,0.0224222468585647,-0.0900659101071405,0.0189165748060439,948
-0.0979440687783112,0.0233833965757751,-0.0879054207852814,-0.1105108561735633,0.0154995024504756,-0.1206369243073539,0.0153853688168692,-0.1138272399174166,0.0187122750200742,-0.1136617202144696,0.0180068838416408,949
-0.0983054287742823,0.0211556853406953,-0.0828989385637566,-0.1066168807848358,0.0151926384303317,-0.1126642420073018,0.0151015073161048,-0.1166805948436451,0.0175888562379241,-0.1072501432023761,0.0177557831311775,950
-0.1069404783731031,0.0214015961662199,-0.0835780586306111,-0.1071171580000054,0.0163443313853051,-0.1102567390536787,0.0164245516705443,-0.0948698506391427,0.0225768206903357,-0.105643512926518,0.0198662316237044,951
-0.1116920597896288,0.0222113179400712,-0.0979298027421044,-0.1196200595387242,0.0159704935116114,-0.1259502454777667,0.0159140625816087,-0.1206962846817158,0.0198876833793439,-0.1183346579934724,0.0197770214577477,952
-0.1120629291485035,0.0216391413333945,-0.0936852488879968,-0.1167804203867271,0.0159241265164772,-0.1204225804183709,0.0159730667110572,-0.1360737098265709,0.0199610366818618,-0.1052539101493815,0.0178718337096566,953
-0.0919776401133584,0.0211606873973867,-0.0696160567414022,-0.0939492560663808,0.015831382157997,-0.1004413036977091,0.0158724958351905,-0.1367371376526397,0.0260299916697143,-0.1065565069513806,0.0190362250915096,954
-0.1073034543977628,0.0226226435001378,-0.0847828366890459,-0.1236197367300259,0.016884347201694,-0.13105177914325,0.0156761859522057,-0.1175842475931779,0.0171142758663746,-0.1230467927384216,0.0163886620581294,955
-0.1016406226970922,0.022498357696312,-0.0747853809657046,-0.1038451478729357,0.016034875269566,-0.1067891815204801,0.0161160316383459,-0.1022707852578973,0.018756377833812,-0.1029553578740273,0.0179170218142717,956
-0.1122229900123422,0.0210303582600454,-0.0996421032836521,-0.1304044680021681,0.017139016908055,-0.1338383925145453,0.0174632006976735,-0.1302161166342207,0.0198402509480178,-0.122173738660794,0.0213613821245888,957
-0.1041001702526851,0.0209802809556972,-0.0939929629971138,-0.1155020386820274,0.0156416447243659,-0.1237063341503151,0.0157049879577636,-0.1117251839231247,0.0212468643489847,-0.1328119672637605,0.0238243643642649,958
-0.0969716205250656,0.031612399375918,-0.0706312805315154,-0.0876152087965342,0.0197805007338428,-0.0867415670283895,0.0186230850398949,-0.0815572090444321,0.0187399393700881,-0.0768637824741196,0.0203691452684697,959
-0.1086334352707135,0.0206556431228396,-0.0954549517647677,-0.1217267418496639,0.0159111614961827,-0.1300624324604088,0.0157632932904521,-0.130262537241177,0.0189719496678062,-0.127653244826719,0.0176600639858336,960
-0.0743280351381395,0.0219095070806077,-0.0666327129154281,-0.0865088437273237,0.0162174916721322,-0.0913748598606163,0.0162349051021225,-0.094520595044107,0.0192288348615137,-0.0772318506886,0.0205541830784455,961
-0.0742299601799716,0.0226220430354516,-0.0701924264058928,-0.0905510017886199,0.0161059201089578,-0.0972135644968327,0.0159993987535944,-0.0804140654601429,0.0198937441231687,-0.0812984234552538,0.0197550632403197,962
-0.0851117959251011,0.0217790386822363,-0.0824516704344284,-0.1029521368198449,0.0159891752115649,-0.1086059538160336,0.0159817706622641,-0.0973237500209891,0.0202628763394229,-0.0982503830140304,0.0193633244310373,963
-0.0896381044131111,0.0211332090198743,-0.0848277763481344,-0.1045560276361658,0.0171138562970751,-0.1102934826238046,0.0170155564028163,-0.1229047337782564,0.0211211221764399,-0.1116375473996918,0.0207807404968655,964
-0.0865830071560396,0.0223686990636919,-0.0780076188272853,-0.0937768223398207,0.0177813608976579,-0.0993591194138969,0.0181113336944561,-0.115790912911762,0.0205137510516877,-0.1017037617175226,0.0192466036157063,965
-0.0939695543077408,0.0206884948403156,-0.0879972696499676,-0.111233665316397,0.0160987229254122,-0.1210547393869649,0.0160193735515994,-0.1228816853965282,0.0201485667176617,-0.1204953315742878,0.0199621989500882,966
-0.0822495498281006,0.0220210044155379,-0.0814277334510504,-0.091650960977181,0.0169626953655541,-0.0943317182592173,0.0169881759898368,-0.1012234472102996,0.0190694890655774,-0.1007573719364292,0.0191722023543438,967
-0.1157748404191935,0.0265995560082871,-0.0904710995907346,-0.1264687073230264,0.0173827584764481,-0.1344995632685065,0.0160185818264789,-0.1279356039560904,0.0188206455895342,-0.126700057465173,0.0174295115100738,968
-0.1124122914573837,0.0260656373116424,-0.0782865275346547,-0.1030423165821478,0.0167688497095566,-0.10358374119886,0.0169806631783143,-0.1043405232911486,0.0193774064540683,-0.1080787331667808,0.0182704027333695,969
-0.102782842886043,0.0225254480523068,-0.0929014985046157,-0.1125661784981444,0.0164381034702178,-0.1148030697971343,0.016855046145666,-0.1340247783749967,0.0201503022043783,-0.1259413546138074,0.0184152453288241,970
-0.0811269941210621,0.0203885508844186,-0.0773535471558618,-0.1014733723945789,0.0151067708658524,-0.111218309771209,0.0150044054096796,-0.1490091299165925,0.0370649465475207,-0.112268255537496,0.0203631027440446,971
-0.1111851606370762,0.0296528496534879,-0.081817349714598,-0.1004565606586404,0.0206700814175416,-0.1025160701267746,0.0206670117951256,-0.0900440640074614,0.0318369090960345,-0.1045891370189649,0.0180154284785922,972
-0.1212057285418137,0.02112040449896,-0.0887053901042612,-0.1231107245040499,0.0166835666505866,-0.1296797403518803,0.0163300157873063,-0.1574398428726292,0.0280524861983419,-0.1389874328577057,0.0255811325084181,973
-0.0714574257892783,0.0227096543827296,-0.053820199529013,-0.0735390382922765,0.019186183674893,-0.0800433044625974,0.0196176105158401,-0.0835819923462749,0.0180977911535551,-0.0808313065528098,0.017852456630583,974
-0.0678971582320848,0.0226383484365396,-0.0525180029713489,-0.0747965691516071,0.0169199686277506,-0.0765068331334749,0.0184195985832439,-0.0818463455193419,0.0184453096792894,-0.0829710065916613,0.0188154094299243,975
-0.1130195130837827,0.0224913351640129,-0.0847760880812728,-0.1165102604658526,0.0164477882744907,-0.1215851037395956,0.0161855143736005,-0.1211866830102046,0.0197803552090906,-0.1176343121596195,0.0195432070780829,976
-0.0790931813718595,0.023541542238145,-0.0754903545561893,-0.08766027346748,0.0176459216424717,-0.0899132778075742,0.0179269982599482,-0.0810099219104526,0.0229183511743808,-0.0964723977458387,0.0181708156428519,977
-0.0674739706716471,0.0233064962261524,-0.058194693474955,-0.0685287038019753,0.0183274152792288,-0.0706423923606155,0.0185367914134407,-0.0857710692765783,0.0204845416976779,-0.0794963172665413,0.0185669770077889,978
-0.0496797815300626,0.0217637580239957,-0.0409755746519546,-0.0662710100564048,0.0160268364239525,-0.073101390534167,0.0164555628387274,-0.0748034655770594,0.0193032412317581,-0.0761584076355247,0.0180585643095297,979
-0.0940830082189197,0.0225853761043373,-0.0872205398019952,-0.1065749284194846,0.0158004737260855,-0.1157775513976525,0.0158018224625674,-0.1091716655959355,0.0183729270998384,-0.1143946329178048,0.0182786149341831,980
-0.108871027696284,0.0218262174874078,-0.0807137924525188,-0.1144341786652999,0.0142419232504194,-0.12899404736694,0.0141116172550848,-0.1336147282203774,0.0179745614775849,-0.1268550621233115,0.0171956707015738,981
-0.0963050562078166,0.0239253613031915,-0.0773811891931082,-0.1010980494091483,0.0157743143395471,-0.1059716900012932,0.0156386715197004,-0.112144483013438,0.0188426293628409,-0.108118167421228,0.0179164479615307,982
-0.1300020285804707,0.0211515065022829,-0.104495045954737,-0.1331421454409692,0.0160787005827689,-0.1381162030064641,0.0168069908772693,-0.1322859365458454,0.0189998754448036,-0.1409189573556448,0.0216590932984325,983
-0.1104410585983567,0.0226014193866963,-0.0938129516573357,-0.1089010541798835,0.0167130057746968,-0.1113667620337532,0.0166654049413887,-0.1192249026147728,0.0214376682354478,-0.1199430641763238,0.0213833093336129,984
-0.060095144250702,0.0212320718357476,-0.066592700692229,-0.0813173229614925,0.0163931280886613,-0.0862397410169506,0.0164882398531861,-0.0785912990473401,0.0191895289726346,-0.0848297746663161,0.0202542861072366,985
-0.1057286666315169,0.0222510785860087,-0.0801311038225383,-0.1035836540552028,0.016039741989077,-0.1097855457564559,0.0159945411592111,-0.1084483020912868,0.0184707023432866,-0.1075738427097009,0.0187585495251662,986
-0.1292822934073563,0.0231086305226649,-0.0940863704194186,-0.1243418556184234,0.0161648832894207,-0.131188045035826,0.0160891231736677,-0.1266384918563488,0.0238146710663727,-0.1177779458897369,0.026220866599467,987
-0.1312754729579417,0.0231822057813404,-0.1003204109002375,-0.1301476857989934,0.016570851163792,-0.136300159083957,0.0164581497572558,-0.1479072865221677,0.0223244984488703,-0.1371824254251259,0.0201530890153969,988
-0.1284198541729354,0.020562974703351,-0.1012098105744917,-0.1336360836554052,0.0153010118258501,-0.1407341395151402,0.0152711424710939,-0.1436816033484655,0.0212606298266674,-0.1320129388018696,0.0178751300820339,989
-0.0868568982651465,0.0206326386458284,-0.0794405685837264,-0.109781225346313,0.015190105347857,-0.1207509549927207,0.0152570595350643,-0.1217641635133223,0.0184100467149299,-0.1205689001028553,0.0187662483270551,990
-0.1269746315935882,0.0227472239061692,-0.1097130793169404,-0.131695362617627,0.0161174300292965,-0.1350577185999612,0.0161570740702199,-0.1407019006617338,0.0196854668445719,-0.1383137774928052,0.019290147073334,991
-0.0672700081996849,0.0212958911521315,-0.0642206306678671,-0.0852859874646972,0.0161931436772696,-0.0906378646785305,0.0162107415174489,-0.1094083373411772,0.0230370561637887,-0.0883889300092006,0.0227452102633264,992
-0.1185493424502626,0.0221786770346046,-0.1014029900428811,-0.127320690240165,0.0172592610447752,-0.1315724612568621,0.01773316441718,-0.1190445456555221,0.0191346052754212,-0.1290845712163651,0.0186690292072428,993
-0.031556719675497,0.0221128197623998,-0.0356255966221861,-0.0449344969989673,0.0168931927140864,-0.0466457869654483,0.0170558218427715,-0.0624922872979522,0.0202760651267475,-0.0505578463143756,0.0193853065839007,994
-0.0863956330924738,0.0251938257601205,-0.0558645603988672,-0.0830717733132736,0.0167829613400092,-0.0875201669477741,0.0165484933874031,-0.0861271807823479,0.0205906414584992,-0.073808867896194,0.0198455949430108,995
-0.0949649313873621,0.0222519003136947,-0.0803665029238122,-0.1048860343792184,0.0161123668274829,-0.1139242506918045,0.0159838606009723,-0.1097572494167812,0.021179608299999,-0.1052001967635189,0.0190520724927893,996
-0.1098340662207857,0.0236032705423186,-0.084246129429891,-0.1144693924051985,0.0163078571684499,-0.1210324764756465,0.0159395185115147,-0.1199434243156849,0.0187941374302889,-0.1221474448496765,0.0176692471404155,997
-0.0604547250319279,0.0222977453673066,-0.0537507334422914,-0.0751060483691528,0.0170210302310115,-0.0795846250117083,0.016975233568342,-0.1316572323354867,0.0341137316836206,-0.0808624060410919,0.0294600782906404,998
-0.1042623735091879,0.021201279712144,-0.0900970347623337,-0.1205418801543038,0.0142960747176408,-0.134899136327981,0.0142086537186675,-0.1233922289726527,0.0175918804201407,-0.1227397826242701,0.0166883784713509,999
-0.09034594506908,0.0213397240062992,-0.0863022060434721,-0.0844463557017313,0.0241221418229419,-0.0833158572247107,0.020539911718112,-0.0771754461769787,0.0261114015160847,-0.0838232930421259,0.0183393088412578,1000
