sim_id,true_scaipw_rd,true_scaipw_se,true_sctmle_rd,true_sctmle_se,main_scaipw_rd,main_scaipw_se,main_sctmle_rd,main_sctmle_se
1,-0.13762975346902526,0.024963514750724728,-0.11686932988534637,0.01997351583424837,-0.12834008763821167,0.02159033922990302,-0.13337176997101355,0.021643427441245245
2,-0.10826176800205184,0.021437003950663475,-0.10565651428694912,0.02084067591448987,-0.15716713670215204,0.02568332613408739,-0.12244236408315004,0.01978119751712646
3,-0.15049590570322036,0.02718967776356506,-0.1492274957340412,0.023326324936775805,-0.020576508004790914,0.0606518029382332,-0.1394198251517092,0.028400209655449083
4,-0.1073514722135522,0.02203066139283055,-0.09503685542706698,0.02265228432523206,-0.18294241142746887,0.05822376914451258,-0.10916747248268943,0.05082905562434206
5,-0.07357934801750701,0.024472417269386502,-0.07429756063537049,0.023389734350082257,-0.06502113043021454,0.03579180936984616,-0.08021704866711862,0.033477398008323014
6,-0.11679506391576132,0.021956846302506383,-0.12919094805752543,0.025176818227567524,-0.15173975101821777,0.01891296978338609,-0.14606189174350767,0.018936661498119345
7,-0.11835958434273704,0.02052488618742052,-0.11825077549823346,0.0202079284161324,-0.14156541902469139,0.04727999269895811,-0.11770897581189672,0.031358030750838574
8,-0.027968082674117833,0.044798730836998195,-0.05817082534553596,0.023851740360263746,-0.06698272156971281,0.02539490691962856,-0.07160847737585013,0.025174164943264268
9,-0.09344540896559761,0.02294929114539622,-0.09740393398651687,0.022896829328609203,-0.1953855088995423,0.05730987110371884,-0.12692348620724328,0.034844517108264986
10,-0.06826678585248605,0.022451331653631737,-0.07761369288387664,0.02305591696108944,-0.10301986573398776,0.030126824847848902,-0.12140300488051788,0.02910697276288723
11,-0.11463902646390757,0.024595351454606357,-0.11686051394332973,0.023044736298529336,-0.08363715245372906,0.04441952225452019,-0.11118545012266219,0.04539557731038544
12,-0.1131191966931737,0.02268827013558386,-0.11684523098086219,0.02248438882501126,-0.07362155843166467,0.040093137710380464,-0.1156078102604971,0.03555719830823983
13,-0.15082725498735614,0.018570313138357736,-0.15139516297847858,0.018090163352438987,-0.16077177214766006,0.028690080262382,-0.16834400807404323,0.019350524371620225
14,-0.09061192676541234,0.019613665527137447,-0.08879009896534816,0.0190462426329072,-0.13229482375719104,0.020472329954797724,-0.11990599603332401,0.017404267046706483
15,-0.0899493372414606,0.025143991815603898,-0.06844325376387717,0.02488397865699896,-0.1172614359739956,0.030614017751949964,-0.10059591787761382,0.03122024106691244
16,-0.08600399152584275,0.022247409905544628,-0.09079082496327859,0.021106320191714874,-0.10295456008349983,0.02489806620028064,-0.10133696792112382,0.024410316996403107
17,-0.09462756590571676,0.02626910229485284,-0.07240601865420476,0.0212818862637407,-0.07485912603927304,0.032536533369165,-0.09998828090777151,0.03133183519377107
18,-0.1102953468489026,0.020417319064948942,-0.10128479778854535,0.019789995095213758,-0.1266968681802701,0.021249033964189673,-0.12862173624377785,0.020702960381863502
19,-0.10223399279220849,0.0205079615554046,-0.08909292879000043,0.02725581280835635,-0.11197730345564601,0.019342910931251563,-0.10940221348537969,0.019240766646730047
20,-0.06529004055741952,0.022572379211649903,-0.08097294154806904,0.022722864293852466,-0.0384344557989374,0.04702410330792195,-0.10505884635098603,0.040041732245045106
21,-0.14562570918731368,0.023875049464694015,-0.13162436598163516,0.019790889203554658,-0.13064895343504754,0.027410622324221826,-0.14357352009220847,0.027055613483609374
22,-0.11119966772174152,0.02133964152688179,-0.10387920907450651,0.02110705285269826,-0.15625187630620285,0.03125837800868981,-0.13309961346617186,0.028723371489273924
23,-0.11031062118407597,0.02292061890615875,-0.10939456445330563,0.021334271049726173,-0.10067368834639097,0.04419195147084586,-0.1297221847074067,0.0424381535040294
24,-0.10914902921470525,0.02762822731181078,-0.08574765608011727,0.02999238805404679,-0.11569344371860636,0.040201544688132695,-0.12276410609490374,0.04074737277385565
25,-0.09939004521036449,0.03042806650890828,-0.11462977287092925,0.02074035647089828,-0.20285061734167964,0.052680914193291774,-0.13725298287243637,0.04557857362539092
26,-0.09647270764895882,0.021449310324394257,-0.09401619871280252,0.021451467982555577,-0.12116831798096477,0.020737553625519736,-0.11985517939139595,0.02063325402473909
27,-0.09368807670346133,0.023458518977221086,-0.08786523865358885,0.022026492132525048,-0.08645059484102369,0.028610239993991093,-0.08982553454866343,0.02815605691307906
28,-0.054154017899784385,0.027389329413584546,-0.03795740817762464,0.02453995424425145,-0.09101613049691192,0.05591710979981549,-0.08454034242641838,0.05444493565963788
29,-0.10842308378955405,0.02818357020949777,-0.08295781731681656,0.026422467102745057,-0.16095496445143465,0.0375419921370387,-0.12772428618243842,0.03403544415832566
30,-0.08146452313331756,0.02486336283533182,-0.07768738662464102,0.022677987858422486,-0.12338583202400442,0.031246390708213265,-0.11048447317335426,0.030308483635372096
31,-0.12580276819622074,0.020723419550499826,-0.10604243717189403,0.03385351123309891,-0.12509882644492273,0.03723690145838366,-0.12115040646747993,0.036418832811229755
32,-0.1339015080121846,0.019849303878230504,-0.12152380557927667,0.019116536647345105,-0.14729198157088944,0.017329797955464493,-0.1419289045523784,0.017257707274633025
33,-0.11692981925118029,0.033126094678099634,-0.10341828728345054,0.03421562754638441,-0.1191200995338293,0.025378070098774907,-0.11107376262777914,0.023462793931779802
34,-0.1198568625712593,0.01927119640251797,-0.10914423807651273,0.01946493227969966,-0.0718040728815997,0.039727064482393555,-0.1358157265955042,0.028565922192302026
35,-0.08768828594000619,0.02139922734196405,-0.09207695925985121,0.02164589282959596,-0.07090822311979054,0.024996047969593607,-0.09122580543928188,0.025253742903477535
36,-0.1224190202088325,0.020902558401344345,-0.1276845297474429,0.021171487165776295,-0.12853552434954013,0.018170698476805525,-0.12758341522061256,0.018464706425486564
37,-0.12826786023488226,0.036811468950388296,-0.10427091582792972,0.033935037543307726,-0.0708294688280732,0.05158848269558623,-0.0981916690493275,0.030900819295638298
38,-0.07925836230755008,0.04448299285810339,-0.10985159306882694,0.029018970825845314,-0.12501101144984217,0.024707990197186752,-0.12305146347497187,0.025385890624289916
39,-0.09507333649583953,0.02350766031677077,-0.09571475516952872,0.02161955145606213,-0.1236748095774702,0.045546948347144095,-0.1260598382895734,0.03747981678376039
40,-0.10044696877451297,0.020369421297787696,-0.09620015804095358,0.020311735467463687,-0.10728096173771103,0.040869912889416354,-0.10445500172738377,0.04042660318414909
41,-0.11078568511798327,0.021080646764642712,-0.11237466682308525,0.019996217902592258,-0.1311892789198669,0.026528613198305486,-0.15673533439326232,0.02132474413854756
42,-0.04996896345585664,0.02376644255342629,-0.05258692267095776,0.021111460965060315,-0.009856338476472307,0.046768552795349895,-0.06049565054440476,0.034650229884846236
43,-0.10876694819252729,0.01842171326812077,-0.10148800159044727,0.017695273488415326,-0.11356857313683512,0.018934658300062447,-0.12029685544889908,0.01759100886789079
44,-0.09927615001120017,0.02227147668720221,-0.08742848824942256,0.021691058287323015,-0.12106876349086276,0.025260327158512858,-0.10994756099229304,0.023814028316187518
45,-0.09308930551366386,0.020555390957138653,-0.08128000702763255,0.022929987935435686,-0.10434240252784775,0.030979089028678634,-0.10748809064816973,0.026067558058668398
46,-0.09709711129320468,0.023223248348370074,-0.09509380985765059,0.022752872272852,-0.13985141410376473,0.021749258972686338,-0.1341914038515301,0.020845779972978384
47,-0.11194753712240849,0.026333727941618975,-0.11500130958030975,0.02215848809616599,-0.15340342067364407,0.031583734998081266,-0.15902166676519022,0.023602953531451733
48,-0.11843800095055254,0.022178150661506815,-0.12763034241424448,0.022081263490920006,-0.13921335529827286,0.03022687078785217,-0.1540902241895847,0.026628931520400915
49,-0.07802457161164783,0.031686686023605255,-0.05796488034026689,0.04614078526863737,-0.0974109644073512,0.024517240260963562,-0.11069072514041677,0.021923909510926532
50,-0.09269860495252143,0.028658680740539108,-0.07174897909387104,0.024623437443180688,-0.09964698704926558,0.024243340767425303,-0.10508920012569985,0.02356056494663382
51,-0.12174864977881104,0.020336896903475243,-0.11186063589005425,0.020388691190412523,-0.10196599765893694,0.029807574865898183,-0.12201424190071745,0.021111565633316058
52,-0.10825677099532516,0.021665585617645852,-0.10707660668543842,0.022181805418245576,-0.11452651534734125,0.042497377811176115,-0.12057168329594783,0.041023804994978846
53,-0.11188789613237554,0.02167696583369623,-0.11204605623267533,0.020929483621500718,-0.11879119899961298,0.02007009177911399,-0.12372764327975033,0.021006733878773578
54,-0.11943592792895777,0.02296465236863394,-0.09839489962173245,0.02266607570969164,-0.16661297111429352,0.038040599099406935,-0.12231710417282035,0.033801469340367866
55,-0.06988181623748162,0.021729308676004026,-0.0710741131156021,0.020426430732830358,-0.09038279669517778,0.020755090121823413,-0.09685624645447719,0.020350290731622915
56,-0.14267817805388688,0.02121175980009679,-0.13795702446860814,0.02082545727528181,-0.20516809709689451,0.038952237261100496,-0.1696781311302463,0.03237173771651935
57,-0.12777032226457105,0.02012303313451552,-0.11366026188667872,0.019264695904783625,-0.12349792597913906,0.02369386306685762,-0.12200618330695645,0.02334461595512018
58,-0.13603078747942832,0.035963080125522726,-0.09475732472807277,0.020801638521918422,-0.10898686265142124,0.036960924124304434,-0.11761791310555926,0.02031174221976839
59,-0.1015547563190999,0.02150995340761282,-0.09212988139204081,0.020808164109016678,-0.11014661764938827,0.05260099826611591,-0.10042811795748734,0.04895874608914145
60,-0.09547354176005506,0.023763197100314416,-0.0847783932802429,0.02132749925945997,-0.08605316080950338,0.035540570003018496,-0.11991161062742584,0.0362710218887226
61,-0.12032297679700757,0.023478908398949616,-0.10313644808195865,0.020892699558091282,-0.0572473115341999,0.04504900209476914,-0.11830048530182821,0.019250045910316357
62,-0.12512576344997098,0.018945250979789774,-0.12204996655420837,0.01939603247786759,-0.125723002150608,0.03605136794702933,-0.13860068626646035,0.0365223443152918
63,-0.10986086918157847,0.02202314591731681,-0.10888648245983093,0.02082204283648557,-0.10281562361092868,0.027538811854548224,-0.13369274575314394,0.02182001063428099
64,-0.10810627039112493,0.021764623393057254,-0.10296973764026357,0.020828412363915104,-0.12102465505066427,0.018562548275445286,-0.11767560513943495,0.018549841508520765
65,-0.0888597391962924,0.022063361909201787,-0.07672326235345042,0.020927255950035487,-0.07051969993538704,0.047239198225562204,-0.11448371231683746,0.04406134230585035
66,-0.09805106550945364,0.02222957345199107,-0.10988650394260092,0.021286029711695454,-0.13996751774734917,0.026820217216078964,-0.14582962301001867,0.024113325998008726
67,-0.10619342389232948,0.02198883033977945,-0.10939822905586309,0.021198297418359692,-0.14393776312476245,0.04077469897648449,-0.1411699673292944,0.035361076683953004
68,-0.10404192708691966,0.022495308530029286,-0.08431392710673756,0.020193801574861638,-0.2126356255875022,0.04740090562572389,-0.12657753504590621,0.0259073765548472
69,-0.07386209637913245,0.03388474327078623,-0.09160557258650598,0.01915198534263403,-0.1276578069927865,0.02258699981695033,-0.10945930306632853,0.020197357209723807
70,-0.09687405533092382,0.032024650360221986,-0.08969675117466444,0.032582250518867,-0.08943538649985025,0.048604653225618306,-0.08943166533141088,0.04468422560172188
71,-0.09816513003816298,0.023552362500707278,-0.09122592314659408,0.023804024762039817,-0.13772389905158341,0.03166665246253143,-0.1165586218330969,0.03199509561864304
72,-0.13742634738961676,0.023445470618948652,-0.13394171364419402,0.023066069804595444,-0.1321553497971633,0.05919331559117912,-0.15422117353669826,0.056366989097619453
73,-0.12776277291803645,0.019832392459662194,-0.12789497951634432,0.018965838803232684,-0.12520835872794417,0.02726555592276705,-0.10338210167717982,0.02249893600244831
74,-0.059632126516436075,0.029274088644176594,-0.06338938060526395,0.027686367475233658,-0.09891543319158132,0.02721985793517869,-0.09515697674809429,0.025745615916700326
75,-0.13733103513107178,0.03394946855549395,-0.12399651989791509,0.0328135926439059,-0.16864518516267582,0.04495292774860672,-0.136295854670281,0.02260084367420169
76,-0.12809945015343902,0.01935249238652078,-0.13425575058422573,0.01975352999047494,-0.16320386028448203,0.03564004899078442,-0.15590435770008898,0.03618730002527775
77,-0.1135456955673582,0.020896797130932693,-0.11348383604112551,0.021087432007359665,-0.058992270646061516,0.05102183348042916,-0.11535372800385352,0.035088491561543575
78,-0.1277634903058724,0.020396789753753135,-0.11029571959745717,0.01947259601518025,-0.1250900155834904,0.018841214064333794,-0.11709459245018639,0.018287961647852263
79,-0.10691282063951396,0.022739123146311015,-0.10360971468416906,0.022252751390139224,-0.12590499076900108,0.017361268471052366,-0.12333238940417478,0.017265917912804105
80,-0.10414222340713733,0.023101575766836663,-0.1041092333588796,0.023120414422739755,-0.1342666791184685,0.026502285442262408,-0.12187530913888711,0.028518337396031407
81,-0.157582525384285,0.031437432507183824,-0.13062673387883275,0.01811464635416713,-0.12840832947878847,0.01997271671150356,-0.144145937453834,0.016282021843414027
82,-0.13405729709189212,0.023901849192155152,-0.12877342889486942,0.0195337225798965,-0.14775610149776439,0.03726473209486526,-0.13903404933694127,0.035331663510015536
83,-0.15422318502377266,0.02958667586064438,-0.11674285351630506,0.028101675305729663,-0.19485276508906368,0.053079758340149504,-0.1516439710025045,0.0452020486513775
84,-0.124900468041889,0.022242035564000145,-0.12337773400593482,0.021566240395970004,-0.18994994285710728,0.03677171188811541,-0.14717641280493396,0.0199457074195027
85,-0.11035576900607687,0.020775136457348728,-0.11890809277125923,0.021911289866035105,-0.11963250320834558,0.03408740717961452,-0.14271032399563413,0.03120113636561072
86,-0.09448839742321584,0.0259224752196198,-0.09092794426005976,0.02595601165722352,-0.16124993118483236,0.0475156491920984,-0.10066394730257794,0.04032559775652913
87,-0.08365523118539314,0.02397830695461255,-0.09045361562444271,0.022875155779522132,-0.10242653797672858,0.019046002700249625,-0.10852449620957152,0.01863954453627782
88,-0.14202214245247088,0.02085796189693003,-0.13449359267715866,0.01820630162111802,-0.14657713708187167,0.026460635475938313,-0.15093497042269943,0.01922638376384751
89,-0.09209324543918163,0.030755192199673338,-0.07974291414306729,0.029558597601759242,-0.13175359531049605,0.02849950747889511,-0.12802378334208625,0.024508136174349264
90,-0.1036826471658459,0.020562273247375674,-0.10174736231798662,0.019250274995441834,-0.1075045474192901,0.05236065931808155,-0.12565671513436685,0.043675364022903895
91,-0.12062938312755334,0.024906039475325468,-0.10205697704181185,0.022182305721071053,-0.15888082180497218,0.024393583505857516,-0.13097611036328322,0.018934014341988516
92,-0.07654845448076117,0.02276278045178714,-0.07895216188980625,0.021621088762112977,-0.08803896825974072,0.02096213568952451,-0.09599968578697018,0.0195297517164994
93,-0.11609946511306345,0.02127567761688898,-0.09024819256992749,0.030333352302139745,-0.13076333934403309,0.020672030573311576,-0.1363510223137878,0.020872927447971652
94,-0.10241122014697608,0.023192323813776155,-0.11425274530676074,0.019807052639615814,-0.13732593724265577,0.02019028882326543,-0.1349450313430948,0.0197602545013243
95,-0.1250614034682525,0.024389327712850448,-0.12365453104298937,0.024257300028594893,-0.11952924354758875,0.03364641185032628,-0.13553529740073575,0.026335470718747502
96,-0.12878179340196746,0.01983550789441826,-0.12617878121974976,0.019143853756831336,-0.1474855576018893,0.024548688183980726,-0.1543278215516357,0.023888944994337233
97,-0.10774170115822486,0.03877565480282733,-0.11718505587935954,0.03764007749178111,-0.13529384953182133,0.0388193550462736,-0.1452177725891564,0.03379630310124356
98,-0.1705972807074875,0.01793500269784877,-0.16578566446233825,0.0250415530308243,-0.17689810894230898,0.01869474890723977,-0.17839673025313793,0.017059386895196572
99,-0.07585415235035418,0.020796655919304068,-0.08110328645650387,0.02039929351111724,-0.10323538738638338,0.020155560173807863,-0.10481025639979633,0.01941756274147475
100,-0.07061690381263723,0.029490644595217896,-0.07298148670809675,0.03101201973358329,-0.05293278822792711,0.032280735657414676,-0.0679623972255045,0.031568272509718484
101,-0.09766825134480714,0.022034164011287695,-0.09591566477311225,0.021896892935057668,-0.12991323051878084,0.01793142811860795,-0.1279690058012149,0.017772243065906388
102,-0.08067727896129856,0.027351637905267335,-0.07962042869981346,0.027264414479978547,-0.07800631998825305,0.02240370624012262,-0.0911997588428397,0.022263366646831925
103,-0.09138408563561641,0.03377816167900521,-0.0936873597568612,0.019091282241190125,-0.09344200351505416,0.048202888320005216,-0.11131706420378089,0.04570998871371628
104,-0.08646755038710159,0.02267738684767273,-0.09036772247883033,0.019087932339230344,-0.08458181322792212,0.0468733421486161,-0.11971588589706156,0.04423025333668649
105,-0.10666541988973541,0.022075437915325995,-0.11510916685786599,0.024460168836649705,-0.11548543538889938,0.03352349582086612,-0.11020452818263557,0.032357049311326776
106,-0.13177693908714685,0.01777484672799371,-0.13037688437543604,0.01766677146206512,-0.15210461549376922,0.03789172071683306,-0.1416083047838593,0.03755346860005302
107,-0.10548812172829442,0.022355146216527552,-0.10114897172655073,0.022234838923539106,-0.12963291196107188,0.022740744758089976,-0.1291182090298323,0.022633844030296987
108,-0.09821300868816418,0.0249783745942495,-0.08766933908622267,0.025662205883489404,-0.112911382672183,0.020582351766984277,-0.11896680778417834,0.020603526482491762
109,-0.11744033596698933,0.019725199582322814,-0.12123151841160192,0.019693943874274,-0.12956329563397814,0.02221452166316417,-0.1287688491382814,0.021832925894465796
110,-0.07257503659612662,0.026508141495958367,-0.10018091778872076,0.02488767379487945,-0.05856899439238429,0.04342846713871768,-0.12392086431316722,0.03139220591782176
111,-0.12316343936774132,0.02141807560486862,-0.1177581062885984,0.022778209630881917,-0.19499969819888618,0.04202466749510586,-0.14573832943024956,0.034824050361268816
112,-0.1474324466562014,0.019243840373555723,-0.1301156872539251,0.01995489148684425,-0.1876947677807118,0.040765674285051075,-0.1447736766745568,0.03084160343033585
113,-0.10331767115890994,0.038746842620892764,-0.12458954743425739,0.021840598613865878,-0.15194378718776316,0.034762152202559495,-0.13376603160494605,0.02959953898556136
114,-0.12136846329225322,0.019661192542073814,-0.11042821801284379,0.019538385318709297,-0.1342633555873708,0.02448854400824368,-0.12190835459264694,0.020996652955175377
115,-0.053929598552780365,0.021683168604710867,-0.05864999612995276,0.020549378506349473,-0.05680978020522737,0.04094944648556295,-0.08580838339809098,0.03625300512017929
116,-0.07750899451018321,0.03143581100990808,-0.10945399654662037,0.026434805744159493,-0.13303586582062296,0.01960993153451846,-0.15431727991870284,0.02112883038015443
117,-0.12416310933374673,0.020088703559704796,-0.10954483748368424,0.01957564201889566,-0.12936531162449474,0.020974000808752894,-0.14227189606407126,0.020902546828605813
118,-0.1469215385583713,0.026656185517633227,-0.13975652885543793,0.0245684073219669,-0.10081599970156341,0.0439895015110982,-0.1245288128221953,0.038120721942225495
119,-0.095590035484132,0.04193657682708833,-0.12134900013814302,0.024605497377492944,-0.06281498645540144,0.04687701388965672,-0.12742760395919556,0.029374329994993665
120,-0.07983012249140235,0.025993182151633085,-0.0878802194956398,0.024889521611145,-0.1108605731740271,0.04096920149657895,-0.13035230120769412,0.03151911458552647
121,-0.10224217421293175,0.02352421516806736,-0.09153933981849896,0.02410757719500939,-0.12328212875575087,0.02022605452719191,-0.11642612553173656,0.020092378633249457
122,-0.07976913978162735,0.02400681273536719,-0.05834098711471099,0.035435943083381174,-0.0562186876315886,0.03211763978294287,-0.10239605147980445,0.02665734084837222
123,-0.11680849460983014,0.02346361944672009,-0.12756582459290974,0.021796016442962644,-0.13132348829726265,0.026972645549210594,-0.1464063160841984,0.02440508734009008
124,-0.0604821933862015,0.027558561145162908,-0.05770697765523399,0.028266744377351192,-0.08937624888376346,0.032894958169901366,-0.08039109972471149,0.03227533778354252
125,-0.06211150106040685,0.021638868729983763,-0.05880411606867642,0.021863808451707132,-0.05869226887573398,0.028198929794459034,-0.06431983142894596,0.026983178980522507
126,-0.09132549212006962,0.026448410772687933,-0.09325949972554923,0.02426304852615699,-0.1502946943171145,0.038431180438771,-0.13179164487009612,0.03617278994773702
127,-0.08531980892727573,0.023850273667161498,-0.056972362438005936,0.026795677930931308,-0.11530000198751097,0.01971413982743323,-0.11633115801667257,0.019938794750002962
128,-0.12099695098757968,0.018004248589185153,-0.10603788291115294,0.024640090187245063,-0.1221194987623096,0.02128784769734936,-0.131232205311255,0.025920634602822616
129,-0.11639304789638466,0.019130997450540622,-0.11645218762812484,0.01938482077935256,-0.12400100365749525,0.01784662856684221,-0.12203063746754972,0.0172348228024686
130,-0.12473001616973974,0.01996332667939019,-0.12762632093138296,0.020243566018029974,-0.12317384355297255,0.021325113682375014,-0.13854090505476357,0.020020402036741974
131,-0.13231506069243906,0.02396743483095651,-0.1209318803992265,0.02081693503033934,-0.15391025864633814,0.02587463245420737,-0.15037924660236546,0.0256758046365448
132,-0.12404054590771188,0.018389908189150126,-0.12361610143856906,0.018070928190408498,-0.15476042176059177,0.01746297873784405,-0.1443860492921701,0.016658109298765815
133,-0.10856832981428044,0.022367282663857884,-0.12642268344169036,0.02235430710368048,-0.08277847350487273,0.045428868947109145,-0.14297815929911817,0.039940305751106506
134,-0.1126597791509333,0.01917552229052549,-0.11763816259983598,0.019178865240350167,-0.11658850385695249,0.018126149409335202,-0.11896565301652165,0.017851896127328754
135,-0.11719790209030055,0.023618831969776547,-0.10150575969294288,0.02196571069019274,-0.13162595290529064,0.023021179177739985,-0.130993039545259,0.019856450886124685
136,-0.13351649061529505,0.021717857104587044,-0.13192874045424657,0.021104350940728354,-0.1515387339845435,0.018089099157184974,-0.15313755247193137,0.018033622741868288
137,-0.14465474390347555,0.020300359477409956,-0.1433153050423609,0.020323298629461643,-0.1436985083751994,0.017396631028656708,-0.14433737313615208,0.017297079535180497
138,-0.1552430234489117,0.019742864720942967,-0.14363163405012988,0.01881841417526949,-0.16303809671439282,0.020922710855916578,-0.1548612057290735,0.02046162091102152
139,-0.11356748918336473,0.029823890110440437,-0.10066914262480611,0.026376668956487947,-0.14450478786433485,0.02936363679597868,-0.12199701137476784,0.01880066563503061
140,-0.09449549163943759,0.023722812657733926,-0.10560866565141562,0.022855162923327687,-0.13080175848002046,0.02500464704013972,-0.11195863711077239,0.01988719205174014
141,-0.0870888887665632,0.022568060370346928,-0.08722685774845246,0.02238364359503005,-0.1086088456199632,0.02366976794973957,-0.10745646849111921,0.02360319528824877
142,-0.11204090468087945,0.024661800350015008,-0.1194397663678553,0.023407354343885464,-0.1520641559018902,0.03091481130833994,-0.1451718055507192,0.020577155175976067
143,-0.11606039726422013,0.023595134975783503,-0.12898263885800307,0.018808921907361435,-0.16596555493502294,0.036112409528823816,-0.1559234253397295,0.03741136913687106
144,-0.08925864663065196,0.02197430551758653,-0.09261609377660546,0.021090849987251442,-0.11956176391616907,0.02074854066879307,-0.11801968935210319,0.02287115808912977
145,-0.13152207742915356,0.02714683097537325,-0.1461493512611423,0.023977458963305824,-0.1525529407031678,0.03172279072375358,-0.13147042253552804,0.022003368759163647
146,-0.14161934867677203,0.02346207642364592,-0.1342816040068377,0.023746163047070928,-0.11744991475679954,0.04392316892084601,-0.14544799838439554,0.04427180212378215
147,-0.09391560600692875,0.02169896537877523,-0.10228524193439421,0.02076956506671961,-0.08458005836722539,0.03557542832525767,-0.12259794790879297,0.026905028359832793
148,-0.12131997975738074,0.021475091671902008,-0.1265896423474178,0.02154100025872824,-0.1735471908467669,0.03267320063607605,-0.15223459343452525,0.02948659085091016
149,-0.11832140910258859,0.02053903570559926,-0.1149238653389983,0.019871113382847756,-0.009572660862689389,0.054362042813739596,-0.12445277880945912,0.027700466253493126
150,-0.07745344785018334,0.03221178154486501,-0.04485460572358596,0.03353419718288027,-0.100428927864131,0.02974135303924463,-0.09911521645245837,0.028885595149991856
151,-0.09511090160918088,0.02268381619110685,-0.09509820847151255,0.022070096440586322,-0.18209096150327506,0.04325458990213822,-0.1318362869873339,0.03483088710946905
152,-0.1214571931386627,0.02289168719343632,-0.12188132356417805,0.022852983348635683,-0.11909321781509923,0.032432168867221306,-0.1351600809963328,0.03139434930577156
153,-0.10983291349620199,0.019212323192800907,-0.101764421464919,0.018183636640534143,-0.10066258652729429,0.02270394658979827,-0.11568842041536785,0.021168095576798825
154,-0.11029215748721473,0.02116729736103527,-0.10053177567410991,0.019519079491532733,-0.11411060938901324,0.020603307633746286,-0.1162922638215783,0.01955680909207111
155,-0.14020235162718425,0.029280412610547684,-0.13002884989585212,0.02713238552811252,-0.12926881140999735,0.028263976129128135,-0.1465562210220637,0.027607858666314336
156,-0.09173495501158427,0.020154316189610187,-0.08389032456593258,0.01967167434291145,-0.10578355886096778,0.03109823464665872,-0.10421151635857161,0.025401390667117878
157,-0.142979364319402,0.021696311516581423,-0.14183195419190595,0.021388807322307992,-0.12029333640442177,0.03511386753636334,-0.1435198958169919,0.03169966396181986
158,-0.13812812926488943,0.022207892130091368,-0.12411024887362684,0.019169150879537942,-0.10630793898717229,0.05262420875019843,-0.14404861548779874,0.04809228143540954
159,-0.09952457999563775,0.02215433522223804,-0.11113504012446074,0.021874014661622126,-0.150488320764392,0.040166054612601795,-0.11911287980000221,0.03432776009060938
160,-0.07416094401351567,0.043760873997599856,-0.08377029617837103,0.04145797242047397,-0.1328341815621507,0.04939443791601113,-0.09889946087457804,0.04541565252421445
161,-0.1262478228191806,0.019904023510102634,-0.11602290604642777,0.019032185456423923,-0.12902545136286422,0.03360991418343479,-0.13276552580103138,0.03475998544785231
162,-0.059479202884663435,0.025380841287233766,-0.06642944662683335,0.021997207266653853,-0.0782191933015967,0.02621032816583737,-0.09790142922583507,0.02583939596016858
163,-0.12583558237523343,0.03361716310973457,-0.10339928301974033,0.03044067073131119,-0.12726095120256256,0.043570278195762605,-0.11523590772254319,0.04287297087851888
164,-0.08903634510563542,0.023596143813624116,-0.09836959939212087,0.022861835917525292,-0.1516483061350179,0.03988074647578241,-0.11895247095042616,0.03769517919219112
165,-0.09693528585762282,0.025621089543500432,-0.09989465586441175,0.02498356315265142,-0.08655269111288726,0.02891696057265679,-0.10245086930630722,0.027796533994966593
166,-0.1225597257595404,0.02509448523051502,-0.11050322518950838,0.0243708903059097,-0.1562939082928926,0.02891394354022052,-0.13526868330815667,0.028946183149454782
167,-0.12007395600775715,0.021178750956390432,-0.11777804318293093,0.021080105809465344,-0.11977861175110127,0.024171804185045977,-0.14126037901589436,0.02351421031396062
168,-0.12273028787213565,0.02097951590137299,-0.11962002512329108,0.020122038647007137,-0.12637505618195694,0.026083660170796365,-0.14008826071357272,0.022432939094153958
169,-0.11709961862845017,0.020726557693741317,-0.10928741041918492,0.020641281335079982,-0.09531720515404142,0.03240398664243836,-0.13620998429339967,0.016297326605642478
170,-0.10306415518254008,0.020196597173626006,-0.09965022532139019,0.019630998860098753,-0.09873855805883604,0.0333604436515804,-0.12766581903990712,0.02486375547143055
171,-0.12058380322444562,0.02092486041272869,-0.10151014043647257,0.01973216817628654,-0.11637374671463992,0.025291505524799942,-0.10564109743234348,0.02380951882556007
172,-0.10476470342502031,0.02397079309331115,-0.10481568269280517,0.023359189595621402,-0.08795856532386927,0.036611044113042106,-0.11231548735317659,0.03562366618991754
173,-0.1242324630017173,0.021508075119619344,-0.12244373261916816,0.02107101934243761,-0.068812703698877,0.040288107005401724,-0.12394591149111367,0.0319027762800896
174,-0.09368654936624851,0.02222830799657145,-0.09559508998181233,0.020891497745277942,-0.08964958619506676,0.038897623902554114,-0.12674925846944318,0.03434784902795986
175,-0.12332606742447907,0.0198921998945973,-0.12074267400102853,0.019569891870106586,-0.1329885969292483,0.045333467996257266,-0.14235958153987463,0.04451259733381451
176,-0.0570561839206646,0.04279463144977151,-0.09286294833746471,0.03849389346292085,-0.11171026693722036,0.03382414761049452,-0.13664257888934,0.033198682516397335
177,-0.14442407760540812,0.023374498817476462,-0.12552539094377188,0.021310540695447418,-0.2452472026513085,0.04974861593077316,-0.13278598671399822,0.03337856842993137
178,-0.13538896804631534,0.020087356965602626,-0.117813673698977,0.02020214989565244,-0.12081315947606394,0.020848648786009383,-0.1305368180808336,0.017830325097088328
179,-0.08309528159106755,0.0379814801271252,-0.05046048837438287,0.035054729731825864,-0.13130656662849802,0.020087258584417393,-0.13190123384238625,0.020123487815500687
180,-0.12761140630716025,0.021334024603180454,-0.11586881670113212,0.020718766986010134,-0.12352787385249185,0.040073417715885774,-0.1366218546710575,0.039517831131873904
181,-0.0697926434663073,0.03648096528865997,-0.09187916556991638,0.020393744784051454,-0.10554666181406662,0.020769870182593856,-0.12148467802913591,0.019247609675466446
182,-0.08588983461033005,0.031118291135102605,-0.10624701240000527,0.030131841851217277,-0.01820673376953932,0.0550739676045465,-0.1098402377575869,0.04620971847333014
183,-0.13907741245618027,0.02076221261102753,-0.14163437294692865,0.02080404012278439,-0.055522138986255964,0.0593915792206045,-0.16583153662768196,0.019024929420661578
184,-0.13015121327109563,0.0209262026384332,-0.11453781669259708,0.02053274128070371,-0.1590046810680442,0.020797422291434903,-0.14747836485179586,0.019711596084239412
185,-0.13519719551066253,0.018758290096584328,-0.12052423819945542,0.020988538998915878,-0.14564671280675284,0.02742615072605926,-0.12439399848977897,0.026154916991943274
186,-0.13232637763673688,0.021742842349902654,-0.13385314236065726,0.02137389558356683,-0.15432331680226954,0.020033085469580138,-0.16136893863316845,0.020872466166776984
187,-0.08936256010508761,0.021235568279995475,-0.090355758463866,0.02107969814036481,-0.09179323915376589,0.052250466975180286,-0.10782689019120892,0.052133639869272226
188,-0.09740092846876039,0.02036473680636843,-0.09776539966763452,0.018911367266852913,-0.1154410780198785,0.021260701471431123,-0.12502729692843773,0.019632485163314017
189,-0.1321894511838143,0.02204038409447617,-0.11613937698358158,0.022541072566881204,-0.09344310608804313,0.044845636069827305,-0.15394547584214024,0.037802642727860686
190,-0.11422039082259766,0.022476516782964383,-0.10463599791351964,0.020790305457143894,-0.11202373783199558,0.04838200129318262,-0.1280951333247571,0.04638674433567221
191,-0.05667012820087543,0.02427351814926688,-0.0780670314264534,0.024661636993864436,-0.10175384001452077,0.023643156446761855,-0.0920847296364492,0.02361443157812073
192,-0.12175872613379554,0.022514369581549,-0.11755528272271018,0.022333898982489536,-0.16198267250096315,0.03841881895420889,-0.13154513200373413,0.0241151016045855
193,-0.1564716712763518,0.020725259940627575,-0.13935655218905343,0.019909688101449524,-0.19657391484743267,0.02531534343215978,-0.15567046229677653,0.01714089733560637
194,-0.13559774126645943,0.020559692564063085,-0.13008966048764747,0.019799832336943476,-0.1344184933602861,0.01988521341113281,-0.1275917499017111,0.019057474226974444
195,-0.04859138285883123,0.028602277595684542,-0.05834533563920007,0.022596595905101737,-0.048105619779691036,0.036799245026615336,-0.09953994704233439,0.024206043474098445
196,-0.10962792432959804,0.02220880944734863,-0.08540080193654148,0.039985910957183055,-0.11268443370655151,0.01957759944058687,-0.10888716105150756,0.019698108045570786
197,-0.12336782470058819,0.02017671619109144,-0.12113112015470184,0.019858062951136488,-0.09893348171584805,0.04388012192429606,-0.13857061654878072,0.03719697688821995
198,-0.14544050944518574,0.030026820336678497,-0.11831487389059053,0.025907534002829573,-0.12350297001679879,0.01893064330778013,-0.12284606033886367,0.019187727020319432
199,-0.1033394144124519,0.023732234688128354,-0.10278079361056053,0.021783505224876345,-0.13634018784935795,0.03402804167028757,-0.12352820309439869,0.033268630189244586
200,-0.12584227040031062,0.02408120935281881,-0.12937058227722897,0.021166703284773408,-0.15738847727992547,0.028601119960341575,-0.15014030333197248,0.01981944664884258
201,-0.12304364771746122,0.021173940087747357,-0.11649469553938868,0.020990974115867964,-0.13785019162325585,0.021010432080799963,-0.14545240809131185,0.021355691284541862
202,-0.08822563135030224,0.028840099551863337,-0.09695645926983139,0.026520158401908262,-0.10633193950604088,0.04558551218629693,-0.10624388224372994,0.04563308051458499
203,-0.17392435635398182,0.03274513643392714,-0.1368021391347449,0.02008756914573283,-0.21194921980755999,0.04041822360756548,-0.15194446285417057,0.028039427862101278
204,-0.08034224776199128,0.02166182074585354,-0.08801101766420125,0.021155638089224032,-0.08505700368723854,0.024170019790612007,-0.09387386019029804,0.022974399672173122
205,-0.11099147578287545,0.020284888307266952,-0.10381497351713002,0.020204873528786246,-0.10289170066500916,0.03689809877162331,-0.12323505969317435,0.03556954141324856
206,-0.11579887411393647,0.020362396288219044,-0.11313179511117069,0.02013560158294598,-0.12180483781188411,0.020027712099693642,-0.12462564665312172,0.02035733123590583
207,-0.10918999737838513,0.026331000143788377,-0.04433715601997471,0.04092124955426417,-0.10228464498909004,0.04837589199889784,-0.13507135533142767,0.046005065578739436
208,-0.13452063740327042,0.019297617017071722,-0.13276258040254163,0.018856164933618826,-0.17272690261512716,0.01812842594124142,-0.16859062224698187,0.01821968901350571
209,-0.10908091473223346,0.022947239920695042,-0.09704875312123734,0.022180095618716165,-0.10647124126808717,0.03687601097353678,-0.13096354683989248,0.036760393692025536
210,-0.09871294107237857,0.020239385197131823,-0.07718619747257763,0.034906529485155324,-0.1454301117467715,0.04114383579539729,-0.11124125820790859,0.04100122610166579
211,-0.11960363186892471,0.02221094217152685,-0.10458860030138924,0.020899889063491214,-0.12673552548590122,0.03888913365851732,-0.11573596872321601,0.03852349533937042
212,-0.050826345517312216,0.021387684049775976,-0.04311032138269046,0.02104038064463516,-0.10064574676827903,0.018926225470576454,-0.08723225815626336,0.017483306875652593
213,-0.08214470208847548,0.027270642448194223,-0.0894059064085316,0.03061628607810874,-0.10745151968760426,0.03954216983093897,-0.1226993421031704,0.0350599284022884
214,-0.0829708737620598,0.020763981389458567,-0.07262768631868635,0.0200123976610513,-0.10159143511553466,0.01978055380474936,-0.10705403872017727,0.01853696937429757
215,-0.10703373679371268,0.021537606363878706,-0.09893911556245977,0.021455816190780637,-0.1392177312398915,0.0393707278096218,-0.1298966275698185,0.03894087650389606
216,-0.10044924379720302,0.020319671268342877,-0.09302708097226225,0.01954856957025499,-0.11807346343800695,0.01825823673592122,-0.11717858251702311,0.018129712671972942
217,-0.08637158408272112,0.02123689543787131,-0.0798704422615891,0.020309732050204792,-0.07649890800094676,0.023473938564630863,-0.09333749682229173,0.021385703285417383
218,-0.15900447437281476,0.018686841395083156,-0.14407168546350205,0.020027404944319534,-0.15574892765046683,0.020779773546543746,-0.1578788320922391,0.023281397537242905
219,-0.11230491866399923,0.022921628489036172,-0.09720240468920678,0.022761868372642075,-0.11547774491538929,0.02366145361493429,-0.1155895151356396,0.023721948422206693
220,-0.09239153188393823,0.03140163375026767,-0.11195079509866114,0.032943085254214764,-0.06620275604420837,0.047827598228312035,-0.11844251321712033,0.03990048971456471
221,-0.04198873424555492,0.02820457088703775,-0.06874975125102052,0.02495950222303692,-0.09464914169000167,0.03717025463507765,-0.08387685937407667,0.028939089842360887
222,-0.12725638281158377,0.0197636703096042,-0.12852470474725583,0.01953549073784189,-0.1426573488966877,0.017164587560409124,-0.1392564929223985,0.016712891537456576
223,-0.0888164542225853,0.02162644986105094,-0.06557875681853785,0.022977418590569152,-0.08079757474043503,0.03482792637282955,-0.09610817883509427,0.026846219841088644
224,-0.09427125588853529,0.022569982515234416,-0.10008309448786884,0.022559613792225697,-0.07515762414708882,0.040291092495790465,-0.12696050516405816,0.03104258291593258
225,-0.10569370563688638,0.027357815729351934,-0.11148132043009804,0.02169732290659545,-0.14534765413984527,0.029663992557284306,-0.13430639989917353,0.028329421246834057
226,-0.09554302487163348,0.024239103657486688,-0.0369572959606733,0.03484306926227005,-0.1150799938318623,0.04418234952292598,-0.13315581111987307,0.04409592898578584
227,-0.12614322061787045,0.04742059661472701,-0.15551480609307478,0.03398163660827369,-0.14961464951984202,0.04071293056094069,-0.1681117953163559,0.039232516027727427
228,-0.09660972009942369,0.020796528760704504,-0.09318405263905322,0.02076550258387547,-0.09620836840935969,0.021640460105421935,-0.10541749814056804,0.022451417985172143
229,-0.06383753461589692,0.022530643253414227,-0.07164297483014913,0.022415368213000594,-0.0939382317485629,0.01857104658390246,-0.09030529407810355,0.018471104248895243
230,-0.11716105827943787,0.021967310251652158,-0.11137703005816625,0.022182978323827263,-0.09833446810158708,0.027706082456439608,-0.12459306146879752,0.026742268884179007
231,-0.10548519044258722,0.022564279146444512,-0.09570306745717116,0.02748355638892313,-0.1424881023119947,0.019193779106475635,-0.13612713726252987,0.017865455667347804
232,-0.08472732104765603,0.020320483239528127,-0.07605549146407056,0.02087175818026607,-0.1049922506545793,0.0281202734346776,-0.094341384084034,0.0275115607987651
233,-0.1268144843291706,0.020890988533192066,-0.12992741558284418,0.020317614984840814,-0.14878568896207958,0.021521872417685713,-0.14767423568587548,0.018295082575979605
234,-0.125604243386343,0.02324528458149269,-0.12783417350206497,0.0197497270484755,-0.13361560652687474,0.03350636753761922,-0.14027990484570016,0.027708261662185273
235,-0.16851034843999668,0.01856512319161582,-0.1620374859316122,0.018220971252189824,-0.1565785323220838,0.018237590388275424,-0.16038788883866906,0.0183939328777301
236,-0.08064820936292481,0.021029873318307506,-0.07640981336740545,0.020880908337047706,-0.09826747589515948,0.020235442703263558,-0.09742322952901547,0.01762869454114119
237,-0.12558021511698264,0.01919827939220068,-0.12336094853100144,0.01908878746235255,-0.08442603496994233,0.03283941535426266,-0.12454491910426929,0.026355112679375733
238,-0.09760605023864165,0.02053925400131847,-0.09912439879003712,0.020044018249322837,-0.06780260636528154,0.03774342909100504,-0.11718724755590752,0.028890061943425745
239,-0.07114663338285408,0.021574704647943747,-0.06648647603097314,0.02136530888182336,-0.025871477682649895,0.035504841566346555,-0.08408889394857101,0.025845556868802657
240,-0.06553377834720885,0.02743614540956146,-0.06948502447437598,0.026368081314169924,-0.07969276881373892,0.030575847064275886,-0.0884430183156104,0.032966675149619123
241,-0.09588146337587136,0.03107721187309592,-0.10176054537087237,0.02347686307600097,-0.06869874402888501,0.06409791857338293,-0.11642548323135248,0.05746945143139481
242,-0.06563205403948913,0.023860188525409956,-0.06396637024770696,0.022270283923200216,-0.09632652147006396,0.025160110054044876,-0.09416994097568822,0.023759018023780127
243,-0.10564218302209183,0.02050335051995994,-0.09836238746962382,0.01978874867255937,-0.07731704068866774,0.03811836698083582,-0.10909617859077203,0.03336218286336252
244,-0.1016842429277705,0.02604877121632189,-0.0705314957004004,0.020277055543311013,-0.09106134426032395,0.027764738582381706,-0.09472855572216902,0.027269466737142915
245,-0.1265364069452053,0.020293964354503025,-0.11615329916396407,0.027011618134671147,-0.13231083485427747,0.01937413630348275,-0.12664017137474726,0.01938253970306121
246,-0.07340737737883893,0.021586696260367428,-0.06914108329393603,0.020758284123801082,-0.10954038744890443,0.0186552677199912,-0.10510875927745152,0.018406723341629905
247,-0.0804491165636071,0.02065105364277016,-0.07858715648389998,0.02134502740126361,-0.13096450151272898,0.04256184006623009,-0.11820951483614098,0.041513717099309996
248,-0.11767132231298841,0.023245224639260244,-0.11866898677448455,0.02354427660095494,-0.15662367351697412,0.033359248479159206,-0.12829353268223007,0.029067805080912175
249,-0.09825716975023735,0.01884653939521799,-0.09882227514783426,0.018433318130828776,-0.07642955448874138,0.02370951259756949,-0.09063512891828474,0.018393387037754533
250,-0.07864106421463561,0.025492992570463415,-0.07218830265936575,0.024991212459319623,-0.11817026994286951,0.020330328540470587,-0.11847021255831103,0.019704815493510237
251,-0.09145872433046304,0.03764397907282439,-0.11379371987721631,0.0307800445783211,-0.05496059924754888,0.05100398954523526,-0.1254440707573647,0.04421921628434768
252,-0.1120710101142886,0.032106636827582746,-0.12113807999239143,0.03171003518970574,-0.19423648865405999,0.02915643540493395,-0.14571782478142928,0.0187674050816662
253,-0.11896907182914665,0.022247645580204336,-0.12827634690647116,0.023872765861966364,-0.0990635700034511,0.03999418217362901,-0.13222714062245675,0.03896036970669849
254,-0.11133806575969661,0.019903880365499727,-0.11144128945103089,0.02026507886963422,-0.1583301966073902,0.03060667192927341,-0.13860153486091709,0.03038266631192561
255,-0.08513953727648106,0.036926053047559595,-0.07900001607331,0.03665791448837134,-0.10937686523787488,0.021806334560264512,-0.10661780076351009,0.021524355227025616
256,-0.11829726601681784,0.023658565003853285,-0.11661787891859403,0.024103460674377963,-0.11202992944964753,0.027195728738506054,-0.11931085618006237,0.02668936374715127
257,-0.10041215637627413,0.022938572521146925,-0.09793381314739998,0.0235778487307161,-0.1365414339855159,0.021641209774283805,-0.14379416223126826,0.02280251882066372
258,-0.17788144689387606,0.0225212988712069,-0.15854472012707105,0.020421612436646655,-0.16729936061775877,0.021721800079904204,-0.1688702088816258,0.02199234082165438
259,-0.09468836289306773,0.021193737971004475,-0.09556363497140963,0.019951159118637124,-0.1305841031581975,0.021148686452129993,-0.11206186965576294,0.017637164474711836
260,-0.11857130932633887,0.02121625460863503,-0.10839878463950132,0.019356206307905948,-0.01243237626212579,0.052270364665447565,-0.10514544494855368,0.024323804936663748
261,-0.07498349471717129,0.021037954186667786,-0.0714958863108254,0.020077987057933972,-0.03301840562818568,0.046630446059071046,-0.10184802705083973,0.02032013094459153
262,-0.11404514399619746,0.023220463351748228,-0.11965526961009804,0.02241711312151463,-0.1430326827477499,0.027492628088795133,-0.12446735487873453,0.02828575307124353
263,-0.10134742930512365,0.021968362503475773,-0.09720897374679476,0.019953301038386707,-0.1145259189824609,0.027164763976911567,-0.12497808870449967,0.02083947551989535
264,-0.12783652400699413,0.0233747068925309,-0.09676018095472289,0.02388061752231565,-0.11412016526608566,0.01853035786185124,-0.11139563676783316,0.01944311677280101
265,-0.11716569773070891,0.04603303098497055,-0.11610182636198109,0.04470264689964572,-0.14366151404364275,0.04168142670243933,-0.13232667990185326,0.04154671870855975
266,-0.1240647640356675,0.020624113789312747,-0.1366877761433062,0.020324667799605022,-0.1300447505824126,0.048468023388124566,-0.1425741647888487,0.03690638842563408
267,-0.10320325288900713,0.03062230784005787,-0.10970075693123685,0.029610524486257422,-0.09698965208586806,0.036873245329124844,-0.11420705219386866,0.035574228592625164
268,-0.17519887988918698,0.018702225243705895,-0.16315280959554246,0.01731098191661501,-0.1851043670801032,0.0332002831808914,-0.16092339346426285,0.03242075700921007
269,-0.11446794892594545,0.025976607362398166,-0.0973482698558152,0.02138719497085379,-0.11809018227870349,0.023117300976333348,-0.12292265030781296,0.022931081210567233
270,-0.13265790718759615,0.019195128523233265,-0.12715740865819095,0.01876649507991503,-0.11988310479945138,0.024052426602584134,-0.1357654497436743,0.0249281451101801
271,-0.11325163969058588,0.02137433676646068,-0.10785579482257257,0.02093352808491224,-0.12361523190727827,0.018310145792554678,-0.12195224467490888,0.018320463266044636
272,-0.10575726497814544,0.022972110887960036,-0.06686369795763247,0.02107055151911287,-0.10742892256191083,0.02053786818098531,-0.1042899519592761,0.0193251755946934
273,-0.07199969073975275,0.025233705281049214,-0.0681371410926656,0.02168987225307186,-0.06547215816017617,0.03666580896018378,-0.10530277941602985,0.03474855997838231
274,-0.09778372904036661,0.028768619826209246,-0.10918373334363332,0.027839109892741732,-0.13776993076767133,0.029643704253600845,-0.13874068132535425,0.029413551095519904
275,-0.09478695671100654,0.024354651393851373,-0.08972520577043405,0.02330693158838099,-0.15640157772341096,0.03091673228975384,-0.11290286260822885,0.020572983468354632
276,-0.12614978213034542,0.02256257776747712,-0.13440232832072743,0.02207717935175653,-0.1710678239563267,0.027698926259815564,-0.14552599781421557,0.019146475305133193
277,-0.1371439408863562,0.021336195160172485,-0.13197518914195722,0.019247516320315048,-0.15133679155209953,0.02568013624208981,-0.14590115000500944,0.024140298333016313
278,-0.07840196463566447,0.028621373336625323,-0.0748680915483107,0.02928145677996164,-0.053167125703116276,0.04029541755350219,-0.09818077746887979,0.03162154927398445
279,-0.11768067384735724,0.02791467782819395,-0.13881697147480784,0.024053487597405502,-0.09247380218585861,0.04628595247537312,-0.15402591369014676,0.01953232382896874
280,-0.06378472152068924,0.03160432068161641,-0.08873756130005223,0.025674999546544477,-0.0854657980483035,0.03865562016102602,-0.11829835455197762,0.03986909825209691
281,-0.1386427962031247,0.019684324557622562,-0.14136823212322072,0.01946243197916978,-0.1331138853666641,0.018919505947656585,-0.14204386934239766,0.017635588651662468
282,-0.11315398094382832,0.02398063174512976,-0.09196426997466191,0.022724058522702432,-0.13437644479973163,0.01853087851311128,-0.13419362511106117,0.018230108544263542
283,-0.09174116132930392,0.034882602492848594,-0.10574894278542923,0.02089893270774732,-0.07166155362907072,0.0436147035299774,-0.15199279910034982,0.030673324323677118
284,-0.08047222105346981,0.02634232996246939,-0.07338253316339483,0.025119437778727466,-0.12460133772100297,0.051190870661924424,-0.08193661909812458,0.04470511505582724
285,-0.07519776700680786,0.022553547254708196,-0.06396462710074641,0.022243823592877212,-0.0917539905081308,0.030449620655562632,-0.10662260880795564,0.029093679891018395
286,-0.10068025173097711,0.024151024066635045,-0.09079871396620531,0.0242103483011287,-0.10298291169544116,0.021461656376625445,-0.10219625544262417,0.020943230520797582
287,-0.13176274912060357,0.02219144226157239,-0.11482354772609121,0.023336567687497367,-0.14643330903627777,0.031496394417047935,-0.12189773762609037,0.03143333379278084
288,-0.11385786856656868,0.020565432008922326,-0.11633397997893874,0.02195766044404676,0.005656153771828372,0.06416466414270962,-0.12250659239735309,0.028870488806339675
289,-0.1317577986775892,0.020417969197165313,-0.13283983924866583,0.02889359140694574,-0.16272868651777328,0.03521238479098936,-0.13962543428512106,0.033903472942590954
290,-0.09103522414974624,0.02341663895695364,-0.0974966135669598,0.023730141789293578,-0.10382325703814543,0.03218694561310077,-0.10799293951371218,0.03172780923030459
291,-0.08845324111310354,0.02136489966623987,-0.07683680773545214,0.02053582371688521,-0.05903209160308376,0.04371809647475505,-0.11991441037660673,0.03711854137938503
292,-0.09030652219785257,0.03502488894493101,-0.10821776759600796,0.020876504422813073,-0.1171920021294511,0.04171548350052355,-0.14386317852509087,0.04039184218907401
293,-0.11416564704642033,0.021263482686198498,-0.10239176885267928,0.019640351687489857,-0.09190885924291083,0.028643459615719822,-0.1045596693751174,0.027803169047736956
294,-0.08144906945867542,0.04190869485590623,-0.10517005185730045,0.025153667188107593,-0.17315139243420527,0.039121430314879885,-0.13294424647487477,0.03085555511781238
295,-0.09254140093227346,0.030479377463443372,-0.10472557555045213,0.022061892114470398,-0.11313283134219637,0.03342385058136569,-0.1365795550340681,0.02940174894959811
296,-0.11288120489481969,0.02056651823924472,-0.10362135025508498,0.020443263421108523,-0.12510031652363612,0.01835203029575699,-0.12762836978473677,0.018473464002709175
297,-0.09754248884149816,0.02436130735875697,-0.10296704199974274,0.022168788915183,-0.10918540602436418,0.0203318087887567,-0.12327744387703649,0.021016187845536327
298,-0.08011251920832958,0.03480993885675078,-0.10712081337730331,0.029149924609629927,-0.09929588771374251,0.03631330970694018,-0.12859422033486836,0.02878343608018418
299,-0.06213810659013252,0.03351065636187593,-0.07245315600354713,0.02605016226289814,-0.09829117981142962,0.025836580298949502,-0.09715579610888771,0.020850244672102065
300,-0.08229606758130663,0.026214725480896792,-0.06841522047167224,0.025328456719015666,-0.13412073822571863,0.02741424771535083,-0.12185203805590011,0.026682966738833438
301,-0.08922727667329021,0.025346786586257924,-0.08913838402509962,0.024297262668167854,-0.13048913481441823,0.024850849706796612,-0.11817427651148855,0.021527525392893074
302,-0.08852962502000233,0.02113368154879167,-0.1066166052090678,0.020909487652576702,-0.06453744199552795,0.03962587841640325,-0.1289623575057748,0.029546259603145556
303,-0.10966212281036318,0.02441683550126952,-0.133065271897146,0.02381584461715016,-0.13526641099352438,0.01932077862618896,-0.14502430679382747,0.019018634865965174
304,-0.09605044828252604,0.02081956238990557,-0.09653160024845628,0.01992214017130029,-0.12980725005510055,0.0408975658738803,-0.12339134747043287,0.03673522706799117
305,-0.10619227003453648,0.020136195759490282,-0.10175573926017747,0.02013514411077658,-0.11443458541555375,0.02525297416310062,-0.11489975837204787,0.020054607849962713
306,-0.12923560510143048,0.021267806225453177,-0.1221799086604553,0.02630062513353812,-0.17450675201820126,0.02704314303509748,-0.1482168842251319,0.020746830946510305
307,-0.06980666778924671,0.02265273845576244,-0.07672808103187466,0.022655401620431347,-0.09342303631466453,0.02806005713784151,-0.08540950282360717,0.027869649781002953
308,-0.10298467239685086,0.021998438745647778,-0.09395319863245563,0.021552765761888235,-0.1470702030828348,0.03179569403096228,-0.1440436894000576,0.03161968469787181
309,-0.13656459663639509,0.019032554819775782,-0.13403933126797274,0.018579836821489268,-0.14402514206379888,0.017877068674498803,-0.14110657814540326,0.01743254649014255
310,-0.11653973147088381,0.02380961538581254,-0.11421351895096125,0.023734494358654327,-0.18048571740658645,0.02927864043385398,-0.13312344262300166,0.02063523783951217
311,-0.09272812712288368,0.021859148296052087,-0.08814980688795951,0.02201656835659968,-0.10349987952458324,0.04251111812368945,-0.11087214775856725,0.03321866529409164
312,-0.1094276999030416,0.02018368361758043,-0.10546944036017339,0.019551465973035437,-0.23088939010743775,0.04313438934231638,-0.1323092794475659,0.017512828549126586
313,-0.08471728206933851,0.034811937661278027,-0.1027539442891618,0.03259077635435383,-0.10215013929182669,0.034805455925420184,-0.11119878462767165,0.03443823073418525
314,-0.05581666396722484,0.028385126134393226,-0.06324792334341948,0.023613949237043786,-0.12381122859466821,0.031889796278827716,-0.10007921098074868,0.029465538346495086
315,-0.12952450836575644,0.024356301549513362,-0.14257296457553445,0.023196206032518048,-0.11390378053833727,0.03910683531785457,-0.16869643090525016,0.024094619650042934
316,-0.12755730208919172,0.02032468497605282,-0.10978287857476592,0.02797213114066468,-0.0716510529770675,0.03936973382862402,-0.10973978156254585,0.01913631018857056
317,-0.09680134344819957,0.02376299053212574,-0.12161268856023423,0.027889266885614515,-0.10751950231717965,0.05717795092437127,-0.14643613257285323,0.05321403558847396
318,-0.07320312481904825,0.022293765628552054,-0.06718479216616736,0.023389919285560657,-0.09004277025137958,0.028686324147933928,-0.09776939193510881,0.02855743048276358
319,-0.10837980201641596,0.022228438760341186,-0.093819287936634,0.021604886244546696,-0.1344958719179379,0.02660368775486852,-0.12390530228711509,0.024558954688625872
320,-0.13485118651194933,0.03322550817192675,-0.12271740774751304,0.02552025195594918,-0.1763103315368084,0.04024651706050949,-0.15619976708728303,0.03676829681198134
321,-0.10666656675922377,0.02281869273802837,-0.09312585592612178,0.022910685209514222,-0.02104936375769669,0.05702449770308169,-0.09817756197472265,0.0423006631950133
322,-0.09933136969539196,0.022761429794863633,-0.10274989861887893,0.023647339763274506,-0.142838584873275,0.026988078408986593,-0.13763372822015213,0.025768628893275993
323,-0.11242109626535245,0.023751742543319458,-0.058362485116678166,0.036631142131240906,-0.1322807540618449,0.025231987329217682,-0.12366660200738644,0.023762805321361928
324,-0.16431140942435996,0.019281816345381047,-0.1598819452733465,0.021151186157746703,-0.15887852522849993,0.018080014220112618,-0.16033768240916985,0.018031203133880565
325,-0.0714920857518313,0.03291191282530742,-0.07537859935685794,0.028621221230435784,-0.14801069199920133,0.03205922259721879,-0.14455434527000194,0.024753132096268917
326,-0.10238396978145792,0.022208957083455196,-0.10265503562812887,0.020302871962040978,-0.06269583534462973,0.0385390814145661,-0.108692759985453,0.02765461795825258
327,-0.13371461585638433,0.03509648102695969,-0.10619622812598237,0.020719946125856314,-0.12683404728296632,0.03791715546209831,-0.10597857191655041,0.03708609171112642
328,-0.11277066473553375,0.021447298308353412,-0.11021359279592176,0.02095173888631909,-0.14670994184239206,0.04216898358122033,-0.12011825685209586,0.040087675965290614
329,-0.11983198122876738,0.020338151087510276,-0.11048309328802869,0.01966855818072728,-0.1506930436766116,0.02143960004585677,-0.13173790313794836,0.018701733040858832
330,-0.06756137487859833,0.021811149068736935,-0.06644239634162823,0.019326229918349785,-0.06101103146279173,0.03846132578197561,-0.09069620412458557,0.03322918350973329
331,-0.08166504962624649,0.025936270202671485,-0.07762551963449936,0.02232448491195284,-0.11818590523653971,0.02079982765050227,-0.12518361807347192,0.020272972456835774
332,-0.0922397880760732,0.021419385146095926,-0.09252350556527218,0.020539912845073897,-0.10434459574649217,0.01883330112151851,-0.1049951084575428,0.01884686914348858
333,-0.09290480278575124,0.020107578306099518,-0.07703836482668883,0.019760919568901303,-0.0796135127640364,0.04235028822478126,-0.10259730530956358,0.04102415518753285
334,-0.1045387423347585,0.021282107425224288,-0.11318725955138867,0.021239393804268078,-0.1364410150292954,0.01804328831271393,-0.13600924772115605,0.018185552563568824
335,-0.09407378341991796,0.02233951435226752,-0.0949690677263514,0.021342503941853955,-0.11287810520653345,0.03318531844203868,-0.10631286263511049,0.031814028434630125
336,-0.08162028180152334,0.03693660984424616,-0.14809848020195746,0.039021507939505595,-0.13142151133138016,0.017811521256220455,-0.12451723144944155,0.01674773426409444
337,-0.08335749366255799,0.0222806064810644,-0.07709203217034387,0.023098924439985367,-0.1247359477428962,0.018555488634287964,-0.12502931901653772,0.01871883827697274
338,-0.09936873941567043,0.022296706692132053,-0.08794677757164662,0.02214931085650947,-0.13337891304848215,0.018056206498526153,-0.12396870385592082,0.01832485759614763
339,-0.11353609857828934,0.01997442081788458,-0.1126068558918192,0.019336802428553585,-0.13905993802682678,0.03555155390568807,-0.14777940910598988,0.03493964098756163
340,-0.06377147756033617,0.025185293325927685,-0.05525551996718093,0.0240451271954962,-0.016754703044013473,0.04038693158382181,-0.06664998918989304,0.031979719215564195
341,-0.12658952448461236,0.02690352232886928,-0.09732951680893769,0.026435573153676346,-0.11262005347242539,0.036623910557227794,-0.12717443764956185,0.03641384261845034
342,-0.07957249401915795,0.024199424013739704,-0.08178216729561794,0.02278043702721767,-0.11137484744333549,0.02603496349063502,-0.11157729892904297,0.02642829843505254
343,-0.14293157789758076,0.02093661437824427,-0.1320450617068789,0.020808776963612885,-0.137909836933404,0.020126950087725737,-0.14436033662288936,0.020401038033490297
344,-0.13668805514722443,0.020524992353681215,-0.12355494154637339,0.01996581109859749,-0.13542299489221687,0.03126882062420987,-0.15259433935842864,0.026920889185124804
345,-0.09400235228313614,0.024679886415895875,-0.11015592061055418,0.026903832425248842,-0.05996133319189439,0.052723624415151084,-0.12205615623698388,0.029357749187673865
346,-0.07218403839724812,0.02380393523593078,-0.05728058866526956,0.024226279748720953,-0.13527047954200241,0.027633731407260644,-0.10158621414617343,0.02338238696896817
347,-0.12406294877494349,0.021218393215355433,-0.12049109110437276,0.020635320800876798,-0.11558596207723136,0.023622259051429093,-0.1283780167992401,0.022400841844387672
348,-0.12461497135698223,0.023206161282720426,-0.12553826083549036,0.020889741769557855,-0.14923203310506317,0.021296290806097996,-0.1455817489462726,0.019568373150291432
349,-0.08059878982253173,0.021726391966826176,-0.09459472734760603,0.021196215056583707,-0.13615803202456433,0.03275758068553252,-0.10000736602211634,0.01921049456992099
350,-0.15186032711115133,0.019876711934302686,-0.13493713196015839,0.018328326921675783,-0.16675096363161387,0.029164519426547107,-0.15003023284956224,0.021052865946040503
351,-0.12176710082646569,0.02403228496908056,-0.12808157997295658,0.023346967779978186,-0.14116582667376004,0.03298559997500082,-0.15229816509800942,0.03201315831610338
352,-0.10211049567512294,0.02305503259608485,-0.10241750841066902,0.022393852643046334,-0.11535962708386538,0.021806002860812204,-0.12192109370362736,0.020923599419314976
353,-0.09732162162743181,0.02168594099328292,-0.08974231903032141,0.021598590631574502,-0.07084895184564795,0.039197214361967304,-0.09762194593338325,0.03802386174124721
354,-0.09043399784580239,0.041193880555014495,-0.08340135364959221,0.049050914551207955,-0.008822442987784238,0.0577261557773935,-0.10883018898568084,0.03746228358257331
355,-0.11303191994238136,0.02055756457353202,-0.10598918745095769,0.019997934805674432,-0.1220770460282698,0.042203093349404884,-0.1237232600261885,0.04171053194080417
356,-0.10339577723327498,0.02324209607293622,-0.11271427460900202,0.023164112696568893,-0.18887639094901723,0.038999116938292146,-0.1311230889008842,0.02568476599336224
357,-0.11678847651735855,0.01954332821094514,-0.10888818139209949,0.01894957579444624,-0.10011665025541082,0.03995525126791378,-0.10423871191078127,0.0330016042770096
358,-0.12490060143453559,0.023051700464038215,-0.13154377925888738,0.023927391384196705,-0.1490075484858758,0.027677230689293612,-0.14409775250961662,0.023487838298512795
359,-0.09642470848970798,0.02388590992368812,-0.10222249944268189,0.02101571675291964,-0.14884935796733292,0.0338666363408071,-0.10733022824983751,0.019964325776114348
360,-0.12465238588424464,0.020551526122835645,-0.13168860366315122,0.021001698280587348,-0.1838614749839339,0.022617169884352792,-0.16305396906280523,0.01700106708600759
361,-0.06462342251997144,0.02241366263766306,-0.06554905869647067,0.022193858691575762,-0.06749428696786189,0.03380279927023613,-0.10131743310332268,0.03338439839342655
362,-0.1065997759653158,0.024279830491949737,-0.10711744533890703,0.022542811808721235,-0.11720388226321074,0.028085883014985588,-0.12174308612040269,0.023419606718162664
363,-0.11751691687914899,0.021694882842458265,-0.12088837143682231,0.02068278464970133,-0.14783022266874216,0.019670063728281142,-0.13695388575961434,0.01814189798700294
364,-0.0970465317802803,0.020721064601030327,-0.09850801859917453,0.02085381987386132,-0.08589468096445063,0.020434253893262352,-0.08885337955489234,0.019646080800283034
365,-0.1260686511496501,0.023943847098279607,-0.10511510867782306,0.020819909274650113,-0.08242971074260595,0.03974877716755732,-0.11689743113172676,0.034583851823685306
366,-0.11872983074178929,0.01999134081337544,-0.12072654065457368,0.02100208236614806,-0.1404204226866246,0.018937695795960507,-0.13159145794457272,0.017415400297307506
367,-0.12080433531620874,0.01883321829923074,-0.1242586640453671,0.01889486812171937,-0.16474576698092616,0.028466822896736035,-0.1346457581648069,0.020641160729552653
368,-0.07659521482777498,0.031746780682006315,-0.03699576564293849,0.032043142830769145,-0.12485331812042913,0.026318074007378862,-0.13955136442119215,0.025537654268080003
369,-0.07227801017309052,0.05187196686504171,-0.11748983544363822,0.04131319252501482,-0.1385945495754734,0.02373045902839659,-0.12066232994472523,0.019792474891741862
370,-0.12001310528396991,0.02037298418462211,-0.1064445552926336,0.03757743133969795,-0.11603041834609322,0.03493199874123645,-0.13325458277111302,0.026326926708766785
371,-0.11754518425697931,0.021285878730508984,-0.11612026198744951,0.021375874601687026,-0.1354068756936766,0.020820909968745232,-0.1365934502166829,0.021228331199675664
372,-0.14518642109923355,0.020727392612319227,-0.13352809943496216,0.018978199059822808,-0.11735792552077647,0.03810762089208868,-0.14526357880133237,0.030237540479315605
373,-0.11232708990344112,0.021115767585449842,-0.1164681829900097,0.02051202843842165,-0.12898443976455373,0.02305792926269786,-0.12393819941095834,0.02389157393082968
374,-0.09959304671121057,0.020752751451410034,-0.082575806240943,0.020649589036112966,-0.05989316761744491,0.034650107643878617,-0.08713922557478956,0.022814276616465623
375,-0.09943697495989778,0.021921785667382777,-0.10325983605197647,0.022526207068459456,-0.11158929918962554,0.028397264825584433,-0.13175265427479588,0.026272156666541167
376,-0.16543757582917343,0.02004888264236923,-0.16265985893849702,0.019333498042718295,-0.17404580052315063,0.018316362705674133,-0.1792356294657038,0.018201054986972783
377,-0.11634049568706015,0.020173921521547206,-0.11576161197623405,0.02026770111864642,-0.1256597762711142,0.018952271826065323,-0.13603249098044248,0.01973464581356532
378,-0.11101444083243377,0.03974464028188541,-0.03142825250246144,0.023229909133851607,-0.08549261642485455,0.03325724602648891,-0.07078053974216335,0.023047181112582176
379,-0.08790683545951522,0.022042771959395583,-0.0880678988858272,0.02199011929514319,-0.11685666859203839,0.02293621139362339,-0.1032351534396269,0.02011619113336276
380,-0.106687943689137,0.021670273832213923,-0.11732771645767132,0.02154583801058652,-0.12706958785074948,0.029936150305085476,-0.1289376408926324,0.030751076298388302
381,-0.1109501750134765,0.02650298459864459,-0.11177406641120438,0.024669098346305606,-0.09726909400833628,0.04696134923323741,-0.12489128008323959,0.043986570663366524
382,-0.09576488715419089,0.02183409442445854,-0.08849793699821665,0.021201310479235493,-0.06487863619109281,0.03567053167357668,-0.10276417714227512,0.033671827357358186
383,-0.10713599435772371,0.0248305631115325,-0.0969293313261302,0.027567252915994284,-0.030998224776977727,0.04755598148974059,-0.12256585792221997,0.02498388996137357
384,-0.06879598369867293,0.0321559657006035,-0.07826942607032587,0.02419804181307158,-0.10612914084875888,0.03226004862744752,-0.1343031664297319,0.02992432342521315
385,-0.10180334411572683,0.02614224117667313,-0.08588500970497406,0.024410558668518628,-0.045580423020020834,0.05026049815691703,-0.09549782354778741,0.04263284257089644
386,-0.11766900345220703,0.02018766061351003,-0.10055191510954975,0.03582378117331653,-0.059984971019545516,0.04081068586331758,-0.12014559673962881,0.029896772707668724
387,-0.13977663887781464,0.021788892942786964,-0.13860131419748298,0.019398025770629032,-0.15332049640139978,0.01772419252619693,-0.15990547663877716,0.017737473309736775
388,-0.05443759420331433,0.03933751566453289,-0.08717018148446425,0.022629880271089,-0.03205874308972592,0.048262139444845406,-0.10221290844910827,0.03394703385864803
389,-0.1059487433643967,0.02018838296457189,-0.098697070946812,0.03585096044315847,-0.11963539055076662,0.019649987720295792,-0.11873025598878019,0.018354964632621654
390,-0.0862608405607214,0.019832128934170287,-0.08449157886049578,0.019845085585131792,-0.08943347578722302,0.020969379372790992,-0.10387263938451696,0.019121720489054618
391,-0.0983224978431897,0.02426333682250004,-0.1101621227329121,0.022550121821781365,-0.04725347567675283,0.036763390989307504,-0.11295382938749118,0.027638835788798877
392,-0.12268117569359341,0.020611825036543335,-0.12677385887081793,0.02028495772899412,-0.13028608140105696,0.0286283276601879,-0.14824278024084106,0.02579156400862458
393,-0.14307678715653843,0.025501241907342223,-0.10648874245810017,0.018925708396951645,-0.148470357673332,0.04090081195433207,-0.10340960007663745,0.037102044076352064
394,-0.13383339711167155,0.024446699363650497,-0.1243986356922237,0.02573140963434477,-0.17440886956188273,0.02556220889246828,-0.15382048799650788,0.021752434238733027
395,-0.13967845527459755,0.021241372500607064,-0.1273421895877404,0.0204370700453012,-0.14592385601643745,0.023919750048629056,-0.1475692313966807,0.023001032433409615
396,-0.13567175845177853,0.019217655567785846,-0.13392114251237433,0.019660458502912637,-0.11050553898742893,0.043993901375145306,-0.157301102057044,0.03278350071616503
397,-0.0638827524981035,0.02344293108372071,-0.07994187245966476,0.023109575367047965,-0.06771902358182083,0.0336813872511223,-0.09568251264223618,0.029875239585118
398,-0.07727016784115984,0.021037279872785034,-0.07048762817285224,0.02091940390957566,-0.10459817582920523,0.018995726739081165,-0.10728042506093137,0.01921013868225767
399,-0.095025268579647,0.022258081822865303,-0.1083585178522604,0.02223736492759277,-0.12541670250763878,0.018422872368151388,-0.13010608425096598,0.018400509055364802
400,-0.16528648629473505,0.02318455239261834,-0.14229009840210902,0.02307845646575971,-0.1395753505877822,0.019638265003435035,-0.13973191985488412,0.019542708157150757
401,-0.12846181085872294,0.022806482472281335,-0.12356177803861886,0.020064943053683323,-0.13843761838370547,0.020995005883596755,-0.12319217822233611,0.01923006044348714
402,-0.12426304563762483,0.02256935014363147,-0.13009634643875,0.022108622365016473,-0.14576396711142964,0.04285370595860322,-0.16104997224871637,0.03584564542369185
403,-0.09955949857893723,0.028522262052571506,-0.08842188438356391,0.022951189722162844,-0.11843284406842125,0.02486708410290403,-0.10416796133477485,0.02319046886336868
404,-0.09032363307882049,0.0230623197619556,-0.09254822423681387,0.023228966802083927,-0.0784145253754687,0.041712013578691455,-0.11004862574813198,0.03855289574844729
405,-0.0903556462685179,0.02593111808424444,-0.0973654863790547,0.023317015179817054,-0.1338976541414496,0.03400484914882914,-0.10611422072806265,0.03467404122168434
406,-0.048606831551277103,0.035063400961027516,-0.07685280696415149,0.035219851853385456,-0.07004014420875904,0.03649383526770433,-0.1022269508694418,0.026907780396495357
407,-0.08244892883204404,0.0298755270093407,-0.07632457157053596,0.028400432936309294,-0.08270030283441963,0.047634082078123474,-0.10275021699735447,0.04776337060972901
408,-0.08400417495080817,0.02227296521957802,-0.08266691511528504,0.023164173557455894,-0.13093077812326837,0.022186322262132817,-0.12154054434942009,0.020566510423970546
409,-0.10710207021991558,0.021965155992463962,-0.10786571748635114,0.021566102995603718,-0.15904188258714655,0.01900491843366231,-0.14773014718845487,0.01846585366741711
410,-0.09946064385192993,0.021253365646039423,-0.08397508831923316,0.02032996079474867,-0.14433789256666668,0.02763663653262288,-0.09610820730147092,0.020997252366501008
411,-0.10653247043242971,0.021631303021241725,-0.11020363717683483,0.021308151785485417,-0.14491613392766786,0.01952085381007328,-0.15551252200010507,0.02022476780876178
412,-0.11908454196685744,0.019893245303946202,-0.12079963605902659,0.02063751995291596,-0.09895196927505416,0.03497424640217487,-0.14189702822592198,0.028909298914240524
413,-0.04846992233875182,0.02715955135362526,-0.05247668534629688,0.022587701885300484,-0.050709851141508645,0.0475689508285189,-0.08885366061902225,0.02617756099024541
414,-0.09371874612192009,0.021196376449871844,-0.09501679522169248,0.020481529209571685,-0.08911201470918052,0.036901312062146065,-0.11757151346354794,0.018579543690187845
415,-0.09208923749371418,0.037655200685990785,-0.09201615400295138,0.03616783249292803,-0.06370500636283871,0.05328048701317248,-0.12036989776289019,0.043530074189626886
416,-0.13716640178583897,0.030886257546300297,-0.12617244390764562,0.0253005997288143,-0.12474013115503359,0.043084592251525736,-0.14668528806056488,0.0428906398814374
417,-0.10424692246616869,0.02144952930807839,-0.10009783611659358,0.021191792948575774,-0.1151931042241781,0.03483900386724033,-0.11184671410560963,0.034339612518006754
418,-0.09985798233280749,0.037066773229290945,-0.10227341501200002,0.03746529037137639,-0.1201030907971703,0.032619112330828516,-0.13923858743716805,0.026731779019911677
419,-0.1333857350204923,0.02184400192593722,-0.1231708696065446,0.020412120769445697,-0.10596954788870433,0.02821770337195074,-0.15051159534297048,0.023640926453624922
420,-0.14640461013281364,0.031337245667392856,-0.13387612560560705,0.028193670299560377,-0.17034334263087994,0.017806491109956368,-0.1644522673126321,0.017624415123138025
421,-0.11816465616228447,0.020164775595865946,-0.11249682642359915,0.020365766676343825,-0.1610208183679942,0.031449928233653224,-0.14341775731995596,0.027282296378802934
422,-0.0946911082335076,0.021895698955211883,-0.08935361495218262,0.020642270624273883,-0.12822046857143174,0.022428323509021922,-0.1149692477420471,0.023301558538844597
423,-0.11732329110952491,0.022179142497699006,-0.11979485389927357,0.021383142741024576,-0.12891159785085707,0.025924132562644343,-0.13360422848139655,0.02537058751022464
424,-0.0654612913235405,0.03913557873407801,-0.10219783820237882,0.03779054905938298,-0.11899257353032622,0.024335285209973932,-0.12316322619891018,0.024298316328116954
425,-0.08465263658499451,0.036345167693898464,-0.10520798499632295,0.02614488162247292,-0.11510404406993854,0.04865256345668384,-0.10547205932692001,0.0452011840298204
426,-0.13289834768166423,0.02197270983216649,-0.12906841352271575,0.018172136037134582,-0.11885221429106675,0.026941581412971465,-0.13714104896874782,0.021177382093739403
427,-0.11400063088084528,0.020905532537874486,-0.11956566886315556,0.021512369489333272,-0.17271142321847796,0.03537096727811787,-0.10877065915034806,0.02503054477647018
428,-0.11151208068988677,0.02058625715896928,-0.10828270705055615,0.019972448425120932,-0.16766622484730198,0.04110793173744453,-0.1356540744701255,0.03661760414628246
429,-0.09619392229668491,0.0214083773076941,-0.0851840314625354,0.025395516352509282,0.012071661716587112,0.06187877575223181,-0.11658263327669727,0.024538692925304417
430,-0.11415713593513578,0.02028297425649642,-0.12674785370081865,0.021128878419368006,-0.11156118191512451,0.03780999442358643,-0.1253461870167308,0.034906119446594996
431,-0.10262825929042456,0.019945882673033342,-0.10435152327942843,0.01928584510903009,-0.14131790461770496,0.0374792845968515,-0.1234448352182456,0.036580520007477614
432,-0.10790318995936517,0.02024292312861585,-0.10957724625247427,0.02017313208663345,-0.1170736865876913,0.021492974803423447,-0.11599382499890377,0.020740746188070112
433,-0.11598219494901026,0.022145199440579084,-0.12977883266082135,0.023609502310777238,-0.10796106596490324,0.03562740691130545,-0.13515763892171592,0.03531567764766557
434,-0.12127449204536749,0.020748015537004463,-0.11790240350228336,0.020835504651025374,-0.11059360911017208,0.03796894749713671,-0.13809995825092056,0.033136991120724046
435,-0.09176829511235307,0.023781944270646338,-0.06310590630322528,0.02441637332033518,-0.11555163507473386,0.01763680310816868,-0.1192770425384897,0.017637496455261484
436,-0.11290127006235585,0.01925374958528136,-0.11934770781017971,0.01890177784835117,-0.12612952159185112,0.01834082981101011,-0.12553408769029223,0.01765460370142423
437,-0.13990558059176347,0.021086484221538047,-0.1255638689313551,0.019082227133086424,-0.1551470246524458,0.01981710465905929,-0.16100095291142516,0.020136823856381218
438,-0.11354860645084089,0.021359789877046148,-0.11330508230777754,0.020887358241435092,-0.13071318374408455,0.03634528829078587,-0.11835975077397298,0.03264439042240426
439,-0.0845955919012343,0.021658934691043706,-0.0904310045693638,0.0230460684976639,-0.1113750507958716,0.017407993463872735,-0.11944457859141566,0.017850785011480984
440,-0.1107606286817803,0.02119261291914865,-0.10550685408153186,0.02074046445890853,-0.1210634331856985,0.019240503448858557,-0.12340227088221818,0.019008528999224113
441,-0.09440222244098594,0.020365240140583184,-0.08439828564112145,0.019926901073614826,-0.09751322584814624,0.02293986033094693,-0.11289955884922533,0.018733977967428896
442,-0.13197759957997418,0.019178604197349073,-0.12238343861735641,0.018896207650055126,-0.14833944339922728,0.022267731915273453,-0.15263572782615356,0.023555034062045628
443,-0.10712750124701048,0.020431326545245276,-0.1138371317417439,0.020006618694785934,-0.11856278034324548,0.017917618482207246,-0.12330509845533279,0.017788894964077748
444,-0.08485232054064017,0.02731857609902116,-0.10914019254274494,0.02516179974334618,-0.13389405480828948,0.01976720681283476,-0.13650147692825265,0.019394771261414822
445,-0.13984548115657056,0.021777154840000774,-0.1304402322294113,0.020576031580628245,-0.09261997409211399,0.046947836836425845,-0.14117646144559204,0.033184196106359885
446,-0.06353505195439187,0.02263782485052669,-0.04794815684877007,0.021506887345626297,-0.07111176404350353,0.041694940211189135,-0.0884218935323006,0.04054025998966005
447,-0.1264928514942355,0.018334134041167936,-0.12812582522103275,0.017811759921746412,-0.12461621997867288,0.031949042701703644,-0.14961882631303214,0.02592844262588778
448,-0.09700755306180307,0.02252455822439077,-0.08889109641512047,0.021538894899783854,-0.09833880799645534,0.030216632302351807,-0.10830627210909152,0.03164213541708986
449,-0.126143051571538,0.0206964741865608,-0.11210037002616911,0.020936422987057005,-0.153796837393109,0.03364066729166177,-0.13893148859806181,0.03362639741017904
450,-0.11307776646503606,0.02056315274187965,-0.11867043490833902,0.020626918559319127,-0.11085338493791672,0.022856856082654656,-0.12505756791695705,0.021803684040537112
451,-0.041703866432774475,0.04395655608160772,-0.09811514577263623,0.032345178152483736,-0.12004308186149501,0.03178672419449646,-0.11660069906847839,0.02599831401025349
452,-0.06114105900265137,0.02053513133377285,-0.06477414306746337,0.021087117678710958,-0.0824440878197866,0.03232414507209889,-0.0864027168881615,0.032243148327618924
453,-0.1112094256862567,0.030108420940386477,-0.11385911446374915,0.030197646831806646,-0.1330243604976973,0.04490816714270335,-0.12372188452156885,0.044311854717359
454,-0.1293862157643827,0.019447183166988936,-0.12345955001899214,0.019624099765985756,-0.1472308154534433,0.0292833003192854,-0.15063149587884891,0.02917366793261967
455,-0.0918295854835471,0.021213964513656446,-0.10205119438455669,0.02441968200984823,-0.11332079048870905,0.01982575979248783,-0.1152020216170057,0.022286335742026393
456,-0.14491133416646873,0.020923218733165355,-0.13341533018459922,0.019876320866451493,-0.12797891938256825,0.04294188215356393,-0.1414942101618726,0.027884981120373083
457,-0.09057055046205492,0.024460423763576628,-0.08222890869880461,0.023066446798451448,-0.12224028869201875,0.026722541120737044,-0.10707959987317736,0.021148402386654473
458,-0.1307262475194393,0.025430253132477074,-0.1463912974883846,0.024961743938643772,-0.14136822167010374,0.020118085757511697,-0.148018974890718,0.01929919657167805
459,-0.11592873193736442,0.021643258279240213,-0.09736140079388904,0.01975962494187636,-0.10265435236313734,0.02795222666453342,-0.1025435752152486,0.02773856567908287
460,-0.16092846066596078,0.018846352512997214,-0.15453933965876904,0.01822433677573918,-0.1478228280061605,0.025405241360252268,-0.15544773232062606,0.02525675501234259
461,-0.09987409867519684,0.022149654097195715,-0.08470887229329943,0.021940514822296735,-0.20221660327191274,0.05250058263824271,-0.10436975144409114,0.021814982833972124
462,-0.10551083409218734,0.019137456394454067,-0.10168029049833349,0.0189681538213026,-0.13118853447605927,0.03632588562188602,-0.11984759930578548,0.035683900526596
463,-0.07889560499954991,0.02686105375586497,-0.07159995095648858,0.025291841231062425,-0.07547845926433247,0.04363903686245226,-0.12887346509704858,0.04082645728664845
464,-0.08744459952304817,0.022804333793345826,-0.08255638983853102,0.022212938522317142,-0.09892594173176777,0.0227392636591741,-0.10978711449257382,0.0201268421497846
465,-0.11836907041145975,0.020027986994640132,-0.1138441228285088,0.01820590567520302,-0.12147288372685416,0.018060915249692933,-0.12310986960932452,0.01815033200239946
466,-0.14258702955446886,0.019160508418223126,-0.14251319483433236,0.019191940350892108,-0.14224125354083136,0.021343442235339075,-0.1512824262840014,0.02214403686351888
467,-0.11454046184626766,0.023384342209465125,-0.11640627295651126,0.023389226518540807,-0.049577810790681305,0.04347471827211231,-0.13292066294708874,0.020617144846907007
468,-0.11320666495440306,0.022570297132233384,-0.10721329693588831,0.021392586793517694,-0.036932894291417585,0.04139901664017166,-0.110542534264967,0.026628386502682955
469,-0.09473893399148259,0.024008280261467393,-0.08845700112423513,0.023674745809585094,-0.10847017689058099,0.019410899372222897,-0.1185211429593876,0.020437880994638773
470,-0.08437321730524959,0.02341226149763706,-0.07181152754263864,0.023668732531365592,-0.1050139982275518,0.023691436381678723,-0.09519785425346085,0.02066649551184873
471,-0.08843973130976758,0.02833130240706488,-0.09891562680197308,0.025968861022134537,-0.05789419798335074,0.059439050554815465,-0.09987887665304016,0.05552388280241761
472,-0.1009720855524827,0.020961897026561257,-0.09971856174365099,0.021653640626892182,-0.13633291148496687,0.03178997342831447,-0.14187861955826525,0.03251329324606676
473,-0.09545459931791309,0.024952807666791303,-0.0907752068146729,0.024522450568011656,-0.08414774098835374,0.06277304723637313,-0.09564679687908059,0.058157420409699366
474,-0.15591944534092417,0.019615791032489786,-0.15984856728979915,0.01906168338759647,-0.16363674075404586,0.02193822977302777,-0.16729458362442123,0.020599368434041105
475,-0.10741756881201525,0.021196765411159665,-0.09666092324511653,0.020464587051498295,-0.10575602579152421,0.03241360484944705,-0.12066981024898449,0.032419002452199426
476,-0.11046567168875406,0.02142327282062205,-0.10224685280517701,0.021042940250622366,-0.1597179645942255,0.030270730341257886,-0.11901883688007706,0.019986049148224355
477,-0.08622467529692805,0.025928558681727307,-0.06639171712568818,0.022474367009799864,-0.0766980633268534,0.04134624076599995,-0.07737152677913309,0.03958064484571437
478,-0.10307308515712871,0.03684358283994476,-0.13258504413541694,0.030145544016446767,-0.15094541659579339,0.04149621226433845,-0.145863744690366,0.03913753567175819
479,-0.1341264323747781,0.020387358440971306,-0.12634136555544126,0.027643972352266104,-0.17096958756660624,0.032000305531670804,-0.14141395770224952,0.026491795459580903
480,-0.1128906718026819,0.022646367772929898,-0.11090836539456961,0.020537894614397152,-0.13224023597653328,0.01788194073774839,-0.13165130317040025,0.017705116067801015
481,-0.14560991739818258,0.019740927500732253,-0.13883723787985267,0.020228363092130795,-0.11629221202225788,0.03006094141037487,-0.14428953695950428,0.026326857519159447
482,-0.13281239450735807,0.020336845454533663,-0.11990888932977664,0.020186266166386423,-0.15218398088030993,0.01952087492898624,-0.1555176652006899,0.01924052917955276
483,-0.08534448919648624,0.021242421987244253,-0.07894900999007572,0.019706435200212185,-0.0523111679818219,0.04010172686744337,-0.09289494321927924,0.034493312209495586
484,-0.13773826887061913,0.019804405382151655,-0.12318385106559143,0.018836687764666075,-0.15072356470329956,0.04254800158562023,-0.14673592718777037,0.03922624256605844
485,-0.12385876514941004,0.023725868691512008,-0.13409253031706006,0.023616696367258837,-0.12552328528054277,0.027728471564007116,-0.1498109473452736,0.02941806452906449
486,-0.08579113715764126,0.02485111763286896,-0.07875227603887593,0.022677410711871387,-0.15677357085536964,0.04817387901786124,-0.12494171065277901,0.04622988680261886
487,-0.08470370308410205,0.027685125191855328,-0.10067311586515108,0.023701174863272386,-0.060549884752305896,0.04151032294085284,-0.11322740661736831,0.03651588649662456
488,-0.12630164628748886,0.019584464997283477,-0.12775882162662797,0.020446255157668784,-0.10152505437792518,0.03159450490128673,-0.12468384960247222,0.020171366710425843
489,-0.08938452012463853,0.02729705989496315,-0.10026201315913177,0.022111166770524368,-0.17496107143462367,0.03048747200402726,-0.13608488868650775,0.021827812410424658
490,-0.11044342036530734,0.02316161644954467,-0.11645541835883289,0.022283829818754507,-0.11997198264796032,0.01943535601686362,-0.12822022893273982,0.018458245779198367
491,-0.13013989302410559,0.020443963359702125,-0.12096905027719228,0.01919279743598019,-0.19416693632017432,0.0255467459488634,-0.15917123778502945,0.01617666142614895
492,-0.09365658286660652,0.026377023899180504,-0.11893163107183724,0.029700873151989292,-0.1237491631201396,0.018856295053437805,-0.11697852091925771,0.018896424403531654
493,-0.13940148428747512,0.02124001129585454,-0.13967862669849113,0.020839520654238122,-0.11791475128184527,0.03485778115739071,-0.1510617372840822,0.026709277218786322
494,-0.1354494967934798,0.019938741285922348,-0.13900252262884988,0.021124516606648866,-0.1663037759495128,0.020626383817094036,-0.1522751906227421,0.017408051484695885
495,-0.1340060408600512,0.020470017804498798,-0.1312038666441643,0.019616950408347957,-0.12836734276925305,0.018175033270841127,-0.13515020732385594,0.018219599804258874
496,-0.12698544728708677,0.034327383117330766,-0.14824233752079305,0.020396671988419,-0.12851554078610608,0.03556507411256527,-0.15652276422722225,0.03478849054762291
497,-0.14887664469689718,0.01877403971789806,-0.14083419041505324,0.018555612638192713,-0.18187279199630185,0.017702608985519525,-0.17806844683274017,0.016729621253390916
498,-0.11184961712402947,0.023658941125654424,-0.12952358478499465,0.026648119046494605,-0.0991470575830447,0.024910794837001184,-0.12078042704386122,0.02191025528970936
499,-0.09209346071730883,0.01984519903263103,-0.08921583361090772,0.020235075433107527,-0.15139670333783278,0.029328357208667322,-0.14024006633155034,0.022301182572694426
500,-0.11907588163512427,0.02042348937876493,-0.10727829843230643,0.03777228028633757,-0.15830165873681365,0.033409792625966946,-0.13344913438131556,0.03137845705129348
501,-0.11494500416289759,0.04183789408997069,-0.11778689967372005,0.02995814221454915,-0.14215081494364168,0.025360308967146965,-0.14854716208647742,0.025401666123166612
502,-0.09009390619142374,0.03127049862821598,-0.1138775879864363,0.025336778863928516,-0.11337398773311681,0.051786743504272245,-0.11599760753121324,0.04487943730443835
503,-0.11365655098363413,0.02330299910432532,-0.11699207729229086,0.023176123413144643,-0.13336918970425693,0.017769508877665652,-0.12710270913184168,0.01740684965057782
504,-0.076745281628761,0.02651174247818202,-0.07881564299416038,0.02521056264925128,-0.10120617822311673,0.03340567263041238,-0.1108946437267073,0.025152047646132814
505,-0.08785713434733328,0.02089818297978605,-0.024342520792345758,0.037302860004419736,-0.1191163196107298,0.04442752374878938,-0.1221558606618977,0.04462744459681038
506,-0.10980971804909602,0.023196807391791807,-0.10116385743931253,0.02016242280815218,-0.08974589509915616,0.026765636475664992,-0.11021258914523883,0.021799436204491107
507,-0.0825408369608208,0.02167783746362988,-0.08825732611929012,0.0218756244634594,-0.12456101671083275,0.03414504912871311,-0.1245397593752081,0.026441203348656517
508,-0.08851811651262627,0.035006787638670024,-0.10458427971887192,0.02723049931462748,-0.08455221978117562,0.031875620178704975,-0.12251566912312174,0.02589248902252729
509,-0.14653406825860307,0.020718641491803927,-0.13967573570109193,0.01987365521166444,-0.13383776492609037,0.01828914028984903,-0.1290473796169209,0.018125935441566154
510,-0.0780456122547782,0.021752118143560237,-0.09422004723946331,0.02379272518181651,-0.02586736041950108,0.05392526702471711,-0.11147320670414723,0.04675949232960717
511,-0.10630872363061594,0.020083381115240745,-0.1063335447452653,0.01976977627935602,-0.12387519953889303,0.01759849341432578,-0.12551396498887762,0.017789456388224247
512,-0.12155717271877858,0.030443505307634244,-0.10846127945153794,0.025349880044038844,-0.1381982165921925,0.022460381679574398,-0.13710148074383813,0.020367335820879507
513,-0.16260913367105354,0.019920420551431884,-0.1396774551809512,0.017578204840766793,-0.16194490215816107,0.026776159091311477,-0.1446158610570709,0.025020151328338555
514,-0.1667589219995516,0.026429219885809124,-0.14722917139768835,0.02163920606126056,-0.09935965098952719,0.04138081966653243,-0.14955729437159823,0.035967148358651564
515,-0.05971230877542039,0.02717901200064017,-0.05058284789168272,0.033226153098477644,-0.04492467118900268,0.047712839641645056,-0.1046941546954225,0.0456156121828617
516,-0.13809648117002848,0.02270644122272094,-0.12036786360182904,0.021183643015682617,-0.15881004360325646,0.02087618876377035,-0.1566858159886704,0.01986223678519323
517,-0.1270844628406601,0.02497283054240906,-0.11946832002719121,0.022770014331015838,-0.1287798142185088,0.02373978953085926,-0.12832455348377342,0.0235735115643608
518,-0.1407813587817081,0.021473749968216226,-0.1350584069409271,0.02047421870750207,-0.172658175538021,0.018764790088073375,-0.1632044019217905,0.017558151232149766
519,-0.08847197847032146,0.03535101809812256,-0.09083607343150106,0.025369445601994486,-0.11554370351944042,0.020676720907626425,-0.1138983027523335,0.02069470481431262
520,-0.11910250211400136,0.03780360092981051,-0.08469611141892072,0.02193946891113178,-0.11845188936320919,0.03018399585520862,-0.10961930959891854,0.029914021091085857
521,-0.10897162478382995,0.022181177719637377,-0.09732973214346824,0.020333199337549717,-0.1277098149926535,0.018444476962243276,-0.12188418677016599,0.017805717791554522
522,-0.11308360957362032,0.024534770091094175,-0.1107749510823776,0.02315294170087831,-0.09037192935590192,0.03410310073277844,-0.11631179083424191,0.024676495815153045
523,-0.10321660660454417,0.025327155234134525,-0.07061088861766943,0.023804957524118164,-0.10849515306238477,0.03045586229827499,-0.10779926311410339,0.02226532573995317
524,-0.11038060747624807,0.01900175584526466,-0.10646451352007237,0.01889184030539027,-0.11855134074312737,0.018143497103066942,-0.13330064796891833,0.018159653018144532
525,-0.15504785990066464,0.03590927735332071,-0.09551775240942216,0.020246788936363558,-0.129842028000007,0.03434800667250144,-0.08988904561523205,0.033591218383034555
526,-0.08150997819443408,0.025427334905199977,-0.0953332400082601,0.02270458295635857,-0.22647017305407383,0.06302374794157076,-0.11252071222202321,0.039956469698471005
527,-0.11919827798367115,0.019122426321889825,-0.12292809896997497,0.020448886959519602,-0.13420263828338092,0.01772175440039284,-0.13945733060533633,0.019704852313896824
528,-0.1188831100079902,0.021429953156682245,-0.0741823367486839,0.04043817680923821,-0.10154654155186671,0.036076474738764415,-0.144837815910811,0.03243323512901531
529,-0.10441297101873363,0.020527502464230924,-0.10732693726623366,0.020591917712982667,-0.14202728193623948,0.02288914723985248,-0.12984484842124813,0.017860960262989826
530,-0.1215347055622883,0.021971086954259207,-0.12363757626420399,0.022101468592632446,-0.14164261476150602,0.0369422859582842,-0.13553745413062124,0.031206227765387323
531,-0.10859661908809759,0.021792460903628894,-0.11677735881497517,0.021901589379572903,-0.09292692351261479,0.037917302408443244,-0.12181885937363582,0.034483949276140416
532,-0.09695441428864679,0.0213284787968014,-0.10492976163346089,0.020498379258475856,-0.139332705727297,0.039846862939325704,-0.13954836643194388,0.039561901641898094
533,-0.09711204766576627,0.022499925648832426,-0.0788817636027948,0.02202899330729217,-0.12661690230804662,0.01915984657731087,-0.11231936387178973,0.018731125838033234
534,-0.09895559434331598,0.024522583480244498,-0.10262867502575856,0.027505708860839646,-0.17976969781106716,0.05005764847728197,-0.13543111607085076,0.038974687769144624
535,-0.10557096579058972,0.028610892672037536,-0.08123807285417525,0.028651490577303967,-0.13776461406797322,0.02286843022212062,-0.12729363415304218,0.020068462396315528
536,-0.1286619853457467,0.02150554729905866,-0.13350370361482586,0.022067110893961888,-0.09728400100616723,0.03758520789349681,-0.15168551116651097,0.024534342013580433
537,-0.10474236804742043,0.017960982189530447,-0.09980277085771364,0.01803656733180679,-0.19935546168654847,0.0506541331407178,-0.11903962537920668,0.036180230501174165
538,-0.08578542488826015,0.02279692908977323,-0.07052828801236846,0.0223503235966722,-0.10012162302855047,0.01929760221258157,-0.0950775226929062,0.019693601410257805
539,-0.1368638936220177,0.021301957315971638,-0.1259896686654265,0.019896840462342965,-0.1517731692378162,0.04233467667250405,-0.13320534352996657,0.04195038556683589
540,-0.09217017589447929,0.020168214763609523,-0.10018720815213976,0.01990497266817732,-0.1107879368158433,0.03215648829644197,-0.1253718066216651,0.03016161211042215
541,-0.13502161022523199,0.02156888572453899,-0.13317950495701192,0.022869544574075987,-0.10397226831414469,0.04789605575483347,-0.15707297815530197,0.02853863398467852
542,-0.12157570144945135,0.020771654861116016,-0.12736243023226612,0.021386067267387544,-0.11196810922064615,0.03801701159393427,-0.14513408009168893,0.033062860511920526
543,-0.09748456170491022,0.022473951693477778,-0.09746716478955887,0.02230809166300449,-0.10952475755038422,0.02036069348329519,-0.11157784734347756,0.020093735565911194
544,-0.10729648925804541,0.021928976143858234,-0.09754397493560782,0.02165239277991066,-0.11891938864501007,0.019669849493648434,-0.12412272868363206,0.018637231752479753
545,-0.1167658969525611,0.01999476765124281,-0.10630240815600492,0.01974301060829695,-0.12062787481732942,0.03121007503826455,-0.13605550019732884,0.026695140212866883
546,-0.08479895508500818,0.02696600409605412,-0.08252909191773693,0.025473770485786466,-0.14109521441868317,0.024120174516303605,-0.12083657927313944,0.019364395150250884
547,-0.12889023205668332,0.025122178986452106,-0.12562024427170693,0.023194088200496985,-0.13947483174210054,0.03495386070688471,-0.15929752542609116,0.033971780062354004
548,-0.15478390382032148,0.03090938781665466,-0.12635403949645027,0.02467781695480861,-0.136765638157214,0.01951051631325434,-0.13197595245932592,0.018717437934513338
549,-0.06882133114438127,0.020760277701309966,-0.08705778605757432,0.020165624286436618,-0.10178448310946153,0.019081167991510804,-0.10669066678245977,0.019212589804540808
550,-0.11263566448797574,0.020244206736969538,-0.10353109805755345,0.01935201811909629,-0.10205178585472358,0.03592401309971735,-0.12812395541696334,0.03214884008255851
551,-0.10366648451744365,0.03593991459692631,-0.10573614164323375,0.03575513172547589,-0.13515086253219258,0.037946092283614306,-0.1284573027054855,0.03807966723120093
552,-0.10677625555330261,0.0216147903129658,-0.10211701462958325,0.02068871838010645,-0.16002934951045708,0.04222684385446367,-0.10274401982549462,0.03320082627082035
553,-0.12153803559074924,0.021460943263082514,-0.11157871650259453,0.020500984927847497,-0.13372232146623472,0.017652838240167286,-0.13142687242357723,0.017545346797885226
554,-0.11328136439595796,0.02056107698785341,-0.11096678202662352,0.02042987829674663,-0.09405419317357348,0.03316444441734779,-0.10270794288974829,0.03200902240299487
555,-0.08557632850919261,0.021506467986942977,-0.07619124861995727,0.0203309767304295,-0.09992615277530323,0.02517204904888244,-0.08012066718547112,0.020810709699696558
556,-0.12418021949292489,0.021657312536605022,-0.09340014769124462,0.02115710188982532,-0.14472956689711416,0.04528154787592956,-0.1113845824896679,0.04012089529621994
557,-0.12095691372386119,0.02233270082615043,-0.10368232533928055,0.017905301098518966,-0.14811177028672265,0.02187043651947474,-0.1325634422605541,0.018030363659861635
558,-0.14369206995768694,0.01853703047993402,-0.14278477044103063,0.017933554282345714,-0.12045292444581765,0.027231483829825435,-0.15200122711476546,0.024159640051775958
559,-0.14153046407399822,0.025158661658146814,-0.12394234903780967,0.02072975142916302,-0.16170719267583186,0.0440932378735207,-0.13259743339765417,0.01756305306027284
560,-0.12454331141114451,0.019888993892220947,-0.11381821566810697,0.019455721441087644,-0.10028090062606802,0.04812250553162992,-0.11361928069208242,0.04517272085317645
561,-0.12217743891379837,0.02245235531455157,-0.13622790355235798,0.022244967655897747,-0.20935265650449025,0.04262041466088166,-0.14990482708279393,0.020133764799974592
562,-0.13651754703884497,0.01901030080859571,-0.13467297413832952,0.018803135356516003,-0.1501970586418694,0.028055886403194997,-0.14995440424377882,0.027387155566936317
563,-0.08629842194433904,0.026142717113869143,-0.09194948276974185,0.022512200194050116,-0.1310679604336586,0.0275730189324182,-0.12957458032010735,0.027565398650158595
564,-0.07748652344239573,0.021374505108368917,-0.06697796128126278,0.021140383378012727,-0.06217421963261804,0.025586966527406583,-0.07480273725996346,0.02121296916391651
565,-0.07582695102836183,0.02622513344280549,-0.09019434532073488,0.022211895058137202,-0.09276452951905964,0.02072754377162475,-0.10071711575383226,0.018952788844011043
566,-0.11596734162652979,0.0221794534327746,-0.11591673522271242,0.022715554907460432,-0.06265041134022867,0.04378235425865883,-0.11618551392048031,0.041455289449934346
567,-0.08117887449035263,0.022341709384271193,-0.09162915457843261,0.02160489036619322,-0.10708347808834862,0.02250303718085056,-0.10342436231645456,0.021034170357686368
568,-0.0997454597826651,0.02340837379509214,-0.10524986930056306,0.020373743844346776,-0.14423623266892088,0.02596631557468228,-0.13117004991394268,0.022680389054259238
569,-0.09330975588619625,0.02195080743129302,-0.08660140132567057,0.021445408393955506,-0.11062832441132532,0.02036970287119099,-0.10706456467577496,0.019669114439798838
570,-0.13716552562310305,0.019188865540371774,-0.14523482628089918,0.01873418030750345,-0.15001587804746216,0.01708901499709621,-0.1548367070231503,0.016627404126630965
571,-0.0704229422004627,0.021696230875946125,-0.05309361332748697,0.02186275861972824,-0.10707475142837974,0.02159817753779656,-0.09681341615779275,0.021067374483203512
572,-0.11384152121174891,0.021857976225881367,-0.10664774660227998,0.021883789335322385,-0.11943508944536163,0.02481131747105424,-0.12938545049151562,0.024397517074911706
573,-0.08041448097734243,0.025822458163265373,-0.06597398827904428,0.032465000059520265,-0.1041546626723439,0.04260698272520779,-0.11602698990146307,0.04262464687674618
574,-0.10564443206516866,0.02189531897472141,-0.09562333660532647,0.0216416357247483,-0.08537491248809106,0.019529126231633432,-0.08686973870712089,0.01905932878608064
575,-0.115414046932498,0.022234531272552812,-0.11632120778036491,0.01975238202332295,-0.1779597534153479,0.025811054540436206,-0.14166629220715118,0.01667523578898782
576,-0.09300654459337147,0.020548939514802994,-0.09916448847882574,0.021435406282883086,-0.10643704368299507,0.021668782854590774,-0.09381275779628939,0.019968240108405803
577,-0.07559035763896116,0.024018345887479742,-0.06078083861299727,0.02205045021825843,-0.11179906284202874,0.020392772143772362,-0.09957734176395192,0.02000096101167107
578,-0.13287976863633974,0.02078834927603899,-0.11681060425225494,0.019183669985699692,-0.11426358625421956,0.027905020126690206,-0.1213415243818012,0.027202038431660133
579,-0.11361846236778002,0.025102504300207103,-0.12057509014132926,0.025572013486005712,-0.1271191494190293,0.04142454721933059,-0.128735743590382,0.03955643977151681
580,-0.13714576630436065,0.030275881391414048,-0.13898787156599363,0.03076205366303719,-0.11668590362503532,0.019444533985524867,-0.12974949474702321,0.01926732151596573
581,-0.1042007748061917,0.023498623717130948,-0.119261274909013,0.022116233705761924,-0.11803636074275126,0.0335533909656952,-0.13966006421981986,0.033794684441346784
582,-0.10772330642920548,0.019007263776104004,-0.11398541854805254,0.019705963060245062,-0.15099990588386655,0.03370437725560571,-0.13466930840925262,0.029030333481336337
583,-0.12277595251259765,0.019662240251985826,-0.12034757358169207,0.019810078458976012,-0.1416630319817629,0.02144222977471438,-0.1354963002533347,0.021104559161688952
584,-0.10293999907955602,0.025608624618446475,-0.09019086714555127,0.02511988796243898,-0.12187285993646234,0.021372269221653105,-0.11216193221118279,0.02093199714959816
585,-0.139970990205141,0.021403529096173452,-0.14648591498364108,0.02134096834322114,-0.14978008623480787,0.01992727591996985,-0.15180999697508446,0.019726786329011103
586,-0.1021414294660434,0.023401048446439417,-0.10949716657125161,0.020829365184333766,-0.13967016284406228,0.017847888175937566,-0.13317246635344002,0.016622761420907767
587,-0.09366194133049476,0.02164136200266036,-0.08725128258434323,0.023508882775821575,-0.02186876185712092,0.05612525573369063,-0.10478116050527467,0.03552959332635544
588,-0.1309907775694396,0.019554867194695583,-0.13020580530647655,0.019289543815919227,-0.11369120022772315,0.030769965055447424,-0.13165210079194936,0.021961288452596775
589,-0.14358625691628787,0.022445461354201095,-0.13392514650574772,0.021828978929292368,-0.16234366575200565,0.01768951942410054,-0.16201420713928377,0.017556735538776957
590,-0.12274379022924131,0.026037672854254127,-0.10362467047575531,0.024271755293671284,-0.08138573695103965,0.04310848837054575,-0.11313613562013149,0.04283600019533595
591,-0.12998151842523561,0.021456551376368205,-0.10608943283266552,0.018900791173134115,-0.16364208977903727,0.0313552650848103,-0.11669264391883011,0.018595337546565116
592,-0.1070970586539773,0.023471627330290925,-0.12018523495097304,0.023145506070136435,-0.13490641748124854,0.03285229895361542,-0.13731144894242478,0.025610103002677645
593,-0.10030964668240981,0.02320899802943629,-0.09730191388156119,0.022198572764959654,-0.10305355763156274,0.024046217802848758,-0.11183151516590609,0.02049486540692373
594,-0.10098055105562519,0.023226304813559594,-0.08571376320668096,0.021706774500449912,-0.09552674392190505,0.04073513078246977,-0.1051391273780436,0.039920338397014185
595,-0.13405212897545812,0.02371809969693155,-0.11686376670134906,0.02208209829244861,-0.14594796193109486,0.040971952032330755,-0.1418957179103468,0.04066305801753468
596,-0.11444042166663407,0.01954328186687975,-0.11721408381718282,0.018942008253883435,-0.12846468533236544,0.02082427086525229,-0.13074814393439388,0.01937234891680769
597,-0.15065137053541525,0.021739768989032453,-0.14345724684664993,0.02167015821551002,-0.1581165200817658,0.02514257849333368,-0.13654297826785608,0.020974424562222937
598,-0.15876582350767837,0.020533208208324993,-0.14976646721523082,0.019181697318337985,-0.14778025465413722,0.020275781995449146,-0.15673483322132684,0.020113101401278016
599,-0.07981591062470543,0.021411378062072845,-0.07956090720766289,0.02125566575780587,-0.13682536832174944,0.0344880825957767,-0.11693664179624606,0.03072859097389468
600,-0.10251639782666522,0.023937530384904603,-0.0927339093002726,0.036250039638137554,-0.1583271912027594,0.0262778746821786,-0.13313872863995585,0.02228528888736237
601,-0.11647597527534924,0.02216697212434585,-0.11775361963999498,0.020125781117075525,-0.10923363900446856,0.047052999101513795,-0.12482170267239534,0.045952228444076995
602,-0.0840038568276834,0.023433386938541873,-0.08049679984556639,0.02132407523719849,-0.1295395106021664,0.03449670468265365,-0.10373751867573204,0.025903090721938873
603,-0.11076852528526838,0.022344757371290838,-0.11600090884867635,0.02180503548374955,-0.09816929517315051,0.057700546274830816,-0.12794967409013502,0.05391552494338964
604,-0.08437265623250903,0.025890714565925982,-0.08369679362838976,0.02409614211636098,-0.053402837899515894,0.0320836325432087,-0.08575385433193579,0.029949076937984084
605,-0.08147206463698922,0.02554959448589504,-0.08016649550503586,0.020890261873432663,-0.052145732809677964,0.04898600711100556,-0.13467700518638878,0.031411666928673906
606,-0.11091014824919956,0.040148252911460965,-0.13097389236551749,0.03990097465667452,-0.1463123554042817,0.042814014521706155,-0.1427656977810771,0.03901849276184256
607,-0.11798438503839666,0.023621862893026136,-0.11018532917259434,0.02303955970348372,-0.14507740963417382,0.021198340143388058,-0.1545848074672329,0.019619234390419068
608,-0.1161939080271502,0.02049980473548691,-0.12066931955176081,0.020053635048871723,-0.14994185526306947,0.023295772903350748,-0.1333118487224088,0.02375137315908819
609,-0.09779217241886061,0.027108100595127287,-0.09822259268263894,0.02498909465583539,-0.15748342345834138,0.030826491109738688,-0.11269721798967827,0.01917673756300103
610,-0.10317526468515954,0.02096576758233515,-0.10248112384300034,0.020865821386379997,-0.2093708604992971,0.043092830096000026,-0.12816014300686612,0.019013629851485272
611,-0.09566610782093074,0.026551948567119562,-0.0816766291208222,0.027717228622860215,-0.18175847767528255,0.043935376374164864,-0.10205524137752879,0.03252725119013143
612,-0.13326352725742882,0.0320450961906102,-0.09556614826222275,0.019144791756187985,-0.11442695860476859,0.036607335241155274,-0.1236349896961464,0.035868117663524234
613,-0.1301751288493743,0.02270846596822019,-0.10237762732229107,0.021613201620360796,-0.13718309244375834,0.036609189618369564,-0.1408996585923046,0.03708377856842476
614,-0.13761432069034155,0.03076357489736118,-0.11279334695113187,0.031213349256414443,-0.0750126838646644,0.05209557084137756,-0.12458258514484163,0.04643653130228411
615,-0.1570242578729048,0.030384605660158735,-0.12668491541972204,0.023331900866072484,-0.13438388989818864,0.027048621435696595,-0.12959858134886604,0.021768714353639817
616,-0.121374374663306,0.0309857549384097,-0.12624758296569438,0.031002308408408136,-0.1340153604046496,0.033808509203223876,-0.14464845364648554,0.033953011212854475
617,-0.11959011104859853,0.020269131934611318,-0.12465797415320447,0.019998861758583914,-0.22512378640974662,0.05296185077077077,-0.13998468030728445,0.0334023111909768
618,-0.1232520171816726,0.020782566377307934,-0.11141628115518244,0.03960133926841356,-0.11067646585325859,0.03585527906064375,-0.14480933311652597,0.01718832541547255
619,-0.09251696293160651,0.02099013973114974,-0.09945128554777231,0.020530492202882375,-0.09452421868300964,0.024517476741048785,-0.11402109803787792,0.024858259200141463
620,-0.11714324827279742,0.021591145519093163,-0.09772032228475677,0.02063519893172343,-0.10251486153304332,0.045610217748319574,-0.12161982763506357,0.04433832694318466
621,-0.12238226409470603,0.02656177239260788,-0.10192725944617513,0.023652930249825926,-0.1316080239511114,0.029438964714092606,-0.13256896766591542,0.02872923482316546
622,-0.11003703261470008,0.019709423638475363,-0.10441945757792159,0.019095057215041383,-0.10288058044996945,0.019523701798120092,-0.1048978355819559,0.018767377615886982
623,-0.11855095340231878,0.020960912404003516,-0.11038669129711855,0.020694940594983474,-0.14298325311881668,0.033762546496035786,-0.12297665131990637,0.0317013992086794
624,-0.09636588967384227,0.02590168897159221,-0.09347012772641959,0.021211263915090317,-0.13406536318183065,0.032394128856391556,-0.11770109639254292,0.02665061506921198
625,-0.11940014197229,0.020442014112566072,-0.11378665059195844,0.022145262668642744,-0.08253510073217463,0.030066720978328597,-0.11553030442729151,0.024481677028134245
626,-0.0955220563478427,0.025810893870572147,-0.11231351938961735,0.020342663149657856,-0.14896219678605566,0.025303347217709975,-0.13525820016445003,0.023499854557071306
627,-0.13602671156927051,0.02258098729441545,-0.12359648776171273,0.020176577827620824,-0.09032750849101967,0.03774047040745894,-0.13251096199621645,0.03544630676710164
628,-0.1157512125957993,0.01933131410532645,-0.10829680475271423,0.019235912429376775,-0.13784429494694642,0.03690386184481259,-0.1135077460128287,0.036139658301397176
629,-0.082115886980263,0.03247477321501197,-0.0830804214109165,0.03153474901481361,-0.13450344494693783,0.019725155019181952,-0.12974249245039168,0.019051791256525816
630,-0.10632027141802003,0.02264269470347263,-0.11786113187351138,0.020570520376469722,-0.13711430231929103,0.021208074892332212,-0.1526181001389524,0.024884401358546655
631,-0.12932348290308696,0.019172446875423917,-0.13647641973529132,0.02100494416089982,-0.13954045994475858,0.04568136722857232,-0.12494158171936211,0.04159741111666808
632,-0.08917541185286022,0.022996153007689292,-0.10015502935087466,0.02202251002285704,-0.11267680876289358,0.02226630272571362,-0.12554880755622708,0.0208956663526108
633,-0.0979276152181496,0.02343021600046888,-0.10258856211706471,0.02256161983102275,-0.1259786015198354,0.03601376309974993,-0.12617103163074003,0.027701596096586036
634,-0.13393412462244794,0.0224274708443663,-0.12498565329148846,0.022100005452374675,-0.17260087385066103,0.04047410188848571,-0.13875073445275618,0.037548634127726986
635,-0.09399999386077769,0.02219685975014203,-0.10015743133674965,0.021666720239349336,-0.12954194683390535,0.024876719013338253,-0.13950865048056313,0.022259790089604777
636,-0.1113886242411834,0.021915539080194658,-0.11337466511899455,0.021441533718626414,-0.08832251947595313,0.05056318723283993,-0.1274731748911281,0.0485274981537113
637,-0.08746187755287416,0.02096096573885763,-0.08877478515755524,0.020966903409687463,-0.13503657311395356,0.02868204881437274,-0.11011263894657414,0.03250023885480488
638,-0.06768784875537052,0.030733480151554336,-0.09487170226161865,0.021506640425983267,-0.11824150176392116,0.0257968528426461,-0.11745871681314117,0.025144066290341487
639,-0.10730266665217836,0.020356715716848793,-0.09780832827961641,0.020278862131477643,-0.13246166859924105,0.03454775627396923,-0.11146202853678373,0.03347617042752329
640,-0.11803444784195377,0.019256984873747177,-0.10784808099111724,0.01884226519776143,-0.11936485411098292,0.018886636174294102,-0.12128599134298952,0.018414706218361082
641,-0.09744033714833777,0.021816994370416835,-0.09762050877220846,0.021906333330797428,-0.11470257898275059,0.029643209174935906,-0.11716544178514444,0.028782400725656215
642,-0.1127703001888142,0.037903726700595254,-0.18803739062776656,0.033311817607870095,-0.10231455025025112,0.03332939526002309,-0.14294976433127873,0.023459266687229155
643,-0.10826438898526933,0.02816176890758711,-0.1356396119911487,0.022333749021496232,-0.14992189873997488,0.038944558123913835,-0.1584987708065527,0.03745897946218842
644,-0.09023794154866785,0.026219360119200535,-0.0976656255207771,0.02683664052863552,-0.08541672555333761,0.035337208858235526,-0.11458917042073277,0.03472659673969517
645,-0.08363748195084607,0.02337318419126859,-0.09453456070293838,0.023202508699033907,-0.12345338834017751,0.018366902303639247,-0.12371298856326977,0.01834552132170539
646,-0.10122611415314589,0.02678963162209443,-0.09953850864188855,0.027111857355249794,-0.13103903769118444,0.02831221993188045,-0.13495099489772827,0.02837340050324474
647,-0.10930668909725653,0.021267035998025367,-0.1180970136582223,0.02286501507816593,-0.10443417416260092,0.026003009623630193,-0.11437310732158094,0.02108341191675918
648,-0.08053718187137009,0.01968817205179843,-0.08187483126964865,0.019414100063828776,-0.07401535089161115,0.04313307495084822,-0.10408190086688388,0.038606283014056254
649,-0.1485923151676493,0.020243854254114308,-0.1473440140471301,0.019717764220898586,-0.16996944265850833,0.034225719246171946,-0.15975019161222367,0.033664660614482166
650,-0.11018832466112591,0.0265784818837988,-0.0817309607944791,0.02255330579386186,-0.1566123988586893,0.04290270299225225,-0.10667271536052177,0.04117741435494988
651,-0.15499817780726377,0.02630394764549409,-0.13780518813521672,0.023368216119414288,-0.1367734528735132,0.038733134746359865,-0.13946730331721216,0.03228010145467442
652,-0.08155816808577572,0.022848297677321595,-0.08633658083054283,0.022285935390180103,-0.07286878472203913,0.03505896749022169,-0.10449200058721922,0.031207091542344294
653,-0.05049992866595434,0.0315547659414035,-0.08039096901641792,0.021491999435036557,-0.08484229949710642,0.03230876277075872,-0.11015700832109711,0.0339296700309516
654,-0.046120891943426987,0.03424792881246403,-0.08418829353249839,0.025036534770832806,-0.10295943652644979,0.019007324378260616,-0.10566671667257659,0.01895038906880249
655,-0.10116976539558685,0.028692386528181027,-0.09315078243377355,0.022425440848074518,-0.09155352811158093,0.0394401144882647,-0.1073103212156665,0.03867039461848254
656,-0.08441867042900807,0.024841643136830273,-0.08473553555259097,0.02071141435618382,-0.0912589960149723,0.043480839409912805,-0.11475659926040498,0.03019743998053445
657,-0.12045326359216486,0.018101503990879786,-0.11261747848930205,0.01808206588330093,-0.06680326316335292,0.05471294283785926,-0.130715007110488,0.048952813414060485
658,-0.07667090926022473,0.025092544413067446,-0.022585052267627494,0.03959354874832746,-0.10996602400923738,0.020333505026414327,-0.09547092696066449,0.019060036365668696
659,-0.13297609999168358,0.023366856775127363,-0.12084536205523871,0.021404194900864894,-0.1825384103265356,0.04545524637917331,-0.12428409092274723,0.035329555282577974
660,-0.08758713765369457,0.02245221510856215,-0.08420313611170883,0.020661418423427554,-0.1244054935870385,0.02360119968212752,-0.10472510336357288,0.021711480357745654
661,-0.08876001361305266,0.03145663898375945,-0.04971453935773849,0.02238356062254288,-0.10535848118823866,0.02195684077343632,-0.08375053467550746,0.02078093714551426
662,-0.1334457599307494,0.01917143987234868,-0.11744793524619035,0.01916231388382149,-0.15742040520413061,0.019193490507562992,-0.15153492812920732,0.018080849700934775
663,-0.07881706204741139,0.028833859665650687,-0.08686240556922065,0.023127072574920856,-0.11818168169594993,0.02744047527155082,-0.1128186780791746,0.02486756734887168
664,-0.15428954024007463,0.025646196451550127,-0.14112705218829927,0.021640658638552225,-0.1360176782415727,0.03128656185933863,-0.14555648058892434,0.03149832754508668
665,-0.12658828294693097,0.019540801266402504,-0.12385260374799618,0.019415927689937374,-0.11481427552364312,0.03176383025256078,-0.14025782990876356,0.02251855134138559
666,-0.09232643046987744,0.020233601830028553,-0.07984377174687465,0.019729902340078428,-0.11316305696940562,0.02275694033121309,-0.12584155451373985,0.024933245760460528
667,-0.13761060249766888,0.0185650006542114,-0.12733385518704282,0.017562951012666316,-0.13228913859553312,0.04127754815193793,-0.13341920741377128,0.02942714563443701
668,-0.09834239320788675,0.025970561491031108,-0.10840229468036613,0.02759065527367211,-0.15843698680784324,0.024236901143207833,-0.12487314646383624,0.02057969838594847
669,-0.12434781497544449,0.02031907148716677,-0.12809839914476615,0.019123346994603285,-0.11530178375505125,0.02651570131624595,-0.13164240767351024,0.02517513941475361
670,-0.09728989354906718,0.02513398968554257,-0.10168347803642319,0.02725851565446489,-0.12322085521987841,0.04381670714921657,-0.12531714698604265,0.043524874191970694
671,-0.11735603649886256,0.022843667661395287,-0.10818405259108811,0.02299882784845074,-0.12021104603726777,0.01878616067599054,-0.1166064938357619,0.018101035507733957
672,-0.09939921539405105,0.022249291858060957,-0.0998281612222002,0.02135460615146498,-0.1281127731654389,0.01699628349714731,-0.1316152712882597,0.017038051125327316
673,-0.09646249337240215,0.020975968324585988,-0.09751789279140267,0.019321616992988244,-0.060526735339047816,0.0363011816734861,-0.11159666950982586,0.0343575205241314
674,-0.11287924247656539,0.04162461157010801,-0.08998468299305253,0.03709254521347376,-0.02570815073024529,0.06633875031119206,-0.10557212777843301,0.04944945416105887
675,-0.1041919718289465,0.01923049404936252,-0.08906559616375337,0.01885119504340382,-0.12170458872956365,0.024966379156721594,-0.11599712199131955,0.024958741414363928
676,-0.07225476172852632,0.02692484807843815,-0.07534351768399494,0.025477432263158996,-0.11150860826311379,0.047871435736477126,-0.12758297919916906,0.04444101225903823
677,-0.060532945279664505,0.026806542032430415,-0.07772292395504857,0.027326502732965042,-0.07420756364411997,0.03251197048889666,-0.10106214009687581,0.030899133963995754
678,-0.06892780554606885,0.02244479695252678,-0.08333239676673326,0.020698390342328128,-0.08547500883218706,0.02297189126242023,-0.10721559108376418,0.01788850625078944
679,-0.13533149215547624,0.020840186263103924,-0.14667152876734832,0.020738740050423178,-0.16026320146398165,0.034525822653741725,-0.16849726962553904,0.02958936439609607
680,-0.0952025044429245,0.027165053968289134,-0.05708306539133372,0.041275546569923015,-0.11712737838790327,0.0306896696163604,-0.1020304051033792,0.03211012610666271
681,-0.12231582480938744,0.021442831644365543,-0.11750856056184203,0.021669568533223278,-0.13236723044793813,0.024332547152243967,-0.12347028346610746,0.024589836002167482
682,-0.10682174836802467,0.020590068656868417,-0.1136014450033006,0.02053258855466889,-0.12068964053739971,0.039239777240336594,-0.12453311263325997,0.03865684933781058
683,-0.1286198031119857,0.02180923130561539,-0.1142952403920408,0.019931050792764547,-0.15725335543977526,0.030999402209079565,-0.12195844467008676,0.030542346089769343
684,-0.11533386724554945,0.02052488495318291,-0.10902601696251911,0.020731476318705516,-0.1320163857898821,0.01842362068747808,-0.14079601363500002,0.01893102797871823
685,-0.020319396044720238,0.03559767758163735,0.03013746689416247,0.023254274317037124,-0.06591344426396288,0.020708990793749136,-0.06419054962496228,0.020766676403779917
686,-0.09593085344580146,0.02824440121556808,-0.08277222821703277,0.026096099982665814,-0.09567467836076408,0.038361825877235765,-0.10482439626498494,0.03865220024702412
687,-0.07545154657641531,0.025410903243038248,-0.0847316828193647,0.023743522525205094,-0.10404532079432627,0.020225147078563877,-0.1083248415921482,0.01920161756306659
688,-0.08166351286848318,0.02407136906332686,-0.07140074719032263,0.022808303769556903,-0.07800457465718257,0.037700683351680836,-0.11401610526219262,0.03564851741792317
689,-0.09547219560701742,0.02097330402530752,-0.09366730417862787,0.020810578850624394,-0.10863618942369722,0.023819997353009482,-0.11154723501133117,0.020897581377151284
690,-0.12098522976031102,0.025245269921910687,-0.13848552443903872,0.023257455670029212,-0.18711913645099945,0.029560548494319643,-0.15119774340184816,0.025282383587775112
691,-0.11927253269617329,0.019460301813250737,-0.1138766518113506,0.019655170100678115,-0.12829437695436816,0.01702186354262828,-0.1298908844092935,0.017078410103342306
692,-0.10914499584414672,0.023568754112105197,-0.10022721594350295,0.02271079338937343,-0.13082502718977992,0.04568420357718779,-0.10640243556926385,0.04423902181942462
693,-0.12855853693685182,0.023462431545461546,-0.1055242047572958,0.020977026172173664,-0.08840428806189554,0.03711777658851555,-0.13214939059292902,0.03635765672281032
694,-0.10707433033273239,0.03151755473219635,-0.10302810097358386,0.01917645932922222,-0.12663846647234467,0.029055408794249095,-0.15194936450627972,0.027494227446463806
695,-0.10075777241270564,0.02135009087422624,-0.08894942662475606,0.022777202873552557,-0.144909215032773,0.038690540991600846,-0.11219709011752753,0.030408180654675102
696,-0.10156500482767158,0.024095706374058803,-0.09221228079911947,0.023493278834178514,-0.10051169597705949,0.019999131789708552,-0.10579998300898177,0.019617373808801283
697,-0.09166723536150306,0.023396952602313323,-0.07811442584099758,0.020692312147956863,-0.05734070582481191,0.03313232418899642,-0.09076120079981513,0.028764501809545144
698,-0.09678498739801572,0.024895448108201445,-0.10082594149537594,0.020554158373035054,-0.1301038337555172,0.033986439449183226,-0.10810636960863686,0.03261016523515525
699,-0.1352743180981706,0.023618273497611534,-0.12218091658126853,0.02265608335098879,-0.14783448006621613,0.037314265656189394,-0.15298893866319094,0.03532679709665888
700,-0.1331998430220398,0.022320763858858127,-0.13290243904611304,0.020459362763890307,-0.12401802603070951,0.031850143711305345,-0.1410432355891006,0.029059842355354602
701,-0.10029238313468787,0.01979484657744872,-0.10050713672010544,0.020203692466071517,-0.06078841675377678,0.04350929742736386,-0.12283205035842917,0.03608892353212307
702,-0.13952689836914295,0.021913458589627975,-0.13618523958602363,0.021507089288536365,-0.09332404609845146,0.04839638356801896,-0.1623400379509904,0.04215096993922893
703,-0.12325907595948433,0.02040885053785525,-0.13314809919080037,0.024432478727742925,-0.029708203002331287,0.05436004387480849,-0.15265865532350625,0.029975573143748505
704,-0.13665181981885566,0.019715518923408615,-0.11844488442695361,0.01855958112291013,-0.13473493681832124,0.0387313669977063,-0.13726468097781117,0.0382171784885365
705,-0.12192361581161458,0.019714713972157516,-0.12460046426162895,0.018145559744616645,-0.08925202859694899,0.039973974436278675,-0.12375041987344694,0.03321136427185826
706,-0.14645406587174026,0.02064056893640291,-0.13494739248359972,0.020237711587105866,-0.14059840413121397,0.019185953630860054,-0.13239742224972034,0.01901383087877158
707,-0.10612966875403021,0.02032172462931455,-0.10792305135916522,0.020066126842853804,-0.12384184454627042,0.01801220447556294,-0.1332746525707703,0.017509422963444602
708,-0.08138646081185359,0.023819942812199502,-0.08355095092301058,0.0229555843278671,-0.13170575242730173,0.030878677323939317,-0.12190276709826264,0.029808014767450725
709,-0.07291598331270557,0.03621915928405513,-0.10327698989721618,0.02116410312692241,-0.11535859200426217,0.03922446681054343,-0.1168036502522002,0.03895833538757164
710,-0.14578098323790445,0.01910794549030017,-0.14118289502886255,0.019115556976632496,-0.13172885037822601,0.036532333442179064,-0.17006335966800562,0.02096226139140155
711,-0.04940490678971943,0.03597757788365534,-0.04068301373743217,0.02562969592977284,-0.04401802986282876,0.03935372464680164,-0.09627019173397447,0.019972944462485
712,-0.12918800057130383,0.025047144453896227,-0.12690757096007685,0.024978009874519695,-0.18578692003789873,0.036537359350755465,-0.13479940499681026,0.0311110283468694
713,-0.0780834995635448,0.023138267234314298,-0.06680193622632438,0.02878885483170328,-0.07111146856004724,0.044493970919691386,-0.11338498565937384,0.029761809763731266
714,-0.12250807358797533,0.027270496505065304,-0.10915928191014371,0.024516634008646836,-0.11978394772445665,0.020800070810948618,-0.11952212390530507,0.020245170836883437
715,-0.11947022182125801,0.01899687284163289,-0.12436786549199189,0.01899399082987635,-0.16538551853452432,0.026450726423792252,-0.14430022758077163,0.0166685840205025
716,-0.08060311720433695,0.04067701584806085,-0.11409593271579849,0.022039531369971315,-0.19445222106344356,0.03366251743553473,-0.142285885713159,0.024711379513263767
717,-0.09621626326712605,0.020416592522004156,-0.10090406606623717,0.01994013215330806,-0.12893842873116698,0.022261219985341932,-0.13582265943193467,0.022797420240856903
718,-0.12323166293622645,0.025343685451954916,-0.13278890365514115,0.026881959207443868,-0.12670069916340196,0.03879779861773596,-0.13500511865788098,0.03895461001102901
719,-0.08815976745561244,0.027848089853032925,-0.10161056489763866,0.022009216198126704,-0.1131669597122596,0.01974090410746556,-0.1153095555658219,0.01934762458300192
720,-0.09367068790187702,0.021958105376466315,-0.09800782610855788,0.020966387837253447,-0.11677518898734675,0.019274695737206922,-0.1163704112124877,0.01799412679189477
721,-0.13960558371379145,0.02074327771775728,-0.12426018872561308,0.01924485631593284,-0.1229830176382092,0.034946074635157226,-0.13082265333068255,0.02301985153813387
722,-0.08228085639759211,0.024721593928318616,-0.08817207903854686,0.020481517945775192,-0.14851682490470397,0.02520080983885762,-0.11897746424129939,0.018846883204651933
723,-0.12383269455623201,0.021213527937820283,-0.10639530802384309,0.033120739532825974,-0.1585764207956184,0.025035205382094847,-0.15470564393696348,0.0215564267164754
724,-0.11294062375087165,0.021209945021400493,-0.10833652424942335,0.02113523644532062,-0.09990158509986628,0.024760151308286595,-0.11467064972669577,0.024231881107546333
725,-0.128634672668246,0.028910763616477958,-0.12798690104473,0.028275172709954915,-0.18382168208910787,0.02910600254560572,-0.13933200799299847,0.018819079104690536
726,-0.1126913981441866,0.021156354114726644,-0.10381929030682742,0.021177926546186186,-0.11071448188648678,0.019384490019421493,-0.11579822558479048,0.017286418824016242
727,-0.06079212448588961,0.027893437074227753,-0.07070809241130284,0.02555627081487206,-0.0968611205824022,0.019684687152036896,-0.09881583541097055,0.01907468311244788
728,-0.04551806677808303,0.045535256528395913,-0.08981085206693276,0.04234199458951394,-0.13551991451692483,0.05054343089635907,-0.11739580729791521,0.028555257431582354
729,-0.1752065584387505,0.018401642330451426,-0.17125124113768125,0.018845686610850586,-0.15892768644269661,0.034904176209873745,-0.17925897218091139,0.021474600870132123
730,-0.12951559282612402,0.027095671387027963,-0.1178074893825844,0.024369598219060172,-0.12905766470132465,0.03367532856770243,-0.13794931326538018,0.033104497819343257
731,-0.11869865643649447,0.025769273094508115,-0.14797169367241822,0.02455314437285943,-0.10053948862659592,0.04293772079778486,-0.15516430856280458,0.03716027912756354
732,-0.13919967240802764,0.019643779071051196,-0.13123687855967445,0.019754524163105625,-0.12559039625810442,0.03292167434590075,-0.11947940648418948,0.03290940834922487
733,-0.10010004300166747,0.019802499782728338,-0.09475938785826067,0.019734102841476836,-0.11769317532077718,0.018014363069796924,-0.11910427173851405,0.01827064577235061
734,-0.11204895268956981,0.020220518638041595,-0.09493090427784429,0.02028715130960392,-0.1159935932377687,0.028048336977763436,-0.11050629915274739,0.027860438615511584
735,-0.07343269537048622,0.025813674343172752,-0.07162376457888778,0.025706577853030124,-0.07905067158105046,0.05311303331282419,-0.10352914975973283,0.04172315215194893
736,-0.10498527957726321,0.02197803393523278,-0.09298880899116355,0.021346561378281687,-0.1412267861367023,0.028668103258405755,-0.10780883091900004,0.019969927220325805
737,-0.1099897916240803,0.023007756240416073,-0.12664725361044213,0.021788515175691806,-0.13095571814616366,0.027576891024932524,-0.14305314337942446,0.028151919188781942
738,-0.09475593273557005,0.024706708715046363,-0.11144040022415226,0.022242851961787772,-0.14784520742510457,0.03156625062690488,-0.11453137114068307,0.02096821416713415
739,-0.13418794350590205,0.02096603523608165,-0.12935611422933455,0.021055452851173256,-0.1383913928971329,0.019181738179265453,-0.13105833719765458,0.018325463424173568
740,-0.11808534287537058,0.024759452014178528,-0.11929706313281596,0.023472665361976962,-0.11792646635315701,0.022035563207274636,-0.13323255425042418,0.01859098685301771
741,-0.13321037236880967,0.020521137278374523,-0.1344149067091085,0.019632030938717345,-0.14377809120296275,0.018904080164443154,-0.14443253014306398,0.018304393374680622
742,-0.15945362832112142,0.026683827190508685,-0.15271436571658975,0.030163459434065846,-0.09520852486150085,0.04619588025960877,-0.16532577266453663,0.02421479733554211
743,-0.09466660341410324,0.023524680138267313,-0.09552238031234943,0.023343793952459592,-0.06284423567304982,0.0496340087163416,-0.11111314834813675,0.0444599639047061
744,-0.09319904543424073,0.02652146528729457,-0.08730803596655332,0.02345590147679759,-0.1281264466661574,0.021559116331227937,-0.12290564352353855,0.01970834944829666
745,-0.11121855600699478,0.020279325352117204,-0.11511964651971138,0.02068637166977146,-0.0955327489746696,0.024067686321893378,-0.11928631088992096,0.020925967448926597
746,-0.10854036530634135,0.01952869038795878,-0.1067645781381195,0.019091093512579368,-0.08692607852848022,0.030109873198763397,-0.12382175857425302,0.019687322175503487
747,-0.09979935073753043,0.02320563916681983,-0.08909388428715297,0.020710580701828154,-0.1082006288382888,0.023450242084953842,-0.11072320580426394,0.022020934089392086
748,-0.08886994944474065,0.02228921817921265,-0.09674448577378573,0.02196867566559905,-0.10852832371842006,0.02166187597351537,-0.1222837473851897,0.022045592069324698
749,-0.09594940628270553,0.02145027318699456,-0.08626171569015088,0.02140355013651098,-0.10248321740539314,0.020213111626029828,-0.11041483390035518,0.019561045219375142
750,-0.15144533359139142,0.020640196783611127,-0.13715602289231033,0.03857494107684128,-0.15380837411196224,0.020949124342491732,-0.16195690924176884,0.020802691057152604
751,-0.12008026316927493,0.019264147142399712,-0.1179069199980424,0.018916926758620306,-0.13549318087710455,0.022140449832176556,-0.13294312031563124,0.020984652945376464
752,-0.11991964274706447,0.020132747115722126,-0.10963472880473535,0.019008946152495355,-0.0675604362772212,0.05699870037347711,-0.11970768246058826,0.02799945398843834
753,-0.09516940626706924,0.024213310524331913,-0.10244233649637577,0.023758471185718756,-0.11632995524248285,0.01976023809956928,-0.1248432286412135,0.019353308349223147
754,-0.1090929060197804,0.019116165491875465,-0.11145194202331091,0.019348628516814376,-0.1300555626093043,0.017833380151857498,-0.1300374178866186,0.01792813891154246
755,-0.09655916681950798,0.021124580585056122,-0.08571245074031932,0.021102889264035023,-0.14977328299679205,0.033622149497720306,-0.10564819403638076,0.01815907296338799
756,-0.09142549635267472,0.02325951216748155,-0.08560343466784072,0.02271701978275252,-0.08699114210667669,0.0427229669989173,-0.08763438293470821,0.03532715909752743
757,-0.12021313527670369,0.018723355484152795,-0.1238979668062627,0.018712307902882752,-0.11835814785879696,0.031210959759034825,-0.13644889012175987,0.031342590688140985
758,-0.15326695688391295,0.022655609948347796,-0.12960212963821371,0.025551475552149913,-0.21668120442526234,0.031340761404686876,-0.15217978794628778,0.017423381382441486
759,-0.09061465446413199,0.03877979241146391,-0.12033680955923,0.03574638822532379,-0.14209174517331552,0.050093062851702674,-0.13189420491273968,0.04771098600603717
760,-0.10693064782251323,0.03617760741433306,-0.11511835949289219,0.03499458311727215,-0.08918717847267381,0.04901682990218029,-0.13751120166149058,0.044497316924272105
761,-0.1000643933157138,0.02446190691931573,-0.11944235857134752,0.030455974132457226,-0.07469869605596859,0.04425502382327691,-0.12691923107317246,0.03841603257359154
762,-0.08019333710716173,0.020537935560081964,-0.08374912032081054,0.02148735802813897,-0.07766237421347427,0.04788591518599741,-0.1063186027962627,0.020275177588857694
763,-0.12006768880606913,0.020148461706429695,-0.12156872332933673,0.021058798513819903,-0.1289687740660139,0.01920182248654325,-0.13897584078988112,0.019237924976341587
764,-0.1434326987511216,0.03458434623557767,-0.14005684086735193,0.032056513173175365,-0.09763252259338867,0.046358652846285736,-0.14883940474303026,0.042433693471037
765,-0.1125047028945729,0.018761053917790267,-0.09373855849542118,0.03491204079472808,-0.1295311742601193,0.040250674848967966,-0.11945993722259904,0.03887871592254553
766,-0.10459474653571588,0.020029336860591742,-0.10510886079072262,0.020162163363219517,-0.11561148625733167,0.030023770522169622,-0.13128047596567657,0.03297810824794116
767,-0.10229939597006674,0.025820007021547284,-0.09822676328906829,0.022919910820644884,-0.092856387826042,0.0421390921677982,-0.12593903106539636,0.03925736728394718
768,-0.11318419799211607,0.022742240425953745,-0.10360654861684948,0.020467040589545727,-0.1226057790051727,0.01802210276586429,-0.1141665583124278,0.017890230351748047
769,-0.1228423931538634,0.023619284193259617,-0.1241459463332327,0.023528580492408767,-0.12762751129102198,0.03287991066021401,-0.12985792177891556,0.02878283349262465
770,-0.12575526620226576,0.023420364976021568,-0.0721828285189886,0.028192701567815476,-0.17408955039899032,0.027401253097207597,-0.1368433202280709,0.020188057714787915
771,-0.09437233363690316,0.023434595733490136,-0.08391980609720234,0.022485897238410737,-0.1441603809725895,0.04178621660835575,-0.11355954257104581,0.019806630266184542
772,-0.10582286885972045,0.0199421182080151,-0.09391520096886505,0.019676338247850707,-0.10973945741081999,0.0282050023871942,-0.13947395709693278,0.022469239861541045
773,-0.1141500278652984,0.03535407300186342,-0.1082012763055939,0.03447315745910166,-0.13538236202785198,0.040224237818529976,-0.13117764431743253,0.035309568006266244
774,-0.14287845797756785,0.019106611663998387,-0.12821445349850133,0.01869991420843622,-0.14221038794590304,0.018969416289344777,-0.15751280378363208,0.019115204231407605
775,-0.11551146478669577,0.021595910939657983,-0.12284051282441544,0.02065404286239879,-0.13242852820416579,0.03620329052664475,-0.13866760444196113,0.03631818652912899
776,-0.09996423215898353,0.019695593588606754,-0.09093556858852253,0.020004560692005294,-0.10395144951316271,0.03540535513979486,-0.1141855070905872,0.031092938565409085
777,-0.13178471806491857,0.02144880083384963,-0.1315109135423064,0.02175508885448296,-0.13940306931885818,0.023113045452998825,-0.14490022755285792,0.022124939607301053
778,-0.14749548163104834,0.019944535419377497,-0.14849170456844457,0.019929037023224773,-0.08533849046297935,0.03628913854191197,-0.14468952102845153,0.02571315172658609
779,-0.1051357012024625,0.025205009128603687,-0.1083679664978119,0.022977699923354442,-0.08529348218555531,0.04476288049898489,-0.12252207679934217,0.03911068532555365
780,-0.11426129800533238,0.022699545841327346,-0.1087878852521433,0.021411919818557282,-0.13433173472141263,0.0345382540146185,-0.13499672983514996,0.032531092360442465
781,-0.12706058951372398,0.020296841817818198,-0.1333256594329364,0.020192517428814373,-0.10106670320395122,0.03657720168767481,-0.13054134996497488,0.021518838965047606
782,-0.10305188863921493,0.023307180426747176,-0.11630236047083926,0.022620025560024612,-0.1524926284012873,0.036228250668628406,-0.12766481936981522,0.035953044702328324
783,-0.09797921606193419,0.021076540986759353,-0.09951128247026944,0.0217554792033526,-0.045423267035647065,0.05032395165252743,-0.12998541831321894,0.04004825187069278
784,-0.12527778360593717,0.01973254491673975,-0.10616952506097366,0.01905733986178675,-0.14763325526421286,0.02793602397587735,-0.11598775227683003,0.025627296614171364
785,-0.12214779229169413,0.02019309192482972,-0.11959017766640367,0.019736435433160712,-0.13503365831957492,0.017639997529122958,-0.14283002138100526,0.01758379495263141
786,-0.12234822705559054,0.019560833656104806,-0.10700640125725738,0.018650141095329777,-0.07132292559458844,0.053429282109444615,-0.11907156943777464,0.04694970873856223
787,-0.11756292301308095,0.022999443207392136,-0.1063492759869368,0.020676663918025667,-0.11253068763655466,0.04070590000760819,-0.13852216561425046,0.02831723174967479
788,-0.14792823883738201,0.021666273264587498,-0.13990685725349725,0.019111896121220943,-0.10063382242496126,0.04617015521730167,-0.16015625568214933,0.036575792048817814
789,-0.12572552402736112,0.022781311684811623,-0.10529791083113536,0.022375734772605575,-0.12755880424500526,0.03376765644936145,-0.15872589472259935,0.019798818118458465
790,-0.07374563020872461,0.021952411878509,-0.05485293985849819,0.027311995738249727,-0.09777698156463611,0.029288519592335343,-0.09614565754696669,0.0292381326515472
791,-0.0942863536041537,0.01973857013987708,-0.0908482971254244,0.019085216520128553,-0.08926693219120645,0.022455967129508453,-0.1002447105300399,0.020718347176098797
792,-0.08229423850241009,0.023430515694075008,-0.08396868109783644,0.022855887802666994,-0.12523227401009768,0.038286602536295296,-0.10306403832513465,0.03403045003836876
793,-0.12994928248987636,0.019386166401220664,-0.1391469437372858,0.020929928444190764,-0.10031571847482121,0.02924250232824219,-0.12275296292871538,0.019546485918773452
794,-0.09387559603767702,0.02373938839547159,-0.08960514871272725,0.02305872551425662,-0.09838778534647177,0.031116397105983816,-0.1160677160579664,0.029130313739533183
795,-0.18292696624259633,0.024692809237559524,-0.14681181025877452,0.01955695828514794,-0.14572754238254262,0.021304892780199865,-0.15669820889030775,0.019527186105522457
796,-0.10765782905514713,0.01928229566378151,-0.0941566340653413,0.018745883501381542,-0.12657981244698208,0.01797660288919567,-0.12298477062193895,0.017927862152654333
797,-0.11025594985566846,0.0203921359382584,-0.09573176083085184,0.02041674118009882,-0.11646330989627038,0.033632072620718684,-0.1458562302472875,0.02552384808127815
798,-0.1109551387942663,0.021815704766444826,-0.10983427100662443,0.021621151295321505,-0.12419115920821427,0.018027104467883005,-0.12544056275089935,0.0178627412840507
799,-0.11461332463871647,0.019434972531987525,-0.12006414156027215,0.019795602929237436,-0.13575122982176904,0.03705620884078894,-0.1343985422535109,0.03250787455237235
800,-0.07619303585772107,0.02170493734627456,-0.06762166227844116,0.021826505611259046,-0.11157246788984414,0.02832104372621796,-0.09705359503744561,0.02510766659577166
801,-0.09366524717859337,0.02677517164472868,-0.10140770293596586,0.022737877625587436,-0.12462246430992165,0.030398998584700482,-0.1250743430685127,0.02883013378109037
802,-0.13722426084966252,0.021949764426398802,-0.1355581717367616,0.021413913099359548,-0.13593355496713733,0.039817925864497755,-0.12412787876577598,0.03949994330741667
803,-0.09306577022933599,0.03606334795745212,-0.12719593355253478,0.0397418901193172,-0.1633572367560386,0.034481694048299455,-0.15487717691820563,0.03416062528362294
804,-0.09314820277660824,0.022143256807669175,-0.0945537748086913,0.021282959998745018,-0.11712850597881212,0.021323226811943766,-0.11804683976115019,0.02016030551434091
805,-0.11429754994462465,0.025684547803667503,-0.12855563532212025,0.021901233741249658,-0.11142016499756442,0.03497092524722635,-0.16306758211297556,0.035736882735399884
806,-0.13701182859151673,0.01793062995070358,-0.13509757110525866,0.01770573172581497,-0.20164353341151098,0.04130278667455388,-0.14429164082545945,0.036050129242289834
807,-0.15723672688091422,0.022380663010556204,-0.12618354140178806,0.021199799610407,-0.05621010005281422,0.04806863798408874,-0.12080523504571149,0.03383950862442954
808,-0.08893444126211594,0.023415600049207938,-0.11129997308638406,0.0228730519160827,-0.12734632206552227,0.027718259791272022,-0.12717557549414005,0.02556006769085411
809,-0.12511224336300275,0.02196069027492854,-0.11927393155002555,0.021749636249674666,-0.11338560785589152,0.04888651816697996,-0.12417122632555688,0.04349884188892905
810,-0.1075586845932832,0.022580947492433882,-0.10778635992201117,0.02263357951454065,-0.022465575947637224,0.0616526130285505,-0.12316250824039875,0.05058121506375918
811,-0.13532443500342192,0.019996270033579844,-0.11943720745190531,0.018998980717388588,-0.12618765576143864,0.02424745090132991,-0.12631221323578454,0.02386362562582655
812,-0.10313721946612779,0.02145063742482777,-0.10061759918783472,0.02182688284615873,-0.13135392224293688,0.02092493558239648,-0.12879769068532695,0.022267406024688095
813,-0.07882406189961098,0.0278083210730145,-0.07238126819767225,0.02792451845331648,-0.12266856401905848,0.017204076858563563,-0.11796418206464489,0.017165034124941702
814,-0.09542729506569822,0.026557120288060485,-0.09614972136050852,0.023927552410471373,-0.11916220927167494,0.03922419945394954,-0.11283020731516936,0.03863328211267456
815,-0.1266699382112229,0.019932255197879646,-0.12991499707984408,0.020130583921891224,-0.14438923840713744,0.01899336618494516,-0.14162025404553333,0.018624805557355573
816,-0.07989655753729165,0.03218420872205904,-0.0929218802675729,0.020993192870519182,-0.06973247079611855,0.0459819001354937,-0.12396090607923016,0.019801894859699878
817,-0.09341076584857808,0.022230156511671418,-0.08504232574433233,0.02019770507523198,-0.08896344799104906,0.03263506985780218,-0.10348278512218216,0.03104918471221005
818,-0.09980487907290514,0.02255492895137425,-0.09912239933439591,0.02246730299614971,-0.133284369206709,0.01780567682932792,-0.1167992608985622,0.01877153001290753
819,-0.12647057850494678,0.021463587205907898,-0.13128119052613527,0.02102111919046126,-0.12668670680584776,0.029506428662975696,-0.15411375162385627,0.02601109534651502
820,-0.07645992689641375,0.024079802466221864,-0.08096790560248014,0.02422152824489646,-0.06417241247238095,0.054660100941306224,-0.1163546052411172,0.03407786380819019
821,-0.13290145823473856,0.02109840410605996,-0.11884743730842431,0.020428522561989983,-0.12642156150220069,0.022368704070804643,-0.129561428899131,0.02279115914428829
822,-0.08615548811798872,0.022217072658289372,-0.011642580860748831,0.040375837550366334,-0.10956441830560569,0.022414264965351774,-0.11708251785030485,0.02542641152468898
823,-0.10405941732561537,0.02108664255319216,-0.1087415795599688,0.020871051873548437,-0.11949055709922961,0.028527399748820417,-0.13894126691893813,0.026336329185803337
824,-0.11331170290221805,0.023882421192780823,-0.09815995752253413,0.02202225842342344,-0.1491034347465565,0.03464272463954028,-0.1204442315518941,0.026881904926578975
825,-0.12881315495765336,0.039896169042240893,-0.08061165058284378,0.024075635614340195,-0.10557036243182942,0.030931243765472044,-0.08779151458070779,0.031144696914763285
826,-0.1423291217417311,0.01960164882333476,-0.13580474354868474,0.019067428469946635,-0.15356895831585618,0.018920275875742742,-0.14893905138574534,0.018016124214487853
827,-0.1349289055129737,0.021376694521822285,-0.12307399448565731,0.019236167402979374,-0.12191436665966457,0.03806987312793945,-0.12418016880972148,0.032685244345100416
828,-0.12344930318333511,0.020558984140561197,-0.11803521150025396,0.020825449399826657,-0.11254191857088586,0.020234542450240565,-0.11327061365524718,0.020154933714435292
829,-0.11172465343276515,0.01982699479221748,-0.12313347514600279,0.02094424695394338,-0.10998659463902895,0.04233409749309113,-0.1389799378591721,0.0357607713324214
830,-0.1079024687839723,0.021566642689379054,-0.10784339755758689,0.02222372914882882,-0.13391394458392375,0.03853931406921202,-0.1468729304122703,0.037234687079220515
831,-0.03166650696752522,0.03973628681595759,-0.051228804782099305,0.03456100596801439,-0.10321707248091092,0.04308497067744503,-0.08376477404877364,0.03937944047196282
832,-0.1293338680032785,0.020439378519632907,-0.12214166029547988,0.020228224832800706,-0.1268625716099679,0.03133765093203354,-0.14563870075041843,0.025210983658950758
833,-0.10001772577410012,0.03957923647543176,-0.03686104463215627,0.024468394590597593,-0.08628544714630673,0.03660786435209383,-0.11692115611478901,0.02687585039504052
834,-0.08741113929104603,0.020868370990478745,-0.08402642006270561,0.01985128316345753,-0.11210955963082556,0.028838778276752998,-0.10563337406381595,0.028323023894559027
835,-0.06914738638594531,0.022451932845663145,-0.08348943717399951,0.021239363650472465,-0.08640701903417983,0.03839030270551919,-0.10242394784445756,0.03759845294633254
836,-0.13219338047665544,0.02467432582469886,-0.11451523200485,0.021350563766011684,-0.11726113889924294,0.03195294606379541,-0.12500558486605123,0.028015881916991704
837,-0.09056748987115117,0.024282808431819247,-0.10322290987531559,0.02308092561270823,-0.13721965823106871,0.036313104700451716,-0.1207920966969063,0.03486970865549712
838,-0.08151806380946422,0.021767819705422315,-0.08455468000559926,0.02131138278069216,-0.1381248232260746,0.027363280766680004,-0.13637832004921355,0.021373971689551362
839,-0.17480992483634486,0.030248880277491168,-0.15086793088549738,0.027179211910703566,-0.10218551898859056,0.047945585450994026,-0.15892322867186431,0.04317054340002333
840,-0.05482183942149564,0.03252969892584794,-0.08633012936168934,0.0260720928200517,-0.11051377617499537,0.024204441797651792,-0.10678684329303703,0.022627343802046333
841,-0.10144373508758556,0.020359881005139222,-0.10395072420184842,0.020176098181355705,-0.12150425319430462,0.018455344584465218,-0.11961659294349837,0.01846266611006273
842,-0.09973276357274508,0.020252540917477607,-0.09070615025357139,0.02573387799634531,-0.0975312970257819,0.02003823417662085,-0.10801799421127371,0.019138007943553203
843,-0.05799502265891032,0.03375723645016452,-0.09524115119854305,0.021424319207751025,-0.06935681614967969,0.030482232892653203,-0.09150798912143374,0.029582398761621696
844,-0.07636989956796313,0.026583577424445233,-0.11105776333111438,0.02409663976937209,-0.157248693070086,0.028200173176594238,-0.13268795484305962,0.018727613748166557
845,-0.10147766097874705,0.0201792303288711,-0.09867988199157647,0.020187405782757288,-0.09422637395571404,0.036760152727656606,-0.1100664283465984,0.03299330631257609
846,-0.1304733557168079,0.021687280012703418,-0.1375883702774166,0.022849960169300885,-0.16617753813601943,0.025708455793150446,-0.15570893554277457,0.020595409846865347
847,-0.1437714865874229,0.018389719582668655,-0.1337313303164769,0.01848312538751039,-0.17620603434599025,0.01671989872656569,-0.17355547664189472,0.017222551345630513
848,-0.13479368447514145,0.02426536518778021,-0.10797512443027873,0.02070752502409131,-0.14079252613912732,0.018989480685720077,-0.13778914698051922,0.019176652309655946
849,-0.15391012804371376,0.021374578472493237,-0.14846770970725803,0.021427589700503936,-0.09693352976868969,0.04648323483522277,-0.15993216873055655,0.032614436821886514
850,-0.11023223389894565,0.02272677818740904,-0.11073868789238851,0.022212637675909558,-0.1176430284123251,0.03402636720727258,-0.12327812692368521,0.03352723055803333
851,-0.10800495121358433,0.023034186680618227,-0.11532442012704734,0.02171481044785924,-0.06467863231977349,0.05086577137907099,-0.1377548684006345,0.034984208450794314
852,-0.11404521594330094,0.01946147258884834,-0.10646720599667697,0.020141119827962045,-0.12451228533033654,0.028010808689490366,-0.12329170818790305,0.022106482709339886
853,-0.062092808551504564,0.03763930318843135,-0.09334457355851293,0.028296586792505945,-0.12270694012216139,0.029423492020022552,-0.12596504482253296,0.030180327313565094
854,-0.11578434173400806,0.02066308967712665,-0.1087486622720753,0.02071345246713558,-0.11727495935411665,0.01899901717120782,-0.1218932216565059,0.020097390790872915
855,-0.07801874853236321,0.026137818777264798,-0.08462818897275444,0.02146581848764198,-0.0894289934248943,0.04252888955604459,-0.13134564892600342,0.039765558848137574
856,-0.15972970636512643,0.01953675324429369,-0.15876363856062709,0.019549659200955888,-0.1602779183101104,0.030775060821904805,-0.15604061973540387,0.030668300811626564
857,-0.1370032913955073,0.029717495493759648,-0.1450431374735821,0.022806627037521888,-0.14301518107289302,0.02005258052736043,-0.14520256185765282,0.0191416251484051
858,-0.10909738489212258,0.023246991697912053,-0.09816768688499272,0.02243846173815725,-0.1332923411335793,0.019724807278131327,-0.13356250070364978,0.019954762340349996
859,-0.09972045054147831,0.0218073454437669,-0.12081404759233036,0.022521094725410484,-0.13488989516496142,0.023345284089055278,-0.14590842772699508,0.023283818119074456
860,-0.13253454128782527,0.02189374169328382,-0.1445235403329028,0.023164017739702676,-0.17278863359573723,0.024493086447827928,-0.15868219188343216,0.017776308929544158
861,-0.07228310637891674,0.03736304109507443,-0.01003101793276439,0.0220373056921102,-0.10777358631589493,0.04335559897180063,-0.10380465667486036,0.029943794920008954
862,-0.08726388014216237,0.0242615937823735,-0.10019451897712173,0.02398589938267444,-0.10660552266573298,0.030179994765679948,-0.11749434893438006,0.02999859551527834
863,-0.13417590953511682,0.024036024657750427,-0.1276503156827977,0.022978278072593866,-0.11053551434858602,0.053714217608290565,-0.15463539560261877,0.046634515907807844
864,-0.11626927993478224,0.019905506940200806,-0.09549655210313084,0.019692622068426265,-0.1762840373345269,0.03741619880569891,-0.126865171016745,0.025895228383197355
865,-0.16325640190222424,0.01831559724889461,-0.13936676627131017,0.017118248221912293,-0.1815440496353051,0.023485823619308545,-0.1589687424829487,0.017601233844920194
866,-0.12312657742663559,0.021649668248118044,-0.10391435732160959,0.02092453373662809,-0.1189006984998895,0.040276005417267925,-0.12460131793724687,0.02704471527015322
867,-0.058433907474179404,0.029734174599621948,-0.033593731546027655,0.024384626411048143,-0.09238963404179527,0.053442346402630944,-0.09964390659115675,0.03926154670006782
868,-0.12998448793404824,0.019893682283351012,-0.13070284072120214,0.02039808637744554,-0.12701997405480617,0.0370671198716825,-0.12533091180330883,0.03709722415993193
869,-0.09141126281966853,0.04994066430242327,-0.07727148968760872,0.03694286462246311,-0.11871286411570835,0.04015677416866405,-0.11401818332468985,0.034410373870577916
870,-0.10479548953092929,0.020143495020568968,-0.1023614382620018,0.01894172150633314,-0.05389659403226139,0.04396691817313695,-0.11257106519358925,0.033940387517831586
871,-0.11223813949865666,0.022429069472369705,-0.10094949927262833,0.02188935811892851,-0.1371239369412286,0.02158352029137855,-0.12826685084338546,0.02150395095826322
872,-0.1019559189212941,0.02275396064193985,-0.10266610231284048,0.022739613929606828,-0.1382194188863443,0.023487002605801385,-0.13600396408221802,0.02210540632723255
873,-0.08812265442692202,0.01992711857498388,-0.0824837880038749,0.018972075007191058,-0.1368534442432927,0.046017140133914676,-0.10283149990709542,0.03658342223045363
874,-0.11911921604461384,0.02188279955454916,-0.10820455288619181,0.020414934577774067,-0.03568138256090824,0.06270229108566917,-0.13859988441588275,0.03226350049150237
875,-0.1344506983465407,0.023891187418977746,-0.12270110056061302,0.02349563250649506,-0.15633822411796186,0.020638173071382385,-0.1556084360476315,0.020084192278290232
876,-0.13314575533803358,0.023701249549394322,-0.13071424402862195,0.020549108961143016,-0.11289635420643303,0.01863720696045179,-0.12240836374977751,0.018240378637902052
877,-0.12779873638989472,0.029011748057445844,-0.1005596286358954,0.02277491063304173,-0.14639496823243794,0.039633573896761864,-0.11330423880168704,0.033736233030802844
878,-0.12524751682194168,0.019539272573455144,-0.12555412726733747,0.019748734151803154,-0.15017786750002973,0.018599527408368278,-0.15666977561895865,0.018829874087228533
879,-0.08536817593519644,0.02299235149450988,-0.09755146818042373,0.023486486954442963,-0.10962092482489985,0.025875184710955294,-0.11182598083761026,0.024585209017338988
880,-0.08560585228203926,0.02131570250416735,-0.09523905114133512,0.022482771249474114,-0.05568659904239169,0.04594878459801552,-0.11945563238069955,0.03110314806835701
881,-0.1194667337969544,0.022533377329967474,-0.123084311281011,0.02212278094512777,-0.12896041401305042,0.022412169033153538,-0.13950645704329773,0.022239453154789524
882,-0.07819004989800306,0.026727462315764814,-0.07724798280722708,0.026654705197855552,-0.038054406841137554,0.04724682965075157,-0.11619300500293744,0.025186267832792663
883,-0.09472133992606913,0.026862325237355444,-0.09584115645629583,0.026650359158495847,-0.12357694300343595,0.034186100556278125,-0.11693039891791542,0.03439051447383638
884,-0.10819400065942135,0.03637511733889001,-0.10762837846201849,0.033380396548677436,-0.08530131466109318,0.04398130900975521,-0.13655359282490426,0.035879178407042
885,-0.1252915999906756,0.0358787656192527,-0.13567699946557793,0.03282192951196609,-0.13053930122278784,0.029299415548862104,-0.15020308422845619,0.027788714981109124
886,-0.12669395645392625,0.025167141089232025,-0.132029912532748,0.022161811946018236,-0.11735768789725758,0.035347426322948836,-0.14217078165084562,0.026253478166646277
887,-0.11495079245409098,0.022998941574175324,-0.10582893176460251,0.021565657280022837,-0.10140945481340105,0.019279515865353928,-0.1003851347042541,0.019090757457744953
888,-0.09159965383039512,0.020627434717088524,-0.08602310697730844,0.020695753467369474,-0.14902750864256423,0.03494234205259435,-0.10224447026840479,0.02230569148266635
889,-0.08167628015075686,0.04739611096532734,-0.13862680476112385,0.03547117745024529,-0.1660036297663547,0.025662501372292743,-0.1509465105480158,0.017545859607877703
890,-0.12772440148818304,0.01959265223206549,-0.12145370495801194,0.03168674928286309,-0.1731799316011619,0.024153519808404373,-0.14545906574507425,0.020641036554358373
891,-0.1552411729553175,0.024446101744375438,-0.1298154497414984,0.020833453362836346,-0.15161163040498712,0.02016190913703186,-0.14215805341774773,0.01871460594458201
892,-0.10456918743324661,0.023078274865408498,-0.07923318854098624,0.020562716794386364,-0.11604534487742364,0.019709887580755602,-0.11382396777333631,0.019222302843251146
893,-0.14347846511342174,0.02741881315433331,-0.12685530378370674,0.022672003720710095,-0.06108883085590688,0.045381861687871616,-0.13447268491868172,0.022071691891146866
894,-0.05861790213949655,0.028619002630280485,-0.02367348557127718,0.02835884042616875,-0.0758877205394011,0.02701194717530202,-0.10118736034964856,0.02165084360059644
895,-0.07147145060733277,0.024133825822172855,-0.07678816816254341,0.02424854368863568,-0.05834905612070963,0.03391995813216803,-0.09090225994339132,0.02911774967121562
896,-0.15366991872288183,0.027693475098976555,-0.10751848542749881,0.021256887436745666,-0.12708856727445753,0.02168216988769854,-0.1282940808090086,0.020963586369564524
897,-0.11313333217560921,0.021823897827274542,-0.12076673513338987,0.02279845844923667,-0.05871140334918942,0.03809952099766955,-0.12843327668498816,0.021799753067815265
898,-0.11789444921014292,0.022878384707584055,-0.11148510503138205,0.022645944956670768,-0.11711265562478115,0.035567500692822135,-0.12889845880231143,0.0315454900859484
899,-0.11238641320512234,0.023982991822901187,-0.12276450891683097,0.023405521989932048,-0.20410720631400275,0.03693632820917521,-0.14346404899088983,0.018928755427810744
900,-0.13521524814517974,0.020168267391199247,-0.1290220027465756,0.020155235354985312,-0.16130154235182978,0.02234239575832005,-0.15228950117908022,0.0197231618664211
901,-0.03645946264871725,0.03984844082882657,-0.008343006338165036,0.02376119952742012,-0.050617163541328475,0.041855026370791186,-0.10032838869680002,0.03574448894610579
902,-0.0915192761672663,0.03638716111019855,-0.12884695829444698,0.035069495136138176,-0.13329368045492943,0.023284167101281766,-0.1399096017606879,0.019604490954285025
903,-0.0947455814505431,0.02232769708338683,-0.09886384769934785,0.02086971296950962,-0.09948190092422617,0.032909058817995315,-0.1190497710420168,0.0301807081239748
904,-0.15571949722922568,0.03789117308227499,-0.1042707608844913,0.0374347804978361,-0.06192161500281041,0.05245296821778293,-0.13645943106944347,0.03786020917463367
905,-0.07461084048153752,0.021518731543003763,-0.07505733240254932,0.02160151421418908,-0.04286557390770372,0.040998075794923865,-0.09694668840505294,0.02736150425674962
906,-0.13180602751195666,0.019537083082302755,-0.13399196667581859,0.020170655406104764,-0.1329083585960902,0.034315695509091554,-0.13981257394577476,0.03426595820790651
907,-0.11801328781060802,0.02210893480509222,-0.12487115242449633,0.022716845950877244,-0.09179595176294143,0.028118319688494382,-0.12332708279435413,0.024133228833635317
908,-0.10783403762632693,0.02212824851836468,-0.1110823355904394,0.021965124616545696,-0.15189517999853833,0.034543394692573885,-0.1316035845676117,0.03431218053238898
909,-0.09923959445104141,0.020398449038616605,-0.08531517127747743,0.02011833948222752,-0.11668110598583692,0.018001021538964386,-0.11786579725285064,0.017961296765337927
910,-0.11891219099276681,0.023051003945822296,-0.10246949790327511,0.021757698706758685,-0.09814786782949185,0.03602468371919353,-0.1463444321421501,0.029943376134904505
911,-0.10603047879285933,0.029834231002244426,-0.07818528177538527,0.02969326059081158,-0.12405681262859164,0.03288852942787632,-0.14921505792836792,0.03167279493584917
912,-0.0924622743500622,0.02774956344484467,-0.11102913120441159,0.021104113934937774,-0.12474097222842648,0.02712864812584788,-0.1269048337544039,0.022816532542972903
913,-0.037575051299311095,0.043967478233675736,-0.08039217046344667,0.02845425748961043,-0.09228245228486931,0.03317747491327903,-0.09915945693555402,0.02711185886687464
914,-0.12718650746489596,0.020807613485687486,-0.1265132128007298,0.020917499323635316,-0.1293709384484939,0.02329458480439895,-0.13682744253159568,0.02170735771712432
915,-0.11971320707310651,0.020438309998910997,-0.09144992904882622,0.019713938252733404,-0.11696390233161587,0.019173508323007137,-0.11171976247658813,0.019840237663845302
916,-0.13323013420136498,0.023986290071980814,-0.10859457171295882,0.02257156455114982,-0.10525344618211192,0.03723937121599377,-0.11175905913957998,0.0268180231107174
917,-0.06256188721245388,0.03140350374154641,-0.0496595413119112,0.029970413265266133,-0.0807513016655128,0.02308514298561919,-0.088940370741327,0.018751419015868825
918,-0.11125262407903219,0.024970766315458578,-0.10584471524035735,0.024969780407852728,-0.12034866950878527,0.042146565972939094,-0.12988376804262464,0.03149693297823417
919,-0.10014856328235673,0.02399492794060224,-0.0866097957413085,0.020919488557822438,-0.0648484103298915,0.04040359326793006,-0.10453014244787043,0.023331290607728733
920,-0.13518885016638868,0.02159470093550916,-0.10791301766157896,0.02210045867241238,-0.17757964587171726,0.04072011933814511,-0.1206015787337751,0.032215601867700415
921,-0.12614221413692508,0.02040813440143635,-0.11655091044914034,0.02014585594219018,-0.1092405693121128,0.039648443528333,-0.13135035460054084,0.03830694463868208
922,-0.08690349407917104,0.02185644918247961,-0.08423858315332299,0.020203879835844825,-0.079132898977638,0.03833369301441999,-0.10865283835357235,0.03311598487469899
923,-0.12225890841131762,0.023039849679105235,-0.11600555529486947,0.022972560995987143,-0.09473297357821692,0.02892835088007253,-0.1263797021467628,0.028228712601610736
924,-0.1034784115693263,0.02546132306718326,-0.09751084642081118,0.024745880306439455,-0.14916846056734678,0.02119961816215341,-0.1432891559961153,0.02079158791825686
925,-0.10692324985153986,0.02181751578506302,-0.09567881602661567,0.01896756381493239,-0.0965054816904169,0.03315491000593177,-0.11458464649205571,0.03027868751755244
926,-0.1086393990688333,0.023460210183777284,-0.0888564550375971,0.021041775516769883,-0.11433378154196504,0.02490776352837304,-0.10996724848351194,0.024916066743745136
927,-0.09798927353656006,0.03112143717531968,-0.10096047049778423,0.03746922070538649,-0.1043678313241968,0.028968969589964467,-0.11696011491463518,0.028739101364844314
928,-0.0578502131062585,0.033408680595185064,-0.07836956689952494,0.030499150237935025,-0.1230751751305424,0.043620556207832166,-0.11131516368598796,0.04077610833577171
929,-0.10090420025583702,0.02431630650042177,-0.11440428401938124,0.02029093605819071,-0.121501899331072,0.044760829838165095,-0.12175765621977197,0.04469508975699569
930,-0.1070002037074646,0.022818837936331975,-0.1003752873450922,0.02296969288357876,-0.13023101340392385,0.01738181271875075,-0.13208840902917235,0.01766784777895839
931,-0.12571238482663685,0.020970010016218777,-0.12704575233059803,0.020200841147135207,-0.13010732959599192,0.021716749549395786,-0.13290737900848623,0.0210636015495679
932,-0.15045452322151603,0.01908002294451607,-0.15060481841968984,0.018650773205369064,-0.17991462842511607,0.023441488198083976,-0.15858507922555362,0.017874024557202748
933,-0.11478001205187414,0.020211619487712343,-0.09478700593254417,0.01984404930295138,-0.11307934245991065,0.035830148839336634,-0.1025481392954848,0.03462097350267538
934,-0.14260524151764736,0.018171380479523453,-0.13712685876637964,0.018039176647544047,-0.12446748388245812,0.037780694686976056,-0.14711668663024743,0.03599743444808162
935,-0.09840978716526812,0.02115739845484783,-0.09599118021932827,0.021065664647449668,-0.14575579815096823,0.02916337297101467,-0.12879389922129716,0.023463942331709963
936,-0.09332512810673173,0.023459339044974305,-0.09723062958682707,0.02130467100467372,-0.1387806572442523,0.032131512166989645,-0.11994014673652201,0.025961207642845572
937,-0.09812185699100151,0.022578366716577022,-0.08658656282640002,0.02149415405606953,-0.10872502082852141,0.037712812968546575,-0.09749186936062586,0.03685868068011546
938,-0.09531437418330276,0.020492727852032412,-0.09685375956742519,0.020200173768385864,-0.14378544036552474,0.02961932162545945,-0.1339528228952057,0.02925493282599481
939,-0.10706197735687599,0.02170401747101747,-0.11830839836618043,0.020152301217303364,-0.15157219406662914,0.02052939715462161,-0.138374347691011,0.018150422585829377
940,-0.12203399498230899,0.022554814754380183,-0.1096385509623603,0.02108039992057495,-0.10059518600057057,0.038572997276738984,-0.10771788743519366,0.030467385983938725
941,-0.10952380781466575,0.021828883265591986,-0.09802769463976481,0.039273991204410386,-0.16394800315582306,0.04103087669852803,-0.1222699965315785,0.03371940523192656
942,-0.15836636357792871,0.019242775160794794,-0.16090671620819058,0.0184282855636895,-0.1347330895046229,0.034635118253176056,-0.17787294016997404,0.031013019238241957
943,-0.10180711728256972,0.021292038899890352,-0.10380829456581057,0.02120314232509756,-0.10454446276343005,0.019996042168826396,-0.10879028885167737,0.019678509032726943
944,-0.1088810105160568,0.020509163669008523,-0.11379233373612432,0.01986443481547894,-0.13750549216448693,0.03591419492258741,-0.1374317633743378,0.033394258102113106
945,-0.09822247663252102,0.022018566454405572,-0.09820167774378265,0.02160846445598926,-0.10615395687104145,0.05063230786421503,-0.13423309699888802,0.04589856163568689
946,-0.10759251402940559,0.020329090862604846,-0.10109544604289045,0.020049012894837626,-0.12335047626677852,0.032004064429025016,-0.11982086967402435,0.022709177930200903
947,-0.10020729113527034,0.022830554655560355,-0.09941193310306783,0.02310547897800675,-0.1278747824714697,0.04320290011306006,-0.12538366377074087,0.03795663238367454
948,-0.10784944739578436,0.022153981931833943,-0.09056846301119496,0.02117742244171605,-0.08988558426679066,0.038477268137743416,-0.11429591607414959,0.032307039375191124
949,-0.12349763748620173,0.02267674894376623,-0.11983740024106432,0.022325767091496206,-0.16695949136387347,0.045612276136523605,-0.12613184131395302,0.03974898181562311
950,-0.11997609328892213,0.019139559455448825,-0.11655792912028039,0.01857889164783818,-0.14634741053219147,0.03152580919924737,-0.1149057398035388,0.034454846434232377
951,-0.0899957873353341,0.024676151714936177,-0.09397731649297092,0.02403029273860089,-0.08965528784747893,0.03522312805356503,-0.12523385039572663,0.021251768082977875
952,-0.11976230520183753,0.020950682867015086,-0.12706774537524287,0.020788417694051674,-0.1132325869526458,0.03795062675575481,-0.13302869112233548,0.034934241403540206
953,-0.1351144638206311,0.01782836928434609,-0.11522206804696175,0.01742331473933737,-0.16726655186978504,0.02792463316952058,-0.12339109249277519,0.02045266346663498
954,-0.0860595013399727,0.0305545931701493,-0.08750152631908142,0.028215772920362123,-0.16075764430531642,0.027883716634233356,-0.12294247952725319,0.018368223094761753
955,-0.13097095773825132,0.01922131184581691,-0.13545400916247338,0.018984271721837975,-0.13476128769724074,0.016170252598769322,-0.13929407261840118,0.01621062680335628
956,-0.09277132988665002,0.021642196917689253,-0.10153726243624529,0.021327419999744777,-0.1133733631300368,0.019199310416327393,-0.1269064905030558,0.01907504059171171
957,-0.14147603357272778,0.020715675836679617,-0.12788130110413057,0.023653963928545286,-0.12466746768498968,0.04230109286077959,-0.13140223820296174,0.04262534708472142
958,-0.12245884206259541,0.021700278180892242,-0.1266778312330894,0.021871684392071582,-0.10087470925964345,0.03726407533211371,-0.1456037704247766,0.02911631120807889
959,-0.0868322995039018,0.024384018314065496,-0.07790490040728626,0.02401129773289036,-0.08577212854625083,0.04542842845605414,-0.08091790046220654,0.042525355363172875
960,-0.13546355291139148,0.02426460796030384,-0.12539517794524793,0.020831898702405763,-0.14937610243046767,0.017893037019973985,-0.14917417814366374,0.01777624153863098
961,-0.08344030996023045,0.030874250230464275,-0.07230846692361989,0.028761355005873582,-0.10357014058982611,0.04790057146745207,-0.07576727231367472,0.04279184212828162
962,-0.10445146622610721,0.02247190297255719,-0.09276651489695886,0.020979471466973442,-0.09293459417992021,0.02184539917785814,-0.0987664222021591,0.021960394385106462
963,-0.09890574913704306,0.029617222016066213,-0.08508930804811059,0.030248096817304837,-0.11661235113946909,0.021605911857738157,-0.12243503194893798,0.01851170741616577
964,-0.1275442363002693,0.02838982897568136,-0.12163246371572389,0.026993647026770973,-0.14099926793348536,0.034723069538911626,-0.12600461345371827,0.0339103658723661
965,-0.12598744473749984,0.03489639135766189,-0.09856751984169156,0.021340915345158418,-0.10693959269771573,0.03007312465558476,-0.1205675760368113,0.028141010749251395
966,-0.11289854731621761,0.02667438825656103,-0.11408273510898945,0.02769239108482381,-0.1189042556129322,0.047856269091782505,-0.12744621072842105,0.047668419888248104
967,-0.0707259450237221,0.030928682252877114,-0.0899237682388206,0.02619218012015054,-0.13278977975637152,0.0320592698632167,-0.130545030610278,0.027576313712729516
968,-0.14715655403401026,0.02849261375623092,-0.12829916705495148,0.020742109717113152,-0.12882654866726315,0.019399370326634524,-0.11889416368885206,0.01905249724231207
969,-0.09389141873200336,0.021324160439501687,-0.09676506989926038,0.020972376061136427,-0.12743127352086725,0.0387980650304378,-0.13260250916374866,0.036105117133403794
970,-0.12055262542664366,0.02364909968766717,-0.11573444832049766,0.025418781734169414,-0.1638168166014577,0.027303704297317554,-0.13786421347592787,0.02236298115175794
971,-0.09572263255015442,0.019789626554137057,-0.09581666190634451,0.020287903538545347,-0.11387119708081671,0.03932048634459534,-0.1283668953593296,0.03911214475395655
972,-0.11424182360733512,0.02038767726490362,-0.10779506845816926,0.01939954662474559,-0.10029201929978768,0.02616290793304071,-0.12367879613522223,0.021812908949392352
973,-0.12006450106849868,0.026215818600146452,-0.1318890115360232,0.020473045583611217,-0.19764790413835073,0.03928806932117087,-0.15360805264641453,0.02885465832972578
974,-0.07989612818305045,0.024140075019520413,-0.08280397349600062,0.020964913711657703,-0.08972369271260164,0.0386520042523932,-0.10468550254663785,0.035568613608162616
975,-0.08445191238978172,0.02238967138036716,-0.07022165097664346,0.021761268022547672,-0.10876155930175324,0.01904885462312,-0.09775799995422411,0.018465235288903478
976,-0.11763028406262295,0.020144534605365007,-0.12033877682844629,0.02114526356236888,-0.1353278710344453,0.02422606546130191,-0.13023175660131794,0.023026312318985297
977,-0.09247849245816091,0.025436018683201594,-0.10406110812822766,0.021364863811052088,-0.08099329004688904,0.03835489165230029,-0.10269433240220549,0.03318198845307043
978,-0.07436227220252205,0.023632138480735327,-0.06695340068072968,0.022421191045111272,-0.10495129148487062,0.01869749985738549,-0.106219325869404,0.018804604982038394
979,-0.07536679161291221,0.019603324705470503,-0.07516861677554634,0.019432556675711043,-0.12384487164468994,0.02761567578383267,-0.0916489134917612,0.018414911363314836
980,-0.11612668038180217,0.01929580684299554,-0.11639206733830108,0.019561648975471833,-0.11290207851366449,0.02814227461025548,-0.12778400243446916,0.029235986094665975
981,-0.19464802143476115,0.04315589724438122,-0.1153361734378234,0.036432018299104994,-0.13025543573411497,0.02724384178795913,-0.13797852477366063,0.023426984936536308
982,-0.10163791447138347,0.021432729580644353,-0.06781987925168771,0.03328550734913465,-0.12407904166971984,0.017623710444680658,-0.1206051191578265,0.017720150686264504
983,-0.11558678326417826,0.029879817709527613,-0.1408917126999441,0.027622351300351226,-0.12164896513080516,0.04617658350557196,-0.16606322321204098,0.030588847906808915
984,-0.09354793930243005,0.026903022962299676,-0.12176195853330052,0.024274282884490742,-0.1674655000840973,0.048592296860608106,-0.13066971774444364,0.036281357017568176
985,-0.07587665587334612,0.028403502249526084,-0.07669063868536477,0.02831141912415988,-0.0810718204273642,0.03435671101587683,-0.11294871015230341,0.03420994771801949
986,-0.10688518740165232,0.021547642578086817,-0.09586188959238458,0.02115459471339183,-0.14043484145913135,0.024873329444491624,-0.1339557732248999,0.024855664893575345
987,-0.1280020144338593,0.02208027345362211,-0.11475312545205499,0.021841144953084264,-0.12239478048006243,0.02021829523665858,-0.13721086560873344,0.018772824845803112
988,-0.1427133795357596,0.02072838968779343,-0.1499515411199762,0.020955316454883636,-0.19002544382706685,0.029151020226521693,-0.16018716449416873,0.018217472325292007
989,-0.12533384363899935,0.020481943511785523,-0.12877434940501795,0.0198603788070359,-0.1257858236058816,0.04728259742673789,-0.1527752802022705,0.0458723509266661
990,-0.12698954302145585,0.020469501105995443,-0.1189561470868868,0.01954192410223853,-0.14364414765527028,0.026918389726536127,-0.14083501384405994,0.022463685229221663
991,-0.13480111249500426,0.026810411342022535,-0.13345347730680954,0.024685601524641863,-0.15695790632962653,0.03474680874042818,-0.16860628237960937,0.03405282154787678
992,-0.06736403298696984,0.037626889231791326,-0.025378984709248993,0.03163858309219646,-0.13522145958891418,0.03162843043588749,-0.11194424058879951,0.024603152131297074
993,-0.12332181049001917,0.021439930770073338,-0.1232511205501515,0.02091244420527641,-0.11871013490535,0.0387056354539539,-0.1331908277053983,0.038067629042097144
994,-0.048273836634673474,0.030299340008964573,-0.04397098485525446,0.029672095299257337,-0.09700452259347174,0.03015999008915495,-0.06450732974211756,0.030558210536051848
995,-0.08223984910328812,0.03442941620292643,-0.07908083779357929,0.034336865109737075,-0.10427065202275757,0.03766952286088022,-0.08744670639175217,0.03677632910032104
996,-0.11219035318205264,0.0206774243399983,-0.10258086303498433,0.02001029912617776,-0.0824024179010537,0.03675374861666091,-0.12556131122953706,0.029514151773572018
997,-0.11762316019159723,0.020799384429562466,-0.12001773559784061,0.02051603009419104,-0.15774438725819181,0.030569852932942124,-0.13164532006668547,0.03029387394591553
998,-0.09813311235278414,0.020752525345656147,-0.08855424887369252,0.0214712322530164,-0.16229816572843656,0.05082453882810019,-0.08596382831464956,0.04311962956120617
999,-0.1272322242885711,0.0185104620535563,-0.11858647152180676,0.01839775238366777,-0.13420446512814915,0.018352539915076516,-0.13334649648378427,0.017625923582814885
1000,-0.07967369726151052,0.028805530371295227,-0.08514659866715925,0.021205029989827488,-0.10832679210227586,0.02126296294394403,-0.11597420460083231,0.01951571228199919
