sim_id,true_gcomp_e0,true_gcomp_se,true_ipw_e0,true_ipw_se,true_aipw_e0,true_aipw_se,true_tmle_e0,true_tmle_se,true_scaipw_e0,true_scaipw_se,true_sctmle_e0,true_sctmle_se,main_gcomp_e0,main_gcomp_se,main_ipw_e0,main_ipw_se,main_aipw_e0,main_aipw_se,main_tmle_e0,main_tmle_se,main_scaipw_e0,main_scaipw_se,main_sctmle_e0,main_sctmle_se,ml_gcomp_e0,ml_gcomp_se,ml_ipw_e0,ml_ipw_se,ml_aipw_e0,ml_aipw_se,ml_tmle_e0,ml_tmle_se,ml_scaipw_e0,ml_scaipw_se,ml_sctmle_e0,ml_sctmle_se
501,0.3308569280568161,,0.3218918608231533,0.0147081341836835,0.3259241519000819,0.0157779774263677,0.3257986523496808,0.0152673840621086,0.3470810259782809,0.0267860453453586,0.3173690322402391,0.0133200459051512,0.3400568252042051,,0.3375125467285657,0.0149238016410843,0.3434564121226234,0.0120312593135836,0.3428047631863342,0.0119478679854277,0.3205307762764381,0.0264106302272324,0.3254157071756246,0.0243542950192327,0.3161464181136929,,0.3186066226759968,0.01257680713374,0.3278240028045681,0.0110014045744141,0.3317347262475494,0.0109081703343107,0.3392589336269523,0.0171555564491084,0.3225622213991644,0.0115804721268769
502,0.3381923735124904,,0.3313478821477514,0.0148171165077411,0.338763443152569,0.0102401351732739,0.3387519054775696,0.0102437408276129,0.3315381418374552,0.0142967310755027,0.3331245344671673,0.0151831730573618,0.3397532351103562,,0.3354044507779517,0.0141393267949238,0.3407514327440569,0.0123960072281872,0.3406241608696106,0.0123946323682693,0.3388610444482678,0.0172541451221798,0.3342199595228369,0.0147334986855889,0.3207254768758197,,0.3311047145205854,0.0150398227990977,0.3357088282510458,0.0106340106240077,0.3396273825773255,0.0099498134309745,0.3376506044298543,0.0119351292935703,0.3399347615277011,0.0114598970275746
503,0.3436965866346413,,0.32587266606146,0.0122417898062526,0.3429669170316144,0.0104148330449236,0.3429058820116522,0.0104095483185585,0.3491676067819436,0.0110373127201923,0.345782062046968,0.0109736894679347,0.3463000197279154,,0.3336508776818133,0.0123311444298661,0.3462470651934782,0.0106340139696729,0.3462475427048744,0.0106340230176468,0.3538301461666672,0.012266452998005,0.354842554275286,0.0121982558405935,0.3267022944010905,,0.3281444798479431,0.0130438190062433,0.3369815926486766,0.0100876793860872,0.3430237001514062,0.0100481652778009,0.3405374855200068,0.0109397354965217,0.3415108381086332,0.0106158080263737
504,0.3562744394442984,,0.3498029377196997,0.0152658383425026,0.3568894142074403,0.0116628031482238,0.356914306491805,0.0116670840482114,0.3737078230354551,0.0291551808621861,0.3435804805003545,0.0161194260687102,0.358687296676645,,0.3491903010214945,0.0175838459262437,0.3610770819846209,0.0166731128668603,0.3599603385711934,0.0166729201799362,0.3861568430611193,0.0403683936792754,0.333907095216414,0.025673011023835,0.3368522305931359,,0.3467522479001497,0.0134587066504235,0.3516608452197806,0.0109738787842195,0.3546433115686526,0.0108238034960002,0.3649376598560162,0.0218927645198385,0.3463003733591063,0.0121297275499128
505,0.3475164144032395,,0.3375730107747414,0.0155559129057561,0.3445033439718422,0.0099548279887761,0.3436464648851345,0.009971950816846,0.3412449563710111,0.0124105539147376,0.3376425630933152,0.0129212068095339,0.3585706826725915,,0.3501250834986621,0.0142734020208565,0.3605835706921804,0.0117434266119806,0.3602097983693563,0.011727963931991,0.2374980568963695,0.0631210048904243,0.3462037551548452,0.0458756888282287,0.3307557026916713,,0.3395463913785181,0.015179110045921,0.3423454777470375,0.0099780314517374,0.3494888177995683,0.009792429865916,0.3403201624117253,0.0142724101689928,0.3423666507411633,0.0135043203149758
506,0.3390854923880209,,0.3413053964370617,0.0166433622128515,0.3447131324614143,0.0124205272653617,0.3433386701453031,0.0120765097618029,0.354708668909777,0.0162141776856457,0.3427177100610371,0.0112219188867457,0.3385203168400423,,0.3256616213672906,0.0125952588059649,0.3377736073976901,0.011179456167712,0.3378288432101164,0.0111781511355559,0.3601856032337033,0.0230820171552176,0.3356533575415764,0.0159246260917039,0.3130491238660677,,0.3321950899916503,0.0143070354647622,0.3343754504820164,0.0112886314031718,0.3352623699151114,0.0108021582191584,0.3299311386017369,0.0121829620184384,0.3303329573315752,0.0108838088273788
507,0.3414856635172906,,0.3407318881760175,0.0202706829655499,0.3403538597636995,0.0101477728361036,0.3403654096717261,0.0101803634801115,0.3739723019753399,0.0300472272666717,0.3380426431993256,0.0122032979601567,0.3542216060170326,,0.3397039483967599,0.0139494818474099,0.3553805331622749,0.0113743379704626,0.3552463220990051,0.0113645732125337,0.3620942255150518,0.0352665760558168,0.3451577962171067,0.0347525346513132,0.3230381595953029,,0.3388088705893503,0.0166404485765546,0.3387062959678302,0.0109191542654376,0.3417864007502799,0.0102277855079341,0.3353254279620126,0.0128264502617851,0.3331935348758849,0.0111801053155988
509,0.3505831047443241,,0.3444944568839827,0.0151069702770349,0.3558537896914572,0.0102152908407624,0.3572595093904311,0.010153016688074,0.3476316229450469,0.0149442848270127,0.3356070716353369,0.0138439200702545,0.3583550829572181,,0.3460834142170053,0.0132160887846058,0.3598036805640002,0.0104667236375443,0.3598087283711535,0.0104627936842061,0.3340415546245502,0.0155581638975786,0.3305235587885705,0.0155647141740766,0.3361481102344543,,0.3331365228313351,0.0123010168140502,0.3476564416307415,0.0099100400020652,0.3555680407922867,0.0098383613547537,0.3473984936644022,0.0112910232872193,0.3415939923734138,0.0111564359644049
510,0.3155062929783327,,0.3113120984808221,0.0137788956570144,0.3076359390370312,0.0145220896559935,0.3083183262480926,0.0135954380548284,0.3154405139457111,0.0156762239913495,0.3153950814163514,0.0116405241236919,0.3280299530813899,,0.3153495194422264,0.0130771843146032,0.3276797306013157,0.0130909954846905,0.3277242168747422,0.0130930054356774,0.3389705816772203,0.022621762753698,0.3225330710068181,0.0174170701899158,0.30391434181943,,0.3150975687479005,0.0136425258792108,0.3111435957567061,0.0129065904871996,0.311161029481791,0.0131499014970351,0.3169812678501625,0.0147711305001059,0.3155580274268906,0.0118058536386931
511,0.3339827066108606,,0.3242746549772023,0.0150704054770583,0.3319384514709206,0.0102968246349829,0.33154620147316,0.010295750776794,0.3314803113808032,0.0106586246490916,0.3267828547527614,0.0106849880758289,0.3416919958625475,,0.3267263938647523,0.0141397596996788,0.3439353169849852,0.0120082958922945,0.3435588951443074,0.0119677726128681,0.3393034365594342,0.0175254175188882,0.3315471357133465,0.0141110174225289,0.3173180703416938,,0.32983726534912,0.0160652497543767,0.3313452205519143,0.010680954074949,0.3336541821732412,0.0101120429595209,0.3288695454073411,0.0112375605729106,0.3313094522719368,0.0108877591613548
513,0.3451060174527674,,0.3464847809173882,0.0150932267015358,0.3474432971316791,0.0099774748691059,0.3478279380883775,0.0099601085389404,0.3470372367467683,0.0104284702819751,0.34276459704733,0.0102633424458265,0.3524463908964831,,0.3477914281711548,0.0134408128285067,0.3528551034222081,0.010561286149848,0.3528240309043335,0.0105606965927081,0.2898589589248527,0.0478728516809193,0.3465676782470069,0.0371375839924993,0.3325528572228742,,0.3316198802144582,0.0130760652654299,0.3444992000628517,0.0097560463364487,0.3475715851602057,0.0096827588295939,0.3357523131850946,0.0124785823747827,0.3354869166885147,0.0112231199239703
508,0.32828819991767916,,0.3381326192836486,0.018005848558163517,0.33008320669482555,0.013191433953046927,0.32984060901994194,0.01305267398260431,0.34227970752607945,0.025883125029853966,0.32786223028266614,0.015283435938884532,0.34205181175531024,,0.34354186911150114,0.015369888624342225,0.3452718623597417,0.012116880489480278,0.3446342243855104,0.01202991921935913,0.43381813661948876,0.057656356038418774,0.34266250225191763,0.011734695339710787,0.31386322039347103,,0.3307804671648787,0.015608422370477775,0.3271824167594923,0.012901029829250966,0.32989646080995383,0.012814591211254263,0.33250636057697097,0.012726194132314657,0.3319865031514142,0.011798227748162745
512,0.34102490709780797,,0.34458793384763886,0.015765752072390924,0.35099132843471725,0.012384125045676223,0.35057258481227016,0.011783611794868174,0.34513343466556157,0.011624718972282384,0.34619580804598915,0.011661031055423092,0.3457467028600514,,0.3667239541485976,0.027618197954622104,0.36054377040676217,0.021214771934328677,0.3498956697374103,0.019621915988976443,0.37004013866792534,0.044608732272064515,0.34846266831524886,0.02799617885595731,0.3243608115576607,,0.33786493215233254,0.013845442134687467,0.34319769831067104,0.011401251315261053,0.3458849491354749,0.010699567370745166,0.34294155261363557,0.01214663376703121,0.341537207805464,0.011122841790219953
514,0.35067026883556945,,0.34136593735537935,0.013708085465384486,0.3540091636048138,0.010345335429654079,0.3539769682012217,0.010215502599099568,0.3473639632146669,0.010183669303267136,0.3473242444672123,0.010146241539782493,0.3516713080713339,,0.34370545144363585,0.012496679834260824,0.35388324591953035,0.010533212215486263,0.3537492821950343,0.010521612313780853,0.364872207526439,0.01715172763537453,0.3501071657793009,0.0119780791325021,0.3314981697102958,,0.34481594470677546,0.01426719080441301,0.3514244531422758,0.011180229712386669,0.3551727327317438,0.010118034003110272,0.35763272135166624,0.01579658925415803,0.3493155806158034,0.010255269081626594
515,0.33925683994272077,,0.32794096480251317,0.013793502982558095,0.33809722432584466,0.010050139168045182,0.3375922719294996,0.010052046638647028,0.3388405490619782,0.011311100622209429,0.34362551428223226,0.01286051150116073,0.3482965844028996,,0.35124692865405416,0.02003138956272588,0.3578353787923179,0.01680452799633865,0.3524346439933104,0.016136799539121723,0.3296366946891105,0.037759458021281375,0.35787193551436114,0.03195727591200641,0.32117877340898093,,0.3378055803152979,0.016494265944003838,0.3376715880038635,0.011022010721490384,0.34353601771628123,0.010059124291088933,0.33092241278928347,0.01191549168996836,0.33724506543177624,0.011424608889800692
516,0.34824300167844036,,0.3230523236202126,0.013369731265456607,0.3454885225967289,0.01202881625779515,0.3457449632665295,0.011891181397908377,0.32693389989254223,0.015009901010013049,0.3280926927774592,0.011245794839922897,0.3565633380035507,,0.3428909768524111,0.014380318889068397,0.35863915323224976,0.011836862816657473,0.35823048762887116,0.01180085881339876,0.3212463435850533,0.024106171462819518,0.35227500869506434,0.028259350342050283,0.3317430226616714,,0.32800012174237747,0.013823698908792462,0.34667682757560275,0.012530461974334623,0.35164838420944067,0.011386760025636043,0.33771285739878293,0.011374873222472232,0.3383214799415076,0.01095446364009619
517,0.33804067351943534,,0.3480082811782615,0.020201744604045835,0.33965201690007535,0.01082853119746707,0.33935417094676495,0.010737166122576627,0.34193662240738104,0.01135605118465843,0.34222153348073253,0.011358403443140928,0.3412161650182773,,0.34274797355592945,0.01444420752151841,0.34262285944821635,0.011417202663423852,0.34228752833936793,0.011394161463501615,0.3682630438891265,0.022025302540240058,0.3450824841152045,0.012353608287954954,0.31895039773605494,,0.33609536087354697,0.01507086800468779,0.33799083354252724,0.011263611474847696,0.338726122647184,0.010237865608097224,0.33853956783703865,0.011404944483166703,0.33760882115090524,0.010578584034636535
518,0.36154683194229287,,0.3760184866602992,0.020956183098652572,0.3622304388168532,0.012033378915165838,0.3621037812247166,0.012001195073039685,0.3881787057913655,0.02462308699557006,0.3666187901811103,0.015287164769680981,0.3711533804886335,,0.3662349726745999,0.012952512317240806,0.3712187982866787,0.010929737688084817,0.37121421565567536,0.010929514721422942,0.40386022647355035,0.020874595676957892,0.3727053137748429,0.01258178163443059,0.348312726811862,,0.37151306075605905,0.01971864335490813,0.36359963244529897,0.011231766511304857,0.3623973863339232,0.010470181228258489,0.37316295537784777,0.018332533627999276,0.3587978701776973,0.0112063569658863
519,0.3207699426034765,,0.32714434940410636,0.02249378100311999,0.3208816306508176,0.017464991911530447,0.3208278600957982,0.017467290964858353,0.3271935809241991,0.018296985497566344,0.32878882920400787,0.013292234508232583,0.3288094788963594,,0.3391077883624888,0.016846313976999688,0.331460848038466,0.013650003578084442,0.33076712120314256,0.013587163075364773,0.3396594119487677,0.054474630983017205,0.33335979442148284,0.034158080566933015,0.3135657809006893,,0.3199937911862375,0.013188303941628393,0.323459013776242,0.011475791188917936,0.32594992712924314,0.011430254477705867,0.3531315207029388,0.02688190576718096,0.32934654928267293,0.01873664386182164
520,0.3416908382675292,,0.34180451595132666,0.016136543068762613,0.3467566293418775,0.012054763808205395,0.3461610018748814,0.011556849780201555,0.40049851025476785,0.02698618641951924,0.3555418940595899,0.011429422325838746,0.35095390366372226,,0.3507071597857986,0.015429106875302169,0.35529491958094905,0.01143862450757167,0.35434630067923134,0.011343863563907316,0.6155376530375398,0.09205823719937055,0.34997692685652987,0.03878214689314496,0.32681274916911457,,0.3341173738663101,0.013942167242389775,0.34163144654973054,0.010355602094803172,0.3456018712919984,0.010163021274224391,0.42640747877038127,0.04601119092777319,0.3563552591645153,0.012539616412693431
521,0.3543441885476392,,0.33935425478242454,0.013293699807545644,0.35600261061014526,0.0113669962619815,0.35597590233660814,0.011325253852201263,0.3502260580088053,0.0133672129626478,0.3451352298967875,0.01301385439114468,0.3609440207797995,,0.34071250825092214,0.012296212557698106,0.36009561827973885,0.011416771292558893,0.3601702526571771,0.011417202592154077,0.35009095791942446,0.014175204768038747,0.3515577447660891,0.013647301849709756,0.34218101125434336,,0.3444944160692126,0.013587109403359408,0.3550273342539463,0.011288280349148055,0.3571371696539444,0.011012307895006805,0.35358637839745666,0.013683438323896284,0.34453154599955715,0.012316022611670745
522,0.3423942006281051,,0.33980035374538164,0.016447976909272483,0.3434862577812841,0.011284825095340527,0.3435415421425355,0.011278275827756397,0.3422177459270812,0.01501678485502873,0.3400978102513609,0.014108924294249392,0.3471166703486593,,0.3323793334124851,0.01626762956180666,0.34809883312602247,0.015949858050880422,0.34768782497999995,0.015935626384872226,0.386766674455504,0.04457162154681828,0.3500990324861259,0.03696223599291993,0.3254169567847259,,0.33353895496634456,0.013413637309207247,0.33941857779621637,0.010598326985582713,0.34446626215243287,0.010418400954155244,0.33737149182087645,0.01220248310228013,0.33856405485345115,0.01175491740039471
523,0.35319042098734865,,0.3489392873114527,0.01568219393506839,0.3554177541406049,0.011193512734106646,0.35575689902394575,0.011178685053845876,0.36227610326315235,0.013898097283266398,0.36426757582502556,0.01679282741013028,0.3604223447287522,,0.35357188314148924,0.015670394660529656,0.36520424227521864,0.013598799155947363,0.36373533054655705,0.01347691047270813,0.4073789729641967,0.04198924738970317,0.35622415507383237,0.024099467400131257,0.3346399531053102,,0.34124439052687505,0.01376160655982306,0.3505960781213664,0.010577555596008028,0.3546983714130262,0.010251958655267308,0.3766692537697631,0.02627016856863902,0.34892131773748025,0.011177301510449761
524,0.342527670280918,,0.354363940040928,0.01713429777415787,0.34797006466468383,0.009885910643546615,0.34824073328268285,0.009843128616901363,0.35323274897672946,0.0102384228688401,0.3514822195692049,0.010133483923065,0.3501811805442297,,0.34904733327134785,0.013611498385708791,0.351698433779363,0.01068166365844133,0.3515286695664977,0.01067671606418986,0.35533521513162364,0.01375854144949676,0.35218919409013005,0.013596907717237152,0.3345161603982779,,0.34488872909117785,0.014968301062010973,0.34787673188147344,0.00994452825082375,0.3503737852761442,0.009647512785914174,0.35740577082436387,0.01265131210932571,0.34940093713868237,0.010380412517872067
525,0.35502920865463267,,0.359290002843176,0.022501672142092904,0.35876015175022197,0.011660915507336557,0.35832100349467183,0.011489854837780367,0.35984084529082866,0.015706110164489633,0.35746833492071606,0.012560347303223635,0.3575227526662627,,0.36401296180883735,0.021436662378713146,0.37153207408010863,0.0168685726418161,0.3639268987933451,0.014895760190415313,0.33234601245557555,0.03717074839475278,0.36672119514165435,0.03174439898717727,0.33381037655874113,,0.3654719108386784,0.0238597982851949,0.35670153587691295,0.011559753358451283,0.35652052089560105,0.010601138973140727,0.3535731017688404,0.015230385482811378,0.3598333796698636,0.012031229908043213
526,0.3340163065510245,,0.33708492471839696,0.01755006073717722,0.3340775207713969,0.011164519499003697,0.3340795925053902,0.011163447623140404,0.3314127522461769,0.017170615976871292,0.32234137440183463,0.014892448350992989,0.34644862955903727,,0.37241161884375845,0.0218738000531032,0.35857231102879755,0.014955153800355349,0.3528729734012157,0.014168458552036398,0.3645845418436881,0.05248264287671923,0.341814132727635,0.04195113360769285,0.3166879824386323,,0.3346091704585704,0.015518412360476758,0.3353298676020897,0.011251099875872611,0.33721174994848896,0.010692480903978998,0.3611381825542841,0.022313859613069593,0.3384909523160579,0.011061220021044897
527,0.3395104946703901,,0.34097828008576625,0.015637112011650287,0.3402739482406472,0.009780345387009167,0.3403713366346605,0.009777933977819467,0.34176124769091576,0.010259911956416859,0.3338585531417577,0.011177472316455161,0.3462833742906434,,0.34620755181294777,0.014177041515198899,0.34927753674590495,0.010812862598396231,0.3488927488175069,0.010777664962373631,0.367147167445649,0.017559203447980783,0.34617160987965856,0.011989772611371099,0.32445105904854776,,0.3385160545720036,0.014980857031091144,0.33897697081178524,0.010084975968983596,0.34229153631080894,0.00980695616858344,0.3498464756563803,0.012873517304803628,0.33794928213064473,0.011086593055303202
528,0.3425164626353475,,0.34533592046928263,0.01773796438028104,0.34322059944990474,0.011357506133869214,0.34334412783287643,0.011348353433814243,0.3970993823156464,0.03351425653026708,0.3388922391216481,0.018417364041957752,0.3492439901635817,,0.3378121026269399,0.02078079808092695,0.3538015177776138,0.021117340156357366,0.35125294112556404,0.021084769950318757,0.47410049456773323,0.062260533391358494,0.3402518162593283,0.04081701824117402,0.319358785708534,,0.33621418976839246,0.015535708332719693,0.3371373149872139,0.011930017155202706,0.34103880785841784,0.011249923517733388,0.449643949589139,0.05942938063762931,0.3291949351244747,0.01718007498038458
529,0.3336866485101779,,0.35478285650881025,0.019122291892036593,0.33429701375968784,0.010734677654538916,0.3342537561498071,0.0107180528034238,0.32993199003897367,0.011719401891365645,0.32965204187271613,0.012128450987831633,0.3407871361728744,,0.36050341412919157,0.02044638148609799,0.3489790843291473,0.015031783164470812,0.3448212256381947,0.014296085356740394,0.3260311460745311,0.024612620306111374,0.3296364391886769,0.02428372239654928,0.3182303953865957,,0.3330462419354778,0.014151206246649027,0.33009320967171063,0.01075309878148135,0.332235468610763,0.010583337024800053,0.3320338950761629,0.01258489841162418,0.3291378968655676,0.011108506015884518
530,0.3370974325985044,,0.33509665825552704,0.01424541990401713,0.3389446794874909,0.010461165515600042,0.33926966559817484,0.010450689944316239,0.3510817176389215,0.015610648032210775,0.3454645706039658,0.014259159778111175,0.3453005030920367,,0.40080699838411565,0.03226526488284117,0.3794448622392783,0.02852446908066519,0.35202898430132523,0.01949603532655979,0.4469940440696459,0.06193320006612387,0.3422309236655152,0.01793579537697244,0.3243931378785855,,0.3381037508491023,0.01425767691020078,0.3396104416754224,0.010793566922884704,0.3417059379484179,0.010388638175492753,0.35776270306585845,0.019036970396701047,0.33733371819973057,0.012079393765052134
531,0.35657163252793905,,0.3572479563006253,0.01943632533994036,0.357504715483884,0.010391589193179278,0.35759736325676916,0.010398486807018478,0.3461376410325776,0.017719287848580585,0.3527403245995417,0.019183745518261713,0.36122966233409776,,0.3585834683907575,0.016394024073532125,0.36483704554182544,0.012048219175567405,0.36393114057762055,0.011915372746363772,0.3742864029037614,0.022808822652588618,0.369944756613836,0.012690454343273561,0.33812306059103403,,0.35441286182560133,0.017207909258595323,0.35488985979682125,0.01080096491840848,0.3603930294912505,0.01023827921856783,0.3538829447212438,0.013611432346689586,0.35579451648702193,0.012180830534131798
532,0.33788968376332656,,0.3325811411050423,0.015760885810183842,0.33696062453092035,0.010455421919973949,0.3368239905765659,0.0104140587960396,0.3118678051105019,0.028963433304186176,0.2903065586843191,0.01838498928673723,0.3490558589516909,,0.3520391009329284,0.017640599059514737,0.349206544778172,0.012879430988457473,0.34917065298113054,0.01288032095158369,0.28396970027249685,0.04176046380088727,0.3327442223401033,0.024771563428240655,0.32418466226673703,,0.32309999682063145,0.014271054335413078,0.33524751829275323,0.009990475538978425,0.3416667655385917,0.009923351154293228,0.32759527113639336,0.01344510205737733,0.3216334803106076,0.013252172234230591
533,0.33414427431725063,,0.33397072345912493,0.01476577374575805,0.3389360654910128,0.010897065540801045,0.33956590356238875,0.010811083769164094,0.33840876654556445,0.01326099455188233,0.34022158991355367,0.012393648095128834,0.3417195453664237,,0.3352078934770061,0.01309200066619245,0.3425850612983121,0.01127130342414172,0.34249529002154766,0.011266566627098653,0.35890679053794095,0.022485628762701514,0.33017434541177315,0.03117579718625682,0.3220049741888021,,0.33731415971035367,0.017063651433943623,0.33684367567265283,0.01122159174415648,0.3387514988489948,0.01025145074324584,0.34257227822979813,0.013172696845345493,0.33900867351880226,0.011533339659807
534,0.3411575407576213,,0.3516162344163667,0.022862330764287862,0.34300198416174454,0.010736957743612344,0.3427113910881861,0.010704894681322307,0.34457924415032276,0.012697230619873889,0.34393768730199836,0.012840143155514424,0.3455942968358187,,0.3837921781432008,0.039015223075403845,0.409441851841635,0.04140844362921232,0.354651906237055,0.025181986238553406,0.4516627651545894,0.06968285029345922,0.3450856165253184,0.037089570527423135,0.3175696804865838,,0.3330058785849303,0.013716312538456493,0.3355949736407614,0.01088312957675504,0.33921957358974936,0.01021294782043458,0.3454679923810731,0.01632399663373866,0.3274853951636403,0.011849665376802893
535,0.3327620670076312,,0.32330906042844537,0.016568711774800012,0.32859967515950017,0.020727066722078073,0.32841511344751884,0.020141672934523444,0.5123080197303814,0.08223513872536822,0.3249744781390356,0.053159151332230044,0.34212672221168106,,0.345826232748469,0.016920586535458863,0.34623518556980987,0.01327384170661883,0.3454688017771197,0.013130864848526621,0.5243478913577093,0.08024813172410988,0.33025066155091776,0.04493318079622672,0.31206311430144984,,0.31361901268790227,0.015461516903923287,0.31612588274806097,0.017308808736004225,0.31602062218354215,0.018830276323490668,0.44488947124575345,0.058190359932929904,0.32104658921670876,0.013044030363100664
536,0.35783300508985877,,0.3749482713136777,0.018852939330894394,0.35885644184798865,0.011124474851045306,0.3586229037288429,0.011168816753069568,0.3819085576227298,0.01706136966057114,0.36458738807194846,0.011084226812141773,0.3626822816493183,,0.3634908378718278,0.01640287841979898,0.3634651875270673,0.014509502309846128,0.3631663884545278,0.014500248958456231,0.4039272845352754,0.03582692108405155,0.35069923320425117,0.02651558177094998,0.34646619182524907,,0.35559306778433813,0.013748081032801267,0.35807235747245597,0.010429587216762518,0.358731097572479,0.010445345337002367,0.3669736641811636,0.013382572185781507,0.35298794710394954,0.010763579061474519
537,0.3200146691614206,,0.30966669899065447,0.014574533552387695,0.31828053397831935,0.010772773125261108,0.3172103257939929,0.010768319490130594,0.308838346835349,0.014800036665502002,0.31183657636361045,0.012256331211731034,0.33256835284586955,,0.3272164423705993,0.015229082851643922,0.3364291979296053,0.012442478993660439,0.33558181163085055,0.01235194192228256,0.34880060403846197,0.029989763349100734,0.3396301216502506,0.029081246992888245,0.3002946349900839,,0.3052405530619524,0.012737308217609144,0.3120668486034703,0.010246144038997087,0.3221546098616652,0.010248098151413464,0.31541519151766095,0.011478367241260059,0.31893691156735104,0.010944117961836738
538,0.32831139500726536,,0.32255529645428244,0.013972910894122973,0.33424903664436567,0.010869229890518613,0.3350786380676137,0.01083995389210309,0.3358339983015826,0.013584387850563404,0.33795226800930467,0.012961309290680406,0.33555995454371484,,0.32615787721667844,0.012917518770049248,0.33629401710673096,0.01111716227265041,0.3363138423579985,0.011115085314036745,0.3351176855831112,0.01155260940575198,0.33724234340220965,0.011629373149649862,0.31911986052634483,,0.3255762752114095,0.013885306837712849,0.33152101454053895,0.0106876869200609,0.3363278387982766,0.010422138762222125,0.3367084978313873,0.012097310007416985,0.3411535329774797,0.011334615391578763
539,0.3461457922660902,,0.35203995097999496,0.02101781691758524,0.3518488048788749,0.010750992274140161,0.35204711222831386,0.010599279187349351,0.35061376756958973,0.011546145228590725,0.35383302827377655,0.01132225745293889,0.35301895767057656,,0.3412877833989693,0.013678197751595301,0.35243048433767094,0.011247568151617048,0.35244203542532637,0.011247398213595562,0.36111995875457864,0.01716134822222177,0.358846102130942,0.016145664795487773,0.3352685877767441,,0.34714772553977097,0.017234802340959435,0.34635373737254144,0.010762314675193793,0.34898462426877247,0.010431893587203296,0.35256025437200816,0.014026554284501417,0.3511947376837467,0.011129908507065418
540,0.34635624892531935,,0.33988500287696816,0.01615838338745374,0.34532612075224756,0.010106875858407022,0.34514620712173655,0.010111504380213202,0.4033520771947639,0.04125906484279207,0.34998850687464894,0.01623839275688742,0.3541801912391809,,0.35985096716976067,0.01865274123608431,0.35941016385359215,0.01278401770944275,0.3573901593850084,0.012606301725747091,0.38417885098001475,0.03615688280333583,0.35094481024489993,0.03509849315907799,0.32536539294571865,,0.345008620379264,0.018270909535189832,0.345194490038671,0.011576074136403226,0.3461708584967233,0.010406260373343575,0.36317966506088045,0.016830896109016617,0.34628620118375875,0.011216797533511071
541,0.3445031238623451,,0.3404548295752283,0.016506711104528407,0.3415862648392349,0.010420795187175461,0.3412271056861371,0.010312505889569197,0.3419050531746815,0.014823407835736907,0.34668355601853573,0.013985217482514519,0.35169906721239114,,0.3573897655082594,0.021536631520950714,0.35923634459624243,0.01867793643232677,0.35451771285624756,0.018614743087071197,0.34750383157898834,0.04381838780525022,0.2917347340883007,0.04439630020199634,0.3287381386450801,,0.3314063251874388,0.013757774871866808,0.34118134077986995,0.010380015985959359,0.34419281357948317,0.010318463212864823,0.34794294798226044,0.016173719327088564,0.34306515968239865,0.01187195182861917
542,0.3430721958103591,,0.3357030406393038,0.01401955412231837,0.34541555772442767,0.010625135517551424,0.34553554657090596,0.010670590649304151,0.33703242802521377,0.013343655833952573,0.3334588877315669,0.014291465434099275,0.3501694531423191,,0.3457982246425846,0.014221028630332621,0.3505640648550492,0.012502956109244156,0.35049129682716923,0.012503352808232575,0.4086152120707132,0.03951621928959031,0.3443288271716867,0.03178608656615431,0.32800126143132696,,0.3439704137695051,0.017386141459926535,0.3461740686392952,0.012158954895388412,0.34719664257509447,0.01076288207528991,0.35291955981445866,0.014825657219746697,0.3456064165563113,0.01328763292926473
543,0.34559356800292457,,0.33346344800791317,0.013716889618046912,0.34841620790894495,0.01188432253780629,0.3480669716084197,0.0118296649710095,0.3515762870479362,0.013631892248868415,0.3476663523480059,0.013472288145200679,0.3475637602831472,,0.343056858680547,0.014357265919020708,0.35072010607297127,0.012391652618892171,0.3498957958937854,0.012332733181816036,0.3711464457223917,0.025752606583090445,0.35000657818650993,0.014934020703968152,0.32719086623289273,,0.33148019947234353,0.012611909526898836,0.3410788880447415,0.010703021817079253,0.3448068293655153,0.010815247378497633,0.34173980202649207,0.011066417615624595,0.3392656283149471,0.011139205808655482
544,0.34655760032137356,,0.3409271517102817,0.015365221365159536,0.3496366656658301,0.011153649493999973,0.3495844322805602,0.011016068336884127,0.3517187658368546,0.012900788372947029,0.3469612594866968,0.011212151157903435,0.35081812419406433,,0.3384658047389427,0.013085449393408421,0.35154607471000926,0.011039059174060999,0.3514966202608504,0.011037823994670617,0.3499603106652993,0.012578757005559271,0.34578229354324086,0.012658971944219706,0.32481361494727296,,0.34234073706245083,0.015251490457209804,0.3461436168333133,0.011502118538153968,0.35004576504659657,0.010420246072248635,0.3442875874512348,0.011524621728388277,0.34331129484983586,0.01050269557170314
545,0.3366943952676117,,0.3375174741142395,0.01362347955127678,0.33700451119512137,0.01078468594059375,0.3370992241516757,0.010781377796265963,0.3594280869245704,0.025073738401298284,0.33613250803990485,0.015245652325637146,0.3512599083139116,,0.36354803836139504,0.019230899473556058,0.3569241438967799,0.016089646399047995,0.3540692415536445,0.015781493809720878,0.424105203223951,0.06272832757812459,0.34364295597038774,0.04105452520997035,0.3267833427242302,,0.3396461902979374,0.015167965463344212,0.33998349047273785,0.01098816443347265,0.34493642518861617,0.01020080774999717,0.3508850286507852,0.01500347286145632,0.34446164854888034,0.012553863796183628
546,0.3396653090751693,,0.3525178919894362,0.022241488437930834,0.337647469929716,0.01119672536259613,0.3381337652572738,0.011122925035483384,0.3360947033731679,0.01403595243066271,0.3443482115396035,0.012514538302423935,0.3460422089526029,,0.3462623796340723,0.016228464498270142,0.3501138443362285,0.011891054896717403,0.3491041351775073,0.011810319563615935,0.4761950391640458,0.05561433560585685,0.3550440043049601,0.019432395919757747,0.32141719227127835,,0.3260160046337301,0.014393459952701306,0.3347354001230439,0.01024624884605828,0.3380857604318397,0.010005415531808993,0.3566811687699039,0.017307004096705887,0.34680912272762693,0.012180731202500626
547,0.35542878506480396,,0.36044627940994667,0.019934284832372685,0.35819226913725244,0.011496562443911536,0.35753801207486247,0.011459277031781425,0.4475161564686943,0.05214698950025151,0.3651591874723939,0.03577571956041765,0.3583151678122246,,0.3621259950169975,0.014577199667704302,0.36408001875864116,0.011227645414975514,0.36314515289611865,0.011088903075908605,0.49963279355638995,0.06313571495287579,0.372308270913659,0.023899240241704905,0.33901540677324205,,0.349897698337469,0.013813022339477558,0.35417081601618944,0.010513014498610208,0.35666254299455263,0.010103981031915356,0.41847107553886304,0.04231442518184946,0.3598362267370776,0.014913976467778454
548,0.32514721849515926,,0.3070259783838069,0.013034931236602564,0.3216537457749565,0.013694083988761662,0.3208017016089323,0.013370966707615676,0.31391296130509705,0.017544310851447857,0.3253439452700239,0.01205208868627536,0.32528776370855245,,0.320063888635425,0.013496925942758699,0.325599031124862,0.011909166292087166,0.32559067736493935,0.011907901840220432,0.3164963005012432,0.024310285740286985,0.3256602880420149,0.02341616503840619,0.31030406434707597,,0.3121049703929333,0.01324715903394555,0.3171625442625881,0.012512077499406717,0.3202250223844544,0.012890915754235309,0.32481755099510007,0.01704104071592371,0.3227678596646199,0.011872319131506978
549,0.3415111953398571,,0.33213293400271027,0.014851596587979467,0.3432627162506301,0.010377298560616198,0.34358863535383805,0.010356486899452217,0.33775242112467013,0.012903279069679585,0.3300675839388594,0.012082219874940738,0.34692700344410515,,0.33077914829229044,0.01362200300784269,0.3477081540102758,0.011835461044931479,0.34765949423109094,0.011831816015331554,0.3757507814769246,0.035333113011105276,0.3454737036803029,0.015494446529799082,0.3116599170726104,,0.33844670974833796,0.016000723674475702,0.34055206327628523,0.012240905374511174,0.34787239454374336,0.010078664784065116,0.3382848458338226,0.013253745698016298,0.3387423393821601,0.010850690966913417
550,0.3291883511848806,,0.3186546831316398,0.012869317907551869,0.3253994048409515,0.011565088148057994,0.32441328558962684,0.011484133233801286,0.32364248894320324,0.012615803589197252,0.32005231249656274,0.013345927035391676,0.3378548962138218,,0.33149081920467466,0.01423959886672901,0.3407300519548345,0.011916001192960378,0.34017181321466206,0.011869513349417018,0.3775222025056158,0.03734821697709639,0.3423392088841559,0.02701201008601937,0.30927872516934957,,0.321407289676739,0.013438943652764329,0.32550554968719714,0.011306906483686695,0.33030990475439853,0.01085024214171213,0.3239777781653798,0.011635509505433801,0.3242021001815298,0.010968155848066959
551,0.3629556030140391,,0.38931140405776593,0.02434381263575709,0.3710670492513802,0.011542052399706675,0.36919201236520477,0.011088834201781547,0.4428976067281413,0.04166351783183648,0.39889427423338614,0.020593534162743083,0.3717731557546478,,0.3692655150494392,0.014699615014955411,0.374030169198303,0.011906482940182095,0.3735827890232012,0.011878339239628081,0.4282742610877744,0.03543702663913259,0.3800786208589006,0.01799689565589237,0.34641267673206083,,0.3560946289341397,0.013936141710868141,0.36076445582094613,0.010640794083364474,0.36502616372339713,0.010321385421732757,0.4030297246446736,0.02175375988193272,0.3849159490547197,0.015136832844696916
552,0.32839820571900713,,0.3205309951641681,0.01458281380127144,0.3297140582609173,0.010625146860349061,0.329915735250435,0.010623609604815999,0.3434746908545901,0.01624893852757131,0.3408735537855716,0.015453461789631955,0.3344344241188124,,0.3362681203831738,0.016062835730455003,0.3394954674607703,0.01180817317639829,0.3385198530631217,0.011659654935244066,0.37162364438287887,0.0226819334781746,0.3341800045234403,0.012491740793297306,0.3143176413250924,,0.31694569171238174,0.01338928725818966,0.32435794837757875,0.01099317244475723,0.3274632762310751,0.01119162044945276,0.3337062521520179,0.012450618265131599,0.3344265582820163,0.012956778998123997
553,0.3490114201439628,,0.3429412454364775,0.015288946097517898,0.3491505672697011,0.010254167935069645,0.349165954708293,0.010256404720231696,0.35691160257691745,0.010700111643810798,0.3490031458203422,0.01030160492209936,0.35582719866027696,,0.34385899795512365,0.013126977115283404,0.357021087054611,0.010649011392567805,0.35692031322284445,0.010643167134558944,0.37461591310379966,0.019003514015790444,0.34873201100662105,0.017616866836451486,0.3293409034890349,,0.34283382893984143,0.015000914987700346,0.3453710647282366,0.010211164821684018,0.34853525499378263,0.010006220639015604,0.3548567325827794,0.011563452593759065,0.3467786980275253,0.010751565634397912
554,0.3241315040632802,,0.3043231897084102,0.012962930457559446,0.324432926381234,0.01085838313212776,0.32469631781994057,0.010860795926423056,0.3176232764247448,0.01976395226372657,0.3341662538278394,0.017226588394098588,0.3314148861496559,,0.328977368963019,0.02516818904454097,0.33257514446500014,0.024159294710301142,0.33180470433067366,0.024152952021671836,0.34615470950207844,0.03323564691286476,0.33325190508015556,0.0357795900180423,0.30318849283301824,,0.3043254389451837,0.013574650270585692,0.3156408146400543,0.011099760462264685,0.32463922685191304,0.012576847415255965,0.3245339448386381,0.014841980951125393,0.32934120893521013,0.014009579998150072
555,0.3289617482112765,,0.3246494766201323,0.014112572256287856,0.3357677055793797,0.010359207174012975,0.33694351608554285,0.010281791064674807,0.3429270292103009,0.014497946507928966,0.3398852359561489,0.011318855370045558,0.3369317505252936,,0.32281481149903457,0.01322437727158584,0.33790957263837257,0.010839341961290406,0.33788492667103653,0.010837835347803955,0.3333774297636139,0.011738333103680127,0.3349195670275265,0.011542667333789062,0.31955645880914363,,0.3315813386832554,0.01850687780275082,0.33368129253953555,0.010430247948937281,0.3384209972614761,0.010021466823227536,0.3466419094654054,0.01834378132820545,0.33978725807727483,0.010758623857041051
556,0.334689151719965,,0.3265495255378297,0.016373669022461464,0.33629823888914145,0.010534103495399003,0.3364288677448972,0.010526687815824732,0.44535963885962176,0.06266349489827998,0.3456293127306772,0.01267884395630152,0.3377158824451714,,0.3552659232021345,0.03074012057838243,0.3516311962580177,0.026484727301138267,0.34192601771622627,0.02240561698030289,0.4478225679279417,0.0673055082060929,0.3490447724800614,0.013338148108557105,0.31514612571055806,,0.32667679100714514,0.0174514506742862,0.33112909655665235,0.010616598621424785,0.3384157728654566,0.010055456131920854,0.4397938204891926,0.06490440260094806,0.34284349520145707,0.011446351579162253
557,0.3207132269284786,,0.32006263738449725,0.012869695529266386,0.31794801354617513,0.01152509740155156,0.31616231786614934,0.01136304155548446,0.3243840860407704,0.01274416909401965,0.31679319540567624,0.01295367654751551,0.33478695226420974,,0.33501460738580924,0.014940288286521679,0.3354698799569556,0.013179319153905595,0.33538514656603585,0.013172573392788128,0.3890991688492201,0.049226377003729456,0.32571821061760814,0.05110620577044536,0.3129318788430376,,0.3160917835931772,0.011969311732746653,0.31720753105129507,0.011363083709935119,0.32219164943230666,0.011959570708242977,0.33109173944693393,0.015693781058147525,0.32146010683213083,0.011657383105077348
558,0.3600327268314292,,0.3471907815118178,0.01621851982243987,0.35809832115507395,0.010305073394986108,0.3579717285931623,0.010275406547453916,0.36233251147035905,0.013058905207357316,0.35165699781472937,0.012204066263020716,0.36400629908922005,,0.3519671611602676,0.016112928137936078,0.3714733390291679,0.013531775356502023,0.3692465824424926,0.01312765694919865,0.40056602253460627,0.036783625319959774,0.3524700539332246,0.01771214534464876,0.33621664409723334,,0.35104901948728817,0.015974636897235835,0.35478928048607355,0.011190509361324699,0.3593787582596789,0.010258939827485181,0.3681917375631394,0.022790727843935488,0.3495088849175522,0.011167331080548688
559,0.34389249219146895,,0.3581457730691748,0.025454847367950232,0.34271432005611524,0.012143144172989225,0.3428832963561578,0.012161905584224695,0.33807366495639096,0.023200078595584754,0.3442843366187428,0.01037547229703085,0.34961559872873993,,0.42013521097073253,0.04032762920595543,0.361885142970529,0.03379886289428503,0.3517972709264935,0.03306304330446428,0.3652474469910848,0.03062220647310496,0.33764974287364136,0.014006254185297246,0.31837338979808527,,0.34166303122574043,0.017649760055743813,0.3428886690285834,0.011377828048033467,0.3470939276981256,0.010422681556676425,0.3491224259633159,0.015282795710365834,0.3474196540932004,0.010580877264382874
560,0.3237226117065287,,0.3193907418201657,0.01520655400221669,0.32181347044357417,0.01326898524981593,0.3210726225154592,0.013196914294649108,0.3224236571715188,0.01668648683229679,0.3321197271621705,0.014369896660593186,0.3363782601143475,,0.3335014824626159,0.024945196356527338,0.3506462332363925,0.024282800015024288,0.34174078777477773,0.022555374437499713,0.30461734806230417,0.039548803848517666,0.33112943020936436,0.02089589084359667,0.3092887267158964,,0.31712925227201033,0.013415091648776018,0.32237667247582175,0.011495798444956826,0.331395472802518,0.011584525543291728,0.31876400198754656,0.01265980209645665,0.31872701353332983,0.011663171716829629
561,0.35477521860317923,,0.3633981358459075,0.01913497649253958,0.3540690748659963,0.0113010398412992,0.35421421940349773,0.011259482697167799,0.3392490684427654,0.016704516889255935,0.34304307944548607,0.012386478716282675,0.36233834852349855,,0.36108254147526453,0.015550339297759867,0.3644464746446494,0.01257565678846949,0.36393725565200696,0.012553926949393179,0.35167739229268336,0.015567651719567064,0.35110416157093155,0.013468990349155519,0.33165375877204994,,0.35330366255888185,0.014829107671021495,0.3553876094732535,0.011216246114026811,0.35810800110190183,0.010570293155902384,0.3264188525246868,0.022585808493224814,0.345177087730121,0.022824072926981732
562,0.35746283948353086,,0.3261936560854899,0.01424997283015217,0.3572145295878364,0.01037652296841988,0.35709488397406075,0.010365223908570583,0.285480353233288,0.04189364134586139,0.32220046925913115,0.043455680827294035,0.3642891021990845,,0.3352012458199756,0.014014876259199692,0.3648207059635027,0.011100321039612742,0.364993092327925,0.011100434736391092,0.2253768617339303,0.06802257679711392,0.33981434070503214,0.039072342458981876,0.33381490159769084,,0.34781478145105726,0.025803775129870303,0.3528432018698775,0.014117088733670648,0.3622592737554754,0.010293420685605122,0.31714919999981434,0.01743674886872125,0.32618271100756646,0.015088138538973696
563,0.35183138695302674,,0.34746386713384475,0.018687849229630783,0.3485860327754055,0.01158880596893728,0.3488815531668645,0.011370632632076655,0.3448754259894396,0.019319609280559997,0.3391135652555266,0.011517671529378659,0.3593238349017215,,0.3560466192109371,0.01712006122558896,0.363758823227397,0.0137489317504804,0.36213073310672417,0.013632858408617436,0.3981890844901641,0.03650917263209864,0.3668183037678411,0.026458845084613908,0.3316564196979577,,0.3328699739883782,0.014335279722466553,0.34456861017248414,0.010623869908825974,0.3486802840819061,0.011062248059201484,0.36720612443471456,0.029896463119467743,0.33870093387965267,0.020150787342402512
564,0.3150028988524053,,0.3188382284565788,0.01880837672413761,0.318551370329534,0.010957054215963925,0.31809727949606587,0.010654093341370052,0.3437919727086318,0.03488404353414147,0.3062176455334568,0.010513395503627227,0.32051871637919294,,0.31780445745455144,0.016298598999186096,0.325353585387517,0.014207168644031884,0.32387913430760895,0.01400339380545281,0.34393680493896667,0.0253625189973124,0.32277174867420827,0.017312806415800904,0.2890844164878488,,0.3173220885351226,0.019596097682394908,0.31508011931606406,0.013462071253994496,0.31487552671784713,0.010659442445528449,0.3204462396233873,0.016230915174079444,0.3078037056134155,0.010834610519501192
565,0.341934724603117,,0.3203221849685554,0.01413634051224748,0.33489093586080154,0.012436667902465217,0.3324000805439351,0.012143429888782102,0.3296659386393626,0.026771776080480928,0.26729072910225915,0.015765125875516435,0.35070679179998904,,0.3383373281568044,0.013113094476136851,0.3508288149477756,0.011932713991374149,0.3508245137215066,0.011932159841731195,0.3516323066669112,0.013950128424570414,0.35189906071282895,0.013117087986590965,0.31748317672669624,,0.31769659009394463,0.012120375498814874,0.3266200513842414,0.010609808680909627,0.3345199122918159,0.010875775215850194,0.33299584011171296,0.013665869502110177,0.3281497559441082,0.014270716543266272
566,0.32265199688360086,,0.33529718875156683,0.01984549640753122,0.33472910682846424,0.01413232466097977,0.3318487294973138,0.0116717446114617,0.3750234057893402,0.033051866800484546,0.3267875236069987,0.016187928705569073,0.3346775456689489,,0.3285408671858889,0.015534096172280354,0.3375545429533984,0.014262656900868408,0.3368055120227527,0.014148613977106865,0.3938560370654139,0.047454041488814665,0.3181960951757031,0.027983894052095098,0.3148084464316316,,0.33123421075855947,0.015216251835159435,0.33020162448298074,0.012716894712963297,0.3317298708861957,0.012048940963543893,0.35146766306131016,0.022426389405436585,0.31572281484850984,0.015516932149666655
567,0.3460055651019435,,0.33938194750874884,0.014972725548347476,0.3462058217954838,0.009842547973049528,0.34621838026614515,0.009843181415223584,0.35206588950827417,0.011899901616874512,0.3488339827724163,0.01148473385121638,0.3484047503720442,,0.3514679557429057,0.016206120251480136,0.35410562345976876,0.011392973393348908,0.3525340250055942,0.011169658322912916,0.3382641142091664,0.03896089357608169,0.35897484299102483,0.029690475579802155,0.32763404582462696,,0.3407570218155947,0.015128526966194336,0.3445000761305128,0.010571963429991055,0.34611337049440977,0.010027784498633563,0.34143626379810077,0.015527268194809239,0.3525232918305012,0.012899562336412889
568,0.3441777058807606,,0.3367825705700393,0.015769123912386895,0.34186155832091253,0.01178446421351358,0.341771670031356,0.011775958799855397,0.32390890865036487,0.01920534630859378,0.3407165146102266,0.01239641407612655,0.3497140521408372,,0.37015491020370545,0.018757015192067593,0.35689834333563614,0.012222512648178042,0.3547014549399241,0.01194218547532495,0.3374728580032035,0.014294637119965056,0.3515914163664842,0.017553469728773616,0.3206201286608998,,0.32875804243617074,0.013217278570379411,0.33466850468244996,0.011376496584648668,0.33749982573973236,0.012049335512048197,0.3033673606338748,0.03484886511532577,0.34264796089864363,0.011137016076130584
569,0.31982016032740246,,0.32678348133062624,0.0159803112077987,0.3239618516375855,0.010059677096831528,0.32503608161866154,0.010023993454266385,0.33391189659379944,0.010517306672765502,0.3353354581761248,0.01045618536676321,0.33251519273872177,,0.3307588107894284,0.015062977174050292,0.3335541403094701,0.011538142976062076,0.3334513902863224,0.011533143326120678,0.2410520021043307,0.05844308198820313,0.3307532025580885,0.03100722632068155,0.3059906209771095,,0.32290471421813327,0.015487214046091668,0.3240723559295608,0.010781472348219523,0.32931961934501003,0.010214264475499708,0.3242512506959034,0.01692545854904213,0.32765048376624956,0.012153271452399316
570,0.352838117598422,,0.3638790523782441,0.02515493309210055,0.352942641485114,0.011445050110671566,0.3529021271778777,0.011433337272180377,0.40323370091989785,0.038273441423175805,0.3609799183891433,0.013610225644893567,0.3602963492817465,,0.35956834986295955,0.01403320165493203,0.36180826654405385,0.011471927437618093,0.3616120421109097,0.011460429328166882,0.6105840493491458,0.08565336463399983,0.3528898581290098,0.041361887798651645,0.3361146511555694,,0.34771947484666466,0.016050128279660375,0.34896412050036,0.011476460559654126,0.35218158734760163,0.010571990533581906,0.36479167859703066,0.015603719017043598,0.34969187894459924,0.011366138171373032
571,0.339158208777507,,0.3245298403609061,0.015260109770663239,0.3388389031298114,0.011057544262997076,0.3388501514300499,0.01104534122805524,0.3422007677225641,0.016007461847845985,0.33051329152444414,0.014191628093411877,0.34339694118011177,,0.33719783655810043,0.015465210944875983,0.3479010089382238,0.013838640024417866,0.3465708990811144,0.013746051279226049,0.350495976471771,0.023176324319733575,0.32897613152124777,0.01729767512748733,0.3189735681239892,,0.32172247878736443,0.014250762615384781,0.3322145749712523,0.011058783779154617,0.338218423034755,0.010962066492590915,0.36593342741785023,0.028651774288146935,0.3222051814369192,0.015029938624566084
572,0.3437479772075047,,0.34996744891025605,0.01937093287674024,0.3460823337488705,0.011137148996184535,0.34597076443061525,0.010991109644381672,0.3526685128501733,0.013598423531987662,0.3530880492294039,0.013019734994828083,0.35107921292711625,,0.35332551549510105,0.017497557237304912,0.35440122409353414,0.014407477308050158,0.353131202262583,0.014348914420352677,0.4388044453133857,0.04694910345218635,0.355414418372862,0.021726005095381584,0.32877438443144985,,0.3425465689056428,0.015485632158724378,0.3449207484175566,0.011113230095756758,0.3493396318931105,0.010392382648406187,0.34796281850479194,0.012631680019112008,0.34954021690449655,0.011690072265912307
573,0.32321135234472764,,0.31808330026152926,0.01503576211827678,0.32364874578567926,0.01193079376065749,0.3238421244083619,0.011932163229160174,0.3240675822147324,0.015377551439459727,0.33099605473686255,0.015696880627845623,0.33553856157885126,,0.32455596045830687,0.016583951913073873,0.33140103666983134,0.017090103435872188,0.33305514833843025,0.016947339526085764,0.3486755778898262,0.02922101356657366,0.3376170237339603,0.02878039040907582,0.30572072563633956,,0.3227031141933755,0.018070687345890294,0.3216495358494871,0.012810308825034962,0.32889706571549027,0.011301395035346403,0.31761180550432444,0.013973178498803944,0.32600300091380846,0.014462067690288903
574,0.3484319497041652,,0.3269718799275189,0.014901939524863865,0.3464317939062459,0.011326420260335913,0.346454258275933,0.01131851429960036,0.345645698387175,0.012528299069279299,0.33808899529720715,0.014833880996184969,0.3513911430323724,,0.3329781833061278,0.01298979198054686,0.35084996957599623,0.011543117193966291,0.3508793997196159,0.011543861203578946,0.3573730328396209,0.01535876056765804,0.35148376812180354,0.01334670615852074,0.3202863497765027,,0.3309296028558951,0.014601936999819506,0.3400905243983873,0.011249944235879099,0.34658033754055395,0.010523691670101585,0.3451203838842104,0.01424372589974488,0.34131475360162655,0.012540528485446815
575,0.34620449868926045,,0.3519107469543308,0.019953862366306266,0.35000147979312957,0.011650625072768338,0.3498863358534782,0.011686296844166494,0.33240610909077445,0.017839960710368603,0.3298067145826458,0.015542602567550507,0.35250044244397893,,0.38262591754032527,0.024004956856671478,0.36081624790776906,0.012963096688749742,0.35634256511052126,0.012397766798217828,0.3471677102907124,0.03919191413860653,0.34860776204839333,0.03336614146235733,0.3257391062724122,,0.33204431589128525,0.014716689388074487,0.34005653619453224,0.011113291122638768,0.3429818482928347,0.010937413668827448,0.3443118673138761,0.012953742178605572,0.3346567538626328,0.012215545348303346
576,0.3312745448723454,,0.3451967872393502,0.0210640413287613,0.33228306519931367,0.010590823322281525,0.33220749629141955,0.010575658645455455,0.34683062075976173,0.015265939526620193,0.33910756325723557,0.012180840328786057,0.33878639641029995,,0.33204265918429926,0.014053873109178569,0.34068646339376407,0.0112391613757859,0.34046632404618016,0.01121518637424776,0.3810984997548908,0.02764222182832396,0.3411683988996957,0.012718183960482516,0.3110977746400639,,0.32650098182933734,0.014647858058706439,0.3272975344673313,0.010774021725210588,0.3292984547940308,0.010450243229989067,0.3599825308988831,0.022307206848410636,0.3361758596727246,0.01093119175771851
577,0.32868991832207795,,0.33698548103313747,0.01770961925549243,0.3293061908458303,0.012749258635396324,0.3293121101125604,0.012745301784855115,0.3325378656411932,0.013724509439705929,0.3350677495794197,0.014084054379304004,0.33882275255409333,,0.32842350532745246,0.012880316458999076,0.3387142734053258,0.010678730840776232,0.3387215947758914,0.010679078880073706,0.3432922485825477,0.013528940883139563,0.34173046105484595,0.012935576065026697,0.29773481502416793,,0.33092211322211157,0.01533318548210576,0.3287803199376049,0.011878256623077853,0.3315025485807665,0.010733640251635377,0.3484013684773891,0.0241032302415331,0.3299584784430539,0.011190264611720074
578,0.32702083670401694,,0.3334228870031163,0.018086746690650784,0.3300354305061304,0.009825160907090564,0.3306426881292345,0.009815548246729061,0.33440940289654864,0.010379167211794656,0.3312809812893185,0.01001898619127207,0.33337218442082556,,0.34985984747969595,0.024112217825862724,0.33494358379890693,0.013764471833295211,0.3339982037532784,0.013687163141418247,0.3194201853597793,0.018149724118993647,0.3239643900959142,0.017316624402927708,0.313741638565712,,0.3238589546984443,0.01476637756678814,0.3285923986708157,0.009870878875481996,0.3331087168484152,0.009683758048543727,0.32613940133418046,0.010441495562518718,0.32800325345446835,0.010373786271682253
579,0.34713641088810754,,0.33622716661954133,0.016805224703052592,0.3445384046983094,0.011319768774906189,0.3449271265217848,0.011074385435705035,0.32602629245149545,0.025154858653178302,0.344387596287763,0.013831044490204078,0.34889905764517,,0.33989065230842025,0.017049750981132927,0.35791708350004925,0.014825767707646018,0.3545446564364394,0.013982833094708389,0.35821809016220946,0.043792527520551315,0.3465937495948742,0.023177506018109327,0.32735679606642515,,0.33801450291164725,0.015202049499999079,0.3445998123920978,0.011542644819345789,0.3461531717789284,0.010803089865698142,0.3616875349927004,0.03396633897391577,0.3452244373037345,0.013232704790287327
580,0.35205363481367324,,0.3396435122154915,0.01451704226321274,0.3508957659204625,0.011351012296437014,0.35100313656245513,0.011301723331587564,0.3481015673695299,0.01136748349761316,0.3467504454084386,0.010010953407983051,0.3529679588938903,,0.34099605434527014,0.01343116630919467,0.3538139344484213,0.01094441053791371,0.35375402703443554,0.010939292978521083,0.35615039190892805,0.012542765685909889,0.3538776293377485,0.012493915111379579,0.33422209101866096,,0.34075523323461415,0.013726776418375112,0.34857180042398733,0.010306696438523107,0.35079675000061494,0.01014897932502041,0.3477649978766323,0.01105941398368525,0.34794103270266713,0.010464804307912927
581,0.33864510144453797,,0.34028471407789673,0.015235416880958258,0.3400051304027212,0.013461917866108163,0.33981211645107345,0.013344548492906068,0.336792462802418,0.01425451335532012,0.33288924914205426,0.01474616395416166,0.3426284228171291,,0.3633766097699861,0.02443931160395184,0.35986703448818963,0.021994355781221005,0.34813632564228814,0.01731551417550487,0.3593257021366829,0.02786082172480207,0.3428553251066986,0.017062478293811648,0.3199837562722288,,0.33521961141384093,0.013750381032934125,0.3377634988758119,0.011857509841147475,0.3387836211903724,0.011112974274823816,0.33752745635389286,0.012378841392423906,0.3332455113342076,0.011652437602658543
582,0.3379036959410646,,0.35093687691406866,0.016871504205179782,0.3431195432484265,0.010075211287681372,0.34310622051366735,0.009960300216474354,0.34613713310657324,0.011543256607149529,0.3438294753395374,0.010933576186844065,0.3474066424962947,,0.36303311365304824,0.018788596803335663,0.3574748935897316,0.014382080746532955,0.3530319149858315,0.013688738437091032,0.38276274830223544,0.0342025387219059,0.35437509493064,0.03059364410932902,0.3263197021100448,,0.3364403695213619,0.013864261840531682,0.33923638053013033,0.010284739900443929,0.34090565160399555,0.010066055610865775,0.3540583820635965,0.016080365036464372,0.3509030168009328,0.013022169682663799
583,0.33888587677789334,,0.3292315103884254,0.017986488980594417,0.3369713771815884,0.010295813641885476,0.33644906239928224,0.010286808568784844,0.32930893178207826,0.01211861340708585,0.32965176371801663,0.012965296956016736,0.3465164798327107,,0.3358582347115091,0.014776789451052428,0.3461971263445278,0.01165429062517939,0.3462333822751929,0.011654400099730464,0.356391351208076,0.024819033897408433,0.34821370488875647,0.02284993888704591,0.3196296905630186,,0.3350104831691648,0.019621424344040298,0.33364315815513274,0.010935195573024472,0.3390620595203736,0.009928618732914455,0.3304466086092774,0.011773424135910877,0.3317882907424224,0.011002640498440632
584,0.35097700726903713,,0.34178164622520685,0.016177636630224545,0.35132396693479107,0.010003313913008705,0.351398650478154,0.010000611089597041,0.3500399295244667,0.012575162540602328,0.34682531420211443,0.012180188980382383,0.3605241813909527,,0.3455339394619889,0.013203648335914062,0.3615520419596741,0.011088594560887921,0.3614413928699628,0.011083689736892572,0.44001022121878547,0.043901878522669045,0.35190541333713515,0.02287796272244015,0.33735940145476234,,0.3563742118266637,0.02040108307586245,0.35396298651435054,0.010834398994877422,0.3562081015808553,0.00989554886486357,0.35583794589162987,0.012408263655895351,0.35212607202461466,0.010403684317473925
585,0.3379191083981123,,0.3218397200379174,0.01354315295599516,0.3358386035286967,0.011515348598296558,0.33493922539406246,0.011467339721563484,0.34155315166444,0.012969200797789274,0.3424346617366865,0.012637039672442734,0.3494415584426603,,0.33111270865831516,0.013510562971376422,0.3501100778283399,0.011663761542746448,0.35004347285537346,0.011658292325845306,0.3515488822957483,0.013078506824480644,0.3496014205767592,0.012629304972985159,0.3228874660203547,,0.3162041651524702,0.012800033362823952,0.32868203911263594,0.012721873114547252,0.33173978358904727,0.013402685863010484,0.3423982912851376,0.011214009010457814,0.3485287143877963,0.010732086398786568
586,0.3469571116236213,,0.3432207445410225,0.013661436790151445,0.34857806088235793,0.010845337683609417,0.34864062158798514,0.01080899398431368,0.3545986531881919,0.012707700586140307,0.34891395113087653,0.010552236362561423,0.3571473285105312,,0.34773778507350356,0.012781735485046058,0.35752476069435807,0.010794060530571718,0.35750013912265594,0.010792826411710355,0.3568106822404728,0.012209982084078594,0.36087360345492847,0.012650867905147281,0.3369802679670857,,0.34507727849144154,0.013806537856107708,0.35120663401024454,0.011387137635935324,0.3523934093751576,0.010741515169147618,0.3511111804193281,0.013346915424912334,0.3474463639809166,0.010730771900775725
587,0.3273180706407186,,0.3253584812895349,0.018235698663322662,0.3326570211609757,0.010815705075041098,0.331942414722326,0.011062799347459323,0.3761123264483843,0.039507623374093345,0.32275195625946407,0.026690196175183527,0.33373210827571315,,0.31315202405608905,0.017515171522753063,0.33385610836296625,0.016422538823410465,0.33380224212634174,0.01642768255145962,0.40677012837807086,0.05551556609005916,0.3373325219269384,0.04062100898703818,0.30951249238276146,,0.3226244465538697,0.014622084162677886,0.3284592186575331,0.01086684823529367,0.33517485671152947,0.010103273284153575,0.3374888908987691,0.033664118604469016,0.3222448515653748,0.036576016993363866
588,0.3462809839487891,,0.3265823895994367,0.012616875553626604,0.3449435329929106,0.011263006371707327,0.34468632514636904,0.01124713832955133,0.31859961940521203,0.015709449283950946,0.3272585259889168,0.013887460140188379,0.35076282659206404,,0.3445334658583,0.013581012401268484,0.3537063394276967,0.011836195381753232,0.35338091122481957,0.011791876503650676,0.33385658760771303,0.015115506995744783,0.33801587478451717,0.013649551281829972,0.32991677404118636,,0.32340053721012185,0.011252147750030092,0.3364851402012318,0.009916183741568114,0.3394355566502012,0.00992069569983386,0.3128118692027193,0.02327955492704132,0.3366855379107618,0.012329804624197326
589,0.35926898760176235,,0.35819812496567216,0.01819113352261812,0.3577923897299548,0.011872912252463848,0.3574542651334806,0.011887865178811085,0.36020496775525856,0.012130325001692463,0.3600790903500051,0.012571844921008359,0.3750933557414372,,0.35699094125038006,0.013472374668803253,0.37239450057003143,0.011795255204717293,0.372482462414874,0.01179751960832813,0.3692267681076045,0.012895972073446994,0.36986167671744274,0.012545262179216624,0.34824620145070373,,0.35287479501405045,0.016763368375613718,0.35270255227033676,0.013595953364634802,0.35526446625449143,0.01386137499880717,0.3582051766974138,0.011562581509365859,0.3619614049055314,0.01117507793179387
590,0.34689181093353194,,0.35733241540338057,0.02062643293563499,0.35183554733063466,0.011649466189851491,0.3518244044621945,0.011358350165207679,0.36719288290175117,0.016395186093987192,0.33431800258219385,0.022741408990594555,0.3542408781225841,,0.35432108607142715,0.024279150910927885,0.343095608154018,0.026981838666665807,0.3513877080738319,0.026216335573899158,0.3417230455356276,0.048708875371449516,0.35029252381632703,0.03197166546309428,0.3311351016225448,,0.34699291275811145,0.017414089351335493,0.34675220548856656,0.010977858800529065,0.3505080700190159,0.01041181683193081,0.3476472565653094,0.03220175534186784,0.37407867707305253,0.03241874923063327
591,0.32716252510790206,,0.3232185290050765,0.01302713661224421,0.33239351678335416,0.010286261886758706,0.33395820139887245,0.010323694375084314,0.3288261604934399,0.011043020390248293,0.3293558880668518,0.011026868976747671,0.34000384896510333,,0.3388689419303099,0.014372224305338811,0.33907787226804853,0.012474713505155204,0.3391907210263286,0.01247615423228127,0.3229166972259019,0.01772758899367635,0.32821320253734015,0.017624193510492343,0.3219530144090823,,0.32829379632339983,0.014552245200534934,0.33366925337800873,0.011125355558991737,0.33449468065905313,0.011962780912788974,0.3291444720931473,0.010551203473282767,0.33018995744421153,0.0104139696333585
592,0.35152582982590047,,0.34091636112893364,0.014770745419603491,0.34912901598285045,0.009899345715774974,0.3487766652428571,0.0098906845137465,0.35933084146573857,0.016458596687247563,0.3517897641879116,0.01017469591709169,0.3574575530063254,,0.3559322607207962,0.014715422322010823,0.3630952031468532,0.011353777533730987,0.3617971239488996,0.011181506735556686,0.3549297101135174,0.012794728565427018,0.3536718353890991,0.012854218242930975,0.33328394967444325,,0.34715446969896563,0.01598105979515916,0.34868997102716653,0.010912577026717135,0.3511623101193895,0.00981520905826382,0.3509823416262985,0.014100003988019038,0.34725892613973336,0.010750211940883792
593,0.34033949223534193,,0.3149909945826342,0.012943865573000408,0.34031459109931866,0.009811368787704246,0.34030665940163984,0.009811400065279875,0.3373558727856586,0.011209233206626045,0.3303014085849693,0.011178388243170998,0.3449402112393626,,0.3321684310379326,0.014425434013104178,0.3452262326851336,0.011572964316247622,0.345168735607331,0.011571178812737464,0.33239609510134,0.06380990125006074,0.328008126318854,0.031081629782156957,0.32328383156086904,,0.32575871158042324,0.015001741774231187,0.3376392957609644,0.010097730333605665,0.342515154733162,0.009885214748870915,0.33535979596858717,0.013103016428922597,0.3192114369815378,0.011251377324609577
594,0.3341750463467238,,0.3346320312185891,0.02005894738423504,0.33559517750511514,0.012604543258367436,0.33521943927038056,0.01256304519664976,0.31060250415773827,0.020827345720728044,0.35689873164378544,0.02082276253611829,0.3364262341038395,,0.3447469685542996,0.01810521952949444,0.3423838967303725,0.013815901735414303,0.3400457194258825,0.01350375255759744,0.24875898526977627,0.05344466884915427,0.32865116304511344,0.044137915913068676,0.3156182787854923,,0.3255253070244517,0.015675728932280576,0.33039040508239065,0.011162615349571869,0.33129959392287467,0.010895947579935868,0.3214332648497722,0.013285354477401944,0.3269816248802802,0.015100149918234386
595,0.3475899457339906,,0.35068329078094646,0.01619064003658508,0.34135623976847423,0.013291980481151782,0.34107392723805763,0.013191119437925149,0.42644435075739073,0.04493932042799282,0.35263868650150054,0.014995975074790543,0.35721149837897853,,0.39359876958795376,0.024843125423033022,0.3595872072462662,0.01766909539655715,0.3581462148580336,0.017712087284392403,0.4860290427716257,0.07720341589847089,0.36251176935255863,0.03346522220819372,0.3315995322667936,,0.34366308458707856,0.01322954776546739,0.34279350748375137,0.011053674106230446,0.34505425585399013,0.01103661976167869,0.5212456869520423,0.07854907352140808,0.35096516843959435,0.01462314236537267
596,0.35486692061963065,,0.35126163253186193,0.016593849566860348,0.3480119772642685,0.012186621686634118,0.3493434262855611,0.011187707020195555,0.34669772388639314,0.011827987426261427,0.35145975838535437,0.011931312342606352,0.3589585851933946,,0.3716200773807697,0.018839630391829766,0.3650404633976544,0.013952793498347719,0.3620639158279231,0.013783643022764195,0.3364627519663212,0.0211938229265884,0.35652676777664466,0.019590802329739563,0.33304007988207923,,0.3429343079392776,0.013861236893269801,0.3484534057041552,0.010351074073347023,0.3513983680430558,0.010111892437245633,0.34848663875989117,0.01113559954944147,0.3476020865993849,0.010680683741959062
597,0.3641854970354948,,0.3728280763796156,0.024565251817433287,0.36746994822032986,0.010354838106627308,0.3676587686811662,0.010241080990569189,0.3690402441247614,0.011661942175797439,0.36658179332830637,0.011413302749308787,0.3740387198239999,,0.38165031217947265,0.017284292372949428,0.3774014593625157,0.012704575599339234,0.3761749380129789,0.012599450216349443,0.3651850670212451,0.046536651063943724,0.3648519526540606,0.03069875585297329,0.34429545454149957,,0.35624864617578234,0.015395075646789094,0.362361387856867,0.010342871086130278,0.3714472506550613,0.009930136118501404,0.35764370071627793,0.014001489608579618,0.36084057541897013,0.014831668142805256
598,0.3642120903653872,,0.348771161184091,0.012961529100354464,0.3618786719527101,0.010619246366956585,0.3613846850638511,0.010600946505042595,0.329603129263412,0.020631268014839384,0.3293329114283623,0.023194715164462244,0.3737363459463137,,0.3590311493765278,0.01301897657480345,0.37298672913060654,0.01119657575037977,0.3730335061974504,0.011197658295195992,0.25586156580698843,0.05581711745168858,0.35950044543840265,0.056382552498564935,0.34847283514707217,,0.3548306671502939,0.014878113402402108,0.36256348568919156,0.0106613013249153,0.3656459194534541,0.01016399381224173,0.35974544377532847,0.015359549230809285,0.3418325490709491,0.01435167656293672
599,0.340429138654838,,0.3410745688147442,0.01802715726919226,0.34287659083089783,0.010668424648165713,0.34266770270304264,0.010683910851168592,0.3063110115492066,0.03728850738468706,0.3331834499171615,0.015944004388729425,0.3507526490081293,,0.3440446306225393,0.015814869076542008,0.3534086002493193,0.013055320404139622,0.35259086204065077,0.01300430572056631,0.30393703481538076,0.04275948550644279,0.3413276335794999,0.042424582209056566,0.32671461926629014,,0.33598390544670015,0.015470408558142875,0.3422276007971397,0.010724904646645505,0.3447503310893994,0.010223992489756811,0.348244825162463,0.016782594123658203,0.3381629937255429,0.012674298835691973
600,0.34694829539877153,,0.3508444754190933,0.01682788004827653,0.34916339752742637,0.011116246467723955,0.3494093212147585,0.010979174706372429,0.33099220324549333,0.020271207598524243,0.27782086099861014,0.037585970739441366,0.3569772605982749,,0.37998092388047094,0.022182411364391773,0.3695588245522128,0.01681464403071093,0.363280276964277,0.015449959054001677,0.2839326773533446,0.06055500180402951,0.37251073626225706,0.03480547190371867,0.33009909795103015,,0.3434973789515929,0.015019091251194093,0.34526770075036695,0.01107612853500145,0.3552259575346916,0.010306041687535105,0.29622396356529496,0.034605558527071534,0.3469731237886875,0.01884563412043428
601,0.34567425444639654,,0.3320949511403969,0.014700381312266092,0.33818574915266214,0.011922170344204262,0.3369591367034907,0.011742954786572498,0.34565923800029424,0.018413845692908246,0.3388877963065121,0.013778278325971201,0.3532108305030346,,0.35175908089177466,0.01541286090169096,0.358664446780506,0.012142861726740528,0.35758399798315615,0.012000681781692184,0.36158067097562396,0.024695529042104657,0.36134255951562977,0.021728010182205566,0.323063509409597,,0.33879476246313134,0.015582468601995025,0.3391014140933699,0.011846232858692714,0.341580073251933,0.011286242996019059,0.3538466287377057,0.016435085453146772,0.34551298515504003,0.012449530756189826
602,0.3252239796108818,,0.3209020062699741,0.01575208868634992,0.32345084657603934,0.013513408119345616,0.32338409089837944,0.01345692073524491,0.32444956861357244,0.01584667306248113,0.3248581031672443,0.013905679327109307,0.3343093606772117,,0.3352870009760758,0.016168923860155688,0.3396790506381015,0.012014337136715509,0.33874408581368953,0.011853443336925716,0.3632699210022812,0.025718691723410462,0.3358653918414055,0.01740859829942293,0.30682350147981624,,0.31993305117311494,0.015028025632226773,0.32081680078376634,0.012758080587646131,0.3217954526077411,0.013778866610192597,0.32086118573051603,0.01241044332388622,0.3197992310518987,0.011903976227163755
603,0.3364825423559553,,0.3562161603635528,0.021531737819755623,0.33162841583671676,0.011651769545230598,0.3321502142633377,0.01171562487010945,0.32563582945703395,0.01608242705475233,0.3366127778351221,0.018331504389264005,0.347691844277057,,0.3387404401293632,0.014163038108759877,0.34732107939303875,0.012246371777563445,0.34737777123141406,0.012247593656670868,0.38404668725052016,0.05127121491520637,0.3292077794955042,0.02276775516978993,0.3178270273752776,,0.3412500034202998,0.017123822550481897,0.3325996563713762,0.01177007786640943,0.3320733371176575,0.011220524931053369,0.34327396479472294,0.019746168807369638,0.3336776073941876,0.016000407135298263
604,0.32431342663505425,,0.36515384598731415,0.026850192464216723,0.3375856362120708,0.012574318893369366,0.3318546267785904,0.011384830346010587,0.34598685792225325,0.027608141006172485,0.32817361323748895,0.016763584292928194,0.325772126520456,,0.32631906260240595,0.03147767616737116,0.33012196122172044,0.027208811586405875,0.32715179446095194,0.026744920094817545,0.32506531868995675,0.04020819796835152,0.32559958846517834,0.014443381530499637,0.3086949263348349,,0.32162963077912254,0.01496953700668633,0.3258347453749345,0.011803568740146451,0.3288148748527373,0.010886646553165973,0.33260720919643655,0.01576137464643143,0.32647837690571185,0.011321600200952582
605,0.34175531488338756,,0.33291267830682425,0.015145983996882363,0.33771916227177995,0.012364176367886521,0.3367046575748432,0.012256813387852951,0.25936492134765987,0.04226086821005003,0.30817394171388035,0.016868106986926836,0.3499334646167894,,0.3374803346537562,0.013350054363520415,0.35090412365253065,0.012040716442991132,0.3507734800959285,0.012035742783354812,0.1305631998960962,0.08726982158237567,0.3551276125575376,0.04184971172537104,0.3292485167619619,,0.33103954527343243,0.01563503717193578,0.33539975036809483,0.012365381286872654,0.33888498706562054,0.012627658998613645,0.3056138941038343,0.020164403328748484,0.3165746114562718,0.012298453239988258
606,0.35807510423678546,,0.3537270536421012,0.01545245420812714,0.35168969070511497,0.012251941956327913,0.3502799133059014,0.012259930361780427,0.3464166407524311,0.01435909754448486,0.3407708496934558,0.014239835599192039,0.36562929436094804,,0.38562671574986224,0.03390344362021986,0.38571680448949247,0.03327350119820072,0.36873823624442215,0.03027935928864537,0.3478090261601274,0.06134256600871746,0.35947580272428786,0.026494096361638707,0.3370065318089043,,0.34471265580825083,0.013851577298997603,0.34459659729574077,0.014181437166263796,0.3462212955177635,0.014920217194674906,0.34804702690938516,0.012686295832095632,0.3512483658958428,0.011630504349367354
607,0.34855896668451103,,0.3346248738787771,0.013941259932231519,0.3444245910619638,0.012279868523374564,0.3416899541723182,0.012191486488231146,0.3054944934380337,0.03795329243953884,0.3398671751058332,0.03130447431361308,0.36232870322102995,,0.35278134795898014,0.01717820208052409,0.36755542595145585,0.014805853409398802,0.36601029468368595,0.01454125466063374,0.3148201998042523,0.06316797714516595,0.372829705008409,0.05430415748842076,0.3313400105950808,,0.33896220979173036,0.015379170479659142,0.3404603720624535,0.014531331431954652,0.34813225293530187,0.015364812576320146,0.32509549678425576,0.02212462282354983,0.35459441468552844,0.01963850811285117
608,0.3500532460006509,,0.325872627614084,0.012973275559196399,0.34897698780042596,0.01059078562795102,0.3486572974006762,0.01056658543156558,0.3455939941705671,0.012075461045617547,0.3406007075438561,0.012084492298629698,0.35740215688463967,,0.35995700759412413,0.019746846392490677,0.3556274019865691,0.016463347612415122,0.3564467507528923,0.0163856326733231,0.3261206899749338,0.035952537807139244,0.3467567287409439,0.030403890580138173,0.3286704514610719,,0.3376426120050486,0.01690626685031685,0.34088927748364894,0.011330200640743337,0.3472050175521223,0.011126747584785466,0.32901454176428224,0.013747938999289529,0.33761111706650687,0.011643237081048518
609,0.3287974288532462,,0.326015023500845,0.016320577066859576,0.3276670370721539,0.012179430498918958,0.3276063065314305,0.012193845729051968,0.32429991005339387,0.013370563227028924,0.3199918763238143,0.012804577842884236,0.3364897511817334,,0.3387720867291372,0.016162041473864904,0.34145673587365444,0.012944838731539121,0.33992995871819237,0.012745756095972297,0.3499181263265464,0.016014259237123334,0.3374699994067365,0.012488453173866014,0.3106810386519894,,0.32712799045067387,0.01625952620009771,0.327045123541687,0.011975667771365054,0.32834110901752106,0.011177504174355866,0.34066557400909553,0.016431749295332514,0.3266842662022132,0.011714655564515394
610,0.3418108416501516,,0.33695090830238755,0.015612691549842872,0.3388966850002655,0.010268111819002739,0.33854437120526015,0.010245623405044407,0.33894100819630385,0.011631796735681398,0.33905526235609185,0.010587833900438168,0.3474565159655865,,0.3684380000260296,0.02014303203573987,0.3663414885766013,0.015619463037786628,0.35649937103654095,0.013120166926420049,0.4487105340772783,0.056189950848803995,0.35498224508726145,0.016360258329424286,0.32442913753552804,,0.3405227903309398,0.01586794252372283,0.3414994825454666,0.010591124741905917,0.3443145258155738,0.009897619353548319,0.3436548725509478,0.012401190662334043,0.3459059326325469,0.010988228223056484
611,0.3337895047160134,,0.3226179880530734,0.017528509639533146,0.33407923041549853,0.010708129106262,0.3340595758151583,0.010693627684787804,0.3654399329500102,0.03322358989705109,0.33967727169911566,0.012645799046261947,0.3381267727790877,,0.3606587855717169,0.021056739298055068,0.3440748013887498,0.013371513734688721,0.34204677073130235,0.013208735298818953,0.3608771508862358,0.026093914279522252,0.34588209395446073,0.018570980933197763,0.3075581948222587,,0.32138311511371914,0.013792947562475203,0.32786694470306776,0.010798003929102728,0.3347356844151217,0.010264016755591753,0.35995876720895154,0.030106461656563617,0.33705537030082156,0.011670501732705034
612,0.3313806361532202,,0.3262508834281353,0.01915433722588421,0.3270744612249816,0.01136938994007905,0.3280335196248642,0.011142534000010149,0.30278383627086625,0.03505847560986155,0.33108893559132047,0.013739155237556129,0.3393381610423857,,0.34168427716979866,0.016048643834492386,0.3428671769395803,0.013762386199856487,0.34162157502353374,0.013771387390458438,0.3418708471258685,0.04154688194373106,0.33272616599384763,0.019097836894194215,0.31535379109568223,,0.32443725849918736,0.015026134582507676,0.3284793670787807,0.010780891607426615,0.33005277199845384,0.01032929796661404,0.32450254483589164,0.02283008316110073,0.32516121355497285,0.021596702547822033
613,0.3563740777221178,,0.3551325543256993,0.019445933273765568,0.3603857427569177,0.010580135268941126,0.3602356257439031,0.010501022337646581,0.355636071226765,0.014662749782325256,0.3433194363535061,0.026479483255351117,0.3657075008282344,,0.34900108799740315,0.013646203266992023,0.36509550476290337,0.01156054709720999,0.36511930653761615,0.011561117587799997,0.3162541720876574,0.04405495294711913,0.3619369607178273,0.018210026627042603,0.3364118744698682,,0.3476105691092111,0.018025571205312105,0.35220996040172453,0.011197967693520335,0.3559704070782874,0.010866692738132447,0.3476954173196731,0.017951019094387653,0.34689624158961724,0.014343218816087439
614,0.3439793214418799,,0.3284870506836404,0.013972473202599318,0.3441973900252539,0.010179535334431779,0.3442168388258274,0.010182674224058552,0.3416426634694553,0.011496405461012297,0.34054349152175384,0.010859996348791843,0.34809765424428407,,0.3345281498981163,0.01340812983063711,0.34713644308922487,0.011385340787575162,0.3471778434144415,0.011381593662248167,0.32861903437621476,0.028298017204399204,0.34232796352606176,0.02546557019330106,0.3227302785895093,,0.3372632309665405,0.015306764476721241,0.34218116389865616,0.011095843770060072,0.34489377529028603,0.01044191540083019,0.33611516485941956,0.012027638033277471,0.3382143815124223,0.0114118279725684
615,0.35142021486661434,,0.3447217741006354,0.01577732849873501,0.35375727203056007,0.010185720312331864,0.3538583687899273,0.010175446760376988,0.3534581478690966,0.011500726635528338,0.3497607850198569,0.011704349574830335,0.3549110230220248,,0.3502397662345963,0.01536087379207631,0.35775292892493343,0.011200958130424748,0.35709524283716987,0.011138382968373097,0.34671151616803103,0.020913762915623347,0.3510862402411052,0.019976442408209276,0.33294003617094947,,0.35220667798870803,0.019915642728666506,0.3549956709058714,0.012303818081134872,0.35374561497200746,0.010186522383152388,0.3466758457803577,0.012589148541009412,0.3396918891437466,0.011607729716297522
616,0.35479995505527956,,0.35612326100650044,0.016211776492432967,0.3558626404767654,0.011704712840576247,0.35583244975260814,0.011652250807785222,0.3604163083154842,0.012792908304306317,0.3527371703406193,0.013672863125728778,0.3607342922772847,,0.39015987448930406,0.02915629382905723,0.38697133393366123,0.02817640519751752,0.3673022070060466,0.023422050670110335,0.4162412906803631,0.04488751659911749,0.37582580033973234,0.021704072115755303,0.34100317550496656,,0.3456423168763856,0.012627952009626991,0.34969396495727034,0.010679330852977193,0.3512171654243176,0.010598135484401989,0.3749584985963602,0.020433997648971778,0.3573747228657516,0.01132133210590698
617,0.35393749785027845,,0.3677578280811831,0.019925978444865617,0.3490026401266622,0.011225489172141395,0.3491739030107973,0.011185302161214999,0.34469047625365373,0.013613827439355174,0.34943714707954965,0.014428247551746655,0.36096093799404994,,0.3688175867118446,0.019822225895890756,0.3624988523749403,0.020864825981898344,0.36166655931654496,0.020893943056685543,0.3822213136101853,0.048565549938195264,0.3685368984771408,0.03408699988038193,0.33328311946324335,,0.34715056943238853,0.014666755578921994,0.34759303683147974,0.010955199992090115,0.3491927672217241,0.010782100736437589,0.35181514710854367,0.014038743540434152,0.35228018127805927,0.012591126533092968
618,0.3538138304619121,,0.3701564790840016,0.018675554198891626,0.35745175707352633,0.01047872036552882,0.3576001843425826,0.010441292764856284,0.3673155704439784,0.013415728116442404,0.35669216360658146,0.011242415891862974,0.362986398928094,,0.3564932529519597,0.016967861305865133,0.36294982477980414,0.015134266812119776,0.3629642230806127,0.015134843554615019,0.46462566942296407,0.050741650366178934,0.3612862233661528,0.029025334728608392,0.34173135151712813,,0.36309202539430413,0.015829936028719297,0.35664554587209024,0.01056715231798146,0.3583325906490515,0.010388090862353382,0.36260129642108513,0.01365426688261007,0.3506723536451538,0.017966472030972222
619,0.3387023541317448,,0.3290664120865999,0.016596541135635103,0.33961048782950604,0.01018269400406749,0.3396198519561432,0.010158241498445577,0.31020728791975943,0.02463875335905666,0.3203454917573118,0.014348665439090677,0.3432069185563503,,0.33597163969789084,0.015974071269507336,0.35100910011842423,0.012902398305721572,0.3495086123772124,0.012346565519726387,0.33725790738123357,0.02101965275527457,0.3474671854661239,0.01632588387420218,0.3200136215877737,,0.3273403273118689,0.013410978035235784,0.33446712869910433,0.010809759243874315,0.3411392091540093,0.010041451052142044,0.3210129368727244,0.016419688423250766,0.33025994097859024,0.013917412724901282
620,0.35266917705731604,,0.3499071225388248,0.01719465713851894,0.3517519063350445,0.010095183006741192,0.3515968982772681,0.01008916995935629,0.3555849786577858,0.011186172228435728,0.3597565211551455,0.011351319411440913,0.3601004688279658,,0.359285079537934,0.01892441483326006,0.3636926435849514,0.016602029966904557,0.36178423276604554,0.016552482158162834,0.48479221654621035,0.06559922411163167,0.35613803303687536,0.027943319314682823,0.3362491911217567,,0.34831597492329375,0.016173247789542034,0.3507798233234768,0.010618349376769694,0.35381735646896234,0.010220484884251256,0.3997792155745298,0.037919859911415915,0.35372382448610656,0.016027793604297125
621,0.3549444605521423,,0.3395661782286073,0.014124088720941777,0.35824078516958185,0.011442086382803333,0.3579534618979207,0.011242971444839545,0.3552429079206167,0.015736612369672248,0.35600505259390863,0.014544655282341912,0.3614463742158047,,0.3658221828554684,0.019270076586528937,0.36846852200133356,0.013855810393146727,0.3648379177003394,0.013447723754295086,0.3613512963983859,0.03336343225060002,0.3654216694570304,0.03175509142017424,0.33393227917522944,,0.3450833278153025,0.014795704838009459,0.3513275755000259,0.011196223187752754,0.3549863005131148,0.011329921545545718,0.36741689067366495,0.01730732913048917,0.3580455987093854,0.013227336083148562
622,0.3336485953765164,,0.33906512966791175,0.0150307223396636,0.33983777692870226,0.011500711181337697,0.33975718621431733,0.01126663944962418,0.33766647751530665,0.01214676942865227,0.3409836248747278,0.012381032136890532,0.3428283512018626,,0.33407503961405516,0.013078018445779344,0.34372248859551435,0.011051507550278724,0.3436815172966229,0.01104838285339975,0.33181060967979364,0.019962257840587513,0.34727930715219374,0.02124629355911924,0.3207105616486281,,0.32556356637829426,0.013232921211996929,0.3347479356941455,0.010623888938942127,0.33780955718682076,0.010260338527229263,0.3350315187312487,0.012452868540587116,0.3370112453051997,0.011858230746183154
623,0.3406730532749899,,0.338137768694421,0.013972967215870744,0.34288563954616547,0.010284651010097488,0.3432427848836898,0.010291234115891945,0.32816353164204315,0.019899158741446068,0.33107784396572665,0.02047612244182168,0.3486638298412213,,0.364570728592334,0.01862167842816209,0.35168706726772975,0.013111998647922245,0.35058231268519247,0.013048975108214431,0.33333736693763955,0.021955514819620724,0.3403292127022776,0.0229310543388219,0.3289533806546473,,0.3505509866338958,0.019564810597416545,0.34388850197121185,0.010556996164329542,0.3456743823870248,0.010097205360550332,0.3448291480135099,0.013167211848349864,0.33715974956391004,0.01339983066383315
624,0.33590200605363907,,0.34698923367392104,0.02362099438026055,0.3417034736645044,0.013128185512743461,0.33956821376902624,0.012040347977708556,0.33689280436298014,0.013976518253857201,0.3247782165554192,0.011831003455407234,0.34421295858875783,,0.35756983772426204,0.02026759122448174,0.3534210583173924,0.012287695736679455,0.34942004984880676,0.011590334111622854,0.29784901617387455,0.05009090860828137,0.34906323342284473,0.03040080447204131,0.3159090722874946,,0.33820471996757995,0.01982863030820773,0.3359268750492218,0.01197269214965844,0.33670817447068735,0.010560828409655889,0.3304381697637424,0.011510717122680533,0.327902283430949,0.010615829937237824
625,0.32684878089622893,,0.3113131406199689,0.011787105037067867,0.3252599260804919,0.010270969798270715,0.32295939410218244,0.01026968732315461,0.3079938453085665,0.019139503612821903,0.32073323491433453,0.011665167504860113,0.3448838182205879,,0.3258321197135676,0.012884355348983226,0.3439097926009722,0.011807246230460691,0.3437762055288401,0.01180385940211949,0.42676925581369013,0.05571782199027384,0.31725379561967565,0.013095054909958713,0.3131408218587124,,0.3150197014798818,0.012153949515265971,0.3212625569216845,0.010301405095918797,0.33867087629103876,0.01003247891834191,0.3260977182441147,0.013800291403589113,0.32354984919143864,0.011146541539943964
626,0.34538143356290335,,0.3454976784566928,0.013985029814972474,0.3453211290602664,0.012428772453106944,0.34530178151465696,0.012427482317241728,0.3461033669698651,0.012477049311231227,0.3460433588235148,0.012902074067690035,0.3556282959231503,,0.3592376166131348,0.01621701321901459,0.35665371173673593,0.01300189795601098,0.3564065205327341,0.012984646921837385,0.35200378445877545,0.015777472998691287,0.34976099543762,0.014836168366748892,0.33503490563922633,,0.33241086454825974,0.01658707396242914,0.32898447979201856,0.021712912349607257,0.33163761493711424,0.018562243611058318,0.33034345419179856,0.018648065661796845,0.335869944793433,0.01327440929249599
627,0.35326083051094753,,0.34886018885790687,0.019254490430204056,0.35381086030457454,0.012017121458653232,0.35380856426280494,0.012001329098041589,0.3656984446111657,0.016945605621482993,0.3598891380362017,0.013228772916137107,0.3571251398763402,,0.3518013410851832,0.026034230083080222,0.3494624039084458,0.03265817290033793,0.3551290287315977,0.03136331864224068,0.40924584432625155,0.04255076870180516,0.3516039930843314,0.014608136828408455,0.3315164103999988,,0.35536300788753405,0.02304143661110376,0.35095742166150695,0.011909801602319896,0.3525479662201762,0.010294923590570203,0.37991032769723637,0.023572731599593374,0.35898710095114145,0.011352779852597378
628,0.3293239403876273,,0.3190754919057791,0.015246425647883683,0.33008448479574976,0.010453045535294279,0.33009219029229236,0.010472812017248567,0.3300693833501482,0.016854266280334467,0.32204536178182397,0.013560301481072887,0.3359277102938066,,0.3323236029184297,0.01752076178598062,0.34219559095962737,0.013504962447133324,0.33996396557716796,0.013157875395810115,0.29831213689929464,0.01840272167225284,0.31593041930180893,0.018587283107250257,0.30597579861373736,,0.31698089316404654,0.01383900462539273,0.32410760414601375,0.01055700143410013,0.3313761787038813,0.010130815663768892,0.32828237440558733,0.019644346378446812,0.3126333642621034,0.012789152489051443
629,0.3389900424571843,,0.3368729493591117,0.01753629624897543,0.3345337520366195,0.013454258239616794,0.3347274342899116,0.013539093134973344,0.35245497452768904,0.023091735784824062,0.33548511279757637,0.012494343410585973,0.3523994960787447,,0.3499472857664451,0.014857049528531837,0.3544843929268092,0.012197850058002892,0.3541044863994668,0.012156144681864175,0.35427500748972696,0.012824019045858621,0.3630151618582537,0.014694775656726429,0.32238456687664346,,0.32823109669093736,0.014154490351196558,0.3328893624869022,0.012095374209466284,0.3348532930721024,0.012043831554084086,0.3510995929178231,0.02563723900567595,0.3332614607757605,0.011710943419009981
630,0.3375029348388784,,0.33726841512951405,0.017164920283076965,0.33336489457391794,0.012745102734487824,0.3326023122385478,0.012753201952206123,0.3284150030379062,0.013601372059000699,0.3338132256119783,0.01397771837292936,0.35048301154463735,,0.35842918524004735,0.01796832076429168,0.3595871947158915,0.013863552224168149,0.35608238419699184,0.013412747527478824,0.4321401616297463,0.049947765101631,0.334985427060015,0.035933627754254814,0.3168198078719279,,0.32929413744441205,0.013442093103798238,0.3320868548091519,0.01067276343950132,0.33946800592363,0.010367522014238842,0.35858560085927654,0.020858529900115066,0.3279899731736936,0.015589364220863006
631,0.348054872854057,,0.3655152490449221,0.02600553803901586,0.3534599603840475,0.012281266775431687,0.351203282948088,0.01167794721416532,0.35220677743225964,0.015245628845673759,0.3489744917024188,0.01266505039172308,0.3502810197957361,,0.3609770710279557,0.023084060804337562,0.3478383184502086,0.026366718890649437,0.349426853138077,0.0263689803846088,0.37242309466064544,0.045720435503875514,0.36666007163523984,0.03662179104798949,0.331024329072305,,0.35065138513206473,0.01653153114899547,0.34977336642945817,0.011870425234295812,0.3496972707582926,0.011469344415689814,0.3479946588696307,0.012816427847290346,0.3491625372413547,0.01220806911245677
632,0.33548420210444296,,0.3185235197448311,0.013632202094433787,0.33389481808815524,0.010369402552203283,0.33328521902047437,0.010351041584843538,0.331122504470044,0.018071385845938346,0.3214537876871238,0.018459954526698165,0.3446465347912014,,0.3317627684747047,0.015042464236428516,0.3476739878851541,0.013278031787633536,0.34693899274362555,0.013228171872397715,0.34204194293386886,0.07603015625758174,0.333094737784948,0.052154874753705414,0.3154819431425956,,0.3153325566730449,0.013281217203220671,0.3265651815526607,0.010112146547042575,0.3359119480949544,0.00988829010855793,0.3186029675017158,0.018492146945059577,0.3274581405131681,0.014156389543402757
633,0.3570046450576198,,0.3491072572925877,0.016539135126532416,0.35749375508686404,0.010812105968771355,0.3574742725540299,0.010820596936152355,0.35507357321576655,0.012417597710800943,0.3494072444478475,0.01159188747250201,0.3612588897416014,,0.3533804535406045,0.01663337806999468,0.3621791725587636,0.014778163223739397,0.36187974717463595,0.014797083595883977,0.3451380564166615,0.02244881672395284,0.3651738185279747,0.020168501106763846,0.3315621523536417,,0.34778644216885096,0.014197941151735375,0.35331077391029353,0.011226037789903914,0.35904191492156434,0.010566570883605412,0.3664202246503677,0.017742243299247448,0.3545521236028285,0.011893500479178462
634,0.3391233764719807,,0.3313333069714682,0.014744493188690762,0.3373695368059978,0.010943322259261978,0.3372048665824422,0.010964296787472636,0.3431021076140848,0.011890143531079658,0.3443770406817247,0.012419875520891837,0.3481452093925488,,0.3515396185802235,0.01652611264636342,0.3493959327615051,0.015314443773485611,0.3489444521559171,0.015292406766466423,0.4001041021762062,0.037868322036176905,0.3492736648185966,0.022122582004601248,0.3248569788712262,,0.33455733263850923,0.013813163703314243,0.33717285258155527,0.01074822904340469,0.3400430232190305,0.010560834116809806,0.33581947884473423,0.012285367559835749,0.3404768593076374,0.01230759208183567
635,0.3544151631916629,,0.3324910420126436,0.01266419335693351,0.3501925776304129,0.01036704922503847,0.3499577295762063,0.010227809151483589,0.3293846042404662,0.020190293608978636,0.35063241024671743,0.011229190291299618,0.3576916727108845,,0.3451094567277699,0.01277864169447209,0.35973227815110903,0.011089292288368226,0.3596616062624029,0.011076918568263162,0.3760812953677388,0.03319805731748294,0.3657687429583663,0.031232443265081195,0.33592303425440395,,0.3372858710539436,0.01324582041324061,0.34554132335393106,0.010242922058503016,0.34868196840605387,0.01029162482418113,0.3428986462783963,0.012477268604163264,0.3488308856247248,0.011612281187083198
636,0.334542686490016,,0.32496683547592903,0.016779913796240532,0.33149735316022283,0.010370815006160872,0.331529493936375,0.010323671065938586,0.3344787825140777,0.014574969437949099,0.3361871642290474,0.013437918327037205,0.33861546774526996,,0.33627052268396096,0.016417011535020454,0.34249333740517024,0.013255609689903476,0.3410971182820349,0.013177170044757384,0.45986511215747367,0.0692577295018008,0.32807418317672127,0.04345599052870276,0.31399701088936977,,0.32335961008951425,0.0142911678959689,0.3308179074051665,0.010505293664887474,0.33555805468552075,0.010082591378981707,0.3631815783352397,0.023265689724063274,0.3276174268076599,0.01558387455415172
637,0.3241312823614165,,0.3264025171279249,0.015494258831789917,0.3236471961454635,0.010557668586574968,0.3235654315735089,0.010562687060296144,0.3205640841167737,0.013881695733847902,0.32556307836919096,0.014889677768003734,0.3414851347465913,,0.341220673773736,0.01663372823034906,0.3428159445463273,0.012746145442033872,0.3423821488038294,0.012718239486263792,0.3321334679606156,0.021333786707898237,0.33830815925389884,0.02259323825194524,0.3071442782533427,,0.3247603319537841,0.016156119179159222,0.32128435341616984,0.01257408392970268,0.3243569734311994,0.012131713577235487,0.3719800194247855,0.04027538585388938,0.3179475389331565,0.03212260165665813
638,0.33712963980908583,,0.34785911518622276,0.02144314075262406,0.33198364770644684,0.014629873408244896,0.3334785185096438,0.0144729020231715,0.32233460930063024,0.024486167588473034,0.2681168777334462,0.03918188126408499,0.3465416431190444,,0.3729708962711887,0.036109467683499305,0.3604522340150669,0.026042887353697038,0.3491732891258592,0.025627066633690153,0.40471589378805456,0.035419520474345975,0.3426355092039336,0.01750475319571703,0.31221106058740744,,0.3266421700759495,0.013764155916955767,0.3308102132670158,0.010788319940260882,0.33559316078676005,0.01058628496235094,0.36314742295707797,0.022248532175345958,0.3206206047472613,0.02157128782282623
639,0.31891817946583784,,0.3222426407892354,0.015692555221012257,0.3170871210167935,0.013839878314208668,0.3168835236123968,0.013713447033762984,0.3113315679909844,0.02847588864160472,0.3209413925898095,0.02141887421432339,0.3285220995758603,,0.3250860943583531,0.01607426209412001,0.3304651422054845,0.013535483022977525,0.3297690937213607,0.01351635203216943,0.3157735596285817,0.03909794668911793,0.32944776324220765,0.03585954866482463,0.3061707394464363,,0.3203362432637084,0.016574861096454358,0.3159923729740624,0.014697005278689302,0.31528462531153345,0.0165036342651483,0.3263279491251963,0.01854734532927477,0.3093081487592744,0.02187074534460861
640,0.33862884305919694,,0.3339896644389328,0.013435524377418084,0.33947806949984966,0.010673095838411617,0.3398379627005906,0.0106644373754665,0.340277190572491,0.013516881634330201,0.33729287619831305,0.013272218982514116,0.35198451894561456,,0.33874549093477696,0.013067090580072703,0.35019797281587994,0.011809645560308056,0.35026950084356456,0.011813898789942379,0.3404681283933835,0.014208012381110842,0.34195447439598825,0.0148840481360486,0.3261854856802915,,0.33811815656138194,0.0145070948563607,0.3397073563354598,0.01104031322081924,0.3469775849865894,0.010693576728845786,0.3463708598439254,0.01313582548785193,0.34174455344460497,0.013481046258107653
641,0.3498203455988146,,0.3331696897914407,0.014066646760313852,0.35225525392792983,0.010547759408259503,0.3526548292999634,0.010513443106427427,0.4675893787315172,0.06388886510530749,0.34083928051745355,0.027225708434726843,0.3548240601107248,,0.35144882461621835,0.01697182253080405,0.3582229291379686,0.01222586171378971,0.3570895348525839,0.01214013068799647,0.47932805279843976,0.0662129143572304,0.3440045684997407,0.04171679436376197,0.3360692301468173,,0.34491049049112393,0.017920754009023543,0.3487942339255331,0.010620348243415702,0.35203829728885544,0.010243795793975897,0.43458470565627083,0.05267478620962186,0.342236900356001,0.02698869959757121
642,0.3499033297684803,,0.34878282599008464,0.01751737539006639,0.34828053233509876,0.011119716207335942,0.34836298902933466,0.01115857327109866,0.34624105788687665,0.017187096383429346,0.3333732798071297,0.014539362714556513,0.3572055203245193,,0.36360867276681974,0.017200207909527535,0.3663828187646623,0.014169478286611779,0.36239358119162124,0.013562678437656784,0.3832777754280161,0.030974334830821904,0.3495286426423742,0.02585913289867252,0.3337668538774364,,0.3417296328456346,0.013138121621382044,0.34597297887750167,0.010611387051618537,0.3493693200138636,0.010482774726923511,0.3474512728670415,0.01189808367592797,0.3412446538309966,0.010445249347727881
643,0.3380477222819344,,0.35018199222955526,0.018688241236048116,0.33847651252381994,0.00988942646699721,0.33847346930104283,0.0098842610042707,0.3388734449703089,0.011651506042706079,0.33112535934174064,0.01181103057392994,0.34975010743446555,,0.3542533440583718,0.016449206238991876,0.35445311180723693,0.011988645342002205,0.3530718737113415,0.011862525519458128,0.33006163704220637,0.022800033477145112,0.35953644063309004,0.0377048247469484,0.3267574972918779,,0.3490520453496918,0.017107993683001803,0.3431180761027813,0.010464855811433166,0.3425197449376027,0.00988910405075192,0.33841761817456606,0.010773797825763164,0.34243892031755757,0.010659238699684152
644,0.3458338942032149,,0.33306580324746093,0.01511935860623316,0.34263297042960916,0.010914143607566134,0.34285358795903315,0.010908839594621746,0.3201186355884573,0.02037354904124256,0.325050124969125,0.01655429012843519,0.34674809748241675,,0.33479346731334014,0.013519876760391774,0.34802979995094213,0.011465935856412847,0.3479433246403469,0.011458001499785736,0.31456298886521866,0.029168065485523843,0.3397445201648248,0.014903220255539988,0.32302978207896094,,0.332601211117402,0.014044327769486917,0.33844136397192104,0.011435979752823797,0.34240008684423545,0.010978214677601076,0.3410151161718992,0.018968801808161885,0.32814593176034057,0.012494759764239334
645,0.3390524805979472,,0.32469087064959024,0.013612004222927491,0.326568182929204,0.013970887531773186,0.3230812459582522,0.013083446383479217,0.33264606080397935,0.016183191469488573,0.33332235593442516,0.015487091704884026,0.3483737170636958,,0.3393940300109437,0.013328900172236549,0.350259510845674,0.011642979980653289,0.3500157095041462,0.011616245304255979,0.5624248493087088,0.08085752519086929,0.33962888607385866,0.027624066212291586,0.3186144246418503,,0.32296925378979574,0.01329275084494883,0.32672770915194194,0.012056897060242421,0.3283967779894081,0.012500160475076823,0.35601637276521036,0.01689133444174672,0.32264662922681603,0.015901528667471857
646,0.3585126066065671,,0.35421982932653284,0.016814937070399546,0.35655185739931966,0.010775214574271445,0.3566535371911711,0.010655933650857667,0.36804039906132563,0.018214681419396445,0.3589263228747762,0.013716603742389621,0.36718184996048336,,0.35890353791542423,0.014450769324065832,0.37166114116893506,0.01144829424570337,0.3708503421531021,0.011350578826038248,0.37496951046442534,0.018038745623328575,0.3628056380992764,0.012227695778913038,0.3415311133979499,,0.3545311589419404,0.015941758508059088,0.3571749507258402,0.01051919099633641,0.3588819570577689,0.010155473743764661,0.36527507138022414,0.014035520391111422,0.36347902778206365,0.011367860827081652
647,0.3154386770379681,,0.32186277802333335,0.014744600009219448,0.32060092676236307,0.012017263656797469,0.32252979556919037,0.011315754398615758,0.3106226284011582,0.02087887690691617,0.32810458539578263,0.02960768932852538,0.3289633552823392,,0.32272384347858446,0.014805506645892846,0.3309006201774537,0.014956666745638728,0.3304876575323605,0.014929594956689428,0.2795691215588246,0.05802150464247683,0.32548426963577437,0.03489769332430135,0.29929899404266247,,0.31630003467950935,0.012795066214594787,0.31540445886482377,0.011116013408712518,0.3334064504961473,0.010518468398392324,0.3214125439842394,0.016145514996920782,0.3224512110987553,0.014143134792836201
648,0.34530339794422715,,0.34642129936100813,0.021094191544842947,0.3505339823749262,0.011092644339784834,0.3499472630463483,0.010996827016421731,0.33918740973169564,0.014577648372292598,0.3468634424883301,0.01784315613701912,0.3475559855982036,,0.32971315335819207,0.015305629818514632,0.34795825234368555,0.014287208581657053,0.3478389192387875,0.01429202854989077,0.36654921654219397,0.06437781825246014,0.35893394291602854,0.04663922753015168,0.32648941820894445,,0.3410396618328318,0.01623262127466424,0.344974107236019,0.011176806112072725,0.34803899269338545,0.01035078073626476,0.3418849300633901,0.014300036929030733,0.33701151446973215,0.016952451073551422
649,0.3405606880503602,,0.33624583328249397,0.014258938707184374,0.34346390033194446,0.010973340446381189,0.3440380722468634,0.01095008738455748,0.3763969913367223,0.031064033399362093,0.34597671347207604,0.014397540735701606,0.3485625772918636,,0.33952465803962023,0.015099969141735914,0.348335981428828,0.012464209073952126,0.3483878552256232,0.01246609287704237,0.4159608162526926,0.06232904947810195,0.34325927360314096,0.031378926858177496,0.3206018594468831,,0.3346938582970172,0.015124651244684354,0.3379088067983791,0.01125890854399694,0.3421311434653037,0.010603415776280937,0.35543796823168894,0.021686996239534365,0.34055623515322986,0.01271174404921893
650,0.3283458926596655,,0.34077648761417206,0.01758303984047054,0.33244620483057147,0.014870780968385722,0.332506316127121,0.014802441292776027,0.32890854915975737,0.0283837246780718,0.3356207343655179,0.020979943658548814,0.3411253636972758,,0.3411959857796127,0.019540232808532107,0.34839570146627724,0.015936764243318524,0.344979322496945,0.015520098693132584,0.418959790289017,0.0510048750653848,0.3455488982258714,0.03800318304957488,0.31497105249469454,,0.32915193653309543,0.014484690778147217,0.3305283716469339,0.011257916288949487,0.3354991271727464,0.010809247597110154,0.3838902807123432,0.03827836617359524,0.3236911318417067,0.019119019854657204
651,0.35209605341817585,,0.35225491481344806,0.01727109549995193,0.3584021382519236,0.014792762568539989,0.3575966957621495,0.014058393929890512,0.35842750672643736,0.01471392791149635,0.3598956374710056,0.014469546145872808,0.35811978798651445,,0.3632825887074062,0.020006753565198036,0.35458225801649024,0.016975303781250933,0.356484867588164,0.016963080142764014,0.37849181149737443,0.02065172478191604,0.3562095173618731,0.014107846875208507,0.33850366637557183,,0.36444839152945296,0.019707893423096916,0.3596023359220635,0.01355731420038002,0.3579090044258522,0.012463736953713809,0.346616917834975,0.014508603255395412,0.3512458267174641,0.013653388499165973
652,0.3225611469748765,,0.3211035826386576,0.019067194032102087,0.320026646408268,0.01447884474207172,0.32022069587679874,0.014498453561442888,0.34029963975605065,0.022637977602519056,0.3261960246530402,0.014281836209958978,0.3347579833966631,,0.3324493663693786,0.020562837359206713,0.3451299344382101,0.019283336821732586,0.339961736847785,0.01865671321942037,0.37119704913573115,0.0403879480169845,0.32576122019869014,0.03113915387136689,0.3042192368912354,,0.33467688456453526,0.021793632124855907,0.3269606342788192,0.015690680929606557,0.32370654127775583,0.012864418717520866,0.34838212888946707,0.020871717779795317,0.3177114786472317,0.019004188022431937
653,0.32877298794919513,,0.3062597968193037,0.01506914765832388,0.32592259608637597,0.012270887710107618,0.325134882919807,0.01216079028116209,0.30982402225406347,0.03811963523859331,0.31710506552537193,0.03145349804542955,0.334512966457839,,0.35785088999532505,0.03460993818368139,0.3590870110946784,0.03258413872759108,0.3399087241209341,0.030668154596593087,0.4073566169305756,0.07040254409223315,0.33393702661400554,0.04547198167005385,0.3053833175849038,,0.3134316542310088,0.014872317267201307,0.32033855175278136,0.012843812005324336,0.3250334904291501,0.012450043639061137,0.37587125996724063,0.037961050740397906,0.32073916353119203,0.016205792330959593
654,0.335862038084444,,0.31502620851073054,0.01312484622579365,0.33086751331741,0.011001978749715077,0.33088393436935437,0.01087118620434959,0.3220591832833248,0.015428034217201535,0.3259820739828865,0.011204638338272408,0.33911650008452354,,0.323000691687448,0.012635689413892823,0.3396513751264664,0.011114171638192356,0.33962602120869323,0.01111254601314926,0.3785551428161402,0.03762109112362577,0.33985939787248465,0.03687355088347908,0.31102794859738314,,0.31758191364033317,0.013321220491628052,0.32559770416743355,0.010392278659494204,0.3312168831699265,0.010239869130959778,0.32799887924211096,0.013702249864106028,0.32734300644195613,0.01209806537801473
655,0.3431960385884728,,0.33087214931985204,0.01370370259454333,0.34216412052189527,0.01319953915698478,0.3417135555267911,0.013194509215465632,0.35593293305143925,0.01863610484949345,0.3471629223753195,0.01210754839752415,0.35076053633529714,,0.3376932402350889,0.014594081152516645,0.3492852187957536,0.013862500333015124,0.3494576851172427,0.013875199804422063,0.3611394176553063,0.024317984227298015,0.34817275800096303,0.01743053225691275,0.32667720948882223,,0.3412646783038444,0.016930135797941812,0.34362600246555164,0.014070875506511253,0.34734584882079494,0.012948874944930178,0.3383063795971486,0.0147639106257936,0.3409466609531219,0.012077825131020249
656,0.34348772914947023,,0.3369525361448045,0.01744366269663005,0.3442096643332575,0.013247072153312863,0.34427581887441944,0.01322331824663119,0.31680654864311175,0.04155187355343173,0.340238511809316,0.02278337118614652,0.347869630913684,,0.4153236973303351,0.03918729822373675,0.3835765242218304,0.033711939104015654,0.35406938572039987,0.027212292017298963,0.41797138114182897,0.057747249177736694,0.3629525238840297,0.042591120074257006,0.32255983782455344,,0.3380131815137316,0.015370930992080601,0.34192808459467,0.012335570912019058,0.3461880368462121,0.011754872591681283,0.3903310657857637,0.04148109194117682,0.3559591720539613,0.022788502951936917
657,0.33865308012564876,,0.3345777578725978,0.015094502573327463,0.3354872404906167,0.010219210234644534,0.335299856877807,0.01019500558774739,0.34090140120160994,0.0112091672480107,0.33886555724722095,0.010723473958863559,0.34457964110396727,,0.3481852962387483,0.01649206118284443,0.3504177644313222,0.013796518357413348,0.3480609583166743,0.01349635159826796,0.395610280831858,0.037660718359487276,0.3393464806189268,0.0330646893783836,0.3218156918734262,,0.3312789658797148,0.014232254665629827,0.3338044742664387,0.010281289350122305,0.3357115122857038,0.01009694835190443,0.34228322264036487,0.013293871434830849,0.3301802556642178,0.011712694925933615
658,0.3350346317298931,,0.35122136750211397,0.020114333303834494,0.34283823233315736,0.013474348154194597,0.34068853111181724,0.012348773055965993,0.3635176909823424,0.027566744069405815,0.34697723615870607,0.017457802070638136,0.34710079578142267,,0.34685924702949616,0.015169120943705499,0.34845479444772126,0.012161195509428131,0.34823738481860794,0.012154099518566218,0.3796035006118085,0.034132090220164585,0.35273768833660807,0.01607134656609831,0.32670286627983197,,0.3339132781426804,0.013936109367737011,0.33811560811686947,0.011220610460296218,0.3403542143359968,0.011150412002710367,0.3570486311520984,0.023160309386266432,0.3509708439508719,0.015905649121008437
659,0.3553287749778377,,0.3442139030121995,0.01750788053500161,0.35755865166445455,0.010570792853358595,0.35806633371620483,0.01059814812466306,0.355335442281271,0.0114531729195234,0.3480395380937277,0.011554087616722847,0.36342973525925565,,0.34900379290765726,0.01805615911401093,0.37003295118558754,0.01567773977994938,0.3669212951854113,0.01510717568907845,0.36192043582500794,0.03453026246467585,0.3624530877171308,0.0282904667155934,0.33112259577252123,,0.3534464112716377,0.019536320279760672,0.35258441431982296,0.01152742342514342,0.35886265143032703,0.010305853480284477,0.3789488746088363,0.03399540705193078,0.35752219340873914,0.02404307311520593
660,0.32932371289033996,,0.3250641264184956,0.014518105317841729,0.323438215485708,0.01364958256075091,0.32169363405393947,0.013246183312266166,0.309074888217089,0.02563388800558399,0.316926283128743,0.013170278058709068,0.339299207053944,,0.33629560925012353,0.01370431272731194,0.3383737883830887,0.011714272273284913,0.3383466675674556,0.011715992376118138,0.24704299694959767,0.05444320353258172,0.3450351994205467,0.05060767070304849,0.31537569096954865,,0.3233821834920227,0.012820278866934398,0.3238910359533835,0.011273075592270197,0.3332709802803156,0.011383054617549663,0.35569705939438706,0.025069719524961412,0.3424192992478142,0.020141947062549306
661,0.3282268752763355,,0.3212251541461326,0.015317523872569273,0.32613343280870116,0.015108357191857243,0.3255867312410256,0.014957415029476446,0.3461219077779795,0.024087212582183812,0.31961601784059523,0.013471060645508548,0.3364222473103714,,0.32528762634941777,0.013821171108546724,0.3381354715652032,0.011619093469840084,0.337927858823169,0.011599888736150666,0.33799375760180533,0.01803237543136847,0.33438823892849723,0.013782434593384825,0.3128078514260316,,0.3142808610964258,0.013587986597541611,0.3194604247010263,0.013790197791981557,0.3219044028664002,0.015034744158263629,0.3343331298041407,0.013380078449039523,0.32792365525804895,0.011057847227600696
662,0.363944421858228,,0.3482146333950526,0.016523481028702103,0.3556831106173904,0.014675355111429353,0.35793532995370725,0.012493125210548527,0.3502721528308275,0.01778247811980156,0.35076801436518756,0.012821691392327535,0.3698558611115477,,0.3786268125158569,0.017801754744629465,0.37375783130989915,0.012707074069118165,0.372454837188209,0.012615042354277455,0.3832622202402271,0.036479857615194976,0.3606671708047855,0.031158712564083122,0.3399454567958075,,0.3362084733101989,0.012472361861651713,0.3527318439528686,0.010043443687138784,0.3593140531687324,0.01015237459965835,0.36108045159800123,0.01232407912831883,0.3541221817328654,0.01100149066151537
663,0.33300097809604545,,0.3220393366174181,0.015696437250496274,0.33091835345443327,0.011688800020986217,0.33064355474487594,0.011735628196219539,0.3876135863420465,0.04345459363756964,0.3188613442800666,0.025003184537230282,0.34024960966209916,,0.32820716393730714,0.015216298496236107,0.3418017903528798,0.013599607644247563,0.3414842300986897,0.013588443018969476,0.41739134940057326,0.05675627529562317,0.3162143022373405,0.041370048921667665,0.3151227634341648,,0.3195563676012934,0.013412791841667271,0.3259280737376119,0.011367448805354,0.3299625328456743,0.011264886341003744,0.3407703177410697,0.020556665111562313,0.31394126510004233,0.018256387559300282
664,0.3369344186795924,,0.33999098252376847,0.018099618281549455,0.3432380355549164,0.012375080254783542,0.34196524675132045,0.011674491524906934,0.3333378925589669,0.017911977389035414,0.34259663669073054,0.016113900507407825,0.34039882349551565,,0.3349666084560145,0.01551668203196347,0.34247487437127994,0.012986187181254848,0.3419182975221667,0.012976441703558357,0.3465251738004764,0.030067209301593362,0.3564916149675262,0.02987678590498481,0.3091625369522751,,0.3320861870145686,0.015020881561464017,0.33634314534409715,0.011332204838279437,0.3398300824013387,0.010333080822590103,0.32750408149262905,0.013917594063083096,0.33719278352178034,0.015026203310812022
665,0.3453004232387072,,0.34994094819254545,0.016677334049576185,0.34750232130357145,0.010477435180369487,0.34757654410320904,0.010537312359647118,0.34435757691306323,0.011795391687420425,0.3416099664853062,0.013049150916605133,0.3524094853330298,,0.3557811228757614,0.01720037769316224,0.35568837656056346,0.01283950558249754,0.35477441832884604,0.01274373383581456,0.31804808114614025,0.03996755932947956,0.2671323441106348,0.041985679830202315,0.3253480720424539,,0.34079647117544526,0.015462692599032992,0.34301591266888287,0.010769389844750956,0.34587588233438304,0.01086682561167426,0.3405277838046577,0.022698953890371926,0.3388194018861233,0.022047466159110116
666,0.34745425528051865,,0.3476744200211473,0.015389973086620781,0.35021883945462284,0.010939833264101282,0.3499194955652806,0.01087577483513351,0.3581636304858015,0.013417961979445465,0.3576807363109051,0.013079475202776046,0.3491805589155376,,0.3650333695932176,0.021002590048687566,0.3673382020842246,0.018111236750877426,0.35890145570931214,0.015872018605229948,0.4744660489729981,0.061757616953244464,0.3602327067707075,0.026833194662601496,0.3316860980526609,,0.33872650994116493,0.012741178705425809,0.3468013052555689,0.010154964886995393,0.3493475832592253,0.009978651824801942,0.40544491996630533,0.037493505152250375,0.34630517585779935,0.017877315912994872
667,0.3630859034557923,,0.3631175672778214,0.016322218971454493,0.3623025364927065,0.010717281882976892,0.3623694050433563,0.01070255200958365,0.3539167350537376,0.015354134413383265,0.3521064430485649,0.01546609493547563,0.36525228533872195,,0.3797307260397418,0.017987818879927776,0.37495614208966194,0.013441215802701034,0.37102289677389383,0.012844307064744744,0.37663507792754014,0.019315522348442072,0.3710883440695414,0.01781026131232285,0.33330082527656973,,0.3602507688435355,0.01447223683402607,0.360454224565082,0.01094937172458898,0.3619940953060672,0.010326955200955732,0.3611207265890698,0.014246931397764267,0.35493272050740765,0.0121826967043647
668,0.34436625090505246,,0.3443394348911605,0.015394505271985267,0.34353072022573783,0.011395176667372635,0.3435341426008881,0.011400933530580592,0.34666883912021995,0.01942056550268989,0.34240814651242546,0.015026105195842137,0.3539783619264892,,0.34851016841279403,0.01400936899279247,0.3547147890478128,0.012243542803413415,0.3545741441805745,0.01223492659575694,0.4431350104216577,0.06542580855380081,0.35337579841360456,0.028258298249244845,0.32963697809997955,,0.3399224262463069,0.013528031000153663,0.3428096807325431,0.011000553236795768,0.34471703445277263,0.010820433611864681,0.3476321834135733,0.013432920671782454,0.3416454835613331,0.011524880736534716
669,0.33413057939279334,,0.3405688328887141,0.016255466377019964,0.33484143894013185,0.01037770969976622,0.33486227386393336,0.010395306958337954,0.33986301888141507,0.011049034471871035,0.3402132956909771,0.010951324566434186,0.3411188414021818,,0.33529743707708837,0.01443079189457419,0.341976520775127,0.01141421423306475,0.34181812696107644,0.011411267626115903,0.3319639128751833,0.017602364479802842,0.33582617075042076,0.01786305366110789,0.3221024829789549,,0.3281424406332886,0.01356179630668969,0.33468745320669036,0.010060530344790817,0.336362714436451,0.01000368681900141,0.33434419238168844,0.011049513814627649,0.3346679161722923,0.01072608943853947
670,0.3414607355363846,,0.3452016080135872,0.015710842899220236,0.34425003650933345,0.010533155410673673,0.34455042620513676,0.010474147490078897,0.3481915477862261,0.016314800393075972,0.3500942788743339,0.013563919461534388,0.3513717779999263,,0.35584757745692663,0.01674593296011119,0.35539391199144577,0.0123493896155407,0.35429113661033157,0.012235843793250125,0.38219467394806916,0.030852194960188782,0.3529619717673309,0.02232735541024371,0.3207817111203079,,0.3467944316931717,0.01584937476473212,0.34438810023039346,0.011213163792004138,0.34819495292996955,0.010143226775203826,0.3322433842915586,0.011410815110014504,0.34774484856796023,0.011173690192265658
671,0.3433603166128039,,0.34206860793823185,0.016143302396918684,0.34489254357161736,0.01231345621305061,0.3449173819070713,0.012278618260340452,0.35593794521620503,0.02677873379072861,0.3402580990126437,0.013967819625838249,0.35253714556381327,,0.34525732674343895,0.013696650765101168,0.35362014373007433,0.011064424767669407,0.35357195642706096,0.011058461261253687,0.37409010499768464,0.017373459170344805,0.35134423536771253,0.014491260315598472,0.32736097045257045,,0.3553032134036542,0.02054116811074767,0.34782614387250865,0.01334767248419797,0.3453963588128369,0.012049708912582202,0.36972259409251135,0.02007632376782161,0.3469517663551392,0.01203994673827424
672,0.34095758749628713,,0.34552300618021103,0.015842237875202718,0.34673260054348604,0.011461781493263446,0.34715767877879217,0.011311642867880736,0.35194348317058244,0.014710373866980757,0.3450671319711475,0.012151299085992048,0.3512341888399052,,0.33829012056285596,0.012966677498260795,0.3526985968480849,0.010777130982478114,0.35262870867507323,0.010769593510100959,0.32213402819115505,0.0350998358653746,0.3537135971027589,0.029908232500975566,0.3305842295982876,,0.3489052244706105,0.01713308130971666,0.3466404902849613,0.011171463880493416,0.3468752618137928,0.010825917549620662,0.36037805487680064,0.01898815078157634,0.34059196936682684,0.010661684070251278
673,0.3295987313790582,,0.32233804404598415,0.016946118462360528,0.33060134980807687,0.010237087182309413,0.3305499019190461,0.010254969336320797,0.3325443207580567,0.013107742328488358,0.33214789590128113,0.012566478578762502,0.33261872177031776,,0.31907455884815267,0.013312708301630097,0.3347076450191004,0.010807725354538625,0.3347356355151782,0.010799139713479566,0.3406436753379693,0.012219624543139207,0.3388844501510669,0.012068976733314106,0.30901090968586764,,0.32095796872768145,0.01451933282625956,0.32716738726391914,0.010551571838540157,0.3305189035052381,0.010096240232218957,0.3306931252535729,0.012844125545086566,0.328310883269375,0.01085717194944076
674,0.3609199010994415,,0.3572256196948311,0.016606042624785072,0.3596303379780767,0.015237386554752501,0.35961036172861,0.015267151857228817,0.37363644197339274,0.020218041593978452,0.36450113073066487,0.01566430918083446,0.3663334221034966,,0.3611126672701659,0.02347983124069173,0.35184813958999295,0.02430936656275903,0.3616535775849426,0.022791352555225984,0.36297325612553366,0.04087231289371924,0.3686710487496574,0.04044119117804686,0.34754399940848013,,0.3548146402959261,0.015008267108543676,0.36052621394929624,0.011527983726152562,0.36335384282344513,0.011329695120252238,0.3618031663188252,0.014554958279352605,0.36144472279114703,0.014465201204740862
675,0.3341233170164545,,0.33460027584201285,0.01724196706411457,0.33487606725425756,0.009984454538540036,0.3349005964870783,0.009980937971324948,0.3296165431479405,0.012977540618005028,0.3317882549705487,0.010569823160255324,0.33848721481209687,,0.3287105849172313,0.012671372927836782,0.340673827429291,0.010733597763556542,0.3406151647620408,0.01072043991278975,0.4045104366708285,0.04423249586735057,0.3313826672249735,0.021931043192460704,0.3167386972143379,,0.327632962281644,0.013242785898952314,0.3317336671013211,0.010033008424511677,0.3351380608089172,0.009822623263889644,0.3880357623733498,0.030372985860629313,0.3269438265411581,0.012608887196784813
676,0.35398322571148133,,0.35654034303170357,0.016714958747272846,0.35662519225770956,0.011446900238108154,0.35647972318876375,0.01128727115349582,0.34613057465546276,0.018171353182086965,0.3426087823750489,0.015842181665066738,0.3622607550457531,,0.3670993759237678,0.016568616176198855,0.36406507385723536,0.011701604487052368,0.3636712144739674,0.01169278688655587,0.2995549068907624,0.042541458296253366,0.35458833518130495,0.027096797253967225,0.3329294084074966,,0.35432949860950835,0.014879853998663175,0.3515018806471532,0.010670692384954543,0.3550451763908568,0.010147776881543523,0.3444829096388406,0.01228415345092805,0.3464293499952488,0.010927184854779344
677,0.3464627857503486,,0.3501128888331905,0.015865095290872714,0.3490088176528114,0.012329345762865623,0.3490213004078476,0.012272119423027729,0.3463783005484696,0.015419330198536295,0.3453498032950722,0.013408422933563936,0.35253876561497394,,0.35021549885364706,0.013933765101073445,0.3525083846572286,0.012566396887521236,0.3525109011117731,0.012566712379322402,0.34819508980497144,0.020676835468425185,0.346846787995372,0.020997114849633108,0.33099241814707514,,0.3414988416589142,0.013520106019394868,0.3406353208387822,0.011856022714632267,0.3430082323959679,0.01189155012088893,0.3446129303586389,0.01649887061443123,0.3387778243802539,0.014317150406762274
678,0.3230038022826841,,0.322863046397328,0.014558792378874695,0.3269844156279355,0.011379673891557002,0.327382254682669,0.01121584343221446,0.3519514356707721,0.02681780601739043,0.32024017157195567,0.011055229463946421,0.3341203662644036,,0.3283084458348084,0.015317154269339427,0.3362806420794029,0.012601896502184427,0.33571937983715355,0.012579642901768743,0.3380701250622855,0.032358304652716594,0.3219999976190663,0.024345139690201665,0.31233097471435417,,0.32022154981360895,0.013820898559591527,0.32389663148585734,0.01108354915035213,0.3264619566092599,0.01088163187330689,0.3353792984222909,0.014964819092582368,0.31677861771954796,0.012386498793090969
679,0.3603284371896909,,0.36583910821931126,0.019950850308531394,0.3605770453931627,0.010360132608146238,0.3605876120729704,0.010359835465016665,0.36061947500343783,0.012718070393688385,0.3636583024093086,0.014331733340205488,0.3680920065805797,,0.3792075304921565,0.01944578026680664,0.3733790081021438,0.01346976743866978,0.3711146517120438,0.013098554190795635,0.4062424863351789,0.04456131882838303,0.36852584557831203,0.02687427404871476,0.3411565767308771,,0.34766558915783335,0.014121540880770497,0.35601661356428205,0.010109051964922169,0.3616914059714552,0.009946971403012846,0.37481893354645174,0.01484063271602106,0.36398180052429885,0.011669291800699644
680,0.32751468060106764,,0.32426348475725575,0.017331229901061455,0.3239347730036551,0.013487340316925863,0.3230616288826489,0.013857202107702499,0.31428373658217396,0.019885176355655797,0.32082902093164883,0.013971730888002657,0.3480776238848777,,0.3346914941375954,0.013824246860530529,0.34547918147000867,0.01141196648235406,0.34503307091962476,0.01138761047100771,0.3701575337599426,0.03569491712472751,0.33192861567866283,0.030297907177855122,0.3038299426049248,,0.3226843970902779,0.017692553345691166,0.32275920531703156,0.013107255218660387,0.3328975082907881,0.011872123910218153,0.38126532137506614,0.03938654283875416,0.3199120297590306,0.027231780738136535
681,0.34305844082945897,,0.33689991312750545,0.013686765219674593,0.345772225581404,0.012036748265704614,0.3459609269729181,0.012011011804220269,0.35716057593587935,0.01954640193420421,0.3476101376864664,0.012993496629036918,0.34921050795537173,,0.34003916583629007,0.013387328334122489,0.3490189014131409,0.011794070114844641,0.34904402730752204,0.01179462462174135,0.3522127322510585,0.015124958566988245,0.35363630126695444,0.0128684983509469,0.32925006032652415,,0.3294512289892296,0.012413260286482843,0.3379967386143201,0.01063191457037822,0.3425177961841056,0.01063911227907558,0.33543213323562227,0.012523180509852358,0.3374558660683037,0.012068927005132447
682,0.3483260074089455,,0.3436737322220581,0.014656655625332976,0.3504034817008654,0.009950008760407827,0.351147410136991,0.009942620270076878,0.3473461403187897,0.012149150599220275,0.33702341881035647,0.012834785917887807,0.3599156547908413,,0.3713706459842094,0.023374948127528158,0.36975462290040423,0.01711188278947193,0.3633638093009505,0.015972179304852337,0.37804388301298536,0.041501039526646244,0.35012777145725005,0.04251132051856463,0.3288811472222924,,0.3534316028362558,0.018594187882523736,0.3486099651404732,0.010688853115619408,0.3546720836839343,0.009840459668332857,0.35109784185847015,0.030269916579570226,0.3406365242029009,0.029834019224341916
683,0.33732160433508185,,0.3594752037973831,0.021352268337858787,0.3464180955846443,0.010680826929171756,0.34713736923648686,0.010328508092751012,0.3491663965844194,0.015272194068146814,0.34937859785238634,0.015272218501825745,0.34850688378417316,,0.346109177029132,0.016711642433218144,0.3497728741799231,0.012890171144601649,0.34945424433509154,0.012880228994495205,0.3089323803631241,0.028917405857555374,0.3374862676496807,0.017200568800594427,0.32904690018094335,,0.3352341959791277,0.015699125421424674,0.3433143073925626,0.010169345715381454,0.3479943943178683,0.009884402840357473,0.34750917037810275,0.012860683883992856,0.3475606837046409,0.012134166691832034
684,0.3497951385829856,,0.34237418704304123,0.01326210869721232,0.3492785797137946,0.010289016940403687,0.349128802828938,0.010289234446011885,0.34499948063724983,0.011059537548661737,0.3380180530702559,0.010568712645968483,0.36123624177114844,,0.3457324243538909,0.012955843114826015,0.36111919981798374,0.010998784685292393,0.3611249710073483,0.010999133926235105,0.32129864713161194,0.034903094612243245,0.4764775356431885,0.03489843110824381,0.33136597727367545,,0.34234845960096927,0.014154603155828132,0.3456041283057187,0.010531481668284721,0.35241315598082373,0.010160822487531244,0.3491007431280882,0.014223854531023995,0.3411004302854591,0.010985563527702465
685,0.3060139659376844,,0.28693034069375206,0.014575253972016913,0.2804918507945805,0.026288291342587942,0.2902886957026727,0.013160823224068235,0.29337493546102195,0.03802805512490422,0.3077781158658308,0.01611035515092797,0.3174510711262926,,0.30941890519028875,0.013729952710764857,0.319502610142238,0.011858789731297765,0.3192768314531333,0.011815346032674394,0.2761360868880983,0.0520239301480796,0.3276608113954322,0.03108722379942753,0.2892069907946237,,0.2931539492220849,0.01415701652904417,0.2905640146255571,0.016565191068887184,0.29045657157539806,0.01702081581659793,0.29375841296113686,0.024214240985521825,0.30742238416053713,0.010858979559845572
686,0.3298368654266304,,0.3392045880424147,0.020556739388798064,0.33195365093630697,0.012573014580979773,0.33153792358765644,0.01237005360870776,0.34307785214146097,0.017418758409852863,0.3149313869550338,0.03389673178480716,0.3378494319223198,,0.34149028555286265,0.019226229228607974,0.3414903085961865,0.017768490692505,0.33976607169992123,0.017558032813678553,0.35571238484298356,0.035511309819759904,0.3351597005770101,0.034409065106061884,0.30845641327251183,,0.31775887367088596,0.013032634276189826,0.3214652990883341,0.011020725391837174,0.3267353222530949,0.010944354304459586,0.34865507314988786,0.02786931332637831,0.32965210332505945,0.01922628353782667
687,0.3441859184643648,,0.3282546083285687,0.012661207438285128,0.3432598574145921,0.0101692728387353,0.34298979324012485,0.010167005979258294,0.3456156159679024,0.015070895325646034,0.3359950728483542,0.012560535874689109,0.34843728531852197,,0.34202243368847185,0.013999405089400506,0.3515954355961741,0.01263276119724972,0.3510730255827823,0.012592267580692347,0.3454831394799911,0.01427687544329156,0.34160244315820654,0.014429345651217704,0.31796054729445616,,0.335246234655435,0.014119754871864315,0.3394693491475268,0.011064800506726105,0.3446212429550659,0.010217026784133512,0.33695640889342177,0.012354219370553901,0.3341137486754817,0.0119719093375544
688,0.31896896093253124,,0.31380949383050233,0.015274286188514008,0.31845219963122173,0.012215666764486833,0.31818451250027086,0.012253950882504841,0.30854924811456413,0.022890511476108353,0.2805167350402638,0.025345648149159756,0.3365487760539462,,0.3301617391365617,0.01807144364891674,0.3389416027425549,0.015884309404711597,0.3380124053575266,0.01582075151462751,0.26057986246585096,0.06884111217226896,0.3373650770305079,0.044515434786847066,0.30448399266835546,,0.32120149218244615,0.0196809718578395,0.3235124359624427,0.014319888644349962,0.3283677533641524,0.010885726330061274,0.3055815344667933,0.020131840246819133,0.3154142679027809,0.013353756965779937
689,0.34376147274174135,,0.3408142122649523,0.02084564542966549,0.34237442380517974,0.010267875172097398,0.34231941334656196,0.010261637446723598,0.3512474719596773,0.011524058538472855,0.3497646753684852,0.011031179110801058,0.34928215933455264,,0.33535059081220064,0.013662457629048035,0.35025288573978547,0.01105257291873026,0.3500772905720596,0.0110485089198387,0.4144125812199347,0.03582153734575815,0.3406816070879375,0.013409209817059821,0.3272156244698057,,0.34251035070278224,0.019418038968699435,0.33927430324479724,0.01008598957539107,0.3414597630127138,0.009964373250746636,0.33987027367436196,0.012146038817606605,0.3415352917160083,0.011333834493837095
690,0.36068294701483045,,0.34840763897050725,0.016382287802037,0.3573960087707301,0.010511089285126942,0.35635868731249926,0.010459081592202378,0.3476824911892466,0.013048185227490995,0.34599765546321315,0.012900239401969217,0.36959674067007775,,0.348638744329983,0.013557520653771237,0.3690855690615676,0.011113137074974262,0.3691381323391854,0.011115648546357701,0.29374703033545607,0.04809258610937471,0.35305032091642463,0.03592500439541754,0.3427552024174634,,0.351463194706905,0.018977864300810485,0.3564145405334939,0.010471365139080929,0.36100707263924076,0.010105294413368023,0.3600645897865208,0.015262418819938166,0.34780835001225197,0.014638584923406864
691,0.32779800938499976,,0.33710796786917885,0.01874261676792322,0.32750206951202676,0.010492964854949945,0.3275032049585021,0.01049800509194313,0.33177254708716114,0.01589493861153486,0.319354882084588,0.030897688433332626,0.34153704017847797,,0.33402239683620694,0.013913085177477033,0.3416022453528426,0.010708824506372977,0.3416036850837599,0.010708752394912743,0.35054700450851145,0.012366237887762139,0.3443744566193368,0.011433793341232911,0.316135811576168,,0.3305277450259032,0.015557931755282015,0.33029026828981417,0.010014601253819944,0.33622352887622736,0.009680548052497613,0.32997835202522774,0.01155279427965708,0.3305955615408663,0.011075803538821092
692,0.3456734987643403,,0.3299801177998189,0.01352672719623343,0.3494232776127891,0.011022311976098036,0.3504907309363538,0.011018700727850089,0.3257721953789218,0.024171722477094953,0.3335064234202729,0.017600705470367628,0.3507941000195776,,0.34887399261224505,0.015369791831575823,0.35357186710150496,0.011347006202602093,0.35310603390459033,0.011313797899165865,0.40125679536405734,0.042849427140206335,0.34678922638483434,0.025006173640023516,0.32868519853486716,,0.32410354717753503,0.01186125861213506,0.3408042358942808,0.009949008431134375,0.3529183478030987,0.010033828533222027,0.34881734067396714,0.012804305693879718,0.3433397440557581,0.010767106888749604
693,0.3427109663984306,,0.32353288308780903,0.016497792947866005,0.34624931585192115,0.011151345049909347,0.3473322417416307,0.011088369760180433,0.3200521820335502,0.020857548037923303,0.2991815275312541,0.013965155038024979,0.3437146684512921,,0.3292232630898654,0.017360122755398,0.3443576523384952,0.01417935981718201,0.3441688822571358,0.01417311906804904,0.28863991887221324,0.057790238339687,0.33274019846494046,0.0471009810466026,0.3162150029488783,,0.3264127009250506,0.020296106428092705,0.33444357051699264,0.012298812491686876,0.3485305925760893,0.01028091882885809,0.3211238301685955,0.012304631333038473,0.32320868198021263,0.01195808954810348
694,0.34023791121829877,,0.3309645733575137,0.019306481258263015,0.32742460303903925,0.025536332771804036,0.33152183783601397,0.023146571322346824,0.32686933510065724,0.03844409739501817,0.3462702493905484,0.01166655359810845,0.34967659703279697,,0.3353969556241861,0.014135516881247628,0.34828112087809676,0.012786898712993244,0.34850917913475604,0.01279990870692933,0.39966660773788315,0.04135334376174535,0.33661039791500463,0.031116719884261734,0.32745919890501896,,0.32515910266361614,0.014710086856478627,0.33183155973947215,0.015534932621511129,0.33347948526366006,0.01582093946978845,0.33437343310958534,0.015514063226584251,0.3424637794871832,0.011981464688447217
695,0.3379596061911075,,0.3341910686771397,0.015930256872623335,0.33890290655266914,0.010365159908873545,0.3390653600374179,0.010355945369811412,0.34303502654801105,0.010796514161323389,0.33920458027008143,0.010944574414613367,0.3497533047990804,,0.34832319680300466,0.017335982916684204,0.3566485402934992,0.013364337662943648,0.3544009362010313,0.013056296549591378,0.3817020303757363,0.034724719434376855,0.35568944768946886,0.02727952302440471,0.3275527797626845,,0.3298762289134438,0.014803003688646612,0.3391789716921082,0.010497224821623108,0.34287784846673425,0.010200976998040026,0.35589541798467783,0.020088736216757844,0.3495100902677277,0.01641244014331456
696,0.31447274119358204,,0.3229734854349371,0.018957463925694737,0.3201473294452696,0.011894970801152377,0.3201326736912891,0.011660394378591095,0.30817898236938934,0.015014649985482383,0.29441353794462155,0.012746222246527363,0.3200867715031651,,0.3123758263108133,0.014450066883813634,0.323351870101136,0.011431085201587575,0.3228132239206713,0.01134832023367367,0.11843404590059699,0.08217887051033666,0.3242349566551061,0.04104267825406473,0.303586262545619,,0.31274871382332087,0.014541124874144452,0.31697593505737154,0.010659952088400879,0.3200763588115142,0.010342130180022368,0.30923793852687753,0.01808086601313425,0.3081367790820368,0.013865164537601714
697,0.32511262002787983,,0.30864908825776466,0.013888674793316224,0.32469148155637095,0.012488842402252206,0.32465752913724594,0.012495976634217717,0.33984961979953066,0.020356519541087647,0.25375396013913654,0.020544401571983267,0.3251122432937703,,0.31144708715093933,0.014948759610244021,0.3295823317148567,0.013071071797788873,0.3287538181732111,0.012898666962288799,0.33651014917248706,0.021398369080783058,0.32009442055654397,0.01851700771777235,0.2949923739361922,,0.3070239920248279,0.013123430960465967,0.31534663857058787,0.012084061142284011,0.3215140073607698,0.011719856373481594,0.3570142885447752,0.03932570483630823,0.30180413430601294,0.04283895336461416
698,0.3341603558384378,,0.3186664455978861,0.015285742004635795,0.3315404680280711,0.012383775973978576,0.3322905240411684,0.01183223598197247,0.3291093277010619,0.01726193655377374,0.33295741872467033,0.01239026012002542,0.336559850583107,,0.32761299341183936,0.014748388824717712,0.3380817900166129,0.01262148709805933,0.33778312396811366,0.012611037084207974,0.2796465111031229,0.04427453435075895,0.33771453834063647,0.0301583549695282,0.31797657211754526,,0.3280153546975562,0.01565170449417017,0.3321125219971015,0.011674571851282768,0.3328326581139604,0.012393492862573366,0.3271388455109213,0.01107268107996857,0.33137867754079564,0.010903711989813944
699,0.35105286635775745,,0.3608037293792001,0.018444878920287087,0.3567651158613165,0.013343962779423135,0.3570287055360069,0.012981372684971031,0.325792551080699,0.03635183102365143,0.34982614519837574,0.01968527557632291,0.3631110630885787,,0.37637049878094964,0.02168817414908836,0.36560782355978927,0.015522316935190695,0.36430131105131947,0.01548008936693074,0.3433170073983287,0.027540474069739387,0.3604786427299516,0.03290165408492708,0.3312965789814561,,0.3495093578611218,0.015508266160597667,0.3520355738140337,0.011868261091242753,0.35631111471531357,0.011226313629811357,0.3591785838937168,0.014816761202675896,0.3536591741150548,0.011878775787104072
700,0.33690022004786985,,0.33756811500186945,0.02511900718769467,0.33486508829223144,0.013570620179467079,0.3353862424859886,0.013878907015429844,0.3276479388650985,0.01300182260299359,0.31940553901425955,0.016839842132131373,0.3441598826343517,,0.3347945709736308,0.01787316418433282,0.34426642417108116,0.021355646524436125,0.34421676809491814,0.021359682459045227,0.381413147404451,0.057641413354782976,0.3502289846245794,0.04137206853597189,0.31736321096972153,,0.33919943268844827,0.02552202377272769,0.335327488988425,0.017280583617994814,0.33056612489147813,0.013379639403278477,0.33355175751598765,0.015126140838078594,0.3296382408510478,0.013323225123407738
701,0.3370422878709607,,0.31388503153095765,0.01607202654959311,0.3374165681143047,0.010607364018867716,0.3376262177437615,0.010608703165104483,0.33457748454847064,0.019324123977697564,0.3370347437358246,0.01862857123026381,0.3447640968665028,,0.3242582463114492,0.03513579554800867,0.3662371338560978,0.035040951782540505,0.35087132399064846,0.03206766095889076,0.33550236509371784,0.022145683996277126,0.3231252863287585,0.018388654309994527,0.3146626510333556,,0.3460795257618238,0.028387169387130224,0.3419877404888536,0.016495913279264342,0.34552539611376853,0.01017587638165305,0.3253813964736646,0.02236584840482865,0.32304574409614567,0.015956921770583922
702,0.3551940787917874,,0.34050753620922913,0.014139585774981285,0.35350859483802355,0.01078115153008912,0.35350734168991477,0.010695306029368521,0.3580204029049249,0.01243201490469872,0.3564247410519659,0.014197059029963259,0.36137598875850757,,0.358062024820663,0.01530919010998019,0.363868674152584,0.012698893125100473,0.36331242469822883,0.012685019263307134,0.40260545661656433,0.04806969279565662,0.37762974100957186,0.0452016728441611,0.3334840829437985,,0.3414528171029284,0.012959826404271402,0.35041748377332443,0.010589433472415734,0.3560737583455116,0.010282979879742771,0.4123489257871281,0.03627170824542951,0.3615492296554056,0.029894091646956063
703,0.3479472294315337,,0.3404716126646761,0.014895256009495067,0.35229309760653565,0.010657550878247017,0.3529278239354484,0.010578377535409678,0.3530290187115284,0.011802048434786999,0.35576582079212943,0.012066317094909566,0.3552085486718617,,0.33899019553995424,0.012936048419875033,0.3558849626284814,0.0109005176907026,0.3558973628589493,0.010900087481851266,0.36481419123974934,0.014644021834825488,0.3566182177143969,0.012995066279675433,0.32920568343201695,,0.33873562389096523,0.013576873325913298,0.34619288729800246,0.01080730876576762,0.3544518566410164,0.010433748578987616,0.34748292010396825,0.012651238185848988,0.35373549139580895,0.011993827732161797
704,0.3349243662971534,,0.32124021488561627,0.014394155842169389,0.3281147403378221,0.011493738303292318,0.3262338487270495,0.011665526321930285,0.3313533357049058,0.017882385581613303,0.3178447907928784,0.0129199103150939,0.34351138153028704,,0.33010811049660915,0.013000699545653804,0.34207242218979006,0.011685506263094024,0.34214204868435566,0.011688908491637139,0.403917884069028,0.03549548013294826,0.3457341301389713,0.01891037347100334,0.31528793949253864,,0.32604902156606874,0.015107775626130611,0.3271526852395139,0.012070354826459516,0.32921812384416427,0.011721383700436128,0.3536265197970783,0.025042801002160952,0.3335473803415759,0.011756686791877878
705,0.3400850137064105,,0.3400845974849249,0.017126035662831756,0.3391195119666033,0.009992325854054901,0.33906706786627416,0.009991505965514121,0.3289435854707265,0.012588187905077675,0.33245135417710714,0.011578785126116362,0.3467180396533859,,0.3353283466296435,0.014965551682313833,0.35112694287116647,0.013475142487799695,0.3497424363263567,0.013327418030494897,0.28717015161343584,0.046942101600304285,0.3491596790017451,0.012518423301708622,0.3262554101658928,,0.32743500616555743,0.012892787771495837,0.3360948321436805,0.009775275860076454,0.33935964850914235,0.009729983077844817,0.3313008039008119,0.011301919025265034,0.33589200161661403,0.0106355629266591
706,0.3448353602889381,,0.35935743440171075,0.020865094324285585,0.3462830535679777,0.009836328928924956,0.34644942847929755,0.009838266406833468,0.34204467066821725,0.01173609091719925,0.34484844281390825,0.012544697812046356,0.35060337024779076,,0.3481556563251663,0.015442718262728597,0.35177129811820645,0.010916287453039238,0.35157655370728463,0.010903192272813469,0.3449200626891038,0.034562080280734916,0.346507656190648,0.016283611439333073,0.32749359832249597,,0.3405922718624169,0.015737114721091714,0.3412771346829288,0.009996561062370627,0.3445535637796711,0.009751046509837703,0.3380061430573382,0.011085933643062724,0.33909622083576507,0.01094939331987158
707,0.3324578581905317,,0.3134870934287747,0.01398208519274687,0.32957196064028443,0.01058819961249709,0.32922236855341364,0.01060650733871387,0.33356345721851416,0.010718426711830457,0.3251333474353544,0.011287032914342772,0.33859709082790235,,0.32058888523902657,0.013023981625084535,0.33962160529850266,0.01076500256855542,0.3395606220386008,0.010759666532565295,0.35380226923263935,0.016143993934801537,0.33780662007414647,0.013407219351878032,0.3074780324780809,,0.3150450118787173,0.014106444748067607,0.32557696750360726,0.010557481282624374,0.33194089832516566,0.010050261219173245,0.33365273044940646,0.012535136188752445,0.3237869031217625,0.010310742931148607
708,0.35227937896150435,,0.3509666815164391,0.02164135003461457,0.35887514382288144,0.011230030750341765,0.35787671212441297,0.010409839284306359,0.3179009625266074,0.026132001844656014,0.33435049498102914,0.02923657609598479,0.35975660010772315,,0.3912437865552732,0.02706500218621031,0.38101437218648093,0.01919860317847224,0.36679460104228784,0.016402254450395375,0.3386893268281699,0.044464444107565164,0.36187982412677655,0.03663195889934761,0.33435576717535537,,0.3566918959803976,0.019979004932958924,0.3577315622378282,0.012636164786454596,0.35997325365528227,0.010097197422073228,0.3517107814818487,0.016685902907331653,0.3467868897149554,0.014006861622561506
709,0.32579545746525773,,0.31845900942948646,0.015530849879412587,0.32556466177223564,0.01072068300433781,0.3255380502507155,0.01072432419178674,0.34527004237156195,0.02423622357915811,0.319981856229889,0.013513507099532482,0.33290136619751076,,0.3196787641537788,0.013188977023315574,0.3322763494516976,0.011699580587763226,0.3322761798785563,0.011700367649095416,0.33767322849768594,0.012939470101809796,0.33481133302456945,0.012647781438839604,0.30715890311781757,,0.30831283183945474,0.012920751968795734,0.3151452098514529,0.011209422194348298,0.31960197689342484,0.01154311028549712,0.3176429846698182,0.012965064991325038,0.3185394228682081,0.01230661084983834
710,0.3468849461511078,,0.35504270774728774,0.0185258671678963,0.34660226560762136,0.010320274175491986,0.34659348064629747,0.010332867525315865,0.41386956053109325,0.045882405924873144,0.3353511455913667,0.010348133804009306,0.3584026944769214,,0.35163275363142815,0.013905122369726986,0.3588285972853934,0.011385909639455027,0.35880392592043375,0.01138488121160666,0.34972558259666364,0.02368423788723774,0.34782651344069776,0.024137544922596087,0.32747816246084155,,0.3455878744969078,0.014929543636948159,0.3424725496235807,0.010715244064654069,0.3490044837295557,0.010190965192832134,0.3649526959167131,0.018527221160367154,0.33594947446810025,0.011776260658093682
711,0.31387727844177593,,0.3007798516647972,0.02185652127320141,0.2971848547817465,0.02833155257193008,0.30595282885660097,0.02138331882788237,0.29403632602523705,0.03237928947743535,0.30880280485408923,0.013755593881099452,0.3144474137740212,,0.3078307691222995,0.020064332594314175,0.3173110604273783,0.01743641876984308,0.3158724800792395,0.017489417480971648,0.33513617414492025,0.037172703847442576,0.30706664881797785,0.0267613309557969,0.2938692082351153,,0.30221385349407137,0.01350655431644521,0.30747375157364754,0.01145766432559359,0.3129162966494227,0.01155701545466749,0.32408942927533146,0.019899432347173715,0.3128409384157114,0.01432945441807356
712,0.33077348240346,,0.3311513203467728,0.016432275509737988,0.33018451596390236,0.010298680930156418,0.3301915286702988,0.010282861624274919,0.3242295334471662,0.025518810597243896,0.32750383569023195,0.010293060272158195,0.3389650313105825,,0.34726322097482515,0.019372344738724106,0.35069630066283586,0.014010511950137501,0.3450384182634637,0.012684232218820767,0.3787103020775506,0.038221462790468175,0.3323634333253098,0.011032497993626279,0.3208038887779701,,0.3275482184379693,0.015838198057172518,0.33077465707139836,0.009956663213384407,0.3329633222132854,0.009995470806996422,0.3345419081001847,0.013061923962768309,0.32692620240194714,0.010267376723877404
713,0.33579906783265917,,0.35604671633080476,0.02316592166810934,0.3416970177083902,0.010882851720264106,0.34108530674406995,0.010498695136937419,0.34483192464331086,0.014949788950165742,0.34220385203842607,0.014308990661017259,0.3467316541676111,,0.3717505083405798,0.039196465657988636,0.3407087472242777,0.03281660208454503,0.34576761874837464,0.03310545363084072,0.3840213324983438,0.06346323511201808,0.3411952339089885,0.029031234435016377,0.31769738929699287,,0.33722472048211066,0.016094640401009296,0.3371202790716299,0.010963146847364571,0.34294961045459815,0.010098936591088159,0.36540528326549976,0.02198759298724245,0.3426362193244783,0.013162830179446944
714,0.3325485321361125,,0.326606788025677,0.015035370412187518,0.3303263219991387,0.014505185017547042,0.33001236787199517,0.014460064201007844,0.32646609757192246,0.014060311557443394,0.3255084460300718,0.012019747950604934,0.3441798897328058,,0.3297335390419068,0.013197062045418394,0.33900565887813716,0.013587918864896157,0.33914452343221774,0.013574595897198453,0.3197576825121142,0.02462277800201272,0.34045330405897667,0.022114687288664954,0.3185991471911341,,0.32469523590364596,0.013986832137411599,0.3281580220549078,0.01304123675915907,0.32985694629884355,0.013296868595590245,0.33070255265248444,0.012367184743264191,0.3328039400687773,0.011674076159990011
715,0.34854296558096637,,0.345506072791,0.016580368414264194,0.3451100262478943,0.011567217540397442,0.34576216414306765,0.011261764604160712,0.33313178586372355,0.02741995633175742,0.35135537545509343,0.011515607763060725,0.356408260028784,,0.34943169440357047,0.013681335988295743,0.3582110202467009,0.01108097016052107,0.3579681511324534,0.01106492887632366,0.3466733110607385,0.012353112693471625,0.3474407219928778,0.0123015742020828,0.3285561958620378,,0.3362931780891327,0.013334190683600873,0.3434603125314756,0.01030595962929628,0.34680160257296067,0.010087516577060607,0.3416408325099184,0.016039127036646922,0.3475743752905149,0.010425720058995079
716,0.3378227630098243,,0.31910446273558163,0.020594950319086442,0.31739364811776016,0.02708528224031628,0.3262352452999875,0.018045387123337368,0.2649146502632299,0.05095063319249185,0.30811396763063886,0.03690816416904968,0.35364550795147137,,0.4321023102818052,0.03464414733603794,0.3852766799698414,0.021582577060626804,0.3622950354574259,0.016447714337586277,0.402596711287695,0.042139717499967824,0.35402307236852526,0.027584379161625212,0.32307690716612036,,0.32212480729571874,0.014851683745339113,0.3274170969491795,0.013725014554649946,0.3291007538849624,0.014366612839219712,0.32172095573664206,0.01904939933384541,0.3203218028286176,0.01872131291275812
717,0.33912387699668506,,0.33065482630906234,0.01549209854921314,0.3344988576291988,0.011547263347876107,0.3344951790240498,0.011550753460979475,0.3384569731839496,0.02125005327910739,0.32457190475392067,0.017551697866173988,0.3479158514102229,,0.3374775992071024,0.013738274350153694,0.3506182142639315,0.012226917140725128,0.35004385733422105,0.012192380445252376,0.4955873018329371,0.06526162434416363,0.340502195362441,0.020413327531010342,0.3224873679850097,,0.33271592279166,0.014261853921665516,0.3372800185427203,0.011105128912463165,0.33950145765003487,0.010589081152923204,0.39313693004936023,0.03873706956639006,0.3374947323231715,0.01268994403977395
718,0.3376873888147633,,0.32950400165114835,0.015384895511776828,0.33794637577208897,0.010760497015477839,0.3379797463246832,0.010752971837844153,0.35079865078884465,0.027114056019907712,0.3338116065401039,0.021493609156858967,0.34320263775848797,,0.3249564435159914,0.012900198168083363,0.3447393636830336,0.012083362010986707,0.34459076038129743,0.012073071383063488,0.3404106159363769,0.02683405829752317,0.3439678422186495,0.022676374208163364,0.3134021764911544,,0.3250578363123065,0.013910301799160895,0.33095399992841135,0.011233567075074453,0.33696776336096945,0.010977128088042245,0.3470702834549536,0.022528619263340093,0.3406593398487561,0.0126847892756424
719,0.34511918610934694,,0.33995013932424617,0.015976961044626984,0.3462827764112479,0.01397713462211709,0.34621265985043737,0.01398847557971284,0.3501811610035138,0.025809961525483385,0.3435564265212643,0.024796968418822726,0.35113878328334325,,0.3428147285464403,0.013246090152500355,0.35170413678162415,0.01147863903464987,0.35163898567808594,0.011476558634352317,0.3764872030394688,0.027099418901463,0.3537005625294325,0.015005664366585948,0.3340882360983353,,0.34274485974248764,0.015380961200163487,0.34716357685516125,0.012147385169098784,0.34751857881951687,0.012051980162152533,0.38807349702286026,0.04743512073435849,0.3378709529141517,0.03769943768850892
720,0.34673795135968216,,0.3642242145169001,0.02026223433981505,0.34991902508184103,0.009898532866354141,0.3501655132109596,0.009900315086370964,0.34953286211886264,0.011003551428724221,0.3484872411332711,0.010962260149422394,0.34966746428185663,,0.35751187111071714,0.017013336367725826,0.3512511083593655,0.011465282649682471,0.3507757061118702,0.011444375843158675,0.3693855472879039,0.01938308264018846,0.3461337942450022,0.015620444446159568,0.33158332260944356,,0.34306946305850716,0.015576206771105406,0.3441433552925743,0.0097689667829795,0.3467547325844381,0.009713715389323035,0.3487305423548681,0.01249914587065753,0.3479626111738415,0.011197109397625266
721,0.341190658838982,,0.34395852468276167,0.017858814266526902,0.34456783694169735,0.01161359496280672,0.34499653540979,0.011461637031827919,0.2697420414321424,0.05007028721906635,0.349363190534154,0.03851264380630144,0.3440888500227098,,0.314570546883235,0.02014010610572474,0.3437305159061861,0.020231292946041552,0.3439233476812176,0.020216544426884586,0.37053242434538514,0.025482793915528296,0.3544909814843538,0.021329791168507767,0.3261702617503083,,0.3359493333397118,0.015344229935874797,0.3382302262218001,0.010680886379941877,0.34060040825761434,0.01030230724616201,0.36023701722781215,0.027215563112871596,0.3446739348928845,0.01886274952719883
722,0.3243291316449533,,0.32049369230487496,0.01475235537235862,0.32157064124364,0.013200027943467784,0.3211842329070355,0.013168106988081466,0.3195528077050507,0.029691197275792548,0.3129218651125271,0.031947260813838405,0.3384342953631248,,0.3332596458211583,0.013475497811952442,0.3388155953031291,0.011789083186103676,0.33880170175478536,0.011787590887414007,0.5428186831125543,0.08211134247075483,0.3429008655271732,0.05142795305859191,0.31231425467730706,,0.318233223646656,0.014564856462579623,0.3205446767779745,0.013247245942501035,0.32208909859185936,0.013338302027156627,0.35128404930344376,0.019939502409060103,0.3295771839503375,0.0160082382614374
723,0.34273359574152323,,0.3864093304024419,0.028690139926877887,0.35227496025747584,0.013768730975973701,0.34910785770396796,0.012515514277562714,0.36793182611699937,0.03133137565644364,0.34859289132452476,0.01994337941097177,0.36154468445596105,,0.38141547054999847,0.019312177917614245,0.36586670256141196,0.012804917146617358,0.36434669234277295,0.01267188954139668,0.4100295985945526,0.044491965750217764,0.36603939329850904,0.016043069350932727,0.331689670604339,,0.34988041051868884,0.01639778777499634,0.3489158136261219,0.011486334894784525,0.35418265706653607,0.010801055046467885,0.36526708372393696,0.016916316980625807,0.3544881236726991,0.012218713546624996
724,0.32176162914430034,,0.33438287851807946,0.017927558634977216,0.32755878035722347,0.011226389227883014,0.3284775153516727,0.010958404036778146,0.34621902935277543,0.026491342450136807,0.3240014296820221,0.015625632167753752,0.3360927591442834,,0.3269347131524116,0.015988976243869985,0.3410159224286762,0.013375955778609127,0.33964598113255967,0.01317902927499271,0.3112074388513397,0.03135209411017772,0.32408108395519286,0.02887672834693616,0.29703622654163975,,0.3281889569690206,0.016332188261603146,0.32534170051924055,0.012306150275156257,0.3336660169264292,0.010370450170154097,0.34911893850944314,0.025192082512368975,0.321847867207938,0.010850663502129886
725,0.34748557706522576,,0.34311578880400573,0.016974517184966672,0.34566852791179237,0.012321430209288683,0.3456588088728556,0.012424629818527726,0.33960922471058275,0.014319709637702481,0.32875694065485817,0.0357271655370148,0.35473874480845297,,0.35199326615774956,0.014729462279983029,0.3547409249943167,0.012851279688958663,0.35474045021140893,0.012851248973280905,0.46220544940690916,0.05279657913739797,0.34273844680179383,0.03125050622475456,0.3315827134405839,,0.3472227653880477,0.01859635540459146,0.3456370343035543,0.01180715733643372,0.3463538055088825,0.011156197380515334,0.35070464196663875,0.012702106871493295,0.3503087555760945,0.011561750832181557
726,0.35243465021225334,,0.35953962163616215,0.020302744482275027,0.35717362872916303,0.010309285565473721,0.3571968088737558,0.010198560007752157,0.3684467955394252,0.014898939695122976,0.35054505145710196,0.011023081826792172,0.35700069066032414,,0.34438551744166884,0.013713987888185035,0.3581304834658074,0.01109335257233858,0.3580943289215755,0.011085664733751189,0.35622730336990027,0.014825342111589602,0.3496096307238171,0.014206741231806434,0.33618481313271326,,0.3474594185216623,0.014976402976704438,0.35088866051864154,0.010417598162215581,0.3533863755084525,0.010147435797634394,0.35153639396544173,0.012051357704250707,0.3503825701587286,0.011766081594907227
727,0.34307636373293116,,0.34278688995320233,0.015280723798120703,0.3483237159864493,0.011037747293292245,0.34810675778273875,0.010975288918729847,0.34914603147531664,0.012720169522664977,0.35315734801300885,0.012735277419952569,0.35005852600555226,,0.34515035297903657,0.01474235359023808,0.3550916823990483,0.01277602068042444,0.3537438175598601,0.01259160841944382,0.3503043816644332,0.015247091635534175,0.35037871222175065,0.01670117886046422,0.3265852960018527,,0.3314611354161722,0.012822045346060884,0.33850726044559887,0.010755395792852207,0.3414382437752056,0.010807939675884148,0.33696180852887353,0.011448410691746166,0.338570161260995,0.010910968013590849
728,0.32417137535678936,,0.321084779400965,0.01948500101297623,0.32575379763170836,0.016368393091714308,0.3253299078644056,0.01639424495035734,0.2987447781368075,0.03700386705659077,0.3186550738591761,0.026252323440346267,0.3323788462577611,,0.36343595160995484,0.0297716047470319,0.3527459168302618,0.02367964157125493,0.33759954644492984,0.02058268729735839,0.46477933465016463,0.0668331770395778,0.3196783113787725,0.031476251321313896,0.30596183887942396,,0.3179235619752808,0.014942413421484588,0.32231367597389804,0.012337277235268593,0.32516629635794203,0.011889145119831567,0.3649268279617901,0.02938745523828574,0.3242712779097666,0.014070242171153399
729,0.3607056127126601,,0.3668248668918018,0.01761669672653977,0.3627496966973152,0.010073373216775835,0.36289892487137604,0.010066590667821632,0.3787633463491884,0.017714774677119363,0.3647081754134543,0.01362031779576828,0.3690086975235304,,0.3619809309954956,0.013848566767117898,0.3712197490777911,0.011252799628383846,0.3708342479020156,0.01122635217276987,0.39665567982983235,0.03169064562492551,0.36719728413701563,0.027765015204696167,0.347749337818859,,0.36092444336867735,0.01436797418480295,0.36195037560764814,0.01008331813985315,0.36430310443469305,0.00992407025404329,0.38595178999931823,0.02087407889646882,0.3607817788204114,0.011387702708945454
730,0.36286022776845084,,0.3588893415874763,0.017520191888031864,0.3656234146570763,0.011712114118258891,0.3655276059554618,0.011552228903959372,0.6232327836028779,0.08605356492535145,0.372639721779011,0.047687865263659625,0.3679883323012212,,0.3576882226214084,0.01849184620643383,0.3739150128210319,0.01491224445587604,0.37144994889749844,0.014449235679866067,0.6648858500981476,0.09412208881993518,0.3728443455372647,0.0570522623801704,0.3426489373189346,,0.34265289933394666,0.013166180261165247,0.35534553157733856,0.010388049521109456,0.3627151768225485,0.010189111012679846,0.589890763257105,0.0797116007977444,0.3502198267959716,0.03648559522426861
731,0.3437766193351654,,0.3368239398426859,0.016921666066236143,0.34495121679947244,0.010080012918251228,0.34508485507002984,0.010072119929994544,0.3303726242698881,0.015030112458088158,0.3613150436448882,0.01417678747072139,0.34582758075250386,,0.3341277254243004,0.013105790222174056,0.3470322428342321,0.010957191594238283,0.34696733269555247,0.010954670040973204,0.24814978807456897,0.058200441819441846,0.35130728367418534,0.03705122073235756,0.3223594285592535,,0.33725711550203186,0.016788629142125595,0.3394397218365027,0.01073100624436102,0.34537855460159805,0.009723539883547861,0.3143754942292491,0.028714932388413515,0.348305026729682,0.02883697970962618
732,0.3594217074005193,,0.325744564688466,0.013363010342547724,0.35748736520170876,0.010019365414525593,0.35656357903646213,0.010000236433343794,0.350839032802513,0.012079582472295455,0.35393932041844817,0.012286175679419798,0.3646481877772145,,0.33945968871361076,0.013873140873560392,0.36576828443945003,0.011212470329577694,0.36568966934624525,0.011203216672668602,0.3587987989644995,0.014592351813001263,0.36413066852214243,0.01580186369567899,0.33367512951575873,,0.33405742501994695,0.014764006884674396,0.3474975469429048,0.010269316939656953,0.35726670879561895,0.010090272814503125,0.3504934312619134,0.01900602865650406,0.3533292458809515,0.011818751350884707
733,0.3432942070290689,,0.3315915396493473,0.013840380962642724,0.34205057797993194,0.009994452980933278,0.34189430194557374,0.009997565602647394,0.34540794344822756,0.011151511157960821,0.338913173535214,0.011477387358953735,0.3474855822789647,,0.33570614935814175,0.012855004907312603,0.349353543287932,0.011271261902200125,0.3492635095031155,0.011261414095186922,0.34725372759061995,0.013808655833274942,0.3437367432196071,0.01362943868964808,0.32210746041251015,,0.33430843700491086,0.013765414858286253,0.3381643012880749,0.010553398445250065,0.34161266852475075,0.01012600824043248,0.3378092531336902,0.011563887489478559,0.3354134324259574,0.010664465701480103
734,0.3429532602885676,,0.3291377826965687,0.014368701453353328,0.3432267705519573,0.010184033848892703,0.3432809391851175,0.01018610447010414,0.33472832112392287,0.01155616275412637,0.336021628675175,0.011821119492953341,0.34583599485164407,,0.3277798714427563,0.013389367904968242,0.3467302927104244,0.01176474330522085,0.34660768938410025,0.011762869069378745,0.28004463531234947,0.04866800366908384,0.34961326279431926,0.031115480850285055,0.3218801056679118,,0.33711205677808387,0.017077769741340256,0.33959631340411184,0.010969968466134206,0.3430956009613739,0.010070692907138816,0.3336320244867988,0.011532807346727443,0.3438065542244558,0.012354574556747046
735,0.3361459970146689,,0.34267787174069747,0.01667037327150386,0.3388083803050547,0.01191206354603837,0.33923626328285933,0.011797554910629851,0.3331082504017018,0.013903831765277347,0.3309669591204971,0.013132526437911783,0.3456272727144054,,0.3439549705397792,0.01616790028579275,0.34628743291507075,0.013316172342863756,0.34615816810816985,0.013312620625318138,0.35249064411048014,0.031572806707914035,0.338378760538027,0.017443413690791693,0.3206654139236613,,0.3328841136320162,0.01430697583433772,0.333149365959332,0.011871252020583539,0.3393816772996419,0.011915571264940592,0.3350169293014641,0.014360997282915391,0.33534916231449485,0.011674662136000722
736,0.323087918623854,,0.3320233554743377,0.01986128478610434,0.32543460363177024,0.014472848839678726,0.324937821164804,0.014114314070531573,0.3327616138594956,0.014469753136510912,0.32259549766074064,0.012805880477280355,0.33560613431380026,,0.33672542361075447,0.015126525165221958,0.33658835027306144,0.012830608830431602,0.33648303647291944,0.0128228503374088,0.3837350640148655,0.031890266086146,0.33830310063663904,0.015051108587349765,0.310954465153755,,0.32377434496491925,0.014945137141655223,0.32461882102004014,0.01165843173276148,0.32916968292300824,0.010937996308270477,0.3608366936695099,0.03165825486891276,0.322460580909575,0.012534063951094847
737,0.3460467998132208,,0.337110430278243,0.016171747064382874,0.34301896104701857,0.010688072516978172,0.34295940180764334,0.010575884311218229,0.35154302061783,0.01426330605203874,0.3428189611336255,0.014451172828082896,0.3525569051290024,,0.3637817084723274,0.01840300049176538,0.36070869722789495,0.012918461923485653,0.3577279784709984,0.01253569375092382,0.4093566355715452,0.04504077681767059,0.36498708988401235,0.02080900531634376,0.32308191395371344,,0.3387816030001082,0.015599693986998038,0.3427436744865986,0.011157809575610605,0.34670890645770136,0.010173729357978448,0.349401903543962,0.014591485910678857,0.3480097352519743,0.012322578384507971
738,0.36073622520078213,,0.37600661288398357,0.024820807779896047,0.36312980061815625,0.010260281648561756,0.36340906503595277,0.010236944428898054,0.3565910193200431,0.012547928053855573,0.3588820971186219,0.01582315856491557,0.36860116748945304,,0.3776925171365276,0.025779347983465598,0.3678689056719624,0.02086563512895478,0.3684037428152262,0.020868392610181745,0.240673761986613,0.0646451768346744,0.3650511792041669,0.031166741956146198,0.34563756317133953,,0.3714408690430741,0.022690130624895468,0.36220410309644696,0.010765035332535717,0.36439089287342774,0.00989706814842662,0.34161931325868744,0.018609423891867406,0.3535737861629053,0.011853288112826231
739,0.3416549296635553,,0.3223165256276359,0.013843155624408288,0.3433446356317663,0.010594075912645618,0.34366096567235727,0.010586676970013727,0.30361134259633993,0.03354096046955192,0.32372726897827814,0.011903140637538452,0.34644817183773435,,0.3290269771487221,0.013345689465631432,0.34750968422275186,0.011612009529240129,0.3474030055103687,0.011606011349077261,0.20110878014516842,0.0751902630272821,0.35561698580434176,0.04252101533268312,0.3220300725198853,,0.3281105238726316,0.017327534998813895,0.3368442822947425,0.011337183079635108,0.34328863922841424,0.010245256585335604,0.3362234478449835,0.021676869843989737,0.3334911723913225,0.01194502229054603
740,0.3393552039584331,,0.3242123779236618,0.01244909432456201,0.33609542340832704,0.010147763068759544,0.33523764650892557,0.0101161921231659,0.3148794325267344,0.02491203518610476,0.3428196714210135,0.010439527688721648,0.34560814660015854,,0.3483958487653211,0.01728031918921168,0.3546059089835394,0.014978339800642365,0.35055824524418416,0.014573026103759823,0.40322584074004375,0.04808015787750192,0.3444450499413482,0.02731571917192549,0.3203364332714698,,0.33564521808598513,0.013948135711817428,0.3352937768771455,0.010997235958400162,0.3376577937653796,0.010793990048021866,0.3496301072298819,0.03945114870066479,0.3242014935451331,0.026532369737991723
741,0.349514116412926,,0.34679343781669836,0.015346141494376115,0.34932068626634355,0.011285657355056775,0.3493164859281622,0.011287612281407261,0.34802039750963165,0.015061495196901253,0.343130945375179,0.015154212895994133,0.35693272891633354,,0.3484961888949798,0.013167937123457157,0.35712739369440305,0.011202479543981276,0.35711755611034657,0.011201673590954761,0.3925480547667555,0.03067422418465646,0.3475989324125024,0.020146568049723302,0.33445451938971865,,0.34470868715563413,0.01390786607370339,0.3476927820250036,0.01125573194909739,0.3489371964792355,0.011107922204279006,0.3498670400990827,0.013350542406045404,0.34979130755459936,0.012075673487864544
742,0.3497062053727906,,0.3377837587803526,0.014709434486270006,0.3529360106524018,0.010719320486059393,0.3534801335998966,0.010670118007636214,0.36689821433768693,0.018892965654077803,0.34381834165768743,0.011636426241802488,0.3572099365007968,,0.3361564230590041,0.01560627084245488,0.35243992892596127,0.014769378748850245,0.3541656408125893,0.01460603261945382,0.36709375158528673,0.04066957150322627,0.34444378422436966,0.03807235754535953,0.33285628659279415,,0.34884700269343477,0.01943761138883465,0.3568928898497257,0.016499954499731923,0.3563167690388301,0.010626541534435598,0.36003633936260787,0.021692985394857915,0.33293414857189113,0.011511455440898107
743,0.3441452666564196,,0.3465431615328716,0.01758115480406613,0.3451173761043028,0.012809400716726883,0.3453213007928119,0.012772074034755599,0.34711338043890466,0.012517413482678917,0.33295337098172,0.012343143180568427,0.358794302524534,,0.3436320682347602,0.013657835338284857,0.3563288402060058,0.011924845970471994,0.3563889602845539,0.011926882798379865,0.3333012577954882,0.035677963015513146,0.36584435105593505,0.03298553860055704,0.32905056182067444,,0.33619992208345295,0.015129079548880865,0.3403934772249763,0.012216497912324554,0.3450931400753564,0.012042391483281616,0.3469989440987844,0.012502313564612552,0.3430156262976927,0.012331849073374288
744,0.33693417946472654,,0.32600017480235793,0.019430629043670083,0.3348438300295358,0.011641730320197975,0.33479186709931247,0.011706968521768493,0.32092496341325477,0.01882462208882189,0.34382459417217553,0.013953988533919407,0.345709174414351,,0.33872290415688744,0.015560528176636935,0.3511765957511193,0.011916209674110867,0.3498051688871813,0.011696341686431851,0.25423135300203403,0.07042963891012613,0.34122537416372895,0.045995275237009206,0.3207140119778328,,0.3254285738832433,0.01716272547419063,0.3332934897278464,0.01118976781903056,0.3374259008358948,0.010619294733932206,0.32562951501175835,0.015462236989638422,0.3235983312672201,0.012706176812564992
745,0.33587688096672175,,0.33095557927475616,0.014571160061892324,0.3437600211150566,0.011143749143064156,0.3445623664458809,0.011072000837799408,0.3417095522618768,0.012433059412184392,0.33365467114626063,0.011329978656894946,0.3396979546880501,,0.32721054354765405,0.013275030058294222,0.3416740442327058,0.011656703619985246,0.3414748987304467,0.011644796331575842,0.4180839408884964,0.05169608387063144,0.3274348047215769,0.0342544464840588,0.32426379938510924,,0.3380413897234792,0.018038694667595563,0.33921826314690995,0.011769671302263772,0.33959291687569726,0.01133762609703954,0.3389137500262833,0.013687468705506016,0.3279125004006468,0.012217066923674231
746,0.3385524845896282,,0.34712250055316674,0.017579910438259506,0.343441610866324,0.009781496490104543,0.34373565191459876,0.00973921908635463,0.35499024077531494,0.014391811564503705,0.343351149606761,0.011353327345568277,0.34538219432061523,,0.34213473300637626,0.017641581682379635,0.3487572932688569,0.013473099327739775,0.3473677929042076,0.013313854418057745,0.372818192879591,0.02947907128694861,0.3458794556170692,0.020692120625378094,0.3236263126658083,,0.3397969841061813,0.015510918728485925,0.34027648418985545,0.010062511793984834,0.3438544565337064,0.00971734525034746,0.3700357009776472,0.02453610980985749,0.34213803479698596,0.011539854852653623
747,0.34666884313839297,,0.35718649480497017,0.024998725413043793,0.34687896952510283,0.010832125800612316,0.34682323058248765,0.010816023412645754,0.35787349632773346,0.01315600519084671,0.3459483289936635,0.012720926898254539,0.35431189138362607,,0.3500087636467382,0.014417587918660964,0.35449113342244476,0.01217016801590125,0.3544711125207512,0.01217050531833322,0.4456468853269404,0.0549791740312308,0.3502371654383535,0.04402031483716124,0.33064309666863595,,0.3494871923758275,0.019083895827781413,0.34583020142077336,0.011612260001649484,0.34699101899493834,0.010559227016967848,0.3486937448297982,0.014116671262303248,0.34078786983909587,0.012253142373005645
748,0.33921672015885646,,0.3244278678592525,0.014223620247864022,0.33651137216113036,0.011466312339235467,0.33680770043140357,0.011233815590495298,0.33837596803857756,0.014100481081590885,0.33961846765312614,0.012665901326370639,0.3426515142726139,,0.3269676823007872,0.014165263595566073,0.34399130237056275,0.01277571542630117,0.343736016751712,0.01276550561191567,0.39095495463936236,0.029880412293383344,0.34699943341312095,0.01718791045071475,0.3150401827779318,,0.3238155482296885,0.014799867184568409,0.3307187686372175,0.01160778438736103,0.33412231254215946,0.010871139162890009,0.33614100911857486,0.014282969784501163,0.32725985239407845,0.013974684198320845
749,0.34837093728433927,,0.3621648129182602,0.02686500201292796,0.34885258801194274,0.010798952848236728,0.34877784862588274,0.010767992601783799,0.35501450041150595,0.02066073393954415,0.33594173285083956,0.012843591951369424,0.3523427527598242,,0.3357787580596673,0.013710100822369068,0.35236054128506655,0.010868606108725103,0.3523590735932929,0.010868569580520602,0.39191672161582924,0.03182992529391907,0.3424790797118968,0.03434600604024635,0.3303469882408425,,0.3430233664927116,0.018182777328592126,0.3441097400583903,0.01109202949045924,0.3464379475052133,0.010581172564770844,0.3445366115217057,0.014664463869159556,0.3457386018176029,0.012063748073004801
750,0.3647102919101138,,0.3690982560845891,0.01787971320137521,0.3659582896506478,0.010272931285007194,0.36620883825470296,0.010266654560714652,0.3718533765856323,0.012122857253402553,0.3749036347463005,0.012230011134132425,0.372785224282681,,0.3691502319948089,0.015754684615636637,0.37147671433629087,0.012337035347530348,0.371736860799873,0.012327774459168835,0.2917734203612026,0.04888234286426186,0.38232449965044757,0.017640500572894298,0.3518096659672817,,0.36953099140939494,0.018216533476129806,0.3683988618371821,0.010793304992716529,0.3739842091509504,0.009958490620068663,0.3843932426405978,0.01911225596307739,0.3765541076165701,0.011948353551755829
751,0.35509493688995764,,0.3498904867622814,0.015296215931604362,0.35421554784652015,0.010693756533739324,0.3541174301900827,0.01069585971844926,0.3555967304167827,0.011656641805782717,0.35655200338238396,0.01168059688775823,0.3604758259098523,,0.3530913972649193,0.013776702412560302,0.3623346954702279,0.011318999162682253,0.362131288212074,0.011304553854214935,0.38751708180584454,0.032604787205716974,0.35783644371071033,0.028501303339463206,0.33710550334662076,,0.34755871924344006,0.013846833855569155,0.35162769385213727,0.010817710927347492,0.3545901345436599,0.010690817711900214,0.34959936953494236,0.01354120566593454,0.3482963833577549,0.013075689325188895
752,0.3302112167732618,,0.35004989213081217,0.022174392036205717,0.33612656645676325,0.010077132991254253,0.336114144856473,0.00991650489825133,0.33796414573141104,0.011097712002929666,0.3387355928679812,0.012052162702571492,0.33700931648553945,,0.33631918530715904,0.028028190254275036,0.33516595783425446,0.018603830135251614,0.3364074970538984,0.018629272349392018,0.24186562352998667,0.05693370106947802,0.3396177136348454,0.029903088261521448,0.3193556422938282,,0.33820046605476506,0.01748834661028756,0.33594860463187887,0.01075210856384807,0.337272871009654,0.009976466172629003,0.33664964769252353,0.015094702015245149,0.3335950391432428,0.012284065674991927
753,0.35234760621202416,,0.35678324173049725,0.018875148117137364,0.3526175641691866,0.011452650744556217,0.3526502020782236,0.01144926815093055,0.35749909584258094,0.011422494091690953,0.3591559639580872,0.011315476425213616,0.3594927715858381,,0.3491789941674944,0.014076000757713628,0.358344895711393,0.012173361357100208,0.3584864859284129,0.012176684101201924,0.3563912633251116,0.05858001149048465,0.3611892438617748,0.04046964601841412,0.33167415729286637,,0.3594986317347393,0.019847309203636046,0.35183754395514044,0.012029516957585402,0.3527752525382387,0.010905784200881419,0.34844368299261563,0.016619489628930843,0.35699225997728096,0.014555567971884703
754,0.3328735854064885,,0.3272994382123994,0.015406797402407588,0.3339640583839752,0.009841115782506661,0.3342044977434792,0.009841713541315973,0.33679144683848616,0.01050075074421691,0.32986834585029534,0.010920179433464523,0.3430463677487113,,0.33034111701936875,0.014957813360394517,0.3456284415536535,0.011498827725786802,0.3451358384683123,0.011444360181400867,0.31140863822494685,0.03559722184548738,0.3276780811152679,0.028686660597260306,0.31581012318062585,,0.32248178252444787,0.014282662044239173,0.3283838361262157,0.009834996526105741,0.33212054146958186,0.009671242757019522,0.3303791957644127,0.028409492826227886,0.3230396682964231,0.01608315957936298
755,0.3297137605069804,,0.3373143118511933,0.022103768084031243,0.3270786079919485,0.010549358727850202,0.32695996273386646,0.01055182789934242,0.328369509092743,0.01330633717805824,0.3302249415113986,0.013989467451099715,0.338151865716948,,0.3340825368280852,0.022537930784065477,0.34546283362138713,0.0197719236131109,0.34154097741705863,0.019252635189665277,0.29678430881112833,0.05204942459370318,0.34507855348061517,0.03780070625692277,0.297939378244093,,0.32267253937632256,0.015679714780901733,0.3220418429530993,0.01132834436026526,0.3299815523142252,0.010271694712295701,0.3277474408749887,0.019205494439194247,0.32711305275202623,0.01885192454758695
756,0.33012356822531697,,0.318910515610955,0.014386877633718497,0.3295701968830363,0.01032384613975858,0.32947254488136385,0.01032972289006164,0.37277005462984547,0.0332746111677771,0.3364491665175158,0.012759809300694617,0.33529600646658886,,0.34432366492734584,0.021988913026162155,0.3481929915814069,0.017441756525988023,0.340211740783528,0.015091541341629924,0.3381611350380714,0.07103193505989848,0.33927706013567355,0.057912840118331345,0.30834002793047366,,0.3225934176657011,0.01582179851228441,0.32630053877847026,0.010640009482762863,0.3305985204455906,0.009912437448684122,0.3462870204385126,0.030745554211494067,0.32445842000895503,0.020638412535358464
757,0.34485881081281544,,0.3392660584361515,0.017536105667830523,0.3459180354032937,0.01010420716968119,0.3459440975693983,0.010078926521640288,0.3225032532024031,0.015560131828621716,0.31242682597299926,0.015571313336248787,0.35041340574436286,,0.34345078498337644,0.014319065170442584,0.3541072113441794,0.011973773690580726,0.35332164467355703,0.011904326766074537,0.21078475061652202,0.0698799619697234,0.34593611208581143,0.03775902515078863,0.3293542081318851,,0.35098108589127386,0.021324970084712604,0.3472816178099958,0.011822458543286552,0.34635876270027954,0.010067682469788536,0.30928010476653206,0.023570300497416232,0.33700726498041966,0.012900846882979163
758,0.35278010846390945,,0.35854309067779155,0.0188866330245144,0.34965969596935437,0.012085152791015545,0.3502219183836925,0.011635409797249212,0.3511673499588223,0.015098711660953253,0.35090514677025886,0.015333466293139815,0.3615946039674852,,0.3871396170358511,0.0258482331230246,0.3631837204812011,0.02105376313422841,0.36207349125582156,0.021177948695645182,0.38646840089109413,0.02701885993639035,0.3534692506196625,0.01841633942101992,0.33472008723986474,,0.3474927941561269,0.014226197628771283,0.35092584841540764,0.010597707458114735,0.35447900643564767,0.010579854198253403,0.34779316740691185,0.01505597182509238,0.3493214690974873,0.013767714230271509
759,0.3629551700503086,,0.3663225394252872,0.018904212914126396,0.3663282200589868,0.011084429645165353,0.36648625414416053,0.011034627735404173,0.3664514470741707,0.0129822447547627,0.3635534713093977,0.011746224839567724,0.37049123838882003,,0.4025111364353457,0.033919755624280346,0.3763991393605526,0.025349169767259528,0.37160647957126525,0.024799519221147336,0.30757219264575175,0.049671876858287875,0.37313090826018736,0.04225605997162861,0.34235733887878556,,0.3577629524668433,0.0167997311473803,0.36284240542969276,0.0120763737872395,0.3647747868184253,0.011438470938466184,0.36423660190391394,0.014654025402528354,0.36415124738957966,0.012625625866827086
760,0.36125181050344674,,0.3728600171076663,0.020824038007713392,0.35937274047393875,0.010691510931306918,0.3596737745480392,0.010681694592068686,0.35672799179533937,0.01269651423824506,0.3613381788118971,0.012186966598893727,0.369708853201239,,0.3711555143062987,0.014671525660705951,0.37423570243636256,0.011558129172583073,0.37337009204415367,0.01146076783137585,0.4990107232450927,0.0644456506023158,0.3678682198938069,0.044311481155827705,0.3483205518368651,,0.3557007995844936,0.0141529674193848,0.359041967389491,0.010094982414690631,0.3605902149191596,0.00998652681640772,0.42880654986718725,0.04366442691856907,0.3576037554063499,0.03318529648005405
761,0.32844094398178264,,0.353148064757614,0.02256457085973739,0.33308546924303956,0.010667382168973784,0.33283798526550695,0.01050928246333886,0.33146026948636603,0.017661861433714243,0.3298928153486002,0.01216649449453506,0.3404982671833342,,0.35515448464286414,0.025347735511787362,0.34004452697127796,0.022587994193737707,0.3403569093717421,0.022606956982336925,0.32519345584132225,0.03766372909237297,0.3339301055059057,0.03532320415598961,0.3228332341687059,,0.3372877526786153,0.016364843999510974,0.33512710471057533,0.0103025457747225,0.33803971009272166,0.010033139589018374,0.3496648959526885,0.020116449000856518,0.33558084105873437,0.01264311134457598
762,0.32139850195743036,,0.32359992434791623,0.01817274630361341,0.3241970559205487,0.01112903922597196,0.32364923648757304,0.01102814351349673,0.32942186428933934,0.012441480510240613,0.3353618858783582,0.017262585070906507,0.3227569233931408,,0.3328411377112564,0.031010114533960183,0.35285460551837167,0.03280822902760986,0.3297846741557909,0.022137601575724135,0.35854151623402714,0.042973695110195234,0.3262554152268597,0.038919036571240816,0.30353845413878133,,0.31398859569756465,0.01296604521138122,0.3189269641365036,0.010672167346113393,0.3220578103456654,0.010391077465283591,0.3222696958155662,0.012436081398389021,0.32185283400883075,0.01358083050846521
763,0.3477335405956194,,0.32925004969089805,0.014317234359782249,0.34613414448766683,0.010719485190970523,0.34595455679711234,0.010561760235971641,0.3462371503633996,0.012858336014674735,0.34582012251651045,0.012281998310274477,0.3578100742153253,,0.3438449876099743,0.01427571097306705,0.35769384932333315,0.011612357372132436,0.357706319401318,0.011612686088300923,0.4684275423907591,0.055538206836022404,0.3480387852761876,0.043346320484094945,0.32917576818171795,,0.32192143249367583,0.01214099225484494,0.3383376595978713,0.009745756608722452,0.34370993920275666,0.009686513924567758,0.36402941941374223,0.016288184766868174,0.3515323227570724,0.011465225074792635
764,0.34677356188345476,,0.34080206679396424,0.018731570212481046,0.34356440197103705,0.02091660110223803,0.3439488033082733,0.02050849609628864,0.2972216683889306,0.040829327136317296,0.34537199309597544,0.012970323729096565,0.3546534916325656,,0.37298158915454965,0.03163454940638559,0.3601202177001533,0.02449982327471039,0.3559603657752101,0.02477977991502099,0.2533622645763293,0.0599111066914985,0.36497064355732906,0.04213888190796151,0.3240907137326182,,0.33127891114856783,0.013951954314053962,0.33935072631324154,0.01241119191800832,0.3468886475590948,0.01230408351999368,0.3078958120464393,0.023619800059089584,0.3437895417089891,0.013579437860542914
765,0.3201591473915981,,0.30980165143295896,0.015354051126086135,0.32036522046587435,0.010389795189287569,0.32037036299227784,0.010403629754298952,0.2926189071193913,0.033090104592313305,0.3055972344726592,0.015496018597262353,0.3266852581907499,,0.31252948982737516,0.019337811030649448,0.32564194853493417,0.016546438230965833,0.32617096618757513,0.016553340376198454,0.34214155826682996,0.026076662065731452,0.3184846872721377,0.016366261121816966,0.30174261140947956,,0.31581766685571205,0.01639971074483508,0.3185636024527373,0.011100281773648996,0.32222115986964345,0.010480719856482737,0.3171298420796533,0.012403333120668675,0.3116681782496911,0.010576972425292281
766,0.33949612553291075,,0.32149202484746475,0.013266975866195371,0.3347881846255756,0.010776250979687676,0.3342388928231973,0.010534766494415511,0.30705297281687455,0.034991403262111406,0.3279689316136956,0.021304049738816444,0.34635423681492367,,0.3390273009181373,0.014340367165590666,0.347896308671096,0.012290778151834781,0.34765690266683136,0.012276501695863038,0.3350841024059868,0.03761332298168872,0.34339907086938154,0.038461068775440206,0.32119911915281363,,0.32606365875390725,0.017737578616795265,0.33262070106786035,0.01187683172304153,0.3302862117935353,0.012945603179148755,0.3224270678767587,0.024088616278398974,0.32733166872734376,0.02129280248764216
767,0.3342818162141454,,0.32592064315563174,0.017011452675875317,0.33375114548708135,0.010804237681300718,0.333809468191967,0.01075814243057016,0.3285492079546458,0.014196501299818172,0.33390657032726173,0.015259585299077134,0.3414634489610021,,0.33265157146749236,0.016511842513303898,0.3433134368975781,0.012170044464718493,0.342821367708943,0.012156154404628881,0.33032300031672274,0.01577463399078733,0.3411601797776951,0.0117560800716112,0.31448666942436854,,0.31920403667902214,0.01484124115254603,0.3301807845638791,0.01095532636071484,0.3331562967929477,0.011447676833992606,0.34297053367251296,0.018552299515260492,0.33050970528137924,0.013501397964444413
768,0.34424722109839423,,0.34113592737818504,0.016248130797361645,0.34141924863433054,0.01249686011528353,0.34111056859296274,0.012476468399065292,0.33689757905858886,0.01987295265063804,0.335461231771024,0.011108529735151832,0.3531532349560597,,0.353298434908999,0.014455461106583115,0.35596702030589994,0.01134940872526353,0.35549227912013526,0.011317345382652349,0.3647033332634952,0.016022831786393958,0.35183381198318026,0.013639110069502086,0.32953410489149876,,0.33854669439855156,0.01506273868789558,0.34080548962036017,0.011782866362268295,0.34223228494291,0.011752333860826894,0.3378439246728121,0.012689601729414147,0.33970348103604997,0.011628837141942697
769,0.332850976223748,,0.33360398088084514,0.025496834662051146,0.3312968622925285,0.011161580590922336,0.3316172765031741,0.011165000608779592,0.3291581795473384,0.014083352970840537,0.30893796448340005,0.036005384925087994,0.339207449155993,,0.33179050729694487,0.014415204525040939,0.3443207068538184,0.012006679390693767,0.34304627613835387,0.011872153328577113,0.31665935613877,0.029788839639971736,0.3417978909701241,0.029589717973090682,0.3136088735003115,,0.3218158066212159,0.016134625512628634,0.3263075281996367,0.01069066074366969,0.3285010748981409,0.010220461111714749,0.32753079902392085,0.012827524011398927,0.32871812261130023,0.014240710549252213
770,0.34184277751825404,,0.3563597711022083,0.016373997094725118,0.34371663548426945,0.012368220616549366,0.34374401066802956,0.012355110738876058,0.32954234240913727,0.03217843233454645,0.34995430466316185,0.030771521424933203,0.35473412683620487,,0.3551585325569034,0.013625430252616214,0.3553581124706643,0.011161559020564834,0.3553220678816285,0.011158515975674122,0.36979476735648437,0.03674632807767957,0.3617660157626483,0.03466019384758713,0.3339517125618202,,0.3420555348292195,0.013086043351329738,0.343930974211456,0.0107119020242454,0.3457016616334772,0.010706271119314601,0.3632241141597408,0.017238700673200397,0.35149268248447396,0.018720974344541595
771,0.3464444551910244,,0.35604828575486347,0.020431882620856608,0.3505900994431157,0.01052386451975745,0.350940132714525,0.01051741842204707,0.34821264868834684,0.01297397592297594,0.35860842549680866,0.015945722364515847,0.36694162779737544,,0.3658667185414566,0.022779545217237178,0.37262669858333175,0.018640633245484876,0.3690991047562358,0.018376505657844038,0.42055964565135295,0.04853018925516958,0.3643311403132219,0.026391539677759878,0.33155489635071733,,0.3573692105346903,0.021494225171432457,0.35191826486653144,0.012161148170146584,0.3538725893285368,0.010472325335223952,0.3498232149090009,0.019840382759838612,0.3485504620969379,0.011184457926883395
772,0.34829032099284646,,0.3477167598987768,0.016125339933258598,0.3451454274311026,0.010374473591056782,0.3451724494727836,0.010222161045567082,0.3246587226495969,0.025027099811710612,0.34078395632978914,0.011537896647715443,0.3548538607761064,,0.35468436465992303,0.015464235784305346,0.36001470339878006,0.012796135965075551,0.35856556331561934,0.012630082059440575,0.2720924527263697,0.05872536947796514,0.3616794292846875,0.0312322445782655,0.33024332701809866,,0.3323872006176877,0.012733810611547807,0.3408962099570008,0.009823404924769309,0.34419405829098865,0.009771577915834542,0.3323507932280939,0.01399575626939453,0.34691349278115147,0.01348057466595558
773,0.3543359741349521,,0.3777950839393109,0.022185303373296356,0.35731128490060426,0.009956773775058724,0.3580255830834753,0.009938398493140446,0.35278478443565814,0.01065759824473687,0.356499627080088,0.01056497700535436,0.36330018513091544,,0.40298197678086545,0.03428792706330497,0.36776828443484166,0.02639804815890417,0.3641822506409929,0.025828775683114008,0.29592462801289227,0.04795620385390672,0.3539034738881137,0.034259526718904525,0.3376376423263469,,0.3660815350976249,0.01864377568643755,0.3530854986699351,0.010579639848991745,0.3549644728073208,0.010359336387403922,0.33382085016310203,0.029547046958747773,0.3502958484634753,0.030639264667380137
774,0.3345494906754718,,0.3375736864258636,0.015805356947848122,0.34124163666172325,0.0106754687850393,0.3422189513944154,0.010517283805407384,0.3437678239006835,0.010996591271700577,0.3332109548756376,0.01043942397047068,0.3402967922732221,,0.34430678350152344,0.016807057480752435,0.34500376702979957,0.012051521343278394,0.34365918690094166,0.01186248189824608,0.3488349508489695,0.01899282200084677,0.34490827894809034,0.018429112368541407,0.3125966193207909,,0.33119714224835367,0.013685633516132759,0.3361013117309332,0.010784512643713795,0.3446090492791551,0.010096583128653724,0.3347990529934165,0.012413752070290992,0.33599752134699035,0.01077426617737028
775,0.33401364541332135,,0.3375098346424764,0.014844834570761268,0.3399865167585303,0.00975955729590761,0.34032323900118366,0.00974033205237791,0.34050724934050025,0.011014464277594737,0.33629720610157027,0.01069073881971369,0.34148320275455,,0.3337237722236892,0.01300164415826177,0.3434987318126635,0.01095329744853931,0.3433095004990433,0.01093816252385567,0.3283016659844842,0.017134732919412112,0.3383059931966735,0.015530622309898035,0.3243475746765703,,0.33677455896933345,0.014761269883662612,0.3380479126867131,0.010169055874595679,0.3390744995338354,0.010274942456520022,0.3401480732117027,0.011194987257888617,0.3355240396754697,0.009980228043008172
776,0.329698350622477,,0.32024554167829394,0.019571977329961333,0.3292878153520121,0.010456674275704493,0.3292404869260885,0.01045351795512462,0.34067454144191534,0.02160011854282719,0.3298925084703115,0.011800551658185093,0.33695663086831534,,0.3169879649946132,0.012657547889157003,0.33751028417748263,0.010930168296043208,0.33747874034743425,0.010929638876193616,0.3324994566449267,0.01374151360848966,0.33095551162858117,0.013225342554991354,0.3162299707042217,,0.3170451223802821,0.016972764530163234,0.32713367715295744,0.010518057183576623,0.33209833829482466,0.010144911238177593,0.33895514076331523,0.015145456507283656,0.3365436731495742,0.011372350758754278
777,0.350858962334016,,0.3490653756515757,0.01722569091335177,0.3487200125842897,0.011359277383660524,0.3490024334941671,0.011158379570071554,0.3799056261075055,0.027547031920139534,0.34592616542586574,0.010387122668438388,0.35532338678681813,,0.3492565651132533,0.013736879027860839,0.3547578549792883,0.011877311450202929,0.35482748381338314,0.0118777939746798,0.28568671061210577,0.04860997520410755,0.35461463969880636,0.03600940604507905,0.3307751821213009,,0.3455396802505723,0.01731330762151777,0.3461163263690789,0.011736133896637002,0.34471906000828706,0.012869219160629525,0.35118843500498736,0.0177898852006731,0.34048371642352376,0.011887393793287068
778,0.3435994541492517,,0.3274486816573742,0.01397441041898413,0.34395537929191355,0.01048804701652877,0.34410890586700227,0.010486789484922397,0.338811029196347,0.011685450318041368,0.3406060518618317,0.011783478847805787,0.35068932301292444,,0.3354348465612209,0.014853534404197233,0.35302105156282937,0.012114308935530928,0.3525490484436635,0.012066128618961346,0.32201684620206067,0.046422531759316765,0.3555089486019233,0.040083865089750995,0.3249894994032515,,0.35282666784175276,0.025675860378403036,0.3458858215549299,0.013485738493788275,0.3480295555687537,0.010880254265181395,0.3287269041301593,0.01469840590959368,0.3402529718383318,0.01608720202409435
779,0.3363796355654354,,0.31773754747012267,0.01658032155234346,0.3302093164573459,0.016811932517231842,0.3302661412838812,0.016456106444408036,0.4178329697753368,0.05327597223861273,0.32173913500042156,0.05486267008780675,0.3378569774710021,,0.3219575742743234,0.029875355105913954,0.3527382774436439,0.025476762831145923,0.3414976671389627,0.02491952979611509,0.4346490206202826,0.05989359686600971,0.31787506977986363,0.054269892972462,0.3112276235121918,,0.31866187100620275,0.014234374801647352,0.3247181702813081,0.013105328450482288,0.32932835488931217,0.013449799942853058,0.38775306930438097,0.04639626564623619,0.31002114625858734,0.03889647423413232
780,0.3508609354390378,,0.3549936515651583,0.01469790454596181,0.3521778423086022,0.01223317599940769,0.35251297088154615,0.012258507486117821,0.3728523795988054,0.018435146003843418,0.3562551899047843,0.013876653244035522,0.3631282270685087,,0.37489695655565525,0.024483097047947176,0.3579022365768755,0.023089033255131737,0.3614195937280192,0.022293391903794108,0.4042100652212925,0.03512978211110893,0.3648148496158903,0.02502361303211061,0.32797872828076796,,0.35155467143848723,0.014005197009225239,0.35093022742159535,0.011362209268925253,0.3583405976291065,0.011228876122651412,0.3745152872220272,0.03026795589874302,0.353539365195479,0.026602851268024953
781,0.33914921522596436,,0.36161686848730695,0.022642131725741758,0.34209799512352734,0.010341825540108141,0.3421376215829205,0.010247024909107231,0.33978740604432944,0.01318558324489244,0.39866485553296993,0.01206953405353303,0.3494862518741539,,0.34282943519646225,0.013777595658729276,0.34841645022575063,0.011602675955560878,0.3485240924020107,0.011600914758549371,0.3283231647410029,0.019883473563505477,0.3440864824588858,0.016730071620677255,0.3291005937612019,,0.33615090561681493,0.014190405198188642,0.3404666575945633,0.009997057864769267,0.3451276933742943,0.009911842645990172,0.3477435311909638,0.014259898250110906,0.34398784911569086,0.011115571375721146
782,0.35287651437118744,,0.3420291616903739,0.01361139651719181,0.3561180674841891,0.010373349672794062,0.3571340562369664,0.010372520256580493,0.35455162555321584,0.010556684332056565,0.35341576099563166,0.010473497066345249,0.35935097340599337,,0.3641135773637606,0.018653440697866255,0.3619213571506039,0.014275567530531759,0.36067286741674137,0.014216608388086449,0.31524032745340363,0.04989322025175421,0.35816470823090285,0.03482987226635901,0.33847141681055637,,0.3382953211791802,0.013150540172469478,0.3494288143324176,0.010107034736576986,0.3593313714471906,0.010008260791452065,0.3533352232396601,0.012429709089992825,0.3514963404378953,0.010332302151181265
783,0.341941765552929,,0.3334762416692157,0.01550357515791635,0.3369498051834472,0.011358122539071466,0.3356499472641484,0.011325380977514071,0.433032423041934,0.05449828873607986,0.33432501529040587,0.04538793847357818,0.3512345509399959,,0.34070040848990385,0.01421943666958265,0.35397914539975006,0.011771296828017698,0.3536992664800826,0.011738835383820386,0.5037443821919018,0.06909634623849971,0.34038052080504927,0.03964013615147785,0.32339721917522035,,0.3435502526320841,0.020225568639468387,0.3410605479208053,0.012869594140848001,0.34001766966404706,0.010593598076422656,0.37387561282452847,0.02239506160983292,0.3531614327992759,0.01815752479149454
784,0.3435240921958407,,0.35190132397824186,0.016897647125709108,0.3475961762688311,0.01022411271941959,0.3477828622383212,0.01021492447515611,0.3513919895992611,0.012453568297351529,0.33992028806981933,0.010707198069650044,0.35314083889498465,,0.3449788665488987,0.01352419800527517,0.3549430102431535,0.010987369361059601,0.35483793277957004,0.010979821919925515,0.36712785151848115,0.024481353303835583,0.3561960925252421,0.022184475911570578,0.33443883037429184,,0.35086783845200004,0.016171381790337357,0.3480254779838363,0.010481666993788205,0.3487419741964114,0.010209604770998646,0.3515550462839319,0.01276082832548293,0.34670781501789344,0.011211354679381507
785,0.3314908192029573,,0.34386900582840013,0.021850155251296154,0.33660528893448133,0.01104596981866571,0.335585059854102,0.010537611002412222,0.32805197742918324,0.015611226214182972,0.3326642346637013,0.015686170913733907,0.3423981155210277,,0.3377558041071122,0.013338001394979402,0.3445178700419906,0.011005497568383576,0.3443798408539956,0.01099011440560516,0.3860254671196346,0.033898275442215645,0.33709109748614763,0.017043365387014744,0.3209063708830424,,0.33830798581167426,0.017933868832663343,0.33561616598653854,0.012064773037935671,0.33636146635820924,0.011000753359853392,0.3344579456158149,0.012398771855600737,0.33307941558793586,0.012505028539189136
786,0.3338850087387026,,0.37250221789026483,0.029016515141360215,0.3416454455798162,0.011628418289455992,0.338706793669404,0.011173039370351212,0.33093388973913074,0.01698192266349275,0.34855998565068924,0.022483862643004646,0.34279902635512205,,0.3317561563346684,0.015753195785132977,0.345991830076823,0.014642049631169428,0.3451478714218079,0.014572268536698785,0.26032221647703907,0.05972200568771612,0.34847384308149093,0.031012072670838154,0.31911508130736166,,0.32867851962526046,0.0147441162721106,0.33191049056137556,0.0107132995391341,0.334549699964739,0.010500012744419253,0.2882601685612511,0.03537567335904524,0.340977957092783,0.013610041592340293
787,0.3531525438780586,,0.3322501293189868,0.014798026167171588,0.3485778339234568,0.010708433288418476,0.34647294879641016,0.01073928792371609,0.3396279818125074,0.011615065561868525,0.33770455452543874,0.011637117425872357,0.36364588653363467,,0.3423024483440401,0.0160857786025061,0.3623729820957514,0.014213606449289031,0.3628435347686926,0.014236775293377937,0.32094342814306365,0.03540204029556286,0.3408364145212485,0.011453711005003933,0.3285863367353419,,0.33976191890230323,0.016639208322997746,0.34262520530300633,0.01093213859571629,0.34991691521307144,0.010276856530456685,0.33083938974623234,0.012885621454444123,0.3343723447858274,0.011737981145590036
788,0.34723322530931666,,0.3465117714160363,0.018567726974134093,0.35161591143335075,0.0114806680185642,0.3514469342979988,0.011306596110394893,0.336030789075335,0.014703022297900941,0.338093569888601,0.012616956465031132,0.352275379148854,,0.3414555412322341,0.017476149353579943,0.3557397211548646,0.013977216950546037,0.3544876320859927,0.013799004816391552,0.21314950719784856,0.06858964868448438,0.36033602926013447,0.0383700505713163,0.3307344511882571,,0.33916224845827686,0.016462156582253546,0.3456505457298106,0.010693591308413948,0.3507123760995526,0.010245086890847509,0.343984694702956,0.012395693221397249,0.3474484354011641,0.010742869682624077
789,0.36703636522193817,,0.3609799683454818,0.013710525976877223,0.3636718233192169,0.011448847502782439,0.3631581237753977,0.011382932345173862,0.3521267346684781,0.01550028744337006,0.35413277474402566,0.012297181175217836,0.377017982190671,,0.376219555052395,0.014254544432496574,0.3813451548129159,0.011610911835657418,0.38055544834963,0.011546604772372527,0.3804496213167916,0.012109845923898205,0.3807130205965643,0.012154900639665445,0.3506014473126163,,0.35940451816590446,0.01299235914319897,0.3628757895871921,0.010388613056412173,0.3656753921933555,0.010380051794441405,0.3642395389728966,0.011133280335298666,0.36482550428241256,0.010725711837349472
790,0.33733602252861333,,0.32747761075571935,0.015373385118212667,0.33496510833877885,0.011837723339421824,0.3344354903282173,0.01178583383157698,0.34184099008371094,0.017086651280383402,0.3428509276337518,0.01494544070794149,0.34886348561757796,,0.333556213360748,0.0139696079515875,0.3506344779507166,0.01224304135233538,0.35028133137362205,0.012201321847674368,0.3555601158692822,0.030835429688597236,0.34978618888561847,0.030092685179047923,0.32249771438047264,,0.3485864395080906,0.025624113110034808,0.3383191925238817,0.01257731497322201,0.33889006160730706,0.010776831756790691,0.3380619636677712,0.013018809917909609,0.3416763187140704,0.011543259868181898
791,0.31718019027284855,,0.33009879139251247,0.01651749353998661,0.3200881197436983,0.010069612262121413,0.3202382401328434,0.010043745445554956,0.3128305259782406,0.011609891064478448,0.31635552617073487,0.012490533599065252,0.32326023046636604,,0.3105578586037075,0.013603005523375709,0.3228664876621444,0.01161331225075134,0.32294594495677326,0.011615502420089937,0.30902526132586783,0.016690227509462682,0.30655721577766076,0.015870406517438932,0.3015297496946909,,0.3188767285943429,0.013707848629536237,0.31718625082178287,0.010438589480946989,0.31924732667947825,0.010221432888251338,0.3362439512487313,0.027283786427061082,0.3248501748325731,0.021360744582556282
792,0.34525280148534476,,0.3242873809231425,0.014498130039225005,0.34840862764740627,0.011753292000637162,0.34845463938998417,0.011693832877887013,0.35408306852539695,0.014958850391488287,0.3534822927837394,0.013007300459887435,0.35119324105117,,0.34397705089694863,0.017901768169772375,0.36232195297636643,0.01601898994282606,0.3576750262961805,0.015119020029877495,0.4119650002882378,0.037642041056696815,0.35977209670664584,0.032453723904055556,0.32024194510441045,,0.32053648957960257,0.013223294407745384,0.3372563287107139,0.0112884952152166,0.3467876853720247,0.010759812517845484,0.34654384554176,0.01652254054373053,0.3461090429893139,0.014799025250872413
793,0.3522119125659333,,0.3495566883931834,0.017584659692707647,0.35480140870537796,0.010055474365938358,0.35507268310481505,0.01006072937664609,0.353810211600593,0.010809457092573475,0.3537768391613448,0.011006245311131719,0.3530589154819983,,0.3498271647183469,0.016133478537272455,0.3557527813068774,0.011790498530604215,0.35512297605283616,0.011741291513853407,0.34727407274874017,0.03407312084228481,0.3432068243896609,0.03064103751072232,0.3366239409622945,,0.34638241403032355,0.015518511493243134,0.3515566215818355,0.010055999143618372,0.3546587592786168,0.009886956445913505,0.34739083061846726,0.01238000907037383,0.34703928108648113,0.011327928597369856
794,0.35579139715294383,,0.35481504065842456,0.019746202343848687,0.35877596946355245,0.01029319990593559,0.35899053815736864,0.010250641647692892,0.3614790604705134,0.011193499929301532,0.3550232971928686,0.01279246493551484,0.35953159438793614,,0.3485686668013454,0.014267653029801784,0.36152764611251237,0.011195154715192567,0.36136332296950757,0.01117914152401702,0.36179483292385034,0.01573326581002734,0.35599931105275034,0.012551407773778412,0.3377355767010591,,0.3491441497256513,0.017092844768020518,0.3543948426955729,0.01127750302840588,0.3586358047696966,0.010042977821849833,0.3618931165864354,0.018181674340147804,0.3499006369043203,0.012007824687235664
795,0.3468447700149145,,0.33314654617960276,0.012907598729733325,0.3442298808026247,0.010161003097314325,0.3435282655188252,0.010139996770713252,0.3436825512752516,0.011195841643799997,0.3436853483640243,0.01116995270181444,0.3585676724951867,,0.3419596074132124,0.012322636859874326,0.35895380663193177,0.010393500334295872,0.3589407616267749,0.010393104464356042,0.35809707669976576,0.012440348494135334,0.356003851453504,0.012566777885900058,0.33509452710566906,,0.3494821296454157,0.017792440576553832,0.34905169130577884,0.010859943516693421,0.35155398647474795,0.009993716218855933,0.35174574037612977,0.012010865456642376,0.3544715902049282,0.0109606534515594
796,0.33709967125849605,,0.3419685340926159,0.0169808783940854,0.338520478264117,0.009948305434628279,0.3387602706042752,0.009936402299103867,0.338353446236512,0.010478269590123393,0.34345780997458786,0.01238638519086919,0.3486118823199344,,0.3342987765357789,0.013639599796989001,0.3496237665582859,0.011009741684700102,0.3495511236567228,0.011008499379158224,0.35764626802378213,0.013927624772273627,0.35413333258645724,0.013030398897554567,0.32249158350980095,,0.3224905590743163,0.012549675083999116,0.3346532914196234,0.009686128576150595,0.3404487519460691,0.009634032701342206,0.3379626791566153,0.011395204287845292,0.34717239346280376,0.012467235144858787
797,0.344890112322561,,0.3425558574866066,0.01720442858044454,0.3474348325757918,0.011758968819870238,0.3471890651410071,0.011610236388241215,0.34490847879959236,0.020684227777324225,0.3285728861240502,0.015985145129742865,0.3494695187836331,,0.3533359524329709,0.015621070037218535,0.3550127514506309,0.012457300244708683,0.3538348865434349,0.012321917098595467,0.294362662238062,0.04879082707897273,0.3510246790237117,0.03511190372462645,0.32670478667421293,,0.3343215321440648,0.012817692547596151,0.3394493371049926,0.010650616853366298,0.3432059780288625,0.010466769887192194,0.34744173141639423,0.012990879936519071,0.3443107072589553,0.011393330918007184
798,0.3271207933423516,,0.314300737682606,0.013944802261106096,0.3318655100355664,0.014074740599541486,0.33327038950319043,0.014088275563116802,0.3184628084170187,0.02105117821083385,0.3108573781298565,0.01734911102595785,0.33214394604159847,,0.3198197002156006,0.012440440448983306,0.33152393981015177,0.011486090711976277,0.331466722681132,0.011482921483662952,0.2864109121311105,0.05353827058168805,0.3201169602189514,0.04764410533449335,0.31154092416617074,,0.3105714605304523,0.01277147379999204,0.31927674841918396,0.012294960420211293,0.32287579929668203,0.01302722357807653,0.3614056358371043,0.0340144590257478,0.30431822004363396,0.03670473897710745
799,0.3657845468279011,,0.36576935204758376,0.017164361759863814,0.3670132711007409,0.009983881456993589,0.36731761868744894,0.009988194484235012,0.3565882748160154,0.012153011868304909,0.3545324901804691,0.012155008658622022,0.3725712988689052,,0.3733501180450555,0.01735852335061277,0.37646005063433224,0.012512081467655842,0.37487004436065197,0.012372330330489095,0.31327680029704713,0.04907247347242816,0.3617925511585341,0.013607724248966897,0.35416360655010265,,0.357150198012388,0.015060948343960752,0.36541136394216794,0.00993229175893963,0.3690362684850284,0.009889373878453048,0.3601705804731617,0.010494126135710578,0.3542204995974962,0.01039461270205057
800,0.34182621314831013,,0.33564326727877747,0.016993641741027944,0.33959591081390333,0.010287342495738431,0.33928015429939146,0.010236960756649227,0.3365427684766333,0.014693788388047633,0.3445425754669425,0.013669465208395331,0.34729491838075377,,0.3467617068735997,0.019449953484899276,0.351316254327395,0.014088609987411453,0.3493667682408383,0.013718582803242193,0.27682567090328397,0.05084742955970328,0.3541556162752253,0.033673693841123765,0.31938057674040043,,0.32350864860341383,0.013582170594987775,0.33275465041792757,0.009888039451457097,0.3363459153826382,0.009704637559595096,0.33330739789242037,0.02075583306203515,0.34992871384186885,0.01777287424240284
801,0.32757386224375395,,0.30971589699865026,0.015137198672535776,0.3168050034206154,0.020959162113309147,0.3136089327209598,0.01836878804575468,0.2991029410849227,0.030303632154644735,0.3176609808100326,0.01127116562166337,0.3391850599403359,,0.3299170825257086,0.01801377018223084,0.33905418974932133,0.01456335544142934,0.3391074563983706,0.014566787384414377,0.2571602914754522,0.04339675593292573,0.3226535209295386,0.03471577930612484,0.3165457214032538,,0.3138056517896624,0.014554663641093762,0.3233534998624171,0.014601815741643313,0.3284401510167332,0.015101482090270055,0.34369422598267163,0.024850503046131126,0.32434463539042313,0.01165613780668326
802,0.3389438638512594,,0.3280937507977271,0.014898020959052518,0.34097339777313657,0.010263518120564202,0.3411007589878606,0.010288284941587547,0.34518516471561633,0.012275068422212675,0.3434865984553309,0.01155037149531644,0.3422895460082085,,0.3288250676531042,0.013736985693071212,0.34430632333260314,0.01103178066992647,0.34405046426142705,0.011016252349324412,0.345097865880191,0.013996992000865145,0.3433561737459298,0.012419118551560606,0.3216651965618833,,0.33942104763924535,0.018395650592277817,0.33897275382205294,0.01068863760646405,0.34040630769847086,0.010121435124227333,0.3323933330670639,0.011108186249875649,0.33621952411233824,0.010439570937857712
803,0.34793984524248844,,0.34164243396085386,0.01804277354740372,0.3434750527392435,0.014061146863963652,0.34319904777220245,0.013985408514090622,0.35717578601585137,0.017276154413626614,0.3501984934707286,0.015892502468988934,0.3555264903041134,,0.38056136332330665,0.025752378336153105,0.3734099346560941,0.01824121677563203,0.3626443012934758,0.01532702215311126,0.4950650613427474,0.06918540318893664,0.3486823256452896,0.02500750508422077,0.32354459475596925,,0.34106411693855615,0.015163536459609288,0.3445835305081437,0.012125745214784565,0.3495757998297212,0.011412390722687961,0.35437607807831895,0.01641841676595537,0.3525102793694234,0.012913031506694459
804,0.3540237735325035,,0.34519014042385054,0.018011379645930303,0.3439486177969798,0.01342612793908675,0.34191931726599933,0.013176992081858659,0.3414871726857532,0.032185926808050117,0.27081819011031394,0.035431556601845736,0.3657059998953105,,0.3525252901035695,0.015004368468670346,0.36431243282010844,0.01281885039107216,0.36466319608488684,0.012831390151258277,0.3424563783564014,0.02799442702786416,0.3548625561229757,0.01855808635063286,0.337706941631314,,0.35145218299417474,0.02487711180847569,0.3488484957793519,0.011105676347735072,0.3574010018832559,0.010244135934088839,0.3492522957560199,0.017264732798509885,0.34047791447600156,0.014912624894062268
805,0.3504608882833407,,0.34663335956000607,0.01450736835741327,0.3493400555545833,0.013993190213961653,0.3490992925314604,0.013969671686452769,0.34227686973230587,0.019110113792050985,0.3429781435047695,0.019040238282040163,0.3608944562853798,,0.36648300541227,0.028266962217936707,0.3745280754518311,0.02613124555984853,0.36444447519462886,0.02357631945123498,0.3892106890997282,0.03567517817016167,0.35974006181059953,0.021226200460706217,0.3373375717799186,,0.3524155311935234,0.015402252595564594,0.3514332662625602,0.013258975396122176,0.35334378348962436,0.012787861278698864,0.3496559744293735,0.01457334029562959,0.34807172790160773,0.013852700335477223
806,0.3423049011188817,,0.3403513421159063,0.02030343819183544,0.3441864219196442,0.010117288676633722,0.3441385651696374,0.010085991834098527,0.3303636025417423,0.014086735975121868,0.33590101824570556,0.014580985941450408,0.35293908819004205,,0.36452551902502445,0.020914901123599866,0.36065770617195747,0.013499446854776997,0.35746440145236397,0.01298777360760329,0.3085678581658098,0.04861400270071631,0.35276497091581077,0.038902406128113194,0.32394505122942596,,0.33953970323689353,0.01693925378229938,0.3421316710844883,0.01082872619789254,0.34693792020602177,0.009974793777170612,0.33696634301019623,0.014853263257523652,0.3439358635663563,0.014003944902884946
807,0.35063653958062657,,0.345425557096543,0.014885230385953529,0.35127281515092074,0.010073058719313122,0.35137013027761577,0.010070141939868516,0.4049330540049618,0.040388559772163886,0.35622796759453096,0.011574907951462505,0.35639920079350745,,0.3495428098977917,0.014260925549424852,0.35951236150570715,0.011405323930231139,0.35900443951106537,0.011350731309565472,0.38552164120150784,0.03752043154178539,0.35110538372119954,0.03848520819434375,0.32780211557741534,,0.3541364936852946,0.01853665534507201,0.35056660459779393,0.012535551237645203,0.35075401559620406,0.010090534868084495,0.3868568747165608,0.029605257379359852,0.34754221974557004,0.011215389849040337
808,0.3348341517524274,,0.3447325500582535,0.01874503150899705,0.3402019606138934,0.010535711989727307,0.3391008063600918,0.010553176433895112,0.4036506926076328,0.047269176930735145,0.3400356657131137,0.02587083521981609,0.34156780907040507,,0.3577310849506907,0.018987334666192717,0.34386332195473246,0.01372502867619493,0.3429665079968004,0.013695493886771342,0.47397492352681697,0.07879990855127492,0.3420152513612434,0.03829030966093898,0.3235161821297876,,0.33066175036121187,0.01333000307322288,0.3383815524176398,0.010259460371715769,0.3402626682554581,0.010026712014288806,0.4007410361592481,0.03581164736294428,0.33486792643811025,0.012519264048694967
809,0.346901233786515,,0.36759385792882043,0.02189996203126777,0.34580872958358955,0.009975099349313801,0.3457504020333052,0.009974454381467124,0.3401093002036129,0.011477046328291399,0.3464027577688351,0.012352061848840114,0.35216941904464866,,0.3590084175090126,0.019147362589837368,0.3508447382653447,0.017000907740854897,0.35166562385715194,0.016972194613596277,0.3512722177572163,0.03623164216808234,0.340278886328137,0.018961479652030027,0.3337530944930947,,0.3438371746451999,0.01473186258762535,0.3421658130596052,0.009830570945688715,0.34382670975970175,0.009795832567448105,0.3486657534153649,0.012928734325153372,0.34277677496501013,0.01104170308383606
810,0.3544972247727124,,0.3429073276047858,0.013029121450801205,0.3577452362006165,0.010128259328502767,0.35893879585123545,0.010156510810634897,0.3523568493003057,0.010951902457608447,0.3510414865297386,0.010951783576180625,0.3652965539864734,,0.3469360517532262,0.012344198474338755,0.3654381814899813,0.01097522441526045,0.365442869347842,0.010975435410676512,0.38148108477729903,0.025597911746823823,0.3619133303689975,0.02195116704057196,0.33993402868349865,,0.34393613812472357,0.013951704140887857,0.3543454228448617,0.010571609603511138,0.36188483858108444,0.010077250088305744,0.3593445306325291,0.012854779986833757,0.3590983759234415,0.011805957425268614
811,0.3598733335680828,,0.3630439358100337,0.021002643891994764,0.363458902588651,0.010331182568874574,0.36399046614823405,0.010293364327859232,0.3679724816419409,0.014510224149272737,0.36056558745343453,0.010808734180606723,0.36554126518176117,,0.35469256411839406,0.01447796311699421,0.36650002736469,0.011446049895411438,0.3664731179376571,0.01144311844676284,0.35686563605528865,0.015216757029440843,0.3700520325099834,0.015163046419365389,0.33017035219274404,,0.35312567955766067,0.018327619062472343,0.35524221096638287,0.011281533591027538,0.36811732660055274,0.009944723237701458,0.3605581863033055,0.01491117253997646,0.3559996359340361,0.01086767223522263
812,0.34881459979966706,,0.34718320795822205,0.017232282316915017,0.34765393408188355,0.009927796305278352,0.3475966067776138,0.009920051772030612,0.3448268979835722,0.012801754123723186,0.35707693100388616,0.013813840532034796,0.3523297140847701,,0.34993028297678613,0.015982113467827738,0.3568938514556507,0.011559521180737014,0.3557400032378242,0.011432274595827336,0.3529969978208397,0.017530457014749257,0.352861378757592,0.017496914508600372,0.3288340719477163,,0.3427334457858999,0.01615731221143773,0.3463325642323072,0.010647531101924715,0.34986828844034307,0.009786951745502271,0.35243774303083963,0.013530533998881612,0.3525555821711579,0.011203543867564857
813,0.3449285195445629,,0.3233832711459554,0.012985290098179884,0.34387260676961445,0.010018891088044666,0.34357240805372263,0.010004099937896992,0.326335227202274,0.02361776707477034,0.3359377965955194,0.010441114532125841,0.3554260910458294,,0.33273758994961655,0.012969971163866445,0.3556137204740218,0.010642735886077193,0.35563362392966463,0.010643378161858895,0.286862369674557,0.04816427595464579,0.35461043808073267,0.03524277030484425,0.3247242323595993,,0.33801217242234155,0.020553041007339474,0.34151172179092026,0.01235027905156317,0.3463163511218904,0.010948362816356874,0.3480923096232297,0.019098192004416457,0.3419813718192324,0.011307748374751809
814,0.35786852371107103,,0.3570145730237301,0.0164521335671299,0.35726552367434816,0.012199605305955886,0.3570837435744443,0.01219736283854078,0.37004031338911836,0.01795987130768788,0.358105989947489,0.012147189219115968,0.36980665536753077,,0.3781811596893024,0.01897324329255894,0.3758109111746877,0.013588596114761124,0.3733784601247928,0.013300757068114224,0.40430822900063695,0.03492510865434121,0.37793117680234595,0.02057691680183719,0.3455575344439342,,0.34622400988398633,0.014060344923142393,0.35753845980626625,0.011206550984434684,0.3630287470670981,0.011001646185407951,0.3593570357540746,0.014747347320760116,0.35936461386292284,0.0113907579966831
815,0.3573015656139189,,0.3522912785883271,0.014767316978288569,0.36175529961415137,0.010889360600282644,0.36173994013808464,0.010859561622704688,0.3712430824134277,0.013769854420361539,0.3620394641132645,0.012384177340788338,0.359040914128725,,0.35819295538128637,0.013892808167576582,0.3618687850876998,0.010878984466334346,0.36177325297034646,0.01085939018119101,0.3710408093968464,0.04565154006955865,0.35338604504271043,0.026745110591418538,0.3378861890722458,,0.3545892556728447,0.014172027347744434,0.3571444428124624,0.010939109967228597,0.35976956814020633,0.010646317301736197,0.35966144269075434,0.011596562178527435,0.3588419441995072,0.011048160378136204
816,0.3455336068007622,,0.3399906352376135,0.017706950415345334,0.34435231219703427,0.012312601953180877,0.3441523921634301,0.012387385948830968,0.32988380954916535,0.017685284333002853,0.3141481833347526,0.01780023566844903,0.35874171804848826,,0.3479322425206929,0.01622237040606825,0.3617447472542774,0.014817870283069228,0.36102465456058036,0.01475468441981473,0.33153347592038485,0.019891699459068008,0.33537120783409147,0.017342063058076947,0.32847823665712195,,0.34173950900359723,0.016491438590910665,0.34404187687234156,0.012010134023526697,0.3499241162916825,0.010882170394357845,0.3354919234697723,0.014910647137051723,0.3254777477154986,0.014247178193299851
817,0.33737617601840286,,0.33457170863855545,0.01469598854220809,0.34161745697190676,0.010822434147519648,0.3425018249292134,0.01073820347888051,0.32941487523832846,0.014316774225527787,0.330940153888001,0.012365886392351373,0.3463309649095764,,0.3305008186265554,0.013599378062245293,0.34671312068541366,0.012551244290651025,0.3466747447081299,0.01255093899693578,0.34276973378891207,0.03247863230982018,0.3478469441753435,0.032033414995468676,0.32446994835962595,,0.3402551720189379,0.01689771001938277,0.34155420033098866,0.012017468235742816,0.34537094448312694,0.01050135312972982,0.3345890313257676,0.011400035880003663,0.33669461654598964,0.010855156498964324
818,0.3316662645336332,,0.3418610017763421,0.018624187046784736,0.3353642452021266,0.010591138856801473,0.33564886423162127,0.01055706297682647,0.3307007063054354,0.014232993867245195,0.32608061983085074,0.013245837863513493,0.3395060201968459,,0.34179296296542794,0.016891723748379266,0.3442743133165418,0.01170151086925462,0.3430340894381003,0.011574204499624381,0.3345707207891359,0.03176166813797697,0.34388425371732817,0.02122513188032262,0.3149348954341729,,0.3395293806076045,0.01709846646595995,0.3343770175730998,0.010999737920867534,0.3358742481596893,0.01028568972854539,0.3331685515018826,0.012332559238628025,0.33038286086268914,0.01098089921157267
819,0.341917993888727,,0.3433209577819699,0.01635934526354039,0.3400028321459265,0.010446720737391526,0.33983630953364996,0.010470751593058525,0.3447589320090798,0.010942129911862249,0.34566364062346344,0.011315779883342229,0.3519869112308012,,0.3448327270053757,0.013527237796508228,0.3533862126030902,0.01136881541943528,0.35323592607281223,0.011360820566975922,0.3625539022093023,0.01482102484383187,0.35439180503376017,0.013140503067235425,0.3252169527483034,,0.3408830304383493,0.013972099581088249,0.33978364270191164,0.01047354574831321,0.34409574264086557,0.010151158963466642,0.34284747533459586,0.01235705655087735,0.34150060561782547,0.010974228901413542
820,0.33415796476952075,,0.3308917091626262,0.013558646119514793,0.3373142245105266,0.012115226941210333,0.33784713985393516,0.012109087014663443,0.33345249274148886,0.014689610633448778,0.3291261158579862,0.013344722686030847,0.34270374857365477,,0.33777655991977307,0.015076860352759269,0.3413978180102878,0.013705963237358523,0.3417536778427009,0.01371759513737086,0.3268084578420227,0.028078818858135384,0.3318021250192372,0.022743491313009248,0.32317951043656423,,0.3268810165223072,0.013706925414843737,0.32849695691294695,0.014809986666049114,0.32989363185290244,0.015778612573848428,0.33388217754488536,0.013360858801188643,0.3256284462748996,0.013483249703308225
821,0.3352921114799345,,0.3191287295582388,0.013337363999451644,0.3400721157036695,0.010742792908215745,0.3407743766431412,0.010637648587596816,0.3650139777483978,0.02206072025353502,0.33740206279886054,0.013923863074799068,0.33963812940672544,,0.3235148264678736,0.012850082565037606,0.34141175592278233,0.010807607399660971,0.3414109129245658,0.010798926864414644,0.42657583966585255,0.05123000698745011,0.33656913507502484,0.04247856619384135,0.3222723710273113,,0.3281371087954756,0.014587142661098897,0.340660138849553,0.011004519629153475,0.3456913741635311,0.010354970978127943,0.36826981151068927,0.02452079959915797,0.3303677243633395,0.016291279558147735
822,0.3289682207309264,,0.3434728106974278,0.022162411417648915,0.32437832299453406,0.0130575605382511,0.32536138093574374,0.0132747128897323,0.3265584315903261,0.015424523219478835,0.3219537592386983,0.012739415915806117,0.34055948500252436,,0.33588552520542037,0.015586381703343342,0.34286594998885234,0.01299706201685087,0.34234013244074374,0.012948138610105579,0.32722920632807767,0.02656095810109652,0.33973565078840695,0.024398941508027107,0.3132470225637841,,0.3206681562403917,0.014055439665205605,0.3243450222744986,0.010714302971911152,0.32772153380359326,0.010532421664705574,0.32546013228327825,0.012243825597647036,0.3256222627698077,0.010730592202743732
823,0.34477263104526035,,0.33501732836781245,0.017315299325639,0.3462250237058728,0.011595380917037263,0.3461091976801255,0.011747852828493359,0.34661325418012956,0.020556848383756238,0.34886042526222655,0.016769232283337474,0.35040258196017504,,0.35000097542609676,0.01961104623286083,0.3536979126348122,0.014405241134274936,0.352122792207778,0.014307205404115637,0.3346358954200865,0.04164868520467997,0.3531006787041377,0.03688379884596617,0.328471090491954,,0.3548115338286347,0.025412490116561957,0.35077501079298995,0.012644743758477968,0.35067551691078924,0.01095306525730405,0.3496359462166374,0.01630151856426729,0.3520117977791868,0.012487409631720991
824,0.3458566696020175,,0.3385525803758578,0.01549119759342223,0.34463597017418096,0.012905588894251668,0.34430783676765714,0.012886976506177244,0.34484276486389037,0.014103401724126738,0.34221994695893626,0.012612820356217523,0.35336666932287336,,0.3409043422107173,0.014221666853862992,0.35535644284710355,0.01193318661519479,0.35504151966912045,0.011904243011241992,0.363531465235611,0.026968517957220176,0.34168140522457446,0.024350759965358987,0.31650548088338043,,0.33508655759821926,0.015604748206012277,0.33476140688467404,0.015077962280266689,0.3383269308961372,0.017989309467783866,0.3424899847903971,0.012264021790826423,0.3451841506939839,0.010801539364282327
825,0.3325884742716858,,0.3697859716779798,0.0270382271954552,0.3384292350398498,0.01075893228834599,0.33705993047794597,0.010647795102434575,0.3035166622124329,0.0240540798842335,0.3299091975417348,0.026801451340164605,0.33972538060149515,,0.33911423499879295,0.016338425604525333,0.34274820180569227,0.014303840623603552,0.34153780655286264,0.01429681664134074,0.2035783179234083,0.06237029086476318,0.32594258124673686,0.01573207066834046,0.31817380095889763,,0.32986978474122347,0.013397280903989561,0.3333987645000738,0.010109690718643998,0.33745745123007614,0.009929018789197688,0.32830701594744466,0.01402346821714876,0.33566065219579744,0.014974337417856962
826,0.35719177164947474,,0.3559787117274179,0.015831700790096305,0.35741110767413653,0.01007871505450233,0.35746968383754074,0.010079335786659321,0.3559425757459453,0.011357882626057221,0.3570988523445621,0.011517048376237885,0.3653335563590784,,0.3625593184291685,0.01607402282996294,0.3676651453406272,0.011846170349554444,0.3671187877309247,0.011795223564033501,0.32859291179056616,0.036707328491032185,0.35542040636835265,0.02042561140443796,0.3353884617103734,,0.3521575294531572,0.014981389026148179,0.35213957561363024,0.010328376575746421,0.35601975848449563,0.009943124790010435,0.35482422092316057,0.012140738312099691,0.3560862608200385,0.011517915040569928
827,0.33179648718535454,,0.3294193037606577,0.020473750159910195,0.333029595982749,0.010308703543413171,0.3330389355468292,0.010295698587134501,0.33669885096144414,0.015015594204528719,0.33637966090775784,0.012456310386359581,0.3392405533336828,,0.3194794575158354,0.012947594765372467,0.3401179087779147,0.011016252698609064,0.3400451403520873,0.011011655706214733,0.34494007196425497,0.013497599317278865,0.33886621664921,0.01256506409288037,0.319383738253517,,0.31630814607158186,0.014149099792905883,0.33143860191478514,0.009698201721221794,0.3365060484107256,0.009560644661781154,0.3248850311473378,0.011111228459438268,0.33279719491963816,0.010901045882334799
828,0.3636337415550485,,0.3600877350071183,0.014744988462962152,0.3650690601770309,0.010448678068564199,0.36527061919698955,0.010447355966646019,0.3691698948953503,0.01124932606863255,0.36740624999765853,0.010852165805574706,0.3691723457684165,,0.35824086564391433,0.013353553176313366,0.3689940697711113,0.01166268804392246,0.36900713808081886,0.011662862597413937,0.37885599040909906,0.014367434177119267,0.3740678827793469,0.012494096796183123,0.3457456789704655,,0.3512049575171742,0.013917316006732853,0.3591525273991421,0.0101000642139464,0.3624882113739224,0.009860672290954192,0.38750486041320575,0.021682063645815913,0.3622968182468067,0.010949333264666758
829,0.3530937941780273,,0.36002844196895684,0.02062716527115493,0.35632145787728164,0.01085449443055075,0.356747755954898,0.010835870859923205,0.3639522106411257,0.011953702638495368,0.35473596680271674,0.012227941657328755,0.35842934901570084,,0.3440059637001357,0.013527629109696772,0.359596943930272,0.011097529118456273,0.3594800639159872,0.011094342579094953,0.3541455163987811,0.011619336676278192,0.3512427004993025,0.011935876573455625,0.3387998748069461,,0.34756472459043064,0.015571080552031777,0.35166594381674454,0.010400964571529758,0.35550382921594564,0.010208248396907696,0.35096837279629667,0.01063511734355315,0.34765580727764955,0.010955616392299038
830,0.3592951530755113,,0.3515918713866148,0.017124420549351003,0.3591132868105407,0.010130441557055073,0.3590884981496869,0.010129738284358383,0.36968852790813767,0.01409536104278147,0.3556600954447114,0.011722599921807082,0.3665654948017459,,0.3585065354032643,0.016543999396162593,0.3677473219683514,0.012815346986463827,0.3672931617247716,0.012804723582797302,0.461796478718402,0.055017494401383434,0.3596297486358784,0.0159505145554414,0.3481384355537384,,0.34574378427183283,0.01567657401860204,0.3567081544845366,0.009809385433324118,0.3598586325017513,0.009798577123852084,0.35339667936641445,0.013335593243756065,0.3431700180894757,0.011148704822632503
831,0.3347991970149032,,0.3265184362027394,0.016642809426356608,0.32942737301823527,0.01363160864113346,0.3298820734717906,0.013691440657486776,0.32605901850708874,0.017483530378875928,0.32049632236973014,0.013537008658120957,0.3407431189523999,,0.3366584456683001,0.014592687127682849,0.3432957557799735,0.013536738068648165,0.3428032532478199,0.013487383412405737,0.3454239190356442,0.0283348128711689,0.33235248943913603,0.02507661760633371,0.3154140360985602,,0.3210181173135631,0.013028519540139475,0.3271126952909103,0.011833982281989766,0.3307268129075111,0.01187816032057142,,,,
832,0.3640873654569326,,0.34214970230115743,0.013226823809168245,0.3633286470443788,0.010564010885461604,0.36308172266382704,0.010538412829171862,0.3569042118017287,0.015611872531219248,0.348329836504468,0.014927853496110552,0.3732279892578984,,0.3689624108840224,0.01691833946359489,0.3758604364615729,0.014177165936843714,0.3748978131242196,0.014134220440502337,0.3995963906356186,0.030795880797991584,0.3687647451677382,0.025151964140035416,0.3435048827191495,,0.34952764960039645,0.017091330913459695,0.35564743461119575,0.010930676607060449,0.3621501068089405,0.010445108243643931,0.3472850054689326,0.011442319087746823,0.34344258563252983,0.011781575514737493
833,0.36069457522713855,,0.3460191468195595,0.018522825183325455,0.3465909577162391,0.021901506740819022,0.345976038420818,0.019026280227568332,0.33741474848525177,0.030762258041601948,0.2886214341911965,0.01623174722395295,0.36600013476620386,,0.3519467638085958,0.01645198331708794,0.36557309289578294,0.012867769380094554,0.36572587014779234,0.012881295194097532,0.2938770142623309,0.04962360730726076,0.3688386672444654,0.04443354251018123,0.33424645203384196,,0.3483330683692108,0.016539331055633457,0.3517753732675866,0.01235625362230278,0.3574871945113498,0.01171269124363812,0.30811907944475003,0.04183625037688804,0.3557584078534381,0.03934598248502985
834,0.32987750549077505,,0.32929572419984976,0.01900500744555458,0.32549642519031774,0.012739143530694245,0.3252928021850518,0.01282724462349303,0.3555411338562731,0.03145171470624938,0.3262316833450638,0.01329030868018114,0.33667237712655396,,0.32656413765871717,0.013702502580059598,0.33795184082515184,0.01138209756532622,0.3378049110464608,0.01137126633765106,0.30245552150685434,0.03617560200877797,0.332353964694051,0.03155325035764104,0.2957219325534222,,0.3197633134049443,0.015292455579491597,0.3226331202463143,0.011576583778111712,0.32750794366810715,0.010504677346225743,0.33459705143932905,0.01541728639084451,0.32680757039263836,0.011670196756490338
835,0.3321649967228415,,0.3270637246367389,0.015208263027273409,0.33559903673440195,0.010028863924087266,0.3357404866949304,0.010016993515183334,0.3425076028905326,0.01120331738505081,0.3411181069929502,0.010851813640266286,0.3353523371940094,,0.33261473724401625,0.016131317695404452,0.33807664468964077,0.012486679921468305,0.3372270795661469,0.01239844770423601,0.43959882757615104,0.0631681100433498,0.32749181177827236,0.022616575538882393,0.31731965831917563,,0.3290318107040102,0.014572186885496096,0.33240314746012634,0.010081200639940993,0.33442061173229587,0.009878880086256632,0.4172157861280325,0.037761624239019166,0.3461956300829459,0.012392473532918759
836,0.35882407700047914,,0.3663682192190183,0.020101895408608753,0.37127518581262303,0.013522035018364848,0.37028142216823334,0.01139299780941933,0.36299922841522636,0.02239955732023474,0.38815495769236674,0.012184514453106452,0.3647743454344766,,0.370139849783233,0.018885192546561926,0.36300460401422363,0.015195389315869699,0.36372182882871357,0.015200694593914493,0.37003031617813287,0.027792621935481644,0.36092132500581436,0.02637560190974151,0.34233262568261064,,0.3581565485332328,0.017823731188615015,0.36766912011848674,0.014213530287284748,0.3715410210841249,0.01027405072487843,0.3611078681441687,0.014603354959473597,0.3733243529889952,0.013873856769648071
837,0.33160845818750073,,0.331338439508125,0.018258494775524593,0.33561043155094317,0.010564762486201812,0.33592800543968043,0.010415825999733704,0.3364748449749121,0.011972221683529372,0.3281843637787157,0.013337717362002136,0.3378014061781886,,0.3328033315669363,0.017330161319686482,0.34126114622153464,0.01375793144328902,0.3401404568735219,0.013667822067628795,0.3535746159579227,0.05044474918385096,0.35157490210140335,0.014925971581856096,0.30453235559875713,,0.3290936937174574,0.01719454422143939,0.3299505783714089,0.01273078362843959,0.33746948543250366,0.010069454833777221,0.34304423144477,0.018621538836701163,0.3393971913151482,0.012194825640650813
838,0.3408404160354303,,0.3685191726275635,0.028278952228955836,0.34063778987162296,0.011058390649657692,0.3406746211639168,0.011041950939451083,0.3233226452429101,0.03472966422505648,0.3434017484660522,0.02687764886691935,0.3534870546215719,,0.35331278237821684,0.017934821789359682,0.3537236910255486,0.012881438775174812,0.35363479154772387,0.012883834879314987,0.4143541522661092,0.04481650624542315,0.3536347711368467,0.022474276889562092,0.3121528029768262,,0.34205146951482746,0.017238766111331797,0.34076891572116697,0.011463163652968568,0.3444965663200456,0.01035365040970331,0.36282460313628206,0.030975446104544616,0.33903698835864543,0.028872840422529664
839,0.3877324547839122,,0.3755469710113145,0.015303927601126659,0.39340103061646975,0.010208608342323006,0.3940351696278543,0.010187251499290988,0.38876090355578574,0.010939792946932172,0.3904552575993001,0.01159675738150041,0.39052035225674253,,0.3801077921389365,0.01581885317247585,0.3936484331920307,0.011630903924476061,0.3928377271393923,0.011585552941219065,0.3796202122612037,0.01270899084238033,0.4036208197135576,0.013628565639239256,0.3724558677725673,,0.38005227427945426,0.017785010722136292,0.38837248644170647,0.010226867384420994,0.3929538066839721,0.00995549382580626,0.41570532863290766,0.024874205621336184,0.40020084516667914,0.014531769406414992
840,0.3389916868198049,,0.3377618289850027,0.017961300165866827,0.33929556256586063,0.011105799763140162,0.33929871482526763,0.01110408334142288,0.3838161098652405,0.029366728592187544,0.3426172077662462,0.010767545327083872,0.34362865097096407,,0.34799982048976363,0.018469995430487784,0.3541543788490599,0.015385217216880165,0.34921140470878276,0.014304919889936037,0.39051921757550023,0.026840873589825603,0.3443623042244003,0.01444161026829058,0.32282971536546967,,0.32998011208000544,0.014213043810544803,0.3354356385219903,0.010727731722650811,0.337310914702178,0.010524864417545703,0.3550720482120389,0.01566849557269283,0.3298086380595182,0.01065794914540946
841,0.34936407716306694,,0.3325582406219393,0.013716037443566266,0.35049390350995424,0.010084108839386215,0.35079678850726576,0.010087619349632853,0.3442858348153226,0.01124999669350972,0.3440007350722023,0.011035564565047652,0.3538149436212052,,0.3389329970624501,0.013404531888717484,0.354179472782411,0.011269516234224671,0.3541358182359675,0.0112685527822634,0.3151887665504276,0.03551078982309913,0.3533485166203625,0.016255701889843276,0.3325891272034359,,0.3352948079248408,0.014386721494702432,0.3471103529143583,0.010134082058353347,0.35375235580066716,0.009940955263147744,0.34647734223461885,0.012809694539570276,0.3461577914617595,0.011607371445407364
842,0.3607981455816536,,0.35869696210426766,0.02372053900948197,0.3617125890884581,0.009827844839768242,0.36188425554238735,0.009828273050032399,0.37175134184588154,0.016451649915402437,0.3668497602954923,0.012416867898702817,0.36460927112375263,,0.34684737063084914,0.01425928392972133,0.3659978721960874,0.01078279877847389,0.36593950694552935,0.010778605769790473,0.4743032403178543,0.06028144444322711,0.3560215807719363,0.034436142924419225,0.3438976700620593,,0.36393562250162736,0.0237058183413638,0.35755211639441864,0.010173969573953369,0.36137501773591163,0.009753751262308225,0.3757733559766919,0.018519175956163543,0.36313287612890316,0.013749140461775873
843,0.3071447874158712,,0.31077041301926034,0.01980081346986718,0.2945613249132285,0.017124152496802048,0.298481911821693,0.017061630295086443,0.2829895482559078,0.024109461113915334,0.2897155524795222,0.023750032915269045,0.3156704563522631,,0.3146065371390023,0.017174852405045408,0.32939715872679237,0.01635360495871053,0.32378124199072406,0.015043119861340286,0.31032604075245634,0.020689548777234487,0.321113423810463,0.017746395843420658,0.2882054924054322,,0.30178223707503454,0.015130657355889626,0.2994913497514705,0.013254490266173594,0.2981176740271704,0.01415194558124509,0.357169491875132,0.04156655047634441,0.3085249186910335,0.019261163003899233
844,0.3364458749368929,,0.3292330028619927,0.015177827279971544,0.3282920110843002,0.01658132343477235,0.3278235829765505,0.015689313682891743,0.320156338330743,0.01705405813589653,0.3086381388327113,0.014250206338630056,0.34629032466636045,,0.34153150032087715,0.01362719421435673,0.34721817765301194,0.011490705083852906,0.34710430951628807,0.011483816999479994,0.34475221424499464,0.013792772017357461,0.34277665951082786,0.013117922735962465,0.321667809072991,,0.33057569433499795,0.01633937543089633,0.33021656116359777,0.014988731282215811,0.3301441706534605,0.015278680251855272,0.32540616877901596,0.014041058928313992,0.3272448453477929,0.012634793644141589
845,0.3440282892707528,,0.34132234056624056,0.015054403013351918,0.3430894856593619,0.009904143516402487,0.34306687280861964,0.009893313519811202,0.3355004018406999,0.015254765025627398,0.3360365337148331,0.012340047929914617,0.35157103657476624,,0.34515814998385025,0.013395609765873492,0.35410941658523787,0.01147201146204912,0.35369284892275343,0.011437083184251712,0.34880061442171123,0.025649170736575282,0.3375879303694367,0.01835182228460664,0.3300079238634631,,0.34464740991988085,0.014360905885310315,0.3452622894836304,0.010513071735195466,0.3469944885588231,0.010057409909184942,0.3465147174664819,0.012696438244387896,0.3425754335959056,0.011335563764104517
846,0.3520390356352638,,0.3555287608238733,0.016624600043055195,0.34865539127274464,0.01068968597165373,0.34886950315131693,0.010576250189527965,0.3014332102278846,0.040210725808649005,0.3520047791351103,0.015726269506888397,0.3580099939162599,,0.36114353052704407,0.01612052165347797,0.36360568680058925,0.012403842787790189,0.36207824078388473,0.012209360239353938,0.3259845654458402,0.051628503961562655,0.3628930644330893,0.04358352198687386,0.3303345194530156,,0.34271185984922886,0.013161426260014202,0.3452763393535539,0.010411306042495704,0.3483967958481112,0.010167769557014523,0.3503467820785201,0.01207647892347991,0.3491431796006367,0.011150243184459412
847,0.3524764125673114,,0.3544823333026841,0.015693837011532322,0.35248630122603575,0.009931517732792303,0.35248685043806965,0.00993156506601715,0.34755315293031225,0.011400152697425305,0.35272976575110343,0.009890138273174162,0.36281408349936245,,0.35977651404753036,0.013860283452670551,0.3638666324819692,0.010494863560301382,0.3638730956198838,0.010493936821678842,0.363830509168626,0.010986770248112569,0.36670262155599287,0.01107731861454453,0.33921329239484826,,0.34635632339190553,0.01360854510549375,0.3501519873437405,0.010036616275959002,0.35249857930493517,0.010034671941552413,0.35501724093611553,0.011872309937778557,0.3528483909195136,0.010069422732696235
848,0.34741677039640834,,0.3620094204807582,0.021506941544825055,0.3517142455297273,0.01171746091157002,0.35186006688933913,0.011611895761288033,0.35459665645611677,0.014153329575691095,0.3435281775046939,0.02558479925008758,0.3564584002196748,,0.3519174308232153,0.014798963040172189,0.35565543614275447,0.012721557958121854,0.3558246349551243,0.012725856944494567,0.34382666920673377,0.01573817837619264,0.3464085692002472,0.015092505534680152,0.33504042576464577,,0.35755163917044036,0.020355631233433376,0.35208197625758414,0.011426768881048911,0.3537944300934657,0.010616986505005303,0.35083215710402077,0.014064115047501468,0.3484135365615063,0.01191191166232035
849,0.34561739135176184,,0.3784696422773034,0.024182437064945227,0.3616025106320929,0.01235443059706661,0.356876066262944,0.010564453203609778,0.3574357648354108,0.014920132756588758,0.3488379746474614,0.014321161311350802,0.3541035866272449,,0.3705054836113245,0.01999004097148848,0.3591277161660696,0.01568402963845431,0.3567714861282961,0.015526072279546188,0.3559666418695157,0.031244291675861895,0.3534586152300581,0.02718311624190331,0.3367644640216316,,0.35730632895702996,0.01599194705553859,0.35392669477972655,0.0107684448711614,0.35713676961325247,0.010125454013780705,0.3547397614060262,0.011906267036866886,0.355455596081323,0.011178958406384528
850,0.3365703744789753,,0.3506967607280296,0.015076225787595135,0.3396583043009113,0.01067259301263504,0.339723716452571,0.01063247288640185,0.33530755780236815,0.01618774867784804,0.33936022120495574,0.017124979034887498,0.3460754016654071,,0.3571331307039809,0.01536219738748379,0.34955460163781543,0.01150473171143527,0.3487832923881953,0.011422268316159636,0.37440081849982226,0.03284383001173024,0.33403559908244274,0.013782707732599807,0.32772151572007996,,0.3391979265787371,0.012871316659546956,0.3384922335289264,0.01012075269072156,0.3404163810076268,0.010021520442142814,0.3410357088260597,0.014198546916834035,0.33755347875359387,0.011601631381906277
851,0.34271217881047344,,0.34001462441103075,0.021878104629351944,0.3423123950575295,0.01111420263379275,0.34240031110083113,0.011123660414807583,0.33784900028959053,0.015285787270208536,0.3944956825993286,0.013881744746937407,0.34855827043115445,,0.3664323071638362,0.0272205901049842,0.36264725286412447,0.02398763100253784,0.3525212415137301,0.021801384903464796,0.3190977879952195,0.054839136761037785,0.34472446551046826,0.02410567493892177,0.32356557911179756,,0.33700441158963435,0.016317299866951594,0.34139220237140633,0.01208506505119059,0.34421862854280266,0.01131333577889243,0.3200918431010548,0.023920594008819223,0.33809528031985797,0.011750862605755868
852,0.34452575090187354,,0.34819547975616527,0.017575170950723553,0.34694737936357994,0.010380630018004149,0.346990216547611,0.010423479016838544,0.3321084199388698,0.015103794225731614,0.3224721634055517,0.013623940031834198,0.34755541444354354,,0.34557761781023144,0.014822345607926647,0.3497342551829545,0.011451185857739984,0.3493114687233221,0.011418913858376874,0.30889484353175883,0.0349470764528287,0.340557941812461,0.03160672550615991,0.3284655842336931,,0.3429660936152118,0.015772434473910843,0.3455124990032538,0.010646332714612692,0.34656797016686747,0.010119047923198808,0.3214848066634667,0.031415155931159754,0.33692837488674465,0.030206694504175926
853,0.3233376616353419,,0.31568779549605996,0.014376095729959418,0.316009972394112,0.014157925136168788,0.31387915876719646,0.013176293935987488,0.30422617400744306,0.035032096843368804,0.29669074825689357,0.024384411385040126,0.336225529553486,,0.3408773829520282,0.021255284727976307,0.34785617794408646,0.01721939028689871,0.34135294530555016,0.01621381294381238,0.2765082803223958,0.05138260611331239,0.34826569564224935,0.03211850071540361,0.3106918523015998,,0.3139172637726938,0.012965823353182524,0.31908201186472107,0.011217564576092727,0.32202370057852925,0.01150069926384604,0.32439471737390635,0.014223178693329602,0.3203021207665442,0.014569965260225142
854,0.32933271157602,,0.3299000599243128,0.016187250070367833,0.33404290870262754,0.011478294518732073,0.33435732762427334,0.01127587203822191,0.3226354257602636,0.013925584320068199,0.3246639567181319,0.013480271017231205,0.33577547465767094,,0.33089716249188,0.014157391356086749,0.34193332920407715,0.012193372927587497,0.340664811915338,0.012006998596880359,0.3260548324120429,0.01651109657912549,0.3337033302354309,0.015249020034982266,0.3150100165486368,,0.32256359521840794,0.014028445422635734,0.32884368429211003,0.010515921760449779,0.3318224037562023,0.010232680511369578,0.3272355620290722,0.011343248375326678,0.3309652690073537,0.011112396954097206
855,0.34143957339744446,,0.35164799474038005,0.018053973968770537,0.34750761059470453,0.013031095595462002,0.3475445381478914,0.012903819870819696,0.34308312835145277,0.013638484512943543,0.33744763822429075,0.012856532389143537,0.34986275979952985,,0.34584083631006596,0.015641304466808618,0.3519759957469026,0.013549221739216782,0.3515988515658721,0.013524735710778212,0.3506636628143717,0.014612066672741206,0.34819633247909965,0.014420690995493467,0.32801453105653766,,0.3472049271287281,0.015324327757376334,0.3476932271216194,0.01147590711333234,0.35498428178178354,0.010893194161378045,0.34768217528905687,0.01340387673555269,0.34268070778577675,0.01383311849195331
856,0.35733398418518436,,0.353536424144775,0.014059119214857727,0.36251268838414613,0.010317385060773489,0.3633434840233361,0.010293145651313541,0.3848487910136897,0.019234616670667247,0.3676109333165737,0.012073471609169028,0.3633997014397828,,0.36113672539212693,0.015210577964997182,0.3622193788279423,0.013071516812910848,0.36257082741990593,0.013065660360481176,0.3493087374560307,0.03479865630361766,0.3678252331324147,0.03131034270299709,0.3464376476983738,,0.35233529421636933,0.013257649889191779,0.3601938151487605,0.010354933542362575,0.36309683582315644,0.010276788626646608,0.3598475760777186,0.01599092667272943,0.3498501441375434,0.014248074251557042
857,0.3585167309557728,,0.3484280449731301,0.018463226471653434,0.3611544619534115,0.017275014203735114,0.359934276741279,0.016566724918377185,0.35136017396755914,0.02199442983079333,0.35476209041442114,0.017146700220119132,0.36251951515964204,,0.3642823153740474,0.014865388154523792,0.36586790970651767,0.012056088473168103,0.3651559503564448,0.011986600570005024,0.37042977590621223,0.05062398343286151,0.3693532813762584,0.043421876783177195,0.3395247086616833,,0.3451895085532334,0.01284159643645628,0.34970781607257784,0.010465102113978128,0.35223455984730423,0.010403086423879224,0.35960906848082835,0.012555068861940064,0.362503479237505,0.011833076548692806
858,0.3488864311997886,,0.33854681782820045,0.014234253953817303,0.3468849535340655,0.013009776034158467,0.3467893613253538,0.013086641248758824,0.3600040790737143,0.023061814208914972,0.3525016181081808,0.018299540343279325,0.35914287256072497,,0.3504160556844115,0.013232709822663868,0.35818897331559446,0.010539898927270044,0.35819629295494,0.010539953772196043,0.35533583769672045,0.011427876889557442,0.3606872118045929,0.011685877819980615,0.33307707547928034,,0.33659555842571626,0.013629615302431805,0.3449397907343835,0.01177202306180784,0.34823772367963146,0.011410650458885388,0.34404067072839795,0.011526347569762795,0.3455125670294075,0.011276604459233227
859,0.3365980168178063,,0.3493204703734863,0.02040257958208888,0.33482627375063406,0.009937626697790806,0.33478038756084416,0.009953117058237647,0.32509663648361464,0.014214813489296513,0.32139524939802194,0.014717443702264077,0.35053230785044615,,0.34040068046299254,0.013452881202259584,0.3521471199831914,0.01122867124479183,0.3518881695128434,0.011209222940457486,0.33455981034313836,0.014745784965759614,0.33317055073713103,0.014606776032666038,0.32069692657895615,,0.3348925458442676,0.014752786845801065,0.3353590587066744,0.010062475944876869,0.3385913888999963,0.009890130909853323,0.3237326211646761,0.013402144746598456,0.3259387952564657,0.011649464469966455
860,0.3474770932169925,,0.3569965414632408,0.015516305824966155,0.35069991978283754,0.011199747018037488,0.35101431324474514,0.01109028002327442,0.3435674031241846,0.01225087214985454,0.34372354975104014,0.012247671275181565,0.3588608310783652,,0.36625708000994733,0.015063467417045917,0.3619195065121975,0.012075070430557167,0.3612870553379991,0.012029151546872646,0.34284546738242627,0.02006979140911177,0.35864318438645076,0.019341904606088815,0.3371625730772695,,0.35769137158231484,0.01543506929575513,0.35281710672925654,0.011492939668112085,0.35472751260123186,0.010712341664842265,0.35554372634218984,0.012723243513053668,0.35068574620727405,0.011824650237138922
861,0.3226922533794015,,0.3241051349479063,0.016694706565683518,0.3236274079817502,0.012538894371055485,0.3236530581900032,0.012522495297039324,0.328994768986305,0.029829731035854963,0.32296568726882535,0.017265337924942285,0.33284236915809107,,0.32846618868458854,0.021609975163968065,0.338022354048368,0.02144042155086711,0.33446704408062966,0.021517537573879,0.295290902502158,0.03717017127556512,0.33044659031409335,0.02563332448244483,0.303730166870527,,0.3235244386746869,0.022027410035263945,0.3170725581695273,0.018733816988996264,0.31234545877298575,0.018943301030873518,0.3097305050242922,0.011869466213046352,0.30906626377860924,0.01204065054921369
862,0.35739263491618356,,0.3521837711375667,0.017581477091948964,0.3552522912213694,0.010722874988145368,0.3551842588064781,0.01072153400381331,0.3559149704538763,0.01177062726951721,0.35385864033278464,0.011044254281158619,0.3627184269896417,,0.3485157331993893,0.013794018036647935,0.3626441209602287,0.011203953429368519,0.3626528838061637,0.011204369920497757,0.35825223550721025,0.011936014277555546,0.3601686416478977,0.012021672078975794,0.33986339710135277,,0.3453788767937551,0.016318069858018917,0.3501072262899051,0.010538815935632677,0.35134916611519673,0.01032220211798491,0.3517413042302529,0.012151442445074946,0.35100563740040747,0.010861912741861211
863,0.33748606854701246,,0.3385321051006871,0.015361572175470564,0.33913008600210454,0.010096667537651696,0.339494450729439,0.010075737083307883,0.34020463876350027,0.01224987046482285,0.33449849136094845,0.012140689808046386,0.3496811584237045,,0.34346835545408916,0.016225017417126477,0.350661820751211,0.013573527999002381,0.3503857369344383,0.013549136460902094,0.36585617273515547,0.06021933007148102,0.3333081135654451,0.036807206693094924,0.3159890234530959,,0.34412604961924514,0.017242982974491266,0.34035409596278693,0.011181709693004681,0.3448879688225361,0.009950598551014529,0.3397255776060727,0.012670187456694964,0.3294717795998974,0.011956023962845385
864,0.347108332671587,,0.3394211898533991,0.014919031548395145,0.34547075410325867,0.010265926014292064,0.3453596613122683,0.010224692283603513,0.3313392370030944,0.015700362086625883,0.3356263511526027,0.012615568971631573,0.35835369948561835,,0.3506667000886141,0.01612132730457634,0.36347510638490044,0.013077164883039411,0.3620268249360454,0.012870495582919812,0.2716315421493995,0.05865672686203234,0.3531983134364318,0.03414059297023984,0.32874427000096224,,0.3423466333137862,0.015473428705096923,0.34664318060112054,0.011060256512468886,0.35087752186084725,0.010367263346921967,0.34140277024640553,0.014424026409693745,0.33686137931811666,0.01193688332721156
865,0.3577757746273521,,0.36458673587663826,0.01950717353566236,0.36373235354953926,0.011478069966973951,0.3635323381684311,0.011177179126192949,0.3789249772536347,0.015297524437154222,0.36625504676157045,0.011879103707375589,0.36562090753697174,,0.3639618710183826,0.015174122616277512,0.36970435399918894,0.012160520997244578,0.36868238007069565,0.012066226697823004,0.4754501954492256,0.06162637116308008,0.3614329083714379,0.0343372598212064,0.3441525158188474,,0.3709375217570018,0.023225153998888987,0.3653603802797017,0.011882281920879584,0.3655167417639794,0.010458396853279331,0.3758686582921755,0.01738318338005518,0.35504908939602897,0.010464803054067495
866,0.32797066304084455,,0.3206807068045864,0.0173225883412201,0.32573086216497416,0.012467814185387983,0.32633188144781616,0.012276589756152945,0.2951964984677853,0.03570568849008905,0.32058137863160135,0.016158845166283842,0.3329064410999743,,0.3647296319856778,0.03670991809025217,0.35564688264173444,0.026998844921126575,0.33663660839128573,0.025560146289381542,0.32484770915557754,0.05534694176042571,0.3197316360549571,0.03539239790793428,0.3143673486915425,,0.3174440666011689,0.014180033898377326,0.3270664137353643,0.011108580328165108,0.32827855723100136,0.011184486792692365,0.29007909149622874,0.03501176692861127,0.32702556285498957,0.011208093013037948
867,0.3363842594874877,,0.33615836139493377,0.0172782723908205,0.32769270625783603,0.016519743719165755,0.32904953241788026,0.01579673356711375,0.3436817064513635,0.023579073660285835,0.33440536244918806,0.01914080145803501,0.34698473985984823,,0.37162795160907763,0.0316799893847662,0.383732388349196,0.0340705317772787,0.35508446111933994,0.026365030376766147,0.35953024426966057,0.03382227831080522,0.3614212606528808,0.030128728258501988,0.3195493478808392,,0.3222320622259785,0.012225379284971326,0.3302295901559874,0.010511352648263554,0.3344958680431154,0.010535904500239064,0.3392129308119767,0.014529910707973524,0.34055410366494965,0.013020646664756837
868,0.360772753595789,,0.3732375874665315,0.019281035533066662,0.35580890021797573,0.011499114908168188,0.3568417425528493,0.011123396291558769,0.3747588881036977,0.015043543078694635,0.3678578360514752,0.011060312302951089,0.3703776505611347,,0.36141319283772433,0.015090325635875387,0.3702836970162916,0.012544965440259584,0.3703056452618818,0.012545751295507127,0.4724458158341885,0.05071495567023515,0.36516708059054614,0.02542735853771228,0.3458556099519011,,0.3645464902604795,0.015612042171195365,0.3579667576930187,0.010716525677733983,0.357913601024415,0.010529271878677296,0.37688285960012285,0.01667359410326834,0.35591545756244775,0.010258586808813482
869,0.3328946903614278,,0.3154089472703805,0.016375221206018743,0.30989199753365193,0.028230416326798187,0.3195014771972662,0.014154458766576566,0.34111277983974675,0.016147827473726797,0.34289498194553086,0.013929443894755965,0.34841176948596525,,0.33950254235824706,0.013723542936531602,0.3461495945070247,0.013004820400896205,0.3461414702768929,0.013013412028539563,0.4384385437714912,0.05325324519298933,0.36122899143199794,0.04074973521062402,0.3242092557953137,,0.31750644340697964,0.016912192846543612,0.3201843803236604,0.02108148890633191,0.3202239223236771,0.019308301893523724,0.3513629436251203,0.02308488115380857,0.3568258483473907,0.013238193932357936
870,0.32259159601113685,,0.31949255961276424,0.016094181120990092,0.3215624734331367,0.011873260963358261,0.32150254088417457,0.011882547639902579,0.31505144610123564,0.014939575033714448,0.3197412058841501,0.010853864878317836,0.32785052789551206,,0.31630627313230286,0.014568258425943158,0.328254668856751,0.012589550097343917,0.32818117644574457,0.012586639325068611,0.31937239100290904,0.02805617463805874,0.3274265763405446,0.025996776165279827,0.30436412926327194,,0.31692961304381057,0.014064548619394582,0.3167965227941925,0.011346936939505793,0.32119584290227937,0.011371466316302415,0.3177138353190768,0.016912294988275466,0.32303402041815943,0.012436174888424474
871,0.3446082976299061,,0.3225756683736047,0.01222759005020331,0.3379444116160215,0.010825016813997458,0.3349950162750518,0.010706249666596385,0.31734625271809513,0.017127273224589214,0.3208116287398018,0.014084710774993124,0.35132532762877006,,0.33849839302175055,0.013437084530820459,0.35234922983468536,0.011985473758920655,0.3521935230135832,0.011976784710410722,0.38564145823532936,0.03801908434754054,0.355478299714034,0.021606293652645554,0.3197098629847982,,0.31926937314267656,0.01168161960521515,0.326293018189885,0.01042305781009221,0.3358970565021278,0.01062557018265645,0.3384551741757331,0.015743914050720998,0.3429692440579927,0.013554952681629604
872,0.34970459294135436,,0.35381696385300027,0.015675398648448642,0.3511118125951374,0.010557896708873409,0.35133031892644195,0.01052273642802222,0.35149343000950634,0.011145572366312313,0.35458284294938375,0.010916485402972445,0.3643132861093676,,0.35517249795972355,0.012759126422629647,0.3642927412137063,0.010427073787415805,0.3642927782498568,0.010427072434608982,0.37739285154904734,0.014659899072845949,0.37137397981220627,0.015307820111854322,0.34342308250702036,,0.3561867657991572,0.016421230531406147,0.3535114213801974,0.010448068192671281,0.3550966152905523,0.010181661464772939,0.36408085166364146,0.012942277886637057,0.363172612390016,0.010908883188288872
873,0.3357365047247599,,0.33628690267012307,0.020122800890869513,0.3341661699027563,0.010111959657096712,0.3339653529191946,0.010110229011985954,0.3284540965653594,0.012583571329570348,0.3235272779743305,0.01234646478732816,0.3404368319206817,,0.345717941600595,0.018755964144970005,0.3454556515995269,0.017830632649878022,0.34247993121862125,0.017734901129254837,0.4516171385873032,0.05935656033348911,0.3355483075312525,0.03592073011296994,0.31359813593614033,,0.3272875401882265,0.014998207186228052,0.32965707580524556,0.009990873501193936,0.33373997121856275,0.009683118735005112,0.3738726237420936,0.027986502286496386,0.3252624849329267,0.013679292671412192
874,0.33698753958785976,,0.35144214473199265,0.0175005338148034,0.343701967053513,0.010398670781607208,0.34473473741234784,0.010350201851250922,0.3368777326806369,0.013632838616067119,0.3345426801271406,0.013058250368725748,0.34854107527884687,,0.335775837375946,0.02023267339255225,0.33258640205458656,0.02420069061843147,0.34312774474242036,0.021951224084729513,0.3579817171902998,0.03090335683814623,0.3386209579236111,0.020924253358304012,0.3348234433588031,,0.3477725427616694,0.016831333706738057,0.3454474840358356,0.009930032089942753,0.3478367170388864,0.009867730876809807,0.33894225983903714,0.011348035989677194,0.33709078558127614,0.011118520246522996
875,0.3571353756390617,,0.3580121096458041,0.01486881706729716,0.36029126767988645,0.011547967215583394,0.36081516191554647,0.011507579847177587,0.3408182130826753,0.022963166331015156,0.35085185298611243,0.01546376927644763,0.3684215289605952,,0.36030324398045654,0.013494765370525668,0.36788083640813707,0.012278623074253599,0.36791299681103434,0.012280042142668052,0.3762910931275531,0.015669010046277555,0.37163698287395697,0.014694287709649395,0.344574069201822,,0.35298415947324363,0.013286281340784613,0.3569639435175113,0.011234668061975251,0.36033761769498474,0.01133533760738055,0.35453495230444765,0.013357117506635097,0.3585872749735965,0.013389928654809794
876,0.34739195486306684,,0.33253554338415814,0.014670996409429087,0.35088105886356563,0.011015019133183637,0.3508473330254877,0.010803646951635633,0.33972532529492727,0.017358173866026897,0.3325962713066619,0.0180657519957666,0.35348597632595025,,0.3424716224295118,0.014322207109183964,0.3537163273587674,0.011200188774406528,0.3536991420532333,0.011199480191282139,0.32614313981669574,0.032935347064130954,0.35105251910327356,0.02334885897814553,0.3350601440656569,,0.35107607269372176,0.021287030946764395,0.35730993600815025,0.015243030013161709,0.3514781049890854,0.010408707536722746,0.3447703414071986,0.013426484621733577,0.3330350153854487,0.012127146156262375
877,0.34170557097651794,,0.33275412189224196,0.015149203346073259,0.34506852462455145,0.011939775908924496,0.34478749400792996,0.011955021179627214,0.33876280275423065,0.016311445000869885,0.32949196497124855,0.013814380859953554,0.34733519148695857,,0.38340387800808856,0.03210117790459026,0.3661484495769305,0.02474682293358593,0.3521405197195759,0.0211167924475778,0.3591895099152112,0.03889510736949294,0.3661918298465915,0.03769365225228036,0.3201707849664142,,0.3347674512122266,0.014675788152729938,0.3424434422406275,0.012859532983990738,0.34705350647710775,0.01098231438433794,0.34828577163019386,0.015395678679768286,0.3436710822480564,0.01220647208497602
878,0.34029508298030303,,0.34236055070141785,0.0166343592623371,0.3435977101274879,0.010984725427041925,0.3438165243593115,0.010890954652956161,0.340311364580567,0.01587382996381833,0.3370074991456077,0.012347431036437114,0.3541922668813894,,0.3444538768811839,0.01397008869173748,0.3539786527458684,0.011298609783622626,0.35397368752618075,0.011298214591889231,0.30458208753549454,0.0408904808533906,0.3592384208949221,0.03971861815086392,0.3312647720274989,,0.3412090286870789,0.015041127944544723,0.3440351711285413,0.011191846819377153,0.34871337129474517,0.010704989321683978,0.3464713609881442,0.016744513043683792,0.3472977426899191,0.011086447977538197
879,0.32702362168343657,,0.33288491985791696,0.014933072112497586,0.32981314902429765,0.010336474705461592,0.32997203289538096,0.01030463638762692,0.3428420794736618,0.01594694540971389,0.33237555053205997,0.011077404528215703,0.33710111533776377,,0.344358934926415,0.020627412484656504,0.3516933159526337,0.020144718839030868,0.3424367053092617,0.01777445786301221,0.3902008444086723,0.04726405909268836,0.33539068750412837,0.027635967536807342,0.31535389147140996,,0.32937763481897225,0.01341995867712475,0.3291452616769896,0.010810775616850692,0.33069064324012576,0.010618152467514238,0.33437854654377974,0.012858449984622357,0.3306058065213082,0.01118481470808115
880,0.3168680142478719,,0.31193823783640473,0.014597431458293578,0.31271943512571276,0.013190331363817271,0.3126323443803917,0.013097096802616072,0.30837636888306597,0.022731165991992,0.31542521835356757,0.01654073952333138,0.32383227169329176,,0.31469391002901365,0.013780130964030324,0.32555445837857483,0.012676202217768941,0.3253213531528779,0.012656835329120581,0.31132675057860454,0.03501240564237802,0.32986542930944845,0.03137219976196783,0.3035539643808211,,0.31855908219502505,0.014746286119692942,0.3132715295124519,0.013562101652046693,0.3130060054481413,0.014113907217754162,0.3204231789678497,0.022871642662435788,0.31109388144478795,0.023184363765777212
881,0.34674526814052314,,0.32102993747543795,0.01194580910455992,0.3468762676144296,0.009904132933833973,0.34691431096605885,0.009904662368445767,0.341496980298097,0.010210645015585313,0.34436829781586153,0.010028952441976125,0.3527380813184679,,0.32975924571971116,0.01219909395101353,0.35375247603077,0.010725194699607017,0.3536989560077939,0.010721053433796795,0.3581021403524472,0.013457637255073481,0.3512849285207511,0.013089333204975857,0.3370228006331875,,0.330667686715286,0.013102833707817809,0.3466235493196294,0.009954897843003952,0.35166298770715926,0.009793624776737765,0.3443638720562577,0.01037352651332763,0.3469428439973079,0.010065550572822537
882,0.33018923617041523,,0.33070323818940595,0.016030255244793734,0.3333139155298236,0.014294286196788885,0.33447803813998606,0.014509519065644613,0.3318913780395543,0.02026697529638579,0.33424672225567875,0.021501660966392548,0.34405728586196394,,0.3345377315940211,0.01625627486025857,0.3417735470991604,0.016242254690352852,0.34234238642926895,0.016198869825156816,0.31194570265252075,0.052861681984640745,0.309314353769153,0.04577304407423953,0.3236342331692718,,0.3214340250977509,0.01384658161090125,0.326618098445257,0.015329733478268078,0.3285587848508502,0.01623596756286193,0.3243632005870644,0.023007127732991607,0.32514496877230925,0.019029192825051534
883,0.3436496508298624,,0.34796918638193647,0.01548447042797437,0.3515659857122546,0.013221259987509587,0.35135818636293054,0.012795807246885199,0.34810462556131394,0.017139897661023078,0.3523491847779116,0.015615819614010781,0.3520094633188495,,0.34830338228884,0.014134873507802802,0.3554997528347923,0.011948400149417598,0.3548821706722958,0.011867214753871936,0.3330738889239912,0.027929207628789338,0.35399042690263727,0.03359589717464437,0.33389165711026114,,0.34991163741105974,0.015469877389331492,0.3495962134168829,0.011670742747151606,0.35047641154207165,0.010941620211809252,0.3549920043385737,0.017088301041210296,0.35556223840594897,0.016731462349025047
884,0.34449759006234587,,0.3421725266457289,0.01481660080882461,0.34749625281548224,0.011813058624505038,0.34752642650809523,0.011780659321095233,0.27638717981670224,0.042549190927937255,0.3191509136382301,0.01611890293649442,0.35083257652506616,,0.35257619300819404,0.01707377862110588,0.3501851523691975,0.01338501187331692,0.3503843406207783,0.013387052824097242,0.15759463817095387,0.08161639016598261,0.35076475293043546,0.053877467727516684,0.3288035803172351,,0.33145780831617716,0.012255296539810594,0.34048769847220683,0.010811824454465241,0.34546503172201337,0.010704187467625859,0.28195096029916406,0.03644982571081866,0.3343431661169859,0.02314388126052298
885,0.34352678884451704,,0.33367667661584266,0.013305673266205156,0.34675477482052885,0.010156924421735249,0.34730345773315247,0.010153577044987861,0.3469517337125888,0.011485307400869848,0.3408406490046184,0.011555310647387528,0.3507183704294032,,0.3373508265479653,0.012724772371771522,0.35140832145727524,0.01105841223889128,0.35136692106093276,0.011056568779542007,0.3428475011127477,0.014858324205765456,0.34364863858236794,0.01412712256219595,0.32852945145419826,,0.34019969271490036,0.014702274188921857,0.3443260477848921,0.01095140169050353,0.3486872492607873,0.01038377559681032,0.35074808794240303,0.013128052512812901,0.33175525610582635,0.012129519029848355
886,0.35131894237322286,,0.3742372295422177,0.02341026087821847,0.35443398340877275,0.012472377533488085,0.35447657434271046,0.0123713715408881,0.3278151442472882,0.030500996614611493,0.3407558267348509,0.03378282645905456,0.3607102927983888,,0.3617623342447307,0.02684070991167616,0.36385825648880077,0.016687453641653135,0.36186468327984117,0.016379371199944266,0.265223036082386,0.05846375577723558,0.3417221232179044,0.030309162013732335,0.3387955174251493,,0.34703470348044324,0.014915422270557754,0.3514429325552946,0.011091278676286693,0.35774717637367437,0.01084707532575155,0.27996547712285824,0.05091571640337706,0.340313331192763,0.031086746019834993
887,0.34934665028790696,,0.3389248474200464,0.01532680867588717,0.35202339073976685,0.011510420549240426,0.35196028724429707,0.01133691975088638,0.3546636824222581,0.013666795922891007,0.3507757231678646,0.01232511001432034,0.35275988848086,,0.3342939881861767,0.012262068107157416,0.3524920545822522,0.010819652065111743,0.35249328327414453,0.010819630603041345,0.3807159002800302,0.0342425628739566,0.36210218463796795,0.030644464351996213,0.32714366597531563,,0.34109871298423766,0.014899853328703317,0.34678868336238194,0.011100591450483142,0.3495523931201145,0.010439594022813964,0.3726271179941211,0.03172682583528606,0.35627504221571354,0.01956356133335693
888,0.3294400262820867,,0.3183060134354721,0.01279796695221506,0.32812447662175304,0.010978361556478753,0.3274987155937041,0.010968703835646045,0.3255723068696844,0.013881362864197213,0.3254692151696672,0.012480346575634757,0.3376695833496065,,0.3493213923685156,0.016802777418404663,0.3425732416076342,0.012004177221730196,0.34152609979346243,0.011878975882511229,0.35262131496783106,0.01634429860887454,0.34296872669436396,0.013935976282786785,0.315511276816665,,0.31862128223872144,0.0135144209527561,0.3239735285210623,0.011208542381761714,0.32622914369658385,0.011993269808914825,0.330677344953873,0.012307159324220369,0.3331736773170859,0.012313606230577407
889,0.34810923814408956,,0.3514793345502268,0.018901205125097867,0.3510153743565996,0.011384965084924217,0.3510986332843213,0.011273793337154139,0.3567865211314413,0.015199858035393298,0.3530056471708549,0.012143751696083062,0.35572913394770556,,0.3534421033566162,0.016507998804872342,0.3604354556996624,0.012381898729777633,0.3592913859171008,0.012222535888418186,0.35417708483256,0.01991551294273865,0.35501932512787077,0.020337647591329278,0.3276412419543438,,0.3450894614021661,0.01853516033059117,0.3422598350001179,0.014183059780433839,0.34365110333550053,0.014552370324890368,0.353602539432291,0.01497554814226386,0.3474925892471941,0.01083195446587669
890,0.32963522337076195,,0.33061889259414357,0.016375685529379614,0.32926563350845234,0.01071214569145334,0.32922065692369584,0.010733905157301193,0.32932189160162373,0.012151705064645475,0.3330333395978093,0.013403628795957745,0.3447516860087099,,0.35467324722683646,0.016583974240626145,0.34887163283906464,0.01136098505855143,0.34790018935810774,0.011260090897567182,0.3766217900772161,0.025144929986830482,0.35354770158600285,0.017388108657837412,0.31314928726287566,,0.3350702423201644,0.017625982278772594,0.3313811858101252,0.01212603207821433,0.33333074264519386,0.01042771701318261,0.3306854518122826,0.013425242926860167,0.33070680363098387,0.012442984072059396
891,0.34665787976682283,,0.34244962669252915,0.01831532135295789,0.34250257760007485,0.010526007515469778,0.34187600866028545,0.01039551108912885,0.34026596808540055,0.014428946959247997,0.33900483231911555,0.013977043311600938,0.3560550290820394,,0.346029686301086,0.014284111188892203,0.3567944590058701,0.011182614169412257,0.3567260432372609,0.011177949732637527,0.3603300816469378,0.014119190964804962,0.35609269649407566,0.013490576051619414,0.3266956969505719,,0.34450324440602087,0.017712809122476695,0.34248131834677226,0.011071763940320735,0.3450355562698763,0.01027786650434253,0.3405869175336285,0.015197210904779095,0.34384539952063353,0.014494333894801316
892,0.3648521242220965,,0.34855806017003427,0.01605114642063131,0.3624162956376663,0.011585854529846567,0.36291522309824603,0.011808840399110128,0.35597420133347896,0.01915151327487505,0.3526738337569965,0.012735982288685553,0.3710418558975962,,0.36061396433087617,0.014793785346311445,0.3755800092622267,0.011695090753520076,0.37449757116574606,0.011569731363475097,0.538672629632616,0.07257559610279053,0.36969944718791053,0.024896883859284166,0.34493294628299764,,0.35051005472873087,0.016006777234841302,0.36536536449178714,0.014711519110721927,0.3643256803060226,0.012741683601702053,0.42174090414831833,0.03574341368121168,0.3507020936629227,0.024858564354953348
893,0.3383886642917369,,0.3372687262557476,0.01682085707560801,0.3441448872905021,0.011648142277286304,0.3446907638219762,0.011488572094451907,0.35031628729473974,0.013933524846273831,0.34175416787951696,0.011813081861817332,0.343705842794789,,0.3038696857390758,0.026202113123089028,0.3265925918730325,0.022322141342225002,0.3397201237423244,0.021306471475640635,0.3117289861623702,0.0355382666731544,0.32687987392236245,0.01335837121052,0.32196527897163035,,0.32039991928330175,0.01279115926352573,0.3333489833771841,0.010361038389632666,0.3400809994321217,0.010230178520625988,0.32725732408073543,0.012025906075838736,0.33314001208246585,0.011606729141107457
894,0.32949510531177717,,0.3184893951688265,0.014341929829210431,0.32609410699248453,0.014494698911628327,0.32600829081038746,0.014547650954829619,0.3192858029404482,0.017855202606381494,0.31951815513266923,0.015779296183458018,0.3399607051273565,,0.33948958987445194,0.018739978138611512,0.3517259587862268,0.015917615286231836,0.3455762479663486,0.015428243759863916,0.4555271939159476,0.06243352306416643,0.34215120426443496,0.02296246300984415,0.3122743935285656,,0.31210367457864835,0.012085701848394052,0.3229395287686872,0.010318623089288647,0.3277535895216065,0.010295882455020935,0.3404558600842551,0.015790326021290317,0.3327699442097814,0.012982165779251141
895,0.33618968682197053,,0.3236205349979768,0.01768306237263555,0.33209835979664826,0.01099800894403534,0.3310847105950779,0.010986186880795825,0.32203644026503947,0.013276508563993027,0.2710735094690682,0.03167057463531778,0.34096285732806714,,0.3218924816156905,0.020513347446256262,0.34959401336457085,0.020293034905366474,0.3447651193764483,0.01956536515401857,0.27020743453102275,0.0578804214486712,0.342825047516042,0.03524889487770259,0.3059855210208538,,0.32435837264679535,0.017806031369156004,0.32644528926783833,0.011839693245756674,0.3349467303873719,0.010592919118706846,0.2749978325310528,0.03519083648635833,0.33221912812801446,0.017814125472088244
896,0.3484545948761788,,0.3400714079037507,0.015138699620915965,0.34853636943171945,0.010137061070410526,0.34855322355443685,0.01013712676750808,0.3521010806316749,0.011111534126835434,0.35018969715992504,0.01119273476308901,0.35428197429466757,,0.34008406524672813,0.013783302997688098,0.35460765456154514,0.011432281310355537,0.35455378815733807,0.011429235023735659,0.3622560710089736,0.02101879303730206,0.3539057231202804,0.018447248512811834,0.3357267021629923,,0.3420541816806681,0.014774576556081057,0.3460890137761155,0.009930922600681173,0.34931606820367384,0.009847986651691355,0.34892945827498095,0.012699853872392485,0.344438058931636,0.010523556568569578
897,0.33442671752341,,0.3289659396592152,0.016472357660352554,0.33847049843512567,0.010159156353759387,0.3389047953034226,0.010161158975790037,0.36761854489721174,0.02213341922675013,0.34499205914045494,0.02467480497430228,0.3446950571110451,,0.34000337060031405,0.01556146015925923,0.34787726504849464,0.012342857839537251,0.3473339748711904,0.012300318282964002,0.4680566100372599,0.06744304748632045,0.35406285585142144,0.033433047581101646,0.3103785555297952,,0.3386651226897779,0.02087776961724398,0.33877024028790903,0.013404601540277006,0.3411130205303995,0.01075699004129873,0.3500771652088844,0.019075593931361007,0.344330518983245,0.014339023041157584
898,0.34519220673506273,,0.35090770961908235,0.020562926606997302,0.3436847022407945,0.014769849432544753,0.34399378893802723,0.014809987065841752,0.335049999435772,0.023864508045140193,0.34940341550302145,0.030834607417732765,0.35563951800169546,,0.361315509332159,0.01863072197698266,0.36059012186072853,0.015264242010325342,0.3584071007376295,0.015102823195511612,0.33886691723928414,0.0416703283870394,0.33425550463290893,0.03483425054929152,0.3258327034455774,,0.3458422156521169,0.017088950385824385,0.34690418817706165,0.012162433678015935,0.3488012415764002,0.011203462346085389,0.3413866874396069,0.012879246831630919,0.33306251722342883,0.013407560829512439
899,0.34877591502195315,,0.3421747859184738,0.01580183654108213,0.33741032357022693,0.013353758995800963,0.3377206203187585,0.01275523779133803,0.3516159886744135,0.02963943975016421,0.3366705979372856,0.030001606799607523,0.3587534846299034,,0.39006188051929036,0.022667459949263453,0.37052858312902104,0.014369363589327975,0.3637942081850018,0.013146655556181004,0.403678101286277,0.054806345671615984,0.3458153509359522,0.040110905576997674,0.3291228113920675,,0.3377861876221538,0.013430676621957061,0.3417105836175531,0.01054840433872086,0.34414935073874137,0.010260748120740345,0.4018271064595106,0.040691810948915885,0.33609804172084456,0.015678983693875978
900,0.3489019636972551,,0.33418897197312336,0.013579144167834256,0.35168240835717096,0.010158941020253665,0.35270545525856245,0.01017331397627688,0.3496357973615204,0.01146120312609709,0.33926477559768436,0.011080920843794211,0.35443202809720437,,0.342124151713547,0.01451472382114375,0.35455643605331155,0.012377280521477609,0.3545508837507659,0.012376501338436197,0.2563242169373298,0.05842342286431164,0.35502440400575036,0.03827554063326892,0.3312581706518485,,0.3369926173637246,0.015109786100837234,0.34445819356594254,0.011212728286470958,0.3497264860669176,0.010900009015155516,0.3424836196049996,0.020657280291333985,0.3483352706550245,0.0117202280125515
901,0.3272673769684676,,0.3231298341329861,0.023124800768980193,0.31005342921546963,0.023264716091702546,0.32035259692369533,0.022423154709568252,0.3299993334220834,0.03389345938354438,0.3074990327112118,0.03116405138141151,0.33070011167564267,,0.34786738729143857,0.021358515635997846,0.3455434966874153,0.016063698669206393,0.33793912462928205,0.014159603556502996,0.3085534045297878,0.036723893665513076,0.33170213390579384,0.030638635972652324,0.30992494661295716,,0.3128906640665409,0.012169074541741374,0.32002814548469943,0.01054736360483123,0.322645354667733,0.010442091301608768,0.3269753419801011,0.015589723395031159,0.31791987999037336,0.014081099007862842
902,0.3515696107522051,,0.3724723752533426,0.026570071206821918,0.35894174865215156,0.01178990772752116,0.35764278061544397,0.011320525059503974,0.33329359826579735,0.03450530149278768,0.3616698768791596,0.03129169714362452,0.3553070695074383,,0.3506788510543324,0.015970766924065717,0.35963030461987877,0.012381083791933098,0.35865504840360785,0.012241820541025556,0.30448857293506854,0.0495384558464456,0.35656130717141804,0.013191847564323945,0.33392942899363787,,0.3470473815464791,0.015012218621371731,0.35295505546921496,0.010764048963928902,0.357662596661389,0.010154834068389698,0.3371868872693593,0.01693905384572346,0.35503694261111984,0.012435192432238637
903,0.3276552711756718,,0.3312188665751672,0.015133448312204936,0.33303609883269353,0.010309215840005223,0.33424079554542124,0.010157833356412974,0.337273642147273,0.012683336973216153,0.340906716080823,0.014004298672341526,0.33764345964502857,,0.33543215755442657,0.015643871879651213,0.3400720638165793,0.012446099584195142,0.3395779213206017,0.012400906589140049,0.38415597528575207,0.03561453581245193,0.3408013818210786,0.02185198442413559,0.3119009167453324,,0.3400000432482597,0.022034122180478344,0.3361074970506101,0.012380422215661227,0.338830722256211,0.010130229540001846,0.3374127190817271,0.013137882010452889,0.336581759602483,0.01224465789178676
904,0.35117901831311416,,0.3495423638318374,0.01662717996301696,0.35479764548427706,0.011073946770657919,0.35437970174532013,0.011253638352183348,0.3590131570910697,0.011860048731224463,0.35676933721949944,0.011248380278697555,0.35377871503315533,,0.3538261856341881,0.016705838191114993,0.35199681374651726,0.014091473206701559,0.35253696412258856,0.014060680249082108,0.37961384735768766,0.023405774719675126,0.3547727822707764,0.013872310328786943,0.3337568071194063,,0.34890635927544056,0.01519213983239368,0.35214510761258283,0.011219391759723566,0.35378407108063814,0.010653020836497459,0.35313817359527333,0.012504020902268115,0.3493936492622609,0.010824183050218181
905,0.3262864320386614,,0.3443540868948243,0.025621533240159793,0.32860566853983314,0.012470111811085304,0.3277975176543757,0.012147838109281371,0.43273890449177177,0.060251643567039215,0.29927704104845154,0.02674410421004768,0.3370982694414116,,0.3269627153011712,0.031078074830204014,0.35233494887504047,0.03347466132850109,0.3403507975043355,0.031127021046011977,0.4227297686671765,0.07414139849280184,0.32320564787050415,0.022827455856478093,0.31355900844116397,,0.32785229757204004,0.016444267755288632,0.3257755538472084,0.011318289129953016,0.32977051733822943,0.010932217084919659,0.42416373534193824,0.056334643069453925,0.30794148034883967,0.027317882884557877
906,0.347199279187467,,0.341011084495262,0.019399768995602095,0.35014340646385383,0.010455078560721712,0.3506220004802456,0.010568905201370889,0.3845889091502488,0.03616349549189437,0.34506852959234985,0.015034995970326273,0.3582573969001316,,0.35813912719014696,0.017803432899298248,0.3628546115027232,0.012508849645637053,0.3618715428281346,0.01239191256095935,0.37744117340803474,0.024302486981364467,0.3562017661169592,0.016976586612684894,0.33068905986854924,,0.35559618333090165,0.026512837983537735,0.3522375294712715,0.014007265148946749,0.3524354653127832,0.010599173070679799,0.34784972334131814,0.015492239966989224,0.34933977760796386,0.011684356919800317
907,0.3484524497782269,,0.3440556579165956,0.02022175939879988,0.34480003532364817,0.011208708758509822,0.3458179724823291,0.010786405940193896,0.3263424366927251,0.025364149959758473,0.3442370481294413,0.013658696695426353,0.3539332947037912,,0.36425742380254794,0.022375333186735603,0.3684187072179163,0.01610076603916443,0.35970546658975383,0.01426955374040086,0.39101839408893263,0.04426480287651057,0.3465879469135968,0.028110811713759527,0.3265507867103948,,0.34062432397022,0.015124422897519406,0.34654109286908963,0.010899593263775674,0.34902669061374075,0.010479713046424878,0.3407414505458104,0.012812078515852175,0.3441074993503127,0.011212814543530925
908,0.33842346871456097,,0.3506137920158837,0.0241988751727707,0.3392415840257116,0.010303066689739808,0.339080290649392,0.01026147625365351,0.3368968789789158,0.010865889120327125,0.3354745670851464,0.012531478412205694,0.34796995635845157,,0.3491886108498598,0.01614587394296482,0.3512444277673702,0.011575876512406177,0.3505369221253438,0.011510340356560251,0.33055084743548546,0.02597609065383376,0.34145293556958034,0.025278586261464495,0.3203915898476943,,0.3377476965755458,0.016046721917114374,0.3372688278323382,0.010682747814394381,0.34060712901430207,0.010127799544757088,0.333236473371097,0.011477063437130475,0.3356982034418655,0.011169289794144303
909,0.3283337776708971,,0.31434940116031596,0.012474615577340354,0.3260752704970176,0.010618191554566465,0.3248637889107788,0.010596615570943865,0.3053005894684012,0.017768313151635677,0.31317196699974587,0.01190824384555767,0.339215326493233,,0.3222338849801986,0.01298098662362964,0.3386754357214845,0.011760050390044515,0.33869613681348754,0.011759308725890748,0.3262429329309415,0.016203949240965923,0.336523352448005,0.014822867618017332,0.3045131915021523,,0.3161456297535267,0.013481062549845555,0.3184857149099263,0.010772252922616998,0.3269607428172254,0.01038616094084306,0.32013559954117915,0.012088629927733706,0.3154936740107317,0.012215081935151898
910,0.33031032932625504,,0.32586474793008724,0.01562571087966807,0.3322451005749737,0.010727302558626788,0.332985417099369,0.010681656582913106,0.32385685854388735,0.012866623713772951,0.31249968757416946,0.013622337879982729,0.3436737734100237,,0.34935433294344664,0.020744896344505496,0.3484011394994804,0.018207183938464683,0.3457305848836792,0.01797598866167876,0.2595564425041215,0.05220052347045529,0.33834091052062,0.034694450639559095,0.3144025350290549,,0.3287635391758267,0.01698383748466088,0.33080682739746803,0.011454055730552111,0.33584586258945515,0.01024487253190161,0.32908361131264474,0.012097563725636034,0.3214947137963387,0.010599314559346994
911,0.33994883039769147,,0.3228204627357112,0.013998534150801992,0.3322183872189156,0.014748360934764214,0.32973136224670657,0.013636195322266927,0.3203557069729325,0.02200491652318582,0.32871193251973385,0.011600177490745225,0.34894834349405496,,0.34986412008667633,0.017130646409953876,0.3524271680665881,0.0154095024974967,0.3511295673544387,0.01533983264456145,0.38777247973080176,0.046841604074798815,0.35215224137784634,0.03277848237563942,0.3211046927472949,,0.32837456606028964,0.014935821499334541,0.3317384351115204,0.013132875162405981,0.3343866276395534,0.013516856941589968,0.33551374792491445,0.013204592641121258,0.3358995442622188,0.012644463922969012
912,0.332302017456378,,0.3321036343681518,0.015737726847824762,0.32409697230713064,0.01684085726454873,0.32431688174977985,0.015278698126589914,0.3217916296840313,0.02333337322663136,0.27247255665294073,0.021534214996334206,0.3522559506232836,,0.35263843524341076,0.015780309407289583,0.3531376246515138,0.013949646986864891,0.35295280198707163,0.013927225406134287,0.36330798539709364,0.02035927853584589,0.355925972088914,0.018183493103729086,0.3190725891728627,,0.327194838711016,0.014507630602011072,0.3255027783147448,0.014350445378269325,0.32795682451755487,0.01567910729697258,0.33292150226841477,0.015214781370061112,0.33757986430576703,0.013805899635645344
913,0.3192133460594462,,0.3179553161269078,0.015027266123023365,0.3163748386289003,0.016649822092970883,0.31721028704315873,0.01578444589196954,0.3433237815232066,0.01885955854729585,0.2675748486303209,0.01717259826331395,0.33186401625758394,,0.35003850568871003,0.021130598243281697,0.33642971843899605,0.014682517495750554,0.3346134814454216,0.014526123428704856,0.3475132837054845,0.034917462037430805,0.3375388273845306,0.019169742671696195,0.314055905783411,,0.32508366295345953,0.012923954696538908,0.3251750923595891,0.011671453828976166,0.3271368725570951,0.011596709182974235,0.33267450342978716,0.013900748515121514,0.3290465961011962,0.01235120793251945
914,0.3518984665705841,,0.32903905502296577,0.018413198604368776,0.34649360441714006,0.01099824919944357,0.34731979049412653,0.010684057896870755,0.3448790885189662,0.011430162491292745,0.3387896583460906,0.011456187108857386,0.3558988014394498,,0.34535925440200976,0.015382153512875266,0.3629709247908952,0.01249482716900591,0.36132002121086887,0.012188443581490125,0.3651274500934478,0.026381631661018895,0.3568853693126847,0.025176371785109983,0.323878815441932,,0.3256996992219293,0.014499031207235731,0.3386208040004798,0.01104892132601625,0.34664965339107234,0.00995242640175237,0.3506440699920433,0.018286888128431707,0.3344477409680681,0.01164081573506454
915,0.33950743945885636,,0.335009405979563,0.015138083817001328,0.34041755985813316,0.010019988691925798,0.34057069848560934,0.010019649199994582,0.3387994351919759,0.01157219353753779,0.3330119718475892,0.011456508795404469,0.3453633440329254,,0.34198021836468406,0.01482888712001601,0.3483142780479542,0.012148002936247076,0.34767039768456304,0.012118333363873952,0.28092134142714165,0.04755638345948909,0.34282863315587186,0.0409629457468475,0.32347508606655057,,0.33745211303571065,0.01567797809336289,0.3379714438442685,0.010393010707682851,0.340932492236659,0.009974647812763521,0.3346881384245378,0.013711297342960371,0.3296256167172529,0.011773919896274515
916,0.34077872613953913,,0.3472776944209266,0.022252328805940285,0.3432943900510802,0.010299686608157532,0.3437562067780712,0.0104294737435994,0.33339813641254157,0.04112533223456357,0.3372000130048017,0.018719013400213765,0.3469275822298156,,0.3385016698010434,0.03544387341942314,0.3453001112242118,0.02271528289941842,0.3465790210993855,0.0227317259376514,0.25701748327369034,0.06019217619843369,0.34177465428957143,0.024971327362871797,0.31735663639735867,,0.33512434105442024,0.018536025609800864,0.3376917564603342,0.01056803460911,0.3475152462314703,0.009677070874606421,0.35372214738407926,0.03302692475119693,0.3402277368399137,0.016693378105458886
917,0.32244680674601545,,0.31108853644104245,0.012809390836896797,0.32174001108492134,0.010459173444624065,0.3209056065080824,0.01046004094113864,0.30597920640108667,0.011947989674147667,0.3012572331740808,0.011860036481743132,0.3398162137262101,,0.3214130287603651,0.013034526117316514,0.34025121945183806,0.011112787367989176,0.34028620459434744,0.011111181741499932,0.16544748772932924,0.07479407704318418,0.32644812511099053,0.04165398386324958,0.29885898673808,,0.3312274814306184,0.02425079022347064,0.3266030683936268,0.01609571817972775,0.33456382657036915,0.010695790630480437,0.33375649718639466,0.033430054287480415,0.3192847657076409,0.019223966985124862
918,0.350385357392899,,0.3324181892307537,0.013578222070405717,0.3478067698917286,0.010742510462836639,0.34775494444444566,0.010566523295094233,0.35247734240502965,0.01387416269163501,0.32007053624296766,0.017949031268883954,0.3594423861845494,,0.35561009131337995,0.014999805699832034,0.3593458641396416,0.013341138950978897,0.35937443012670794,0.01333986744161175,0.4658812134304278,0.060446908656921615,0.35387256626231084,0.027113178757448,0.3391318523652217,,0.34136658966999994,0.014132264690809377,0.3482797483274451,0.010525541070980577,0.35034413007987375,0.010562490062992102,0.3745456069622665,0.02292411021958438,0.3471206719535353,0.017624351659552076
919,0.3277600987062145,,0.3372965714448243,0.018101353708150934,0.3328651049534702,0.011945480907330818,0.3330811871108479,0.011697028595166775,0.3416434201351787,0.0153548712980913,0.32799500916405894,0.012078599659092656,0.3365058808486646,,0.344753573628519,0.017041473740985094,0.33956323624644236,0.013570785689801064,0.3386399394907594,0.013502318020735914,0.33240124812605515,0.02000924513967185,0.32511109744526817,0.016904797503130765,0.3130835681809038,,0.3246661570440473,0.014458757101607758,0.3252410434995465,0.01191718304952179,0.330424079171279,0.012231079746461959,0.3412777586948317,0.015526458087952912,0.32657194825773034,0.011488583823309225
920,0.3433744961257399,,0.35836793622678653,0.018321078753526697,0.3453146691249392,0.011340236715958756,0.34506577508497677,0.01125783946117231,0.3514817215431023,0.012273383052515806,0.3572878317455414,0.012605136827669285,0.35469423816396,,0.35595018436182196,0.0211255282081968,0.35756531145667986,0.018579228902683435,0.35582699754351643,0.01888354271671926,0.35169193668583987,0.030426560329087915,0.3647251722796499,0.030493221237944852,0.3307210070587891,,0.336579248985626,0.013625579559421145,0.3434324004085832,0.010122627054747903,0.3460090258178408,0.009869935099815347,0.34853594926449494,0.01255245588431182,0.3464682617338247,0.013454285250642808
921,0.3485705744896371,,0.33718324498457086,0.01523492128659716,0.348683033848331,0.010316458989277745,0.34870852745834857,0.01031651105408089,0.34582614287786767,0.012203994583242643,0.34711862404667043,0.012083282653848317,0.35334001252199043,,0.3342853713673211,0.013631082339753176,0.3546751302977008,0.011603548028714038,0.35454075379424616,0.011604282710860414,0.32177887136156597,0.02290274267931303,0.35259397847036195,0.017747515876472848,0.32755417614168025,,0.3415046609832856,0.01676380644406186,0.34470790933315615,0.01096410051258511,0.3505354237975013,0.010085082704668706,0.3407827121645461,0.011735357521723399,0.34582906644594,0.01119605959264927
922,0.3402376564888748,,0.32277793525649345,0.0170423658348145,0.33320180477568667,0.012368882766129947,0.3334949051238,0.010811757800628062,0.32028800030319104,0.01737559729874622,0.3167152589505845,0.015651687469479668,0.34744808975999025,,0.34054823633738573,0.018282069850207527,0.3517797899287537,0.013087931646129123,0.35035404756168825,0.012903750985584658,0.31212842174887995,0.03833205948852454,0.35479682859773465,0.027116114361360622,0.3188372635891616,,0.3182071597074241,0.013829929661899937,0.3299559579894518,0.010198573606048396,0.3363823778780237,0.010241155753120868,0.3311823161939819,0.014920328896807859,0.3333067505404874,0.014828464911192307
923,0.3381310311242657,,0.33097943640748856,0.015536756461095086,0.33906886923678753,0.012949364108597943,0.33920416879486887,0.012949654053946909,0.3286145202012003,0.021823443188225555,0.30941039979221924,0.011314404182411482,0.3450358621148868,,0.3360098825940139,0.016058679022618285,0.34666172325058386,0.01318872034244558,0.3462185782626547,0.013169809135851607,0.3419856277284241,0.01844411825876724,0.33727357929401813,0.014500016083278718,0.32427449333007907,,0.340058185155944,0.016767678343707137,0.34118351031366856,0.013358832116441064,0.3424251418308996,0.012807352867702375,0.3386361891101644,0.014832134531560301,0.3341782014958401,0.013118073812921937
924,0.3516507360056553,,0.35755427841205334,0.018264353889329725,0.35454819351306255,0.011015187891938396,0.3548242635104868,0.010974980684934538,0.35687474207465403,0.01089726186740564,0.35461842511117214,0.011080784381664996,0.36614618479059996,,0.3492457498319952,0.013566670529738338,0.36704653024446565,0.01142555740063904,0.3669961103197329,0.01142079469028866,0.36411935764606795,0.012180283608504035,0.3622152562565687,0.012242693155829444,0.3354370946049539,,0.35053958537603636,0.016366702742025563,0.354642130537865,0.010587842686594686,0.3607703562889855,0.009858616983196225,0.3584974551438997,0.014939287300630924,0.3551470589545884,0.010476143125400014
925,0.3280839930264432,,0.31478836001902843,0.013572377273973039,0.33007543015712726,0.012653066800417823,0.330881376381657,0.012609597132180565,0.31443706536944965,0.015719178987717675,0.3113180347072358,0.016158244883466805,0.3352721194225539,,0.3400567779528553,0.02184942968361947,0.34351639337271844,0.01872098472098949,0.3386297313937552,0.01828461298982018,0.2902183921119794,0.05202405530078111,0.32801005196157607,0.04103900975733881,0.30902205780173186,,0.319749598131618,0.01688257594985936,0.32470029626713554,0.013568105553891624,0.3320968689596239,0.013073331201449335,0.328993738215019,0.01596646282259287,0.3300095499284287,0.013388745323679991
926,0.32931931080222393,,0.31090083269708607,0.018423168676977082,0.3169531451041741,0.01657455403378895,0.31876518376126495,0.015440433807075033,0.3083518637263871,0.021340399424488055,0.2949606230747391,0.01399089764323789,0.3348285432073765,,0.3197169699901427,0.014863515151547284,0.3381369035699403,0.012386251764983232,0.3374751911071469,0.012283173978363818,0.3620096160821487,0.03535134057834542,0.341285865515144,0.022124362031084557,0.3085112281875703,,0.3086810107295759,0.014102334833169831,0.31876488404328185,0.011389880951722563,0.32302544025282653,0.01142855582576878,0.3224710660647274,0.014075684551890401,0.3266022545540017,0.0127137188673827
927,0.3333531266476599,,0.3385209632346743,0.017139286599343186,0.3336073343926249,0.01123318171313968,0.3335926115495563,0.011228766975477679,0.3356427931588493,0.012905781661387582,0.3298718720328195,0.012018191578307698,0.3387778309664828,,0.3286199349179377,0.013976177322991916,0.3415951774915658,0.01280379848677807,0.34112018490730356,0.012742520610538871,0.3715061964759084,0.0358844188103333,0.3369101559175836,0.025915338935772025,0.31534632061620255,,0.3261007392440998,0.013420643990563773,0.3297599567360141,0.010766048487248927,0.3325814023797002,0.010533583683677732,0.33589182852991356,0.013857622885803049,0.32694311799236503,0.012253082296838785
928,0.3417891824265611,,0.3559394143187742,0.023662944403736084,0.34206142703200687,0.011258428704649442,0.34201558977654367,0.011257860846791477,0.3351578680124589,0.013149523369769673,0.3377516861147103,0.014644189616907284,0.35077751263406964,,0.34820343494950035,0.015484384423777775,0.3522896006839286,0.012368974345207187,0.3519753259445317,0.012340740592383846,0.32327686192858457,0.03590715432316163,0.3355467782893427,0.01882335879876632,0.3304451412780185,,0.34075000986857945,0.016628291117475966,0.3409080200136659,0.010859953896382897,0.3427696948082095,0.010764742033931804,0.3343069896140358,0.011598966238240173,0.3321256190701044,0.011496948768533861
929,0.3336095706629648,,0.3653920873401333,0.02865489839137098,0.3360604631605411,0.010530883137467428,0.33564814328192016,0.01042206859551549,0.33035286992785146,0.011151731887684967,0.3269577825312812,0.011038394430837265,0.34710079681724954,,0.3472531787859435,0.01685805795311081,0.3482339064662111,0.013597821946958414,0.34788609332779896,0.013587522147076845,0.4005637741948147,0.048715534558045566,0.3437945650634127,0.029826228955919746,0.3214265849530115,,0.33481086688869854,0.016199387230032534,0.3350712067063579,0.01039352533439482,0.33797133617983627,0.010066184434054761,0.3372135144405843,0.012064073563219908,0.33793814505427194,0.01107091130241368
930,0.34198602573307957,,0.33496600656560105,0.01410198408760698,0.34396712333182555,0.010239519519411605,0.3444335440720554,0.010228318498622465,0.3456329152770869,0.011886150272193276,0.3413081559754324,0.010714580797005779,0.35178240727288784,,0.33894619430632306,0.012235173268637378,0.35228288677974673,0.010556823677300911,0.35228923829103664,0.010556880290581145,0.3531423601009563,0.011056272144222765,0.35101367003989165,0.010894882458427232,0.3300311595751199,,0.3445408051067351,0.01883259262076904,0.3452038533820791,0.01163773473706158,0.3466517382582152,0.010300126648289738,0.34644181824893433,0.014334753547417957,0.34243677477332796,0.01018909475511629
931,0.3399743491488931,,0.33773187098281454,0.017448519863334393,0.34393468639271646,0.010700666867965497,0.3437984603384122,0.010638104337294688,0.3484233120837712,0.01521590714374597,0.3447296760829642,0.01301266654677601,0.3415388292822441,,0.3639406102494803,0.025123987244150263,0.3525812262185206,0.01598407295411573,0.3466944234109472,0.015122046967001425,0.34824020720975174,0.041121750917891615,0.3428709425741005,0.028827154346021597,0.3173267308522037,,0.3275216585912772,0.014469972108632505,0.33348149382589615,0.01120417291515821,0.3393333747275477,0.01073175826636228,0.3374559050319765,0.015495126182548677,0.33429033384265344,0.012335625247846434
932,0.3497054578863554,,0.34647994233399576,0.013251513854587291,0.3486806457069486,0.01071062669759738,0.348461912033258,0.010708425529657783,0.36146045198576593,0.016735174227840263,0.3454605728588032,0.011380447603357066,0.35974086583696885,,0.3527569978916333,0.012481522235028035,0.3613147033793728,0.010840025129815783,0.36118020821957847,0.010828718717869154,0.3814379771753935,0.017867161937940898,0.3710363889090006,0.013681382431116836,0.3425961688043726,,0.3480302581762148,0.013313645022265286,0.3511965381607775,0.010455505001861945,0.3529945419418157,0.010379957488252925,0.35907491804221264,0.01473908055425917,0.356744750516505,0.01161038184477285
933,0.34684885704535795,,0.349440038982215,0.01672478252079846,0.35104520875212075,0.010906065981266174,0.3510341122193626,0.010933175658020922,0.3446852651302935,0.01227049249778844,0.3405450784642174,0.01144945707500443,0.3497412922002057,,0.36388703931297856,0.027648746113127218,0.3522274175391793,0.021548295628865836,0.35035628016589543,0.021333578990666267,0.3099269132015651,0.05411725120543144,0.346959563368991,0.02416785252101376,0.32441223920031487,,0.3349066729272908,0.013653730335266241,0.341903635726692,0.010895843849857464,0.34754012316922217,0.010666229811689668,0.3347762764169679,0.013297895588907713,0.3379494147521973,0.011348836333843676
934,0.3476149920186515,,0.3495022312804827,0.014138625900229549,0.3556993981189903,0.010235024214433354,0.35973699118196933,0.010064643094452059,0.34182398987229634,0.014136843252259784,0.3350919207546362,0.012723378391310736,0.3618016848002291,,0.377124471158741,0.01913277138828139,0.3685482482102893,0.012675749532166209,0.3659934264301228,0.012430897242443065,0.2989478024514186,0.05024822492730987,0.3563165096060095,0.03643044177217923,0.34428072206328425,,0.3617573127835309,0.018825976722646867,0.36202261936092517,0.011167359666862758,0.36774518426649416,0.009910495916375547,0.3595620277516127,0.011894249606840957,0.35773457596302854,0.010867948061441835
935,0.3553666175604983,,0.33896923518860855,0.01634160864777406,0.35350472396004395,0.010533916602267004,0.3535927939823729,0.010458676697918504,0.3216864615577998,0.03501591143174817,0.3481558141221745,0.013396420504126367,0.35984352150074983,,0.4204246230770165,0.0357501869398599,0.3871217276143116,0.025526942211624184,0.36513194507348046,0.02222666508656757,0.4066251802963748,0.04153174811150932,0.36649125774082525,0.030010852727845882,0.3385498763559474,,0.3364307946896763,0.013369598175929002,0.35008005029168254,0.010228471224289704,0.35376453609440145,0.010101274662993001,0.3676914646486086,0.02000882724255186,0.35057607729968654,0.013720395928786898
936,0.3309678233009315,,0.32841398955290835,0.017233833615625645,0.3279367430078212,0.012781607832300649,0.32771664805539635,0.012723874226644586,0.28803447520180014,0.03991677658586407,0.3356040220700834,0.04965924132385516,0.33915593662382687,,0.3524135372877645,0.020959048740082073,0.35288611126700803,0.015918715603086792,0.3456170301772574,0.01457478297840374,0.333176675504434,0.053088314751298916,0.334558740437989,0.037221242829412665,0.31124913393376286,,0.323949049331874,0.01525850205232592,0.32838141953515704,0.01110510001133215,0.33288567807457314,0.010577688941394013,0.3298375057607104,0.023072358454777418,0.3321503415500057,0.019983104418800766
937,0.3352365797558501,,0.3395888106422092,0.01733426301851028,0.33668788959683393,0.01229067591777032,0.3367519521479,0.01226263983081797,0.3310193952058079,0.013911201937013527,0.3208835658312389,0.013298389392016328,0.3437101435048198,,0.33677987326764913,0.014485549923647792,0.3439576804803614,0.013480957911225857,0.34390623965502104,0.013482920260984809,0.3152084546170338,0.03764905058499331,0.3286380387282105,0.0300626103768613,0.3186041834100209,,0.33123425336199125,0.01380520506085921,0.33300534043312585,0.011349256337772643,0.33661217646384134,0.011142468829099958,0.34252304293013486,0.013507614644700721,0.32956015283284446,0.011542187504600235
938,0.35122319073713776,,0.3467808637400527,0.014059878620522478,0.3529601253736582,0.009756932894241288,0.35349984560390524,0.009754042697131085,0.34882410739071074,0.010514334029723883,0.3477909340326758,0.010082081838736864,0.36402767601884306,,0.3554458444811488,0.013759783957565445,0.36577273712210945,0.010307107611716847,0.36578134544029545,0.010305092679049577,0.37991386479212724,0.016524604510171185,0.36797813012595376,0.011577075380012998,0.3413159665415273,,0.35863798451354967,0.021089018883314086,0.3566714805235476,0.010739230411140223,0.361016196872156,0.009717153652482286,0.36111519944365483,0.012192717598818504,0.36144493576247866,0.010470561412490179
939,0.36380715353494336,,0.3530201291160701,0.016720293275995102,0.3554387976365697,0.011648708570492704,0.35608491712882606,0.010782949643593113,0.3572781830589236,0.024287066819789458,0.3692811921197393,0.011318081172036256,0.3730517751027708,,0.36657790866817774,0.014830867123186363,0.37615641524091403,0.011471997036567972,0.3756229481847066,0.011404877907815796,0.4869672030677022,0.060179684560703155,0.37101530150966383,0.011766061972847616,0.3368060403343781,,0.3623362359869571,0.017683625621345584,0.3599552047912,0.011511430826805792,0.358122432379209,0.011455573029888451,0.4098250382732781,0.03402919805834297,0.3559468148452639,0.016425680581000135
940,0.36138488672603264,,0.36804006163011016,0.017795855814246305,0.365045732677499,0.011209687378513189,0.36464119613910057,0.010989861377717758,0.36138069328125205,0.019937403498722847,0.3551063285499127,0.014536353342751624,0.36820100100632264,,0.3603621655556825,0.014802571024833322,0.3707416195267374,0.012559255856954344,0.3701319718954939,0.012521763860325167,0.3781996214870945,0.06275923116309005,0.37125205121876204,0.03366919656502432,0.3466821531786842,,0.3586545133683834,0.015510173038268129,0.36196265043951514,0.010792840598776157,0.3642074723991412,0.010355997073136192,0.3490941930301262,0.02090580527332974,0.3627062344861015,0.021050545256839043
941,0.3528111919358944,,0.3560223652272684,0.021239804334592566,0.3558415147186979,0.010505508293834833,0.35588524523238674,0.010396370181344188,0.36496428797504316,0.017745367096497655,0.3284490406635625,0.011249064393386571,0.3634359766618242,,0.36004190268551806,0.01706493679368198,0.3691771032208498,0.013243079415934934,0.3671850555027277,0.013027740654560934,0.37855975485601295,0.0238891398778345,0.3379549411592858,0.019413786794539516,0.33455758099514327,,0.35818401177427134,0.024460317963910592,0.354142066966268,0.011849511252812275,0.3593241759237265,0.010106848374586155,0.37388137983228703,0.020487109127598803,0.32890824481596764,0.012563572467093016
942,0.35669842762914494,,0.35032090264423715,0.01934325400727193,0.3541241282988388,0.010778453114101865,0.35469011160174174,0.01055620847972739,0.36634130250036484,0.031157862157689196,0.33004808413752845,0.016712093991135876,0.3601297678942225,,0.38481833820152905,0.030550314779426428,0.387305462901554,0.026177963656094542,0.36645967322470885,0.02056689532539738,0.38066080116844014,0.042091917522650193,0.36571227387173855,0.038950044117755676,0.3345210901314247,,0.3455795244771495,0.01583768320048342,0.35056675229258494,0.01106751438101151,0.35367047749895414,0.01102566928342512,0.3881390524220595,0.029361078530024454,0.34764164173919165,0.012401638847562626
943,0.3499058362115604,,0.3468439238324904,0.019134026334874817,0.35247207813995224,0.010173083952945918,0.35261817285043373,0.010116300207244657,0.34947613152903195,0.011223559484971288,0.3437369744976686,0.010600522700082451,0.3556827391615378,,0.3392298193076783,0.012561414608029463,0.3562579453449007,0.011239126732561357,0.35626331450736787,0.011238686385008688,0.35422956578210796,0.012491970463530599,0.3547950377270299,0.011739051122512143,0.33085525718015474,,0.3399038561335391,0.015270588660335099,0.3462104154995303,0.010633635632576318,0.35426939112821615,0.009908487284376788,0.3392622270169689,0.01074194902077156,0.3386470296377869,0.010330359663887696
944,0.3451349576408069,,0.33981729430022517,0.0196512984597134,0.34041893941921936,0.0123865326781231,0.3406782772644312,0.012394165553278874,0.37654788263221506,0.03291113545647622,0.33437951232488206,0.026632949292692526,0.3508305669241222,,0.36924953098963426,0.023312922653682767,0.36667356406545043,0.017190476726399978,0.35781022617968683,0.01508107780785958,0.5281175944511509,0.07535757006131964,0.3532501676873535,0.03468209025241131,0.3212073866463924,,0.34187645854755727,0.017581635626682187,0.3400751645169228,0.012266040005775483,0.3416913340806282,0.01124143144979188,0.48177418750187523,0.07069326615690265,0.3322609213455707,0.028711597645609186
945,0.34718148619783507,,0.352583583864695,0.016857687067310757,0.35121202799954515,0.010573862103808828,0.35157786576373395,0.010539503303040846,0.34341689252935353,0.014701879542428352,0.3391102381377646,0.014584022145391057,0.35473363414906617,,0.38828631608350317,0.03462673468668081,0.36683308147328625,0.03147302620425848,0.3571393430239832,0.0307293410969403,0.256055135955309,0.05986126040587134,0.3536980130284625,0.039199880784077136,0.33140199235910944,,0.3431452665026569,0.014749353707940688,0.3497919866191334,0.01070582962083813,0.35307188278314366,0.010314521280822215,0.33760229498704764,0.014298025263629277,0.3375916164563822,0.013896249503773307
946,0.3361143957865865,,0.33651630192502435,0.014608713088500317,0.33848228716054013,0.011932970369336183,0.3391004682689554,0.011832229593689944,0.35567850176624005,0.016997337095740955,0.35169578689919173,0.013590931390186682,0.3484894290193949,,0.34178084329904157,0.014348626716419762,0.345214944322804,0.013729971371114084,0.3454603185984894,0.013725462676429514,0.40898874921320094,0.04838457703917428,0.3671231078781799,0.05118176085053468,0.3217557548414657,,0.33387854710253484,0.01413710407371997,0.337108099491267,0.011140147212958645,0.3421011511722528,0.01077391062548525,0.3527501518164712,0.022114340244273577,0.35759550686530295,0.021629740961661873
947,0.33867070476923844,,0.3563494179889972,0.021904057848285943,0.3400252507308623,0.01272549707680981,0.3396873997890413,0.012673629821921323,0.33579415022620934,0.013341190783295967,0.33668870500195913,0.012663650090981835,0.3463767686612981,,0.3416905121578082,0.01614597659595964,0.3449889681368395,0.016482828707045434,0.34565211871169416,0.016420016239456513,0.41351430271022493,0.04720744149852834,0.3373844594624262,0.027367643720281023,0.3237449402858201,,0.3434405275275604,0.017098646316646267,0.3378043816961447,0.011893900875450928,0.3369635725299629,0.011169505877141087,0.3279900038346098,0.01847316403759232,0.33278542110012266,0.017755765177251283
948,0.3319953050974633,,0.3327142376155575,0.018632423658137727,0.32744676777132864,0.010185213502403999,0.3267316861043078,0.010117106633357693,0.31598236978627003,0.01895603184801614,0.32131683293480995,0.01965361393241634,0.3402439144764844,,0.3305578034678594,0.01470741732077224,0.3441805982832546,0.011357386306570318,0.34340837366772226,0.01122375444621308,0.34404815856291454,0.03649582852790236,0.32525809426541097,0.024196033273572757,0.30610432395615456,,0.3281674747362986,0.0152685168014275,0.3270325892283329,0.010295332168139854,0.330449573483894,0.009855362097430485,0.32902138632572514,0.012037103885954714,0.3220442909182957,0.011416070015247963
949,0.34462252039272456,,0.34912840791308813,0.02571830505836386,0.34416673135403614,0.011270485829686112,0.3442796313486209,0.011312197921799817,0.33831697467403066,0.012062319163589918,0.3368564617714902,0.01225379659432008,0.3524805393828219,,0.3364473631384908,0.013292320823847802,0.3523391089505866,0.010934116022111156,0.352335903928672,0.010933945212378107,0.3507352092781177,0.012017655073709157,0.347788381800699,0.01232120787567936,0.3273604640967325,,0.3346487275184002,0.01662806660223678,0.34025638703958094,0.011017990870419027,0.34557518627445477,0.010233249137192472,0.3428515386333591,0.017014356028891817,0.3360734389715927,0.013135467523929018
950,0.34011388185672575,,0.35745930490037375,0.02528633457352512,0.34170418161484667,0.010703492187883076,0.34152132307241456,0.010676648058573214,0.3353530414180884,0.012098821355341337,0.3349112241274475,0.012616463266181238,0.3439758620890647,,0.33859399341751134,0.01585060173147122,0.34413331884480075,0.012655624213727438,0.3440837260545383,0.012648991088021673,0.31782875881872763,0.03496713213204183,0.33000655457671,0.029959208880043033,0.31964025505833843,,0.3277109199827594,0.014145560133426726,0.3333397442440794,0.010172606791975557,0.3363581234394201,0.009905423102968491,0.32884896402206304,0.01205076574540889,0.3309074989876622,0.01245779306832437
951,0.33661664456766777,,0.3310366353781984,0.014792383760830816,0.33434263427745,0.010467121312524981,0.33428821564340966,0.010443532973404581,0.28805251512877267,0.03202748438268421,0.323565605030174,0.016615815046329325,0.3427123661480578,,0.3375693075335625,0.014681401752207677,0.34467306549065496,0.01309388538724013,0.3441551657543711,0.013079694061688156,0.2340973700923828,0.06472717757834731,0.33949711464628973,0.04171548849120738,0.31991642108695284,,0.32826054366490215,0.014047025447634894,0.33280293183389315,0.010906139956134696,0.3333682274071537,0.01067122449127035,0.2582562830563339,0.04617614424986164,0.33185302028156655,0.01989202917627916
952,0.3341069392328453,,0.311702936393552,0.015170322284271386,0.3390763317087623,0.01215397340779334,0.33950109416771923,0.012215477188442741,0.33048074410245126,0.015510616571117967,0.3313841455186447,0.015992672267536725,0.3367507318219734,,0.34742115874892904,0.023112129913111183,0.3446211637964249,0.016722929803735426,0.3406522639823382,0.016057857625671676,0.3118368757359516,0.029434448189002968,0.3719571326165113,0.026399330512943315,0.31378498887068973,,0.3273151467902366,0.015606431270601833,0.3337369937950588,0.012157308320280752,0.3395590440040659,0.010732373203365902,0.32807697323080853,0.012885685381668233,0.3294440037371819,0.012227354389614236
953,0.3400846292987808,,0.3361123205124023,0.01501077411806386,0.3398012686868427,0.010459621583740227,0.3397636804144013,0.01046100477129808,0.33632608872808395,0.013325923041753222,0.333177865360477,0.013153462634504263,0.350367001737035,,0.3425827088160729,0.014765749172472444,0.35504690834057645,0.01215705515603725,0.3540672645233741,0.01204211314960854,0.3838336893530095,0.042018789243597685,0.3527974578818759,0.02104283948874166,0.3263359640556506,,0.3381208900778408,0.014902482836048166,0.3403768264091983,0.010430293324026663,0.3424059422049118,0.010296714363387138,0.34926243667367723,0.015572259706857404,0.34665778922341256,0.012520161988426008
954,0.3468944559667575,,0.35956979070135225,0.01678414505856797,0.34246005590819284,0.013600888340345485,0.34319025650044294,0.01350081083582076,0.35546359820092044,0.017541350310798218,0.34861865097593187,0.01652239784938325,0.3569228560397384,,0.38410527947433143,0.02117822126973181,0.35963853880281704,0.018386477546418912,0.3582270684430256,0.018294006830086515,0.38025953856571204,0.038752085310806136,0.35989801095989,0.014309899123912577,0.334206196006366,,0.3469884535549351,0.012801103616110792,0.3460811228966855,0.01047408361985512,0.3482387335149192,0.010412087644524117,0.3853316044507586,0.027676016011267696,0.35450808192894845,0.011386747528900093
955,0.34847530810835237,,0.3399732763140008,0.01489018799609341,0.34788348878841435,0.010750885457490965,0.3478801204487758,0.010751574612388074,0.34481888077001727,0.011301176692441964,0.3427176673439247,0.011399949026841381,0.35450997724856936,,0.3377586660794598,0.01285281590015728,0.35525897058408296,0.010423734928865636,0.3552247710311237,0.0104225115575028,0.36274249060406205,0.012976423266574144,0.35846952451569236,0.01196791499235198,0.3342230376763943,,0.3374703895644675,0.01600245668687776,0.3502132255321981,0.012022860937134235,0.3517003379426796,0.01082185166175516,0.34177858212378215,0.010751599208543907,0.3442992787893426,0.010710643000026472
956,0.3336359140517979,,0.339919145863872,0.016642839268053263,0.338152866804788,0.01122466135719029,0.33791780361197454,0.011144053028173617,0.33015877339567806,0.01336844240753977,0.3309018333123348,0.013959147196700265,0.3411386598592213,,0.3322665607512031,0.013629820598009476,0.3415909433632205,0.011942850547164855,0.3415319343589549,0.011940978327060764,0.25011109097673,0.05317303277762981,0.34237430898579474,0.03844145792267322,0.32378059875873083,,0.3362106324429435,0.015901175560982465,0.3372177541046393,0.011360627024890985,0.33832944973170304,0.010855163531256195,0.3351250155314615,0.012039748101550268,0.3367905098507003,0.011482781539050175
957,0.3493788939453193,,0.32570558039475994,0.013244912529896569,0.3547647491204901,0.01196582377744131,0.35471736205150106,0.012119608441618777,0.2532369300431684,0.060876377825811984,0.3275019773171929,0.0704690924711551,0.3479438719245474,,0.3506735693546486,0.021326557710528663,0.3500095574865445,0.01564585827152159,0.3490952888436802,0.01563027534335664,0.3621587029343618,0.06622595212953032,0.3119987989098163,0.054439948494689624,0.32715461919201705,,0.33158031056156884,0.013529546499434088,0.3436306221098173,0.011575336616712763,0.3486596528799314,0.011550445023119553,0.28525125183437816,0.05166547238493041,0.3192410898925591,0.049205047349275825
958,0.3524073732302916,,0.3413921292595826,0.015580109688604826,0.34701097481022075,0.012228405935252479,0.34530669502555156,0.01218279155399035,0.3541553110909098,0.01794331835039868,0.34897263746509527,0.013405091125637201,0.36420715865134434,,0.3601536363321959,0.015332814316692025,0.3652577306741414,0.012398091076063582,0.3651498786439781,0.01238270027196964,0.366867878818191,0.01565043129777694,0.36267597396445556,0.014123396982868705,0.3321341539358053,,0.33953093328168676,0.014067590674493289,0.3437225190413207,0.011251777562083426,0.3487172385018994,0.011094380902515497,0.3352666604080648,0.013523196170571534,0.33966787892433703,0.010267749697446163
959,0.32359649730496803,,0.3100076946876144,0.016071765078800614,0.32261789357487053,0.011586082780666062,0.3224585710393641,0.011583379762713421,0.3200518540214069,0.01466639321686029,0.3174811265423028,0.013664934398984538,0.3275644929294538,,0.3135346800766481,0.01581684540241546,0.33018759386686,0.013203988857002816,0.3293596214110914,0.013113739882938123,0.3029587794172642,0.020943447302247457,0.3116004056411893,0.01624833227176166,0.30493282558229357,,0.332976138494991,0.026773991276615464,0.32716440791490964,0.015327264038000027,0.3256437521280033,0.012415986051309608,0.33208707974797524,0.020624075029051583,0.31762506853407274,0.012804819465827597
960,0.346828515003556,,0.3303348855844117,0.015887756496263256,0.3438188445959773,0.012391406876722147,0.3445630579840143,0.012397753141078492,0.46384504752755734,0.06449693996788611,0.34573562933752655,0.015782096475952037,0.3509962327391321,,0.34249776833479934,0.01570142401900179,0.3547657121015115,0.012265459585885322,0.353632545794488,0.012168206806572709,0.4678941923526045,0.06474322561439737,0.3541128626077014,0.02661720336424602,0.32267136237590377,,0.32666310103034746,0.013314566105302288,0.3381644411040228,0.0107587599910803,0.34484454456764857,0.010447591482838177,0.4186089198818666,0.04764861143593615,0.3354210663375711,0.026741220671844357
961,0.3398185243233065,,0.3255165245685246,0.014375680178978518,0.3368495285299574,0.011148179030395259,0.33718221722593233,0.010871619280975133,0.3345105766724069,0.012683983525994718,0.32032236896362776,0.011915875734902335,0.3431105052817452,,0.3266438947680464,0.013352517535326345,0.3449120861857685,0.011911118820102788,0.3446824651551422,0.011891646016562838,0.3331053867093512,0.01468143955502679,0.33407392937340635,0.01370605307623173,0.31946557202320225,,0.3278983503933872,0.013926907773917812,0.33607295706536694,0.010629938329513805,0.33899234048898014,0.010365835687925177,0.3274747033249232,0.011740827286400976,0.30664048307835673,0.01140386848458264
962,0.32958468522296797,,0.32524656344270186,0.019488447061532625,0.33303099715059753,0.01180472312332293,0.33258318986005847,0.011740105258865373,0.33526270903920075,0.013225365719272028,0.33326427051458246,0.012472156724992288,0.33540671846039377,,0.3248543506334811,0.0136409403003093,0.33498295513626536,0.011587450334307093,0.3349787874893118,0.011587912950263719,0.3257166100231735,0.02442615759203712,0.3356502871463873,0.01759400039897096,0.30522202099372747,,0.3188973770932061,0.015368933811415788,0.3252535114187167,0.012197808670626909,0.331120625956353,0.010576951674864797,0.3405606830630405,0.02340753558681928,0.3234234010901127,0.011271178846672435
963,0.3367189373757222,,0.328633195903901,0.017466830901329732,0.33937587629951127,0.013712056460764446,0.3384789780220924,0.013745103093509117,0.33336848514790124,0.013740369465929634,0.3375993873839258,0.01278333435301453,0.33777362683475176,,0.321740191105717,0.015035987466179075,0.3379990423237313,0.012910699300097587,0.3379537136247137,0.012910583316684732,0.33216488987840587,0.01740977580561898,0.3391851763781645,0.015184101269936235,0.31543187889101915,,0.3202597706248841,0.01381582839494159,0.33013066449417483,0.010593113165817507,0.334590449581161,0.0104311004989987,0.33828265766914006,0.01542345049188741,0.33143576964076155,0.011396944698754808
964,0.3287915716335493,,0.3255297280902907,0.01527875807927973,0.3343585156736703,0.012897734215101101,0.33450510418442986,0.012589781182080787,0.3316161900026185,0.011521019212453071,0.33766128957162495,0.013088127055948352,0.33790151478558517,,0.3334827195284107,0.014334676858434025,0.3409099347541883,0.011028904255264513,0.340457246993828,0.010972185654400553,0.3881378157222633,0.03107781419836077,0.3382416368881428,0.014946417344306557,0.31588018054779887,,0.31785131249456594,0.013138312514068386,0.3273467801535189,0.012094445730285652,0.3300440830262455,0.01197631775332015,0.3321079990973169,0.013737212187977162,0.3315436131379563,0.012737558173926026
965,0.338664430809054,,0.3349690008627703,0.018651481160896006,0.337527426597413,0.01652615066516948,0.33763697907067935,0.01657107691711814,0.34946448338069647,0.016100266634352513,0.33715012030635966,0.012570057846122855,0.3439477045880888,,0.34336709033802254,0.015177931843464916,0.3464490204794827,0.011702863775772301,0.3461576636457853,0.011674013201230815,0.3820080706697712,0.02942749667932922,0.33432255440464537,0.027912119572359693,0.3185858103804757,,0.3273118281210223,0.015165012897087396,0.3298072502658552,0.012618331897928875,0.3329027646226909,0.013184245095005794,0.34049006010455907,0.014817708192727702,0.33843699397981897,0.012186838515522914
966,0.33147540241703244,,0.3209874198541094,0.012533140757719993,0.33020853929745564,0.011531951545446173,0.32994135531144547,0.011523800294579311,0.33305152953653827,0.018081547032072084,0.3301934873662169,0.014096933018259449,0.3386232442812625,,0.3299129955355366,0.013352374027755878,0.3369554641552413,0.011796649603867419,0.33709351617880234,0.011804550523598169,0.3365444940365652,0.04783647395510795,0.34048156407467,0.047779310439835306,0.31579151845716236,,0.3193680135100039,0.012906554647971066,0.3269538308199883,0.011508750407479455,0.3310717228723886,0.011372216217800695,0.37230576842463187,0.032371479397297745,0.33243019459346407,0.027089794972131657
967,0.33894494914029094,,0.3321092342686201,0.01343404221576287,0.33578271979519364,0.01157037907571701,0.33557934445512433,0.011508617872680782,0.34069989605991446,0.013853048166174727,0.33935370278719507,0.012208788764245124,0.344679341417978,,0.33525524741559565,0.013690147829680003,0.34743338460651074,0.012554136968637584,0.34685418045714783,0.012500931834928954,0.34726320720221415,0.013842384022661485,0.34625428491605664,0.01340205794984342,0.3240722026137782,,0.3335546799422994,0.012876227872124292,0.3377899967295517,0.010691531395441605,0.3399125176379313,0.01053418355367192,0.3398512021546127,0.012973650824723919,0.3359378226917952,0.011489763530411793
968,0.35896505241655086,,0.3331556836407575,0.014763952380232172,0.3609192458054937,0.011123523195690788,0.36089869879915715,0.011042917927240893,0.3572382829010732,0.010799058261094245,0.3520103417308479,0.010721166633802032,0.3612313400272742,,0.33632429219288634,0.014161438323466105,0.36024108462858334,0.011319249906630231,0.36032686211127307,0.011317768912298224,0.3584037955734343,0.011787864848867478,0.3569477728714928,0.011943173591101036,0.3382505008376295,,0.3470847250168718,0.021161198944345084,0.3571451754984361,0.011827914029969378,0.36107052976237514,0.010353961912050921,0.37414279732992534,0.03384244757626202,0.35129383985138596,0.010650640027184131
969,0.3496886792576587,,0.36486076247570665,0.021854745707199415,0.34851779934296734,0.01071253452431948,0.34854802391381456,0.0107148046094275,0.33937306179868276,0.015697104525668124,0.3470884985691463,0.017489006668572008,0.3576271059086887,,0.36879892706337536,0.016946931388639907,0.3584058647059487,0.013398212495721448,0.3582108835009731,0.01339511846997325,0.37394995757062605,0.014947641693140223,0.36478225378812823,0.012749283844992182,0.3340570960920057,,0.35918931787311315,0.019915943861720457,0.3495301018685244,0.0112051336498095,0.3484385567416007,0.011029083579178235,0.35043144320329317,0.012126425705591097,0.349278316110424,0.011127293384229332
970,0.3452048995849137,,0.3297181593911314,0.014467224024965754,0.3450005532079053,0.010330314534904676,0.34499781798119117,0.010323381090152104,0.35034461597659666,0.025142199820245247,0.34901389232845864,0.01687982406114702,0.35155184758879454,,0.3625274521919762,0.01720142247825314,0.35566927660134723,0.011630630354495191,0.35470019566664,0.01156721477909203,0.35917010271708644,0.014430063836660149,0.35350220982919284,0.012937076718571977,0.3277781991194187,,0.3361352402807331,0.01520502072119372,0.3438573886681284,0.01096305855067721,0.34602514564039816,0.010635339920278545,0.3394183712318367,0.021695076115629087,0.34285676735018933,0.012463202145939909
971,0.32908678189099366,,0.31729935739086906,0.013152109460320732,0.32596110484811947,0.010805923414806882,0.32488533548149906,0.010828125678907003,0.31756368350692477,0.01637657129045703,0.3094177535019737,0.015353082550128141,0.3373419400960797,,0.32606448372806146,0.0150865083648571,0.34188698566938125,0.014015343352899319,0.340534614285063,0.01386159860801758,0.3213941619642739,0.02622555747643263,0.3375178259949964,0.01767516332140114,0.30697722846298603,,0.3142138658842061,0.012630035141600259,0.3202169344746388,0.01060186298130819,0.3255928208734066,0.010078764099752583,0.31522542966658756,0.012762456018419344,0.31743200360340296,0.012302114838852463
972,0.33270317579866054,,0.33508620859511357,0.018362626684899228,0.33689716931003905,0.012489749627036152,0.33621326920776073,0.011559620997031693,0.3301658164996962,0.011128743343554357,0.33127311410977694,0.011292341452355243,0.34605498583546945,,0.3325038476065344,0.012608680091709073,0.34542266187651854,0.011246972801361884,0.34538478903334036,0.011245691655514043,0.3635513105181886,0.0151206408579812,0.34733176891540907,0.012366832937876649,0.32204222787852466,,0.3439708738473376,0.025188720574882473,0.3366774254059371,0.018042142476764722,0.33266047927543485,0.015546397246939533,0.3490576922962222,0.01860744546667003,0.34109336211158975,0.011377954965617875
973,0.3464879067977285,,0.3443953869728102,0.01658372749211108,0.33685037224222786,0.01710392217787764,0.3372030490214909,0.017067388473366543,0.3458661730576982,0.015330786611392064,0.344988062628966,0.01312985366747143,0.3549033861479027,,0.3821262654214818,0.02439784894824291,0.3624835083717759,0.020237368908644502,0.3574415907775188,0.019628327011358405,0.3612016024111522,0.018639998147916552,0.3538001387088543,0.015134784441664295,0.32842111608013413,,0.33930155852739674,0.014654681007763263,0.3441205150785455,0.012476967504951395,0.3460968849517913,0.012024359644763212,0.3572837050123727,0.014930046490096615,0.3419120369399029,0.010951750380469574
974,0.33359727554892665,,0.3235477290724379,0.017051568907194593,0.32200352963966067,0.017309042265827745,0.32150344966994854,0.016146491946647103,0.3139803636670415,0.02268383134166444,0.33226640029434973,0.010979770078165588,0.3464243124189528,,0.3460209096732246,0.01717970380074658,0.34852410594420563,0.013887786151474313,0.3477588506546534,0.013810161327846272,0.3573526008441904,0.038499270673827427,0.34392692664726565,0.03645142175569672,0.3146597730551672,,0.3228908124868353,0.015945585555290343,0.32316575118631086,0.014799736083645397,0.3233983521416448,0.015893358597555415,0.32954094741015333,0.012072937593417156,0.33308233895305234,0.011071831147666075
975,0.34179443396707254,,0.33329607206500567,0.016057619870936367,0.3399785052351739,0.012115857991427061,0.34048760144479917,0.011669873396008218,0.3469395692703118,0.016234268507638074,0.3417138820768032,0.012370022022088652,0.346617612656806,,0.3342179431989536,0.013525666240659321,0.3479428067912566,0.011161962132886531,0.34786008773956717,0.011156676761112875,0.3560903801381831,0.023568358297879906,0.3386340870710456,0.015804607851663842,0.3231394323199232,,0.3308588163995928,0.014791380803836374,0.3379971264475008,0.011058862210333885,0.3379046067370714,0.012633067477851574,0.35051762124240465,0.0151316115113332,0.3412482356641511,0.010881232447612467
976,0.3615399644866533,,0.3631948061658099,0.015498672632188577,0.36391624153305085,0.009981858932872446,0.36441696685334374,0.009977962526021967,0.36345469680015413,0.015901380155669446,0.37202119085060886,0.01813078023004231,0.3709673907225477,,0.3721820470621743,0.017214822489077446,0.37565845320840285,0.01333684847085947,0.3737077868093332,0.013039266564368218,0.4925133650061242,0.07437753365661,0.3577887710280242,0.0241687138333891,0.34760816581100673,,0.361421254878315,0.015039440048190415,0.36243418361411006,0.010395920036695743,0.3651074531139566,0.010040861446178074,0.3885551903363847,0.022254856010906206,0.36416431884620154,0.012753588189376552
977,0.3312593422721276,,0.3324737879042608,0.021588092497601765,0.3313852197869829,0.016748149362310647,0.33133762565137037,0.016742339389170257,0.3277209955682762,0.01921237953162912,0.3344363692307971,0.016441895113483908,0.3369671059713634,,0.3308215029661965,0.015245255725159132,0.33863364083828457,0.014727681902697255,0.33822902320864334,0.014714194721753882,0.30080230391447915,0.049203838408649114,0.33256695171445694,0.0497311440553021,0.3130043848129953,,0.3288024403700279,0.016567558618699248,0.332416490342826,0.012753905906251774,0.3332515662595195,0.01268390035177991,0.3346405794067676,0.015610592524019692,0.3238914418391781,0.01469613886079344
978,0.352285950573951,,0.34453753628213496,0.015846720584559142,0.3497778136982486,0.012308155146392477,0.3496631137939007,0.012341934501852477,0.35021182076311924,0.0163476714990637,0.3471992060931325,0.013937226269343066,0.36330883545876147,,0.3524047246554019,0.012666067882462696,0.36280757265531643,0.01085761337562735,0.36280232047090644,0.01085743376091408,0.31987945364650827,0.039901291152366694,0.356648168198748,0.030124702035578026,0.33902471155291874,,0.3447697796285913,0.014608628796007616,0.3479130047968456,0.011946892186843356,0.3493205262920281,0.01215027515615852,0.3641115465603324,0.015733618020301397,0.3567826902528885,0.01121020611910186
979,0.3349430540174831,,0.32579722914079656,0.0138370266273443,0.3348504106199507,0.010067045644454762,0.3348125984039438,0.010066738789852208,0.3461221980683222,0.013190112677130687,0.34090357188160125,0.011787900111013322,0.3481213234336829,,0.345744173118121,0.015098749101210325,0.3499201983052869,0.010943115628897597,0.34987453762275483,0.010936474540924326,0.36229598946554004,0.015837295362398696,0.35258661866605834,0.013401704568431162,0.32108918265182923,,0.3212869792614686,0.013430300451206979,0.3315882890493932,0.010292048099191741,0.33839395418009066,0.010600159374435349,0.33001717456411206,0.012249835444286787,0.3374882336367517,0.011781547435515422
980,0.3311452975659071,,0.32427436386589564,0.015806641653653274,0.33411928133523977,0.010456919460125448,0.3345824246852604,0.010414862713768151,0.35216294062979786,0.02729658100642557,0.3270859987189204,0.013854966376941912,0.3433459038394863,,0.33041756861172533,0.014425800255591184,0.3446175147697785,0.012682800645196567,0.34445051545156236,0.012671439229709104,0.47349203619378005,0.07010389822632652,0.31873158982466393,0.04160446571385989,0.31104115190811127,,0.3253116943633415,0.01541653521499763,0.33053896949647865,0.010925591827901732,0.3415968009835839,0.010165627317088873,0.3376470690555867,0.021357216091350408,0.31804899646948176,0.012916543982067182
981,0.34624899857730057,,0.3569670341999941,0.022034141071512255,0.34463353392349655,0.010627635076172653,0.3445951092293538,0.010593860835098215,0.34162111821188756,0.011744566062858808,0.33547249889373887,0.011921433281775612,0.3526687834955015,,0.35139291569365516,0.017987045248390232,0.3580199247785098,0.014716915009356988,0.3555866752180112,0.014594724129580256,0.30409742656708605,0.03934533148304081,0.3437389722192908,0.028524366053839553,0.3167481131932932,,0.3378825110762373,0.015582747496991954,0.34024356741186634,0.010654385618297648,0.3465237303735079,0.010001259802846418,0.36412198065701207,0.017018550081772475,0.3384379175777716,0.011410385340583142
982,0.3503119002725431,,0.3514339486685227,0.01752809859993839,0.35015952647497,0.01045871821668559,0.3501734065148113,0.010466708863040403,0.34834077147689135,0.01155891846857841,0.3453426862104452,0.012177680516446996,0.3561803430759231,,0.3534458410088554,0.013562792517072353,0.3585813149875651,0.011229667280372146,0.3584586912503772,0.011209129159274628,0.3613253195097577,0.013585481061198421,0.36312690579084594,0.014303912738569699,0.334622306948921,,0.35559114372553163,0.016847284730004033,0.3517466943698603,0.011251730970015077,0.3533774636303752,0.010116949969023906,0.3504911592021049,0.011408294472660735,0.3504503490579209,0.010999742543517507
983,0.3557810847364816,,0.3531508678759887,0.017706478221278063,0.35394574922534633,0.01162233874921801,0.35395908283320904,0.011592370080303654,0.3507905736011716,0.020443368917381192,0.3459035152875462,0.01877906284696442,0.36167124526761035,,0.36562924210754616,0.02063427481009254,0.36539909190846953,0.015389676053816255,0.363113040081758,0.01522308457973362,0.4107788194499899,0.058570950176114196,0.35415840455468356,0.0321253173712337,0.3273381235009344,,0.3391228534813233,0.014108073726037576,0.3472843094726555,0.011209822285647044,0.35054952664775035,0.012673247597827028,0.3598959256471058,0.015358443772061497,0.3519248454865733,0.012258732823698763
984,0.33673842397949627,,0.35765349937263785,0.021741222472515052,0.3288527520760767,0.01526016208497294,0.3312464446816053,0.015106662323277627,0.3558359221946521,0.023044728427107735,0.34285773431643307,0.016623787816518746,0.34482008885135035,,0.38044928919802606,0.03313053718088295,0.3464663251572334,0.03462724771120616,0.3451183417834806,0.03465742573320628,0.4709827396185541,0.07363451765115232,0.34132138927658956,0.01596058155902475,0.3187008359779545,,0.34092361603212495,0.015069168813763542,0.33726702129750435,0.011420815261670037,0.3372161567637659,0.010746939341146912,0.35722044242436324,0.0186212702564289,0.3394512899242567,0.011662164520034258
985,0.32697914927782584,,0.3107550331873416,0.013327448483403023,0.3301036398020664,0.010403834997839733,0.331508608813691,0.01040773792095564,0.30581801923761187,0.018740009203847306,0.3149249614417078,0.014405204487148458,0.3318448460171459,,0.31810891101267225,0.01829204933648709,0.3225264995384211,0.021010817452519,0.3276874088546666,0.019028678292368328,0.3046882581872378,0.04925928863306167,0.3224642092739772,0.02570178769781051,0.31404116252429276,,0.31215298388617807,0.01238904799184996,0.32358814863530433,0.010341893240258354,0.3307152071583497,0.01028764279298476,0.3316821062636412,0.016665859651674754,0.32174856881730823,0.011188825322173622
986,0.34927931813826385,,0.36372920964091193,0.0178977050005967,0.3467196892444233,0.013547021648978917,0.34680988325893364,0.013440943890442616,0.3474897807546692,0.01852285616446315,0.3435099153029556,0.019718020171749367,0.3622943957286196,,0.3584175746817867,0.015270147606403458,0.3644730265845543,0.011707923526257179,0.3640304627329228,0.011681211844734283,0.3681133354977916,0.016790326837568214,0.3554398687230914,0.016042297729177153,0.3288861157942913,,0.3559999955763692,0.01478467775532846,0.350321151548287,0.010650928017577601,0.35468164009848413,0.010233353345932788,0.37406613747660517,0.024339563376341498,0.33998317113942617,0.013888885221245045
987,0.35318206252877266,,0.3444061095406694,0.016400223848802596,0.3525250823546571,0.011543573914572555,0.3523478539070023,0.011541686279734755,0.34835153063008056,0.014834203174029394,0.35008631449330246,0.013014408789340329,0.3580536287423303,,0.34313145514116844,0.01443583703707216,0.35875932617343304,0.0120225225828932,0.35866563313625466,0.01202032909509496,0.35386032512779736,0.01585566114333501,0.3566665670171929,0.015405935229337208,0.33439972161893405,,0.35018554091503895,0.017071433833169555,0.3491165307115451,0.011327922807386353,0.35305898301451605,0.010940083835428719,0.34809909509228765,0.013472243284164881,0.3507472839566014,0.01301421333637486
988,0.3613954257318714,,0.36553700975634845,0.017589952957816006,0.3665797751531785,0.011144548077927688,0.36597774383125364,0.010627735183014768,0.36039283120409377,0.017448486438120053,0.34231538444692977,0.014745570148435203,0.36944122307090316,,0.39178948759827964,0.01807204653573005,0.374897298119569,0.010927820851075527,0.3737521145120526,0.010806282794366476,0.36292913692761963,0.014739505049853196,0.37759724190411753,0.019370764142672543,0.34430283516857796,,0.361311663993915,0.016034089356313726,0.3627506689539784,0.011782571568709281,0.3641440927194359,0.01029466271072295,0.3654266195094395,0.016170723897179783,0.3583364896485453,0.012176527463541665
989,0.3429815680428761,,0.3361811219302977,0.013803749041048363,0.3407912175992832,0.010406777623586374,0.34054535715267703,0.010352680428537027,0.3373317773780067,0.012505733246283198,0.3379224269497133,0.013060286520871876,0.35143870356249923,,0.3537257195695642,0.01756285609465781,0.35649072367405493,0.014793075666459083,0.3539770970101778,0.014671375761330716,0.3278280703524805,0.025163237013737218,0.34763155853374134,0.028364715369638114,0.3270237727868566,,0.3370692688305486,0.013618285865598516,0.34074194790145557,0.010139694640867407,0.34284156301771707,0.01005893303923695,0.3493215179613744,0.014413649717543548,0.33970230832150944,0.011607142099546114
990,0.3382901954002667,,0.34563834699155704,0.017797600233309757,0.3416953081252185,0.011968316631814352,0.34136469294997324,0.011864297202921143,0.34078562299030013,0.014726525374850965,0.33860293211962766,0.013802827138802388,0.344869262874102,,0.3766695967213255,0.024724404149335508,0.34846736952069013,0.021936330612719046,0.3460799271522113,0.022057337100575166,0.40952860731473917,0.0473832998775677,0.34482877249839095,0.03517492361598308,0.31769506400969616,,0.3232264209954082,0.0120837799419706,0.33163925460398935,0.010143307704547725,0.3370620310780414,0.010017374164801106,0.3398815859534659,0.013524072934406196,0.33320092330945683,0.011157777528020512
991,0.36919168042226147,,0.37696882274158255,0.0213293602477729,0.37166444235234075,0.01152890665286626,0.37137115268616155,0.011454193505416257,0.37273886132909173,0.012721704179813987,0.3842847855928391,0.01605428213072067,0.3783275412510939,,0.37791351429398573,0.015154444032151146,0.37760568053429994,0.011652689548991367,0.37771527104721386,0.01165493956886682,0.3768308080130664,0.012332754382787218,0.3804039720615583,0.012710439142906496,0.3527610732237537,,0.3684169424878162,0.015428584437817116,0.3693306015020917,0.010914952377454488,0.37150976847095446,0.010760771734447325,0.37493283390870147,0.017416777864186807,0.3711765802547058,0.011796642174882018
992,0.33097798844588716,,0.32913360871246633,0.02074946761236562,0.31041871521422776,0.02784331466263043,0.3169055199635511,0.01969438542247028,0.3070902509612267,0.037431669197964486,0.3069134629436082,0.01691223818171588,0.34204015428661205,,0.36454329736827656,0.038745190160822965,0.3541601798293832,0.02681199096592834,0.3440949056868277,0.0263719929511171,0.30334934629812715,0.07320470867728793,0.3333025301122429,0.03387339749929641,0.3116757992602543,,0.31451466904348224,0.014086065089824467,0.3218693065050239,0.011314591050505085,0.32534107872103885,0.011273787891620389,0.31929051830730076,0.022834580735462847,0.33127298234166747,0.013693741225912933
993,0.35016754224834373,,0.35056591645452523,0.015396288194470767,0.35509706353116954,0.012731314966094498,0.35542761769571074,0.01274639840044657,0.3635711635321097,0.015861584168562093,0.3579754804117906,0.013135068082170508,0.35970703407031657,,0.35198744030210777,0.014164392414857006,0.3602329186195373,0.012201965209839053,0.36015797975572705,0.012201968274258948,0.420823671209904,0.04035163812057144,0.3514004668838236,0.038236506665035544,0.3282039194515428,,0.34823748356418577,0.015328142148892608,0.3518639798122418,0.012406553949288314,0.3559751550558001,0.012405188723331299,0.3809368933497864,0.02332756426832786,0.3493642196774205,0.013749079168764378
994,0.33536399706729486,,0.3296238093159529,0.017023098973631134,0.3375188861789816,0.011057510663459834,0.33722592519995626,0.010941949507852183,0.3458488856797422,0.0222695867724798,0.31276597225351077,0.011283602072120032,0.3435513593188907,,0.3319452070637409,0.013037702426634004,0.3457041589553554,0.011316848620997114,0.3455714858431296,0.011298325996570158,0.36227362787265543,0.016365381834139357,0.3483996480801743,0.01460576386861024,0.32085998125298965,,0.3212717621059803,0.012862390297073877,0.3306977800350123,0.010485134609985422,0.33332709545010003,0.010743077933990992,0.3388023149333215,0.012465540303846293,0.3353082678906732,0.011071859609632197
995,0.35129473120352434,,0.3567895831641667,0.02136978387236983,0.3512988989530136,0.010272192306405513,0.35129847573024775,0.010272010775839146,0.3504509935927567,0.01586387343907394,0.3533887392133567,0.017294523962808856,0.3572215486432904,,0.3659558746586595,0.018504593274656526,0.36513002307513337,0.01323004653748141,0.3625767128734424,0.012830268724242217,0.37502368428795896,0.02427183316958147,0.3515414612588603,0.01681060593492886,0.32376199168663644,,0.3514987181081713,0.01820670727258835,0.34889391857402496,0.011883262131621428,0.35044147173937,0.010090436732524874,0.3521645656844222,0.014971157554884205,0.3538210831975377,0.015382750208337332
996,0.3308873199341975,,0.3228913781115297,0.016818676346916403,0.3321433942127271,0.010779384503457307,0.33230903130758804,0.010781352612147634,0.3331618836839262,0.014398407898785685,0.3278292922980419,0.010681246265292857,0.3394658326908469,,0.33450081727987324,0.023070873372921716,0.3500437432432174,0.02272107156270546,0.343739083189451,0.02190280152656671,0.378618730393063,0.03559485013894055,0.32918090928767596,0.030727131753335822,0.311957789384926,,0.3239949228619064,0.014905304128491729,0.3308861910060945,0.011394341139171765,0.3365336662707107,0.010512334156371886,0.32533333356800387,0.01253970418083959,0.3242015227795566,0.013317147922234417
997,0.35538502527654087,,0.3462944352952154,0.015921020402226545,0.35371506566843103,0.009831654475179027,0.3536503816689946,0.009830551483609585,0.3504610094862964,0.010834201199401611,0.3474828261659509,0.011576290515285786,0.35741945429507554,,0.37127844510200697,0.01747215537556579,0.3593276396123589,0.012179465406715316,0.35866295198957027,0.012121196063089137,0.2966868329379192,0.0470905595764427,0.38887297420892614,0.04389101447238625,0.3401298094181489,,0.34491895672065653,0.01682476947459251,0.35201124459967675,0.009889677572452654,0.35375558415162217,0.009747535819324065,0.3652835613524788,0.02409698804389958,0.3451883888135853,0.012277721897414386
998,0.3478617833902312,,0.3445714259556078,0.017375738006908795,0.34621913427075895,0.011249270850482922,0.3464435655593081,0.011184126151737613,0.3483031128433363,0.015174495222360548,0.33996751024292887,0.012791560887587927,0.35026659180453756,,0.3504941467664643,0.01773493510299963,0.36128408049186,0.014659628438627274,0.3569371925853966,0.013768911148353113,0.397187691033392,0.03797357423857407,0.3527863818206935,0.024817375701562033,0.3236709867373445,,0.3337071526509104,0.013715078604359355,0.3424133600810156,0.010568137173000251,0.34629974953034465,0.010316270711025456,0.34745974301579396,0.014486322711378204,0.34133148099190463,0.011504966791433235
999,0.3439113595752654,,0.3417538789614278,0.016866171224385197,0.3432318949093949,0.010101419979005115,0.3431490780474522,0.01010153941804367,0.3488874297322914,0.018376326492734893,0.3487301217033996,0.01858407181463633,0.34879055269391057,,0.3402355427096795,0.013604991730229695,0.35156619715549187,0.011501610150024651,0.3511463680828563,0.011461595787035298,0.3395653975505878,0.02865316263328529,0.35280351860638304,0.027666700711610235,0.3263544778318813,,0.32787316237119896,0.01430815989916316,0.33825749357918616,0.009723202173058049,0.3423587258968676,0.009611862578846858,0.3536647038329526,0.013920887393539952,0.34553171268334804,0.010965960137930672
1000,0.32528709592344085,,0.31845413612066426,0.01361265746002847,0.3206490056353131,0.013439902606467116,0.3194051990217324,0.013335449626211108,0.38575602415006455,0.03957489492257511,0.33436405140055464,0.03302503984283604,0.3398020563665206,,0.32841905369884905,0.012989954632101362,0.33882399048952644,0.012682462939138694,0.3388535329307561,0.01268515582518166,0.46273769548767624,0.0676475623885922,0.32898435374885726,0.05052533368526472,0.31263296883618374,,0.31418312150597794,0.014021440228871251,0.3135346194636658,0.014940382960930318,0.3137634879495374,0.015192742298925432,0.4512240630039458,0.06568838094883311,0.3229913546616916,0.04297752592994279
