sim_id,true_gcomp_e0,true_gcomp_se,true_ipw_e0,true_ipw_se,true_aipw_e0,true_aipw_se,true_tmle_e0,true_tmle_se,true_scaipw_e0,true_scaipw_se,true_sctmle_e0,true_sctmle_se,main_gcomp_e0,main_gcomp_se,main_ipw_e0,main_ipw_se,main_aipw_e0,main_aipw_se,main_tmle_e0,main_tmle_se,main_scaipw_e0,main_scaipw_se,main_sctmle_e0,main_sctmle_se,ml_gcomp_e0,ml_gcomp_se,ml_ipw_e0,ml_ipw_se,ml_aipw_e0,ml_aipw_se,ml_tmle_e0,ml_tmle_se,ml_scaipw_e0,ml_scaipw_se,ml_sctmle_e0,ml_sctmle_se
1,0.3560797746365433,,0.3519504823622293,0.0176977139778146,0.3669919036992914,0.0126041708974176,0.3647207414796753,0.0106308646400632,0.3927208157534608,0.03601495007812,0.3491331446284455,0.0114867003740696,0.3584735573202752,,0.3502332122025456,0.0158639472605788,0.3615754858559914,0.0125651984667752,0.3607733550208207,0.0125047395103853,0.2811466532858032,0.0523590930463948,0.3625128630692582,0.0466809376302004,0.3450673106646212,,0.3520846680766014,0.0182263149821634,0.362745532990071,0.0125706498471552,0.3621553535823419,0.0099147043123927,0.3819910944049685,0.0325951545993377,0.3546355498989103,0.0153801513027387
2,0.3476152080891694,,0.3583719351144654,0.0198587955513586,0.3496508333916551,0.0099483977592369,0.3499597427045226,0.0099182546560285,0.3528673912193111,0.019233935914539,0.3481348767011691,0.0157044047810088,0.3570006483135109,,0.3661493862509946,0.0177051116716424,0.3609892972254958,0.0127977769875609,0.3597689088329138,0.0127149657690849,0.266693172332045,0.0529051921939116,0.3429983457173524,0.0362875170540899,0.326098164251255,,0.3484338237933788,0.0173448905665681,0.3487349905301097,0.0113564384503276,0.3542295052179999,0.0099430907383793,0.357289666853985,0.0253554151126133,0.3424572764578764,0.0121257030760558
3,0.3455567631735847,,0.3514424468585054,0.022799397923997,0.3498748512620163,0.0125966452633021,0.3488579652331158,0.0124789988835544,0.3453389241773308,0.0135050549450269,0.3461449927631242,0.0174707412397016,0.3477697441615401,,0.3269290022044394,0.0137160996095509,0.3459922407738073,0.0129214327592458,0.3463324682410302,0.0129007161379463,0.3104483060383052,0.024145543381016,0.3312222064932507,0.0157576144071091,0.3267302926482235,,0.3366460266484158,0.0145519478099139,0.342927822271835,0.0116688638197531,0.3449782109505461,0.01131230069841,0.3389669580615444,0.0119324482805797,0.3411111566983231,0.0128935920294389
5,0.3297029608261762,,0.320958637317306,0.0146166274341846,0.3293565174806679,0.0136721161488617,0.3293248929763221,0.0136795460391659,0.3212694587436939,0.0246211930873599,0.3305443638108647,0.0211392340085892,0.3377515985577728,,0.3233650550806045,0.0131350017524956,0.3364925964096009,0.0124841061723442,0.3366020776045202,0.0124845226080125,0.3567071514502352,0.0345365162602662,0.3372551595648946,0.0311991799867887,0.3134823547281234,,0.3266997187715037,0.0170449457829613,0.3270541770917005,0.0139447958833437,0.3281349613948147,0.0128285511322974,0.334653805728792,0.0185147830429999,0.3276519580086386,0.0173915029303211
6,0.3536493023218519,,0.3530042730009011,0.017865613286928,0.3516133291663747,0.0105919301001269,0.3515582696455746,0.0105013100805844,0.3066513103621441,0.0429185596632607,0.36204920292287,0.0105417849138393,0.3658352257343948,,0.3563085349187525,0.0152307021451916,0.369668377690064,0.0123253773713958,0.3686382490231592,0.0122142827612761,0.3700976541496899,0.0166361614860837,0.374782152811336,0.0150857200397844,0.3372354470898721,,0.3446631022208558,0.0148007629753533,0.3512596385666966,0.0106469595118975,0.3549115195316947,0.010625181870072,0.3914399186486044,0.0284329341648625,0.366178443098919,0.0137051272669589
7,0.3389239711238349,,0.3552927679434123,0.0217633124316612,0.3439654899925876,0.0125901038858718,0.3424705966383708,0.0121255428287351,0.3997746974808628,0.0449933941354936,0.3366015406503318,0.011581927072605,0.3519766546000725,,0.384324326910165,0.023043550938528,0.3618208216037136,0.0134062824514938,0.3573215047367877,0.0128883860458409,0.4269300129850308,0.050184927662529,0.3416553758663765,0.031220921221998,0.3260755842270054,,0.3308239338658653,0.0143370761263361,0.337717516633953,0.010524447345085,0.3402729295992998,0.0102116240920295,0.3519799505870825,0.0187341738827738,0.3376554351676253,0.0141371664836923
8,0.3289616838207561,,0.3273402377873123,0.0161991440013612,0.321399238794181,0.0172715444832921,0.3226152886926715,0.0163532214265412,0.3239833213750673,0.0168432104528957,0.3321691417777485,0.015769243571797,0.3324859546266661,,0.3228334403838416,0.0142444368882537,0.3297779454957124,0.0132419076470887,0.3301646285298952,0.0132176880375361,0.3233048364527453,0.0292490774289144,0.3303633366060732,0.0208479327299101,0.3166853354474677,,0.3238704027400653,0.0134022730440165,0.3251082359969746,0.0116826709153901,0.3270295384908143,0.0117339239183477,0.3210068856432057,0.0133652659826756,0.3255384431684822,0.0120639361664972
9,0.3403822865526469,,0.3459487474911032,0.0214403289205941,0.3339518929635017,0.0148549057414117,0.3364042648287531,0.0133380689200382,0.3095612149954133,0.0250803424033877,0.3207724399178122,0.0155070772511223,0.3437453863997408,,0.3754112390260943,0.0298878657479052,0.3392054254380993,0.0346953197222569,0.3428261630607534,0.034794893611882,0.2958934256979776,0.0381973148466191,0.3240137398382225,0.0354419079545927,0.3172609560479968,,0.3369948423867106,0.0168495081103579,0.336743303825923,0.0110625036522105,0.3363017072825283,0.0110793786788054,0.3076890126546636,0.0341793123397442,0.3246842859077654,0.0304510998840702
10,0.3432275513258208,,0.3324437698748963,0.0137910488283901,0.345565752149014,0.0099768102741442,0.3457094323585428,0.0099810044691708,0.3436085105118931,0.0101574232943575,0.3422203336990442,0.0100473540409507,0.3443545739948369,,0.3387281458724699,0.0136802964437685,0.3474533830211184,0.0118486746230584,0.3470375540500539,0.0118208877166792,0.346528804714394,0.014424814389211,0.3450208410249761,0.01418392824385,0.3267187306794013,,0.3338253476475407,0.0132755624151548,0.3413707416051391,0.0103461150254241,0.3461935179741574,0.0100050469471646,0.3388861033842912,0.0111756549738209,0.3397921071714707,0.0105241016579515
11,0.3140396361225879,,0.340680606144446,0.0268946341566586,0.3271650693252267,0.0155644867014921,0.3218609684842903,0.0128229610928668,0.3570269506092604,0.0337332932208546,0.2708323003509813,0.0324228464363671,0.3206848323536736,,0.3104823126374547,0.0163376144872374,0.3219807701220099,0.0163697706898395,0.3215898978028257,0.0163592723501824,0.3357323024516313,0.0397693437649666,0.3164100181971112,0.0397249308990399,0.3003241373162324,,0.3160524761306218,0.0145098488653704,0.3148904260816267,0.0118224741231003,0.3216369645255988,0.0110998574590765,0.3289912791632821,0.0213172407661944,0.3067364408066004,0.0185338298401636
12,0.3429567128869364,,0.334589151654446,0.0137768189928366,0.3455627780082315,0.0112294680444703,0.3456232056578622,0.0112142410320224,0.3614281994594014,0.0220228953628143,0.3471907222888818,0.0143415688494642,0.3494345860346931,,0.3354882988063579,0.012702617933387,0.3475247957031055,0.0112874316073773,0.3475884585925992,0.0112834260584001,0.356343103633078,0.0303566483188107,0.3481823217345727,0.0170618387933621,0.3270374646686904,,0.3309159209903385,0.0127159710986611,0.3404078166628118,0.0103909394141416,0.3438262806055527,0.0102860915599151,0.3467265565410094,0.0140580719044273,0.3449838093556485,0.0124410136018053
13,0.3440698017289325,,0.3357084741085386,0.0138936144318157,0.3403632003107829,0.0116989877864107,0.3400975980963107,0.0116316814093659,0.3398627673035586,0.0156445568166983,0.3429962314595021,0.0128902190773199,0.3523620762021767,,0.3484838163027561,0.0172636837067521,0.3639329981741193,0.0160631678856491,0.3588896157537776,0.0151708952801995,0.4192895089134202,0.048849437853425,0.3473788940667922,0.038788674086504,0.3297371570662713,,0.3346131764342649,0.0127095639687711,0.3406795809234857,0.0106462202984807,0.3436573170527314,0.010539637238158,0.3673011579027268,0.0284913963325988,0.3376083081911728,0.0199581201819805
4,0.33777577119268715,,0.3389774836064406,0.014988240409361126,0.33886224719016483,0.011305738003359107,0.33895151060952083,0.011300824478945846,0.3377967644780901,0.012703078446610113,0.33957259890734004,0.01292068254510901,0.34850817536275586,,0.3444574349245911,0.013767042780852012,0.349310847880094,0.012032735024836351,0.3492023214779406,0.01202811451181128,0.34436126215494783,0.017920105803399415,0.353854992273091,0.01696648570180787,0.31755182927973646,,0.3406575352744887,0.016509271900510825,0.33806035529498274,0.013135940965074203,0.33804428792291735,0.012824516131048682,0.3371418931669423,0.023237913513632406,0.34052077144474563,0.013587926594281789
14,0.3282248386503975,,0.33649138123808,0.017779254472072462,0.328536987066666,0.011013327869116725,0.32856347004216446,0.011005909833659611,0.33524245324144464,0.012359376268088364,0.3305724652727992,0.012141224433349052,0.34668158928954207,,0.34246215870487895,0.015367277477524772,0.34518124442127146,0.01098737508172024,0.3452415602782738,0.010991445472808857,0.34187209269674806,0.01592687944876726,0.34283622905152356,0.015009398734745754,0.3149710746676944,,0.3283208512292642,0.01688315990558923,0.32564428615528523,0.012365615680256535,0.3284318853299733,0.012599238614863888,0.3269491065792065,0.015437419417001049,0.3329292099848278,0.01434300869866587
15,0.34569617974598743,,0.3427544985502963,0.01634449762370179,0.3440705999290132,0.01152171908808638,0.3439135322742934,0.01151640769351701,0.3243315671520208,0.02040541601653915,0.3428729980721414,0.013406547505028727,0.3525938886937552,,0.3709816132538717,0.023264694944583126,0.36512859322827323,0.0181619006522033,0.35683323042540466,0.01711698764216307,0.4149328625113823,0.043622794753055825,0.35635151488136085,0.021756554982151836,0.3305675086967473,,0.3431605009581083,0.014824033478843203,0.34525295311040727,0.011029465009957886,0.3478384309251663,0.010736661020810093,0.34634963514117273,0.012948866031056619,0.34031956805448826,0.014511660160369057
16,0.3401979321326124,,0.3538337376612174,0.020432312702345724,0.3412216217282301,0.011514247610539341,0.3409086839267182,0.011649188492988845,0.33359282176925437,0.015831370123878547,0.3076106597546488,0.019709417746748534,0.3492711341670021,,0.3577092460948234,0.024089422118994508,0.3554573669366638,0.019077565413302414,0.35146115238874065,0.01814754494453073,0.4100750808549442,0.04105073839861201,0.3520299732209169,0.030492066844357832,0.3182605264078742,,0.34141985069257524,0.016108540681315335,0.33940705621639033,0.011291083258960602,0.3369657251348345,0.013426136071121595,0.3428582254700685,0.013206970002433453,0.34232584042482667,0.012069175113681453
17,0.33726943545082927,,0.3109340829414946,0.01383532340679226,0.33518613985142603,0.014044165650317996,0.3352458006790525,0.014111111916548702,0.32141065343291003,0.022046736024930555,0.3181495524591737,0.013251768309422615,0.33748774019984695,,0.3254989321978504,0.013328672065548572,0.3391301913226344,0.01212188358458597,0.3389641838445435,0.01210837402488181,0.35921790028791506,0.03568838282835268,0.33937843762254827,0.026092414438672978,0.3184598055646666,,0.31304283896753926,0.012380843779127973,0.32398885369911784,0.011480746314138875,0.32624072161874745,0.011766721976546888,0.32256892006498855,0.013504947427426887,0.31980885201484366,0.013699750090069724
18,0.3420097317245006,,0.3159779274814074,0.012211369896625992,0.33806675686271054,0.01120930968894879,0.33609935964089255,0.011151050288447796,0.3277048224413616,0.012772865494180753,0.3309936711711027,0.011653720574510997,0.35098480540209287,,0.3343603387737557,0.014051935086468476,0.3540225891378285,0.012238117817437328,0.35356452392375104,0.012184159338375813,0.35353756316450424,0.012892503027325553,0.35270528483459734,0.01279503512988734,0.3192377271600908,,0.3173875421178073,0.011834590251216385,0.3285009761559071,0.010325716902865047,0.3417005984939962,0.010491640300386304,0.3250577686174864,0.011169064465029908,0.3299662491015074,0.01108982477514164
19,0.3302894950085945,,0.3367402113868741,0.017494367814876437,0.33802468205094793,0.012311974514428373,0.3375175464617849,0.011659321573838118,0.36223661551711606,0.02532591784082618,0.33313476999915953,0.012980802691269147,0.33700570659570744,,0.32971899745425437,0.014101265941018425,0.33894374816264766,0.011204615112741999,0.3387703933316332,0.011193557979138536,0.26216862078951125,0.04810038591907055,0.3349615405213076,0.03719745339240918,0.3178796841044177,,0.3298188951199757,0.015075530314045248,0.3335689355827611,0.010678164345113244,0.3365238802824275,0.010285450607840581,0.3407261840045796,0.014933459435257902,0.32975236196193886,0.012459637062904743
20,0.338800873437584,,0.32759858662121066,0.01493644015910297,0.34137973789676496,0.010195897886731524,0.34137148737277745,0.010145041483424601,0.33733923231498525,0.013805638975619167,0.336888219284935,0.012624266854938001,0.34110767132900993,,0.33207194405789203,0.012556845862094664,0.34412363637928095,0.010810307327412472,0.34413511937671476,0.010782499249755774,0.3235423372742729,0.01967739425769288,0.3388873605728695,0.015742685479817324,0.32503156422699603,,0.33362516390719954,0.014095659355159166,0.33996291500391307,0.010715353116716024,0.34136894736695544,0.01044821004738284,0.3417849252682543,0.014473691169207012,0.3405769662948403,0.01230141548584263
21,0.360481977502705,,0.3728833318539831,0.019625881328354577,0.3646974485242555,0.013775113107572382,0.3641425311796952,0.013495174103451238,0.3559722438315345,0.014545700423587792,0.36894556889162095,0.01677165458468472,0.37208455196307105,,0.36672675079888145,0.014763431594432145,0.3750448625445102,0.011835239368736955,0.3745811153156748,0.011789455361106089,0.3791592420963408,0.015004568191553993,0.381743589483158,0.014384444730031495,0.34725056326718795,,0.36388154475523793,0.016439028353473217,0.3630648050838794,0.01198195405552857,0.36420793735777046,0.01137168093995419,0.3674146395896067,0.012517148984796762,0.3715105025740451,0.012238415975963843
22,0.3314622415890853,,0.3290693983438537,0.01444098028157905,0.33336832186315274,0.011753309237780021,0.3340455738338952,0.011745455837317379,0.34511193765532294,0.014074031507581523,0.3462751267449517,0.013313762434633853,0.342284108031942,,0.35662934760780973,0.021202447270055977,0.35113743984143797,0.015193022576349554,0.34710014886251184,0.014510164269674717,0.4089998246360373,0.04396151190236102,0.3462879215430963,0.015897659178237277,0.3145210173239012,,0.333703662638795,0.016305356813534115,0.3350302215648394,0.012609115392580491,0.33988132247965225,0.011056294002328047,0.3411917640543855,0.015434984639254043,0.34173757970998114,0.012210228241465455
23,0.3378743292090963,,0.3289868904350339,0.021864678227483125,0.33842535334125357,0.011709267033158478,0.3383713904157274,0.011662313298923355,0.33128297356101194,0.02009894652365036,0.30256367409399776,0.011888432144081975,0.34714905993178674,,0.33682543156389955,0.016842030700242594,0.3460547617466785,0.015838292976729854,0.34641813021053863,0.015836521434258413,0.3439117811833224,0.024063866431939845,0.33084013626602127,0.0243181163539136,0.32192346979159087,,0.3331623938366847,0.020399791029285096,0.33902285677522126,0.012611480181063464,0.34290413788043594,0.01073933893011318,0.3496633693752428,0.02215145142378716,0.3257474153310077,0.010717457390027474
24,0.3364412190160704,,0.3313450720444635,0.018622677415185362,0.34098740340170935,0.01970020113680008,0.3412727784885723,0.019175024048442218,0.33201637631950764,0.015081196104024175,0.3197786263531772,0.015275018163625637,0.34505070171078145,,0.33788525687953513,0.01657242706574635,0.3472059154264501,0.01586837432459037,0.34649639587861447,0.015826448143552004,0.38866324038278316,0.039900658954349764,0.3473230570015656,0.025259632598696204,0.3144857998017823,,0.3290620528352735,0.017141916099013776,0.334750744227812,0.01633859911543231,0.3370625733405663,0.013241738020975958,0.3443538098473453,0.021536908317750274,0.33477175166985385,0.012472986027687831
25,0.3473093305662484,,0.34172306022883264,0.01770447480064018,0.33623708420433257,0.01939816787468841,0.33813361663251595,0.017028866197883505,0.35907250485330283,0.04365046244000158,0.3470402353218757,0.012368982148383778,0.3662681662222097,,0.4029054064872347,0.0297571626693473,0.3913647303811913,0.024178913426357387,0.37181667374159133,0.021820157058628872,0.5158228529125827,0.07162511259435361,0.35660277693822506,0.04846884020829707,0.3347580432175698,,0.34563779735873795,0.01590807331164296,0.3484850826989345,0.012870365398938793,0.3502681855250267,0.012445961094090095,0.42449570916870555,0.05518291364825856,0.34612443505918905,0.014552432322758761
26,0.3593236943726632,,0.3455261623236048,0.013803891504854733,0.3574492235973368,0.010990432933345009,0.35681236772796676,0.010996920333535963,0.3610802083410722,0.014063715390383228,0.3582811821158144,0.012338102757475097,0.36968474787991856,,0.35398656780728904,0.013071781129756006,0.3688744309418709,0.011167138382354124,0.36890773145367917,0.011167601843461937,0.3697162645714331,0.012737688913474411,0.36712054647709236,0.012479186939950744,0.33927591660695117,,0.35488915108671226,0.015792709114857646,0.35822509827195137,0.01192544026986314,0.3629524972415915,0.010802745646492452,0.3614917041871672,0.015686855975226302,0.35561755445738014,0.012473061780425683
27,0.3458327053657756,,0.3341208046312696,0.01658850736172007,0.3484665715866687,0.011288894179910846,0.3480396598715019,0.011208834097273829,0.34022487153102093,0.014973844370907806,0.33207462811881455,0.015049299874567507,0.3478379689864349,,0.33813392903938133,0.019471072659545327,0.3473597831725482,0.017567487831004237,0.347622317374184,0.017585511516056477,0.3703085243115855,0.03542694162731095,0.3449727975162144,0.02294345665090379,0.3230369876940694,,0.327551284854711,0.014848308600072519,0.3416218094423359,0.01137304600831587,0.3468622828550774,0.010498663525730824,0.34057722605771634,0.016819755920336996,0.32727096139177564,0.013642310809254479
28,0.3344200476844819,,0.3329919994630664,0.019204224210015008,0.3346891222573372,0.015361515213661806,0.3346598929656205,0.015356570869921106,0.3237963374077116,0.04084558607992261,0.33709105975617215,0.0534946512538918,0.34187236004453264,,0.35265492703146983,0.02281585412000332,0.3522570561826273,0.02170100385410819,0.3457321550744491,0.020617089479940478,0.2989959497054399,0.053146969491253686,0.3372759499476611,0.044439891234878286,0.3138518550555415,,0.3186225869337871,0.012905125042218829,0.3266119858908057,0.011321810173840537,0.33662053863800845,0.01133551546846761,0.31702897925113466,0.016753336133727148,0.32781154934317674,0.013670705072113931
29,0.3312590026952588,,0.33097082001842765,0.0181057502373513,0.328208609273545,0.01299642949707237,0.32810648954852417,0.013008344143968986,0.3429451912551772,0.027215761057590413,0.33735140012539855,0.019155292613133437,0.3396549773502128,,0.35006095486419153,0.01992199386920076,0.3435281756785886,0.015048994678270892,0.34189776490935553,0.014829039748516449,0.3890943364256024,0.04057871374695576,0.33922726105592355,0.024177279673789808,0.31104489008565506,,0.33251163901900616,0.018855456474869466,0.3329913112168569,0.012488780232839586,0.3344621361182381,0.010970624750033586,0.3355882283259566,0.017942005285100246,0.3342967797342456,0.01569970699007365
30,0.35013683610072766,,0.3403466532123725,0.015068172341553507,0.3482498765412952,0.010094679189871445,0.3480943500166617,0.010089924016703606,0.3541659086552682,0.013015403346557248,0.35226357993855534,0.01275138602290605,0.3548154669582614,,0.37685959859968615,0.02273602812862716,0.3631455137105816,0.017031198561748603,0.3576790559925692,0.01602577990829775,0.3686858835441423,0.025839653039857986,0.34961907004598264,0.015272930941182464,0.33021776607786973,,0.34919448936679126,0.017060675000062052,0.3480327521096194,0.0107191488630239,0.34877563852779475,0.010040692204810827,0.3620892186893011,0.01989333313921581,0.3492108606458357,0.01143353494816987
31,0.32895849524042925,,0.3158535735496756,0.01628967601060039,0.33108032909424195,0.012020927401616555,0.331111221178558,0.011913320210472771,0.32421087118064473,0.019313970617867944,0.2967867356357943,0.01412757613877077,0.32903635259865016,,0.3220400828711931,0.014676788176042226,0.33090184782459003,0.013218387871244415,0.33051029635672896,0.013195580391833567,0.28530387100497057,0.04152638632543079,0.31203212459059404,0.038298963825622034,0.30279599098199267,,0.31453422174768625,0.014326354359943482,0.3206750037691747,0.011749295700758312,0.3271650674695048,0.011044689926447023,0.30901016981329,0.017622433096304378,0.297571302534326,0.016821723523500642
32,0.3596550779871277,,0.3466081731982963,0.013599950267013675,0.35814577138501846,0.010527608506795528,0.3580348143506063,0.010488889569001136,0.3552208364413232,0.012861716236465655,0.34951040949353923,0.013402892243175486,0.3672607932306805,,0.35627846867101987,0.013186766643317248,0.36821190256529346,0.01067054010050286,0.36817511371289796,0.010669658168733111,0.40603229448609884,0.029079709656947984,0.36396847242018454,0.012051019798559862,0.34530528180798525,,0.3608855473899578,0.016935024034991822,0.3617571287333918,0.011579213853278595,0.3614919377676605,0.010855176114302036,0.3495060242433737,0.018305686075199473,0.3590346784984743,0.015637729655311728
33,0.3574657476096663,,0.3451067938376182,0.016443276185389495,0.35871107752237275,0.012222191371425132,0.3584907686756006,0.012231807515100305,0.37474845552562724,0.01910563648469588,0.3549914863349527,0.011378982269613406,0.3592736947637374,,0.3879144280841284,0.024597064283732088,0.37630959437623007,0.016072788996695175,0.3664257311530088,0.014040811707365267,0.4440573670114625,0.05099956879266423,0.356121400349028,0.024988914644049263,0.331581358039393,,0.34187528230940667,0.014728819280172485,0.35343489642962844,0.012597857692313728,0.3571958281209552,0.01211132143057317,0.3629717252237979,0.016546741543230464,0.35595110037740796,0.012667295509504727
34,0.343643797719312,,0.3703196709238653,0.02468552375173019,0.35711286755558813,0.011975468234756509,0.3528817644706474,0.010190167967241183,0.3758439602336842,0.024279628296789754,0.3527499335772324,0.012025182801443221,0.3527862063661672,,0.3572950729950595,0.014610333881761068,0.3553898338297706,0.01117949236330103,0.355208310430085,0.011160089790890847,0.3440496537277486,0.025110795362006045,0.3471105381050796,0.02585531357810664,0.33783728641694255,,0.36972590501884983,0.02186901550364675,0.35755068966227843,0.011528692570763372,0.35635332503583306,0.010295789616240291,0.3517419978370728,0.013096680171067925,0.3485718171110081,0.015402341663242072
35,0.3329918308386926,,0.33059758653233773,0.013536316817408075,0.33573661254251275,0.01089182987963676,0.3358655790262367,0.010880429642742025,0.3914931999725632,0.03729497977734669,0.33167952403237405,0.011037331916164997,0.33796292434537684,,0.32261008840594413,0.012129127910009384,0.33713755533824946,0.01090701528025399,0.33719402147573224,0.010908324605480422,0.36808367149582016,0.020444269505831617,0.3364613330503729,0.016096421711144577,0.31657614145841234,,0.3314478697267552,0.014097429702162855,0.33313497622504373,0.010860874974054347,0.3349333781307585,0.010405343686881499,0.34114550002740845,0.015242404955305138,0.3308506486067039,0.010954221397962835
36,0.35203388942811215,,0.34065861270891706,0.014417436363092433,0.3549579808818013,0.010542233149905343,0.35565346106233997,0.010523569813526885,0.34885079497892046,0.01131776690506875,0.3468666859108236,0.012152986868503402,0.35725341082592155,,0.3435289060502645,0.013012700747613761,0.35786511972285856,0.010973178884889995,0.3578954541764834,0.010972592555035115,0.3602772305604076,0.03351491577968751,0.36016497412358633,0.03354227986344031,0.33236136469451905,,0.34999309390342187,0.016527701159940875,0.354462898256922,0.01100888266244946,0.3611865760977568,0.010268003238117492,0.35573068371605054,0.013097105333448702,0.35586704349667153,0.011411537901847775
37,0.3338726717734056,,0.318153066177799,0.016052408083904415,0.331896829809935,0.019650524240429113,0.3314825230759986,0.01948688049423966,0.36437661296041596,0.04421495965297496,0.34548374275328525,0.015906544841071686,0.3320292569336118,,0.3345829469119414,0.024944509304769383,0.3454645251954709,0.023808902958760963,0.3368165827641492,0.02362325090367459,0.4336524174393324,0.06711867080129968,0.3188320649142658,0.02926502973512257,0.30821542664257456,,0.3117809331356902,0.012337553050986109,0.3199682881257685,0.011956481903210527,0.3297730609131906,0.012475145577285629,0.4091885840877341,0.06215494838340353,0.3012505435280975,0.019350822265378913
38,0.35431855435969045,,0.3443997816918237,0.017393763154299746,0.3352292166497995,0.022658583425153832,0.3394273793304494,0.016080889100175903,0.29279785221109933,0.048736115216703964,0.33018830470235083,0.014210547566815591,0.36724678418266027,,0.3749991768620786,0.017859271563034882,0.36813179795875717,0.01358038116161223,0.3678864978441005,0.01355906304890271,0.35367510577825906,0.031614361305048896,0.35731175620783534,0.032550282286407266,0.3294911133634762,,0.3340181788303862,0.014467070203408993,0.33609999052140316,0.01477041098647169,0.3374914417475958,0.016112485242481038,0.3430349025043418,0.012990557426059075,0.33626882181966894,0.012557950546521826
39,0.32582031491727814,,0.321310924750515,0.016284731801023706,0.3236900496248223,0.015404430372314173,0.32382888375581576,0.015296031115918794,0.319925158053338,0.01646824286477858,0.3039735969953881,0.02162716050767544,0.3313694169880306,,0.3507115457909412,0.028847732831153633,0.34156844704251643,0.028920913691369336,0.3338455245657945,0.028414050521376823,0.3516819838489471,0.037197429847930584,0.331682533802901,0.02196841132844456,0.30550431620541196,,0.3188477120291468,0.013333943887928142,0.32075553254005607,0.011902705938016908,0.3240464951766764,0.011905827688064466,0.32683903799933006,0.013363110104449691,0.3115418901980359,0.01705457042554236
40,0.3277652143575771,,0.31525702830099395,0.013810925383949398,0.330516249801438,0.011458603992815725,0.33076643095933633,0.011385183357528476,0.3294099354317733,0.016215911004764636,0.32499962916047687,0.014592849900022905,0.3289593552106783,,0.31959847469742225,0.015183212363893852,0.33217413723825767,0.014091607865365579,0.3313858706778193,0.014045159880067718,0.31910850027009807,0.03571858552341879,0.3377076266047662,0.0175976153837204,0.30641004185467724,,0.3170144866392684,0.013574224125820853,0.32138733595109964,0.010773381161070074,0.3260389497545221,0.010551281721792588,0.3192377949076274,0.012146052563819159,0.31945207184001045,0.011254730172225688
41,0.33365285357670554,,0.3441100019218663,0.022209907015973925,0.33584101808538824,0.01274125234400561,0.33513022311396085,0.012676179675941961,0.31412176060172137,0.025395666567691166,0.34369729696381435,0.018488274475225094,0.34201849259629313,,0.33641494854383414,0.013281812949771871,0.3432111057996323,0.011275343868657342,0.34314413509558167,0.011269852062424736,0.32504533575676386,0.019263325333207328,0.3469179610407923,0.023252055792033488,0.3210556807076677,,0.3277722621285602,0.013497796470085224,0.3319555908876309,0.011606545354853401,0.3337497825900176,0.011538386432809532,0.3227129275370448,0.014223028511748623,0.33447592137969684,0.015853358169513925
42,0.3067758790744526,,0.2943936365327098,0.016935722801733513,0.30906145669359264,0.013724512956193096,0.30995518153468893,0.013647314790381235,0.31982250289939534,0.026436215460166446,0.29959771198120255,0.03388572901373973,0.3093907066583064,,0.28326359130981654,0.020686867082087206,0.3124866561217656,0.020953445370235226,0.3106712732813198,0.02091943002592595,0.3414389148639286,0.050662858483593594,0.29470019037799994,0.03206865089815137,0.29248037605114635,,0.28966409041239327,0.013872445054191267,0.29432688287755526,0.014418528028701614,0.29495184572536165,0.01513912954385725,0.32667760804198154,0.03261997938741962,0.2969151086765153,0.010547418304470193
43,0.33539594593685684,,0.3293965405367083,0.014369949590491864,0.3387320865330751,0.010208595872699325,0.3394924787489711,0.01017320543049201,0.3420593650231237,0.014913235880891837,0.32965813051780607,0.017851559936156315,0.3468587416095725,,0.33755605078491474,0.01438532720994657,0.34851620127468697,0.011900600007459836,0.34827180210498765,0.011882995544022265,0.33598238285956744,0.018817469758965182,0.3461291365842562,0.014986481178140517,0.31351834284795743,,0.33608142256382534,0.015984300391233084,0.3394412812655313,0.012281718981870592,0.34088021066203056,0.010757692029672267,0.33573237826458247,0.013579995278439685,0.33579191618316684,0.012611192773530362
44,0.3404973270403836,,0.3483907324951165,0.013234187291214873,0.34545838177259763,0.010921480893334312,0.3461680428449023,0.010885244594090545,0.35142938305063726,0.011577045202539772,0.34821803819374963,0.011250495665449544,0.3546394301034964,,0.35267291879481805,0.013286116694109147,0.3552531382118826,0.01118411050327923,0.3552223040365892,0.011182782437075824,0.3619982534200015,0.024419789270103177,0.3596798903336058,0.024523553020968432,0.3338253912243962,,0.35176065965849074,0.014779402100273134,0.3463029625181583,0.012206557338768161,0.34703211671863565,0.012103619704158413,0.35279426433523137,0.012665729802516562,0.350987587930694,0.011252061129657976
45,0.3460232523964491,,0.344178917456017,0.014643932444654024,0.3493491099557855,0.010138836548157136,0.3498561188960325,0.010105974077183224,0.3546772025249209,0.01219831955810645,0.35299313015203926,0.011228776949687755,0.3555388999725545,,0.3649953927047832,0.01745652488633501,0.3600737936915998,0.012762898336653884,0.3585912386902302,0.012654472906583229,0.3857596518459656,0.029004996348219778,0.3506920490608488,0.02309220806636397,0.33283911969907604,,0.34441773108278395,0.0139569940883449,0.34864174107071355,0.010417266853000286,0.35192400065417145,0.010176708538368688,0.36319337620579306,0.015414588210050357,0.3523167352506594,0.010736386616004213
46,0.3540891673004282,,0.33488714700519656,0.012852087993462838,0.34926034619181084,0.01029817696185184,0.34808142207843806,0.010221332896524554,0.3515210542594156,0.0112903458550835,0.34138297533399464,0.010933273413746527,0.36427338814435445,,0.3515596820593392,0.013241216903306008,0.36374805083889217,0.011833546041212532,0.3638314874199597,0.0118343798250529,0.3551113498514918,0.020665920292584503,0.35740146767547776,0.019333166242574744,0.33667710661019107,,0.35160121325732374,0.017181269027547037,0.3509452887147227,0.010908686137631074,0.3532600086335016,0.010226619017489873,0.348588928802438,0.011879784414610005,0.34443898254233046,0.01094066675901977
47,0.3617972012371502,,0.3579219840974875,0.01900727875601774,0.3605467696243121,0.011004219755305055,0.3606804225556184,0.010878315174476077,0.3595543158898348,0.029366474253712565,0.3575754083261367,0.014055114391540705,0.3713142325717052,,0.3854248099652048,0.021570026209810834,0.37443691595094536,0.014362050819377263,0.37310367576641995,0.014314404374964675,0.3381107490255015,0.03500173727001076,0.36750972165516077,0.03108943335836115,0.34214874966930287,,0.3561681947664553,0.01724784863849397,0.3594710464447045,0.011701872076989321,0.364846827357094,0.010982867054145723,0.3665543595362798,0.019269494702096213,0.35963565877233633,0.011804375430937781
48,0.36466757689680684,,0.3518970725879154,0.01565214456889531,0.3631828483154193,0.011440835141232945,0.3632195687732348,0.011410368452727193,0.36370115460876845,0.01316090234898339,0.3640200381441537,0.013461690226929602,0.3670634158080715,,0.36765810748096844,0.01707999812185557,0.3702535978970656,0.011812138749611433,0.3691233354839641,0.011729187069841482,0.36483293534725886,0.04020985572774726,0.3769424756481272,0.016772037188361122,0.34412438245208343,,0.3655059081039264,0.02369234528399845,0.36203590176491246,0.01149522809032918,0.3626505533771075,0.011127227254629264,0.3595725893498761,0.011728708947688566,0.3658946627535003,0.011468207765867423
49,0.34105867368161025,,0.3417495983204421,0.025032759190031777,0.34891123755759423,0.010866072577232632,0.3484755348944941,0.010060365646357034,0.34920689510790587,0.017869480398654627,0.3439090361680504,0.013913877210789983,0.3549705975710187,,0.3364289330084345,0.013980079915634862,0.35531412492093317,0.012076429444961092,0.35528254573523727,0.012075589252575965,0.34510153890709483,0.016353858270172744,0.34650267552299374,0.01628288465227246,0.3134881514716679,,0.3397977361377354,0.02078143150912288,0.34055761125250233,0.013528802173248857,0.35130444766218344,0.010835776412261614,0.3338034180455081,0.013423970700415651,0.3448975910021848,0.012238552110048163
50,0.339509859368771,,0.36444623808907795,0.028055985168963012,0.35161242190100445,0.01371674240246424,0.3475123089377583,0.012655759890260165,0.2891431155821391,0.03968594861922008,0.35146706980995457,0.0407962173260541,0.34705820353387784,,0.3560800227258351,0.016432682083294153,0.34918110009511727,0.011195567292428545,0.3488533778384275,0.011168332172657978,0.30801886339209905,0.03576598957711005,0.3519886872769663,0.02455563331846396,0.32688095272860707,,0.3461371625938938,0.017814156330827797,0.3442721118152858,0.01165522763292565,0.346497220285316,0.011049842485154362,0.3570249883687197,0.014903427568006672,0.34950367441834485,0.012996529290492248
51,0.3433514430708361,,0.343011173730989,0.021938727262233445,0.3493605556181986,0.010135432590490469,0.3515645515706017,0.009867724302002574,0.35486663619085135,0.034823337738470364,0.3031465921771771,0.034692372897354294,0.35499838258406247,,0.3313409087796855,0.015336186561515357,0.3570877397713043,0.01192769047105176,0.3567855193307628,0.011902058186186386,0.3798334010592386,0.03613334733118733,0.3620652953690443,0.02322952295386346,0.3263166622148749,,0.33431202131250537,0.019291033080127692,0.3455011255433259,0.012468278607400822,0.35612191714020713,0.009723767382028414,0.33104889295626505,0.01365653085141512,0.33438986171516755,0.010956431927013281
52,0.34955362603214096,,0.3667819915400982,0.01600000874461253,0.351765070389503,0.01108461776009706,0.3516085191501657,0.011046367467477513,0.34196797819726604,0.020379577359223522,0.35484719239982904,0.021546661093457986,0.3596804498702889,,0.3644147973439029,0.015278454439556095,0.35896390557301516,0.014155241606450226,0.35923600017278395,0.014156145985646126,0.33093955439639655,0.038121971075672834,0.356889041308841,0.03461536608110838,0.3425231477799766,,0.35803467445701015,0.013620066575423735,0.35268065204996607,0.010648244845171052,0.3530221235759738,0.010538600797003085,0.3571971315116613,0.013543364835595198,0.3536637951361094,0.012363257736882597
53,0.34712858261778606,,0.3570721573458408,0.020150734937585714,0.34697733835811473,0.01073189138221262,0.34699560837878396,0.010735329201437292,0.3452298790244105,0.013201513826565058,0.34492104255168243,0.013827379122636109,0.3516177829909792,,0.3476767677503302,0.014057437304854127,0.3545917385345274,0.011307960045644983,0.35425221997434575,0.011268486989323295,0.3643056784808676,0.01969132241175164,0.3456685436325141,0.012280979943071566,0.3305272780160697,,0.34988819953835065,0.01691813833992896,0.3464065643113781,0.010561844576795076,0.3474203139444737,0.010137392962846796,0.34734081612842554,0.013344966107830368,0.3453750031089539,0.011833264512990807
54,0.33336909199449793,,0.3326786546646632,0.018164106130517426,0.33318112361728813,0.011357446177806808,0.33316808227387046,0.011357029221505681,0.32944593837871067,0.013862736803568119,0.32199850543991293,0.014188793664481893,0.3419646603749394,,0.3424999967745907,0.018411880872006778,0.3491238821174202,0.014331552889472944,0.3459776801949779,0.013863964553982755,0.3518657222622134,0.02072976389043471,0.3432331773439984,0.019134533627108444,0.31511441746595287,,0.3257301985142923,0.016219162837935768,0.3306538824851175,0.010774774732544285,0.33480628882634117,0.010230990839419923,0.32475518958412897,0.011692309359391266,0.3236125574797561,0.010916801837324132
55,0.3390314024680729,,0.3574895159311729,0.020254716294698043,0.3430839491507935,0.010921870745657314,0.3424798435719205,0.010803540705721575,0.35220951181260435,0.033772150727016004,0.3401248804669826,0.018436257202450086,0.34274437907954075,,0.3366022341958305,0.014271575099372368,0.3457777495454463,0.012203299091052626,0.3451248313542397,0.012168049148152957,0.3307411870018758,0.019469287338335826,0.34382055024409436,0.02149255341710274,0.3157711132506525,,0.33859244441387853,0.014468844848322417,0.33743354665447045,0.011058012378202352,0.3392865954349662,0.01022999795705012,0.3349373579737862,0.012409078676868773,0.3380104743762611,0.012229702093444325
56,0.37124482496826205,,0.3828909093039526,0.020064954021669953,0.37571595411320335,0.011903952020170364,0.37545095549659085,0.01166152035237006,0.39428040253105906,0.03762020563057433,0.38906529707390847,0.019127509782419,0.383257526228901,,0.44637400092539903,0.03223017454765518,0.4017290412525517,0.016103545216496245,0.39007810439545015,0.013750928652551772,0.3841211776307632,0.014775021865256548,0.39612536167510437,0.015755840786144882,0.35707172214042854,,0.3670602140560207,0.01456895198675782,0.3711933467826057,0.011181854747844035,0.3766235487119043,0.010905443210468307,0.40403772547186056,0.025644183867864285,0.37927682975925087,0.013176608273857412
57,0.34484576735444267,,0.32669363448151817,0.013221675664950614,0.34762574639349547,0.0105505176190786,0.347762631257809,0.010532086008673478,0.343480935112118,0.011680288496861996,0.34295507426746263,0.011287961295614917,0.3475491411319884,,0.3405929537044292,0.014515179976488315,0.35052846942521426,0.010896275056877668,0.3502347608479567,0.010855296152527873,0.35144513268334987,0.012342979900008443,0.3497531449537212,0.012006695460954307,0.3236452232893098,,0.3345318212496514,0.01647928860671337,0.341677916888115,0.01123205547770151,0.3472091826176749,0.010105613097210996,0.3428683067348775,0.012614836340066143,0.33719918100291973,0.01054461651447057
58,0.33698573656318787,,0.3219409062820736,0.015025465711608899,0.34395514922094056,0.011552653901421945,0.34425969369579784,0.010738457068202832,0.3333363103288174,0.011201889491931896,0.34221332242173486,0.011277267257119205,0.3385599479522127,,0.3196726485544409,0.013130435475729323,0.3393553983419705,0.010822623918079451,0.3393340051578173,0.010822312388930784,0.331236392852796,0.011771985323008532,0.34116168051408113,0.012542147044961652,0.31650214399387316,,0.33102064840306467,0.01793335041966507,0.3418109158201364,0.013990896624324043,0.3438514419029532,0.009977755022584743,0.33259454389174986,0.01650175876816226,0.33192552649728246,0.01032868152758089
59,0.33368074051607916,,0.34214393904659424,0.019441975594962527,0.33448303552310144,0.010296387422752983,0.3345362224789763,0.010279416759912135,0.3378277008371519,0.01519075132247454,0.31618051316720763,0.026373697837272825,0.3482690535348779,,0.380505523286937,0.024073798280370134,0.3611170783789679,0.01676984975310993,0.35268381697202644,0.015712104187274353,0.31435780883786846,0.03620042767939578,0.33503385749028325,0.03375870706726315,0.3147572818868586,,0.34473848386333633,0.021456316190985158,0.33439426367949804,0.012110560756909776,0.33440886561030814,0.010417476882896059,0.3361494418917464,0.013629858658209081,0.32809967502528636,0.011572647454439582
60,0.3215842453431193,,0.31374823593397727,0.0171193243883259,0.33492315444777804,0.014933682397791576,0.33547241727308563,0.013051250241465194,0.3251929050431219,0.013378318755181216,0.312206836858384,0.013718145309521814,0.32008173301248677,,0.3070331022181703,0.012983328858278962,0.3211562302040728,0.011428959494556272,0.3212992161531528,0.01142583161068001,0.31711324223704673,0.033068291939777325,0.3293782679892466,0.033437830857490095,0.3028969252728151,,0.3153182128177663,0.015553979803970943,0.32377737813860175,0.013505727157468072,0.3333328333674775,0.011397078353781677,0.3371251097472313,0.027625504140922172,0.3174056976813221,0.011372170385384201
61,0.3476751462898391,,0.35066291600493193,0.015123574975061583,0.34882403008754914,0.010295739243748415,0.3488324978715782,0.010296115027006288,0.3926204037208552,0.041006909509858476,0.35229986944675934,0.025183378649299065,0.3529985549237596,,0.3444012521980428,0.020635239675109735,0.3415435429385732,0.02770542826364402,0.35005725772534274,0.023683258444610184,0.4002522507644759,0.05947083294310004,0.33974576413345775,0.04666102681671606,0.33486142347918835,,0.35037990279495834,0.013890961343125603,0.34925879092027495,0.010558814922690708,0.35083039902667373,0.010319047051564017,0.3980665697019437,0.03668564595254663,0.32950461231923367,0.03213657518340739
62,0.3367666401615622,,0.33094387243144285,0.013848998514707812,0.3370043777269938,0.010925580748978776,0.3371134122746328,0.010929446717258746,0.3504323205044954,0.015303112288202594,0.33563940187519314,0.011528006562049787,0.34782286744646573,,0.3538374026142112,0.015437150899308107,0.35145606719187494,0.012255628359447674,0.35059485685627123,0.012193926470996137,0.3515689722144341,0.024804399470119278,0.3649571511422611,0.019234464265160296,0.32457619080825695,,0.3287821096455873,0.013182343711659902,0.33310927501583565,0.011698108066140332,0.33584621433772666,0.012082555080731527,0.33662621311068786,0.011863250504852266,0.33548802629283964,0.011259486292022567
63,0.3478928257348774,,0.3316409304409665,0.01321397258471554,0.35196160328395226,0.010251741067457399,0.35225333390320435,0.010186113542282682,0.3540909410306149,0.010764584491741272,0.34835571900629186,0.010325979703036585,0.34993646942750667,,0.3405025262413718,0.018459086561561294,0.3509394315815312,0.01709307998891435,0.3504419605620653,0.01701549846619989,0.3445498973179706,0.05485034568578703,0.3489268451212821,0.045426291685511475,0.3325024286539813,,0.3368848868191254,0.013800911507399476,0.34747162365294737,0.010251827856050482,0.35206574890254955,0.00997425477832701,0.3471000853876758,0.012117612589393227,0.34190759150889466,0.010710208689257794
64,0.3295197140641785,,0.3319230077879786,0.013628042767411615,0.3304706916200712,0.010142413223410428,0.33090020851141494,0.010138294788390788,0.33926187223317505,0.011599153082983203,0.3377255407795583,0.01163453673675456,0.3418765606699904,,0.34036601984232634,0.013601934903745488,0.34197366587642464,0.011024657336111363,0.3419751057818397,0.011024526219074526,0.37322238785961276,0.02358187117840253,0.354262896711155,0.01838225652345878,0.3155927641942633,,0.3271482696288889,0.014000444221055206,0.32794475696592623,0.01080085772352908,0.33624038521223754,0.010536772395600224,0.3418720606400543,0.014210709898414227,0.3455297725079352,0.011879664860419827
65,0.3475900427906151,,0.3439166469513155,0.014229372899189538,0.34871323632492096,0.010408269851506282,0.3487002804450182,0.010417966897324719,0.26443706165276953,0.053359685493841014,0.33801564693255487,0.015317305888831458,0.351957970159133,,0.36225548805030955,0.022013756232949655,0.3582268234972391,0.02186636768479818,0.3541107711606489,0.021715500071329916,0.2932958286115427,0.05050112309575357,0.3494403621714054,0.027622809923138415,0.3133631493466328,,0.34076259638253187,0.012781598935251043,0.34394937028349365,0.010880450470737433,0.347136500821955,0.010385855697431095,0.33362201798348406,0.01452248846599244,0.33730029815454243,0.012862044674086717
66,0.3425738556560652,,0.3301098352328797,0.013734684072707996,0.34178954658897553,0.011188827803653142,0.3417764358577182,0.011189430150351337,0.34902991728104293,0.01554626620456368,0.3403575725264376,0.012471926426676078,0.3483448213326142,,0.3741736420137998,0.0242432604268447,0.36593917674491894,0.018313888772872895,0.3540171946679017,0.01520862513956193,0.4372958945917982,0.05015451135080187,0.33513704309516923,0.018376988229850313,0.3247332478828373,,0.3272727501420499,0.013464470907538236,0.3368089330402038,0.011100503848988958,0.3397186120142137,0.011269498269656565,0.3480537098513496,0.014615631887677977,0.3347333604810072,0.011499494278764955
67,0.3626805269340475,,0.36572609337150935,0.01744528903620871,0.3669497738838754,0.012050547790551898,0.3666463506221778,0.011813907050530661,0.3654445415597106,0.011960423538669157,0.36659368632162387,0.011728365486265938,0.3695564853476188,,0.37161506953281687,0.017542905650819594,0.36915012653626383,0.014455911721964232,0.36928317557085144,0.014462799083409495,0.41522685808832555,0.033168324032968016,0.37503814334918417,0.015114173988414508,0.3344683876476196,,0.35537626679154843,0.015147272271913124,0.35959925958476774,0.01136884861777064,0.3658492967672436,0.01079905775821349,0.35837652790472946,0.013136747240428126,0.36083495224098516,0.01191568712877144
68,0.33488380895416664,,0.34071271573141465,0.017267761185109486,0.32933880437387375,0.01336522969441606,0.32913229190132404,0.013281314871528187,0.3353289364402259,0.013735706339241828,0.3345023324952684,0.01337916212916915,0.3453863585595093,,0.39392885572814,0.03605385610399604,0.35793642846037216,0.027449970917361444,0.347213211440827,0.02704547456038239,0.3943973803679149,0.04756084320796624,0.3374392080616964,0.033080223535858,0.3185379158162926,,0.3258370906207632,0.013672168452275108,0.33093384333434533,0.011356804840359502,0.33394661440656515,0.011368739274220564,0.3322932791613275,0.013892935189985843,0.3307569983566561,0.014465073325157653
69,0.3355016482301101,,0.32512322344692124,0.014655274971823942,0.3305624931876039,0.012764876917867542,0.328758122055968,0.012718353755523812,0.3463528232089108,0.03875405999483691,0.32960495863152867,0.02173236109512934,0.34390775359411857,,0.39588409977455136,0.03705412192803949,0.3829112138710788,0.037103128744861255,0.3512637321930044,0.027247891424280718,0.30571275357511707,0.06962917548591248,0.34244686045668726,0.05672891318937556,0.3103684415664465,,0.32402456465495727,0.014335430256061772,0.32571156259662387,0.012150860946151113,0.332342331405368,0.011594584964505451,0.3722345046000178,0.0373582831488675,0.3278882938325203,0.02117965400815253
70,0.3475442056215714,,0.3372779790872176,0.023702378467054988,0.34001009460765574,0.012884523213098669,0.34264220004766244,0.012036076935033184,0.35365083843907463,0.03235243143775495,0.3476815560531052,0.014572281258101531,0.3490090256555529,,0.34791229689721304,0.037898529217105605,0.36933878679469234,0.039376240715668434,0.3523277096196686,0.039394359129402486,0.3873838211854819,0.04457775977913283,0.34995715828023305,0.036677549746546266,0.3249459725335375,,0.3267096276504294,0.015574515407396551,0.33805610406990794,0.011040961318906075,0.3428073117118544,0.011049814995779587,0.34533767346201244,0.018617306245831366,0.3385574674328291,0.01325514001467431
71,0.3615795193203852,,0.34447251233197557,0.013134976432688374,0.3612184124872389,0.010519133710405425,0.36115737570957474,0.010515440347205082,0.36605163138536956,0.012100815101048915,0.36133016589759276,0.010966340687139215,0.3676125221056757,,0.3525877307805766,0.013584129732417594,0.368666148964973,0.011167292970878803,0.3685436383574143,0.011162299457174193,0.41112491878030943,0.025719237760908505,0.37060567054252025,0.026649652378365068,0.34184442593342346,,0.3477691936573391,0.014934618260471445,0.3592465038750782,0.012262421040518636,0.3619523738154815,0.011814989524055694,0.3591824822460449,0.012501399036976444,0.359688225355418,0.011045480411169841
72,0.3655408897964374,,0.3602622312768235,0.016784823148749125,0.36738314741664274,0.01154261077647563,0.3674060787847652,0.011481830990513144,0.35942640020549843,0.015004353992421605,0.35675720199417704,0.014008078526964035,0.3710869125491214,,0.362273624072833,0.014377551920160804,0.3727922967737703,0.01283218305879251,0.37244736375257526,0.012805945892457768,0.4564739691092337,0.07336049762390573,0.3642404662980736,0.05196906993065233,0.3438653365609378,,0.35169816840724055,0.014143930983504811,0.35951049526631257,0.012972911321137414,0.3665041703181319,0.012338802185232485,0.36960777181664384,0.016345989339986614,0.3602077865021948,0.01383147719472151
73,0.33008845799242625,,0.3218499966506673,0.017334479304021603,0.329012438911708,0.009931458372754894,0.3288642312906017,0.009926117529479665,0.4006813265221082,0.03366851023740936,0.3249283139215159,0.021052433499119456,0.33443939793640054,,0.32248604013448307,0.015308380795850784,0.3384680981317854,0.014271857950684648,0.3372586150753089,0.014252051098877104,0.5207771028972566,0.07720540438134593,0.32024938458402125,0.045660126744427085,0.3075261447855479,,0.3295491176971596,0.018267048274776765,0.32683602955320445,0.010752071023709817,0.32871238681565507,0.009808672321492051,0.3954334841553741,0.04020119087508032,0.30477777738689665,0.037204292421636045
74,0.32950731865292726,,0.336488009885357,0.02197897492313566,0.3285088177654731,0.015569349422938165,0.328848877546786,0.015697939432705504,0.297718871283772,0.02976363970141901,0.32208481817228973,0.017586671640404915,0.33933404655087246,,0.36138000587866914,0.02021118308675055,0.35164316263709905,0.015310667975429978,0.3457243967220322,0.014659370759006363,0.33765729203663447,0.03969255190915024,0.33743067918646785,0.023957402145401034,0.3167798060391164,,0.32304785380599105,0.013133161783871791,0.3255943762880755,0.010986312932599464,0.32762435116220495,0.010923902820765082,0.3288801399469588,0.014602284179431066,0.3276922691185441,0.013338631897688974
75,0.3446340545169363,,0.3310335211995183,0.016079114187004428,0.3432139498911982,0.012830860094425155,0.3434218951374054,0.012740950325049079,0.3580536474866608,0.020955348078192878,0.35374542330473496,0.0172744758747106,0.35527789655615305,,0.36147361689519936,0.018652201782702337,0.3594136997843272,0.01414268227495289,0.35792050606725373,0.014073513792008836,0.4123700023112977,0.061116772233142,0.34739443403421894,0.03834863997849748,0.32490464374571754,,0.3285474475886094,0.013444077966616255,0.33717885850242907,0.011324907706419873,0.3440614302581642,0.011669880419275892,0.33911850408836397,0.015022519208158083,0.3470923752856241,0.015868467560974164
76,0.355865190378522,,0.35526127632968246,0.014810294673198788,0.35768548771807535,0.010295913525145953,0.3578100470027754,0.010306101746224216,0.3577457340042848,0.010559914154479924,0.36497197901942735,0.012363097960204544,0.3638817427458026,,0.3579294377929835,0.014122549092076149,0.36597794945268325,0.01207412122566444,0.3655247672520508,0.012048276966049994,0.37318263183716743,0.01393461062489724,0.371430398469336,0.013752784508099719,0.34181293219798453,,0.35611358973818547,0.014604220429534596,0.35673473099200015,0.010525974708580839,0.35791297909860215,0.010306415135706888,0.35651496450975445,0.011388304444086615,0.36038473385626535,0.01100802122821694
77,0.3375484655493644,,0.34747021090809804,0.01944959670441308,0.34928322656949057,0.015314561723999287,0.3486316235570886,0.014468408942480398,0.358428325047943,0.02560066278127134,0.3374935852028739,0.01657732039163087,0.3403623580013923,,0.3461774214241749,0.03101525205344032,0.3498122400427134,0.026144393308644657,0.34279452488862916,0.023867313783115417,0.34526061721865436,0.04742652580385464,0.38715601473254097,0.03568701566226721,0.32031003705460026,,0.34268686914132734,0.019124528735693185,0.3431559525527257,0.01685725492676559,0.3423311427142561,0.015552052917828962,0.35197464629684205,0.021571399103367066,0.3334119094838281,0.011916022038978007
78,0.34329702347089736,,0.33605762337895057,0.019870518924474376,0.34268730743449277,0.01028282077491584,0.34273900880734226,0.010318513023019641,0.34660803292199405,0.012916817004662181,0.3302876736356049,0.01170031284609,0.3481672273830706,,0.3394914214679175,0.01377754617598825,0.35095872310694026,0.011452523044678682,0.35064486331101097,0.011418619545594443,0.3356629994583504,0.03949175089793289,0.3516979728458165,0.03331405036400086,0.3200984775683937,,0.34463672043938937,0.021511899216855306,0.3438957403260066,0.0138996215343099,0.34311875037685574,0.01021147360015306,0.35789929866336373,0.02338501727478911,0.3398567284231675,0.011795251219315179
79,0.3351984943570507,,0.3276507718151621,0.013629874633757913,0.3368072137354423,0.00963919663553565,0.33729111576077647,0.009649956231549026,0.33525837046508244,0.011474026895601896,0.3321609728542397,0.01144397631777565,0.3478796686026867,,0.33450369686360576,0.013342467151698822,0.3493568764952919,0.010322622615423282,0.34923456048358864,0.010319342042173328,0.3642112591223658,0.0351931461314896,0.3408257381419571,0.03323581418560127,0.32531424040402246,,0.32200896696895054,0.013286007830764817,0.3363843921840292,0.009486197148538902,0.3413148299342611,0.009477824156368341,0.33593470307325635,0.011239556696728385,0.34018372091168075,0.010230166010469674
80,0.3495837242025082,,0.33912384697834647,0.015123178071283895,0.3499234672438201,0.010491174187905506,0.3499802397510539,0.01048702209656116,0.35003097425712326,0.010842945720709244,0.34862783473432424,0.010933634918622703,0.35733560586333957,,0.34308237210832687,0.012822917712343831,0.35740635776996965,0.011167432522752907,0.35740691947531333,0.011167508905803886,0.371792224773174,0.015717376200307477,0.35346755411678255,0.013093621206857508,0.3280170398669073,,0.343764187959506,0.01763065981740991,0.3462992225077804,0.011917281820983278,0.3491298463645422,0.010695431796632989,0.34411644308410366,0.012313668482647467,0.3459419028015254,0.01073642346100188
81,0.35243775048904624,,0.3439092288787972,0.016541806157624142,0.35193177550960625,0.011404807058688167,0.3520386890401146,0.011426026319889787,0.3435640197015412,0.015938034474508804,0.3366948265219166,0.014599752659907383,0.35733997152841684,,0.3408307276358474,0.015079760648342735,0.3637033586013307,0.013198510557455908,0.3618709110335353,0.012740153894537271,0.3763956600164463,0.03259834428870227,0.35008903056887586,0.027958791244338525,0.3232865316797177,,0.3409000322220351,0.01436694249639368,0.34929195958469594,0.01263134212020446,0.3498966206218979,0.011664724206511119,0.3678454333920822,0.02302056427802619,0.34340251947071987,0.011060957491285174
82,0.3425871727942812,,0.33080239611568263,0.014226968488079542,0.33238380036597803,0.018211767421244564,0.3327471104636038,0.01531010426949231,0.29344978002592603,0.03991386453922029,0.3327910468699867,0.013727038432338773,0.35281812672458684,,0.34097934040476835,0.015566536481671252,0.3495772873912965,0.014538867180226874,0.35062314422616137,0.014523750311768053,0.2828264542381488,0.050148325229372674,0.34254705057720136,0.0397535657358096,0.32225033659798125,,0.3347654030110247,0.014026800194998494,0.33720893998792206,0.012051005836995731,0.3404298113300391,0.01200285760814429,0.33112167766728084,0.013731161628248938,0.3379116027475402,0.012029672927935428
83,0.3589978233075637,,0.35218497525921155,0.01622460619011538,0.35800748347351524,0.013443858762001796,0.35785365205332725,0.013533609210478751,0.356084728830991,0.013659358130036062,0.3512279428881493,0.014394282095756359,0.36875899202888557,,0.38895047679262373,0.029944692380195925,0.368448719166195,0.02646934487121947,0.36868757939140784,0.02648370695000006,0.3139488801065546,0.044673797437769086,0.37645322601897957,0.02855846403919735,0.33650607616273065,,0.3539021176715765,0.016595623221922675,0.3507585412454305,0.014566156687853358,0.3524913340719504,0.014911023445337061,0.336258260919263,0.03424011544208826,0.36324295988679645,0.030215974823425314
84,0.36133241519338133,,0.380641726143684,0.026484407775286784,0.36254871835074404,0.010141300258460521,0.3626985707044519,0.010142423028361205,0.3616841961211591,0.01257089074090678,0.36548223675401065,0.012438175109723029,0.36801161295658996,,0.45347118979954504,0.03737918187100198,0.39919397791417016,0.02194622566582365,0.373612847804851,0.014807339735709284,0.3826643572416421,0.05240601274361367,0.400880893289356,0.03653479311246524,0.3442127706716299,,0.3637406483820152,0.017999697319812904,0.358692955441474,0.010214880174726276,0.3607948932032104,0.00990171653142005,0.3607030450244594,0.013036122774092192,0.3589521779747999,0.011634514522079519
85,0.3448218172935903,,0.33411556360116,0.013651870277852895,0.3451911035658048,0.010069041687941914,0.34525242837443054,0.01007416290547124,0.3482108094612924,0.01001031070000162,0.3467293702813435,0.01013130171124357,0.35196930733247467,,0.3428176036045379,0.013607596631919378,0.3543184962647371,0.01079015798885635,0.35405043318828133,0.010769879502219706,0.35212959562443485,0.011307807393665863,0.3544753869706319,0.011320196589214099,0.3255972955804997,,0.33967326383606017,0.015071255079553017,0.34203054301156754,0.009948261992540387,0.34559111470504894,0.009787125712983976,0.34495360542115305,0.010442566169049752,0.34642670653628177,0.010137593769101685
86,0.3459181175734252,,0.3258204104487074,0.013588791577619795,0.34423443921349983,0.010422469465268045,0.3437660286367289,0.010393398867616008,0.3407926956164232,0.012569808163451289,0.33580424575164586,0.012264751194733577,0.35424580800180333,,0.34356639150857404,0.01545469217879789,0.35613250397769697,0.012836791222444245,0.35579956362694154,0.012793480436249479,0.38039266829726115,0.03017868972889105,0.35521637895254776,0.020940494182801486,0.31779844424361237,,0.3200499662286158,0.01417229725965294,0.33053540213494353,0.01100806534839025,0.33914357100313625,0.011416727209204888,0.33738321288550566,0.011296245347736567,0.33578053280946757,0.0113093617039611
87,0.3189368176574038,,0.31773555577033386,0.013952452299172748,0.3242950339766886,0.011396631077947634,0.3265038868075836,0.011241852295428635,0.32792471457772615,0.012030389537811938,0.32722542671743476,0.01135155120232132,0.3308183939764909,,0.32267560268081436,0.012761913686226931,0.3319618792508827,0.010680806933180324,0.332206749176374,0.010667534133301746,0.32841103940068234,0.011970147368072621,0.3275738195867653,0.011590595618391075,0.3101799411758824,,0.3266328644016688,0.016135531281635973,0.3277978872302574,0.013006117787965529,0.33163330186689416,0.012289040246020923,0.3329517995915972,0.016922385272020245,0.3294894113626464,0.011104907806639627
88,0.34350753845273585,,0.33398653469492534,0.013195266023328564,0.34108617703634014,0.010838662561297863,0.34043023321517063,0.010800131610299465,0.33435030276681965,0.012052076657986788,0.33050563854988124,0.011894647606614562,0.35090539541228466,,0.35329668220180466,0.01473817534188774,0.35297441048619954,0.011623531161415025,0.3526889531027215,0.011596221846908459,0.4089854125199557,0.043348259822342056,0.3464214265587316,0.03153241966320992,0.3272664989245834,,0.33517747472938497,0.014159376045635746,0.3385577818313081,0.011453951063406497,0.3403753535485956,0.011180483454088445,0.37953367178564756,0.023918606280120124,0.34162119389512297,0.019795269680693704
89,0.34927137717127577,,0.3557828099456832,0.0224555568741196,0.3521199483861767,0.012802629480445152,0.3517546350495057,0.012534154963676932,0.35326871453041264,0.018290990000083763,0.33736607269381913,0.037822468690044735,0.3624323776994502,,0.37142142057480987,0.019787327188134526,0.37011903130898166,0.01553321566598369,0.3667310005432601,0.015122725870626246,0.36712074849737897,0.04254158371258644,0.3635711946938671,0.021955969837776604,0.33320031798889466,,0.35134184203559926,0.01713572572450979,0.35378985627995957,0.011982225160510214,0.3582820149553267,0.010810905169102323,0.36405231108762415,0.013369012044728337,0.3573731480748414,0.012759727707786354
90,0.3315921098503879,,0.3266005556889572,0.01536144136647275,0.3301024979716346,0.01117879502116109,0.3294957104877954,0.011172574670374016,0.33784565011577705,0.01486390964792389,0.3269252514345904,0.013287063542536563,0.345208267797043,,0.3524579948315257,0.023133683797211105,0.35553707822053016,0.020302282329088504,0.34877843308356843,0.01888325109686376,0.45811546419900406,0.07066958566248896,0.34151439813551954,0.028464997589781018,0.31955801640575343,,0.33727584285721574,0.019907530727810933,0.3348131085755053,0.011253077325096113,0.3376112407685424,0.010548376593265964,0.346758701968033,0.02090438884245211,0.3384048636740053,0.015660852480855938
91,0.3531006761912357,,0.34803060010791703,0.01536178843162824,0.35322513434117125,0.01015409248562109,0.3532448118342906,0.01015403853997304,0.3573946097040089,0.011212402471756288,0.35618459133363495,0.011028304370365782,0.35948614558658265,,0.35741785221162936,0.014365736079648837,0.36133616614875275,0.01029082741383702,0.36119532086464506,0.010279074349729252,0.3774375110862169,0.02881701888596856,0.3624384048985283,0.011436424297906063,0.338574310025048,,0.32668910185951605,0.011845838224847069,0.34713025890725174,0.00951534025799181,0.3498338972163262,0.009501019716590538,0.35178852167820257,0.011886051409384594,0.3476351517718045,0.010481631879594236
92,0.34177044403084356,,0.33675756699039433,0.0162067985060234,0.3449313087370726,0.010320183630234325,0.3454002507873424,0.010317754332673432,0.34705002303803956,0.011585561714181377,0.33983746781451246,0.010900953626563455,0.3478845630697935,,0.3276146437141794,0.013377039006149978,0.34799544374026625,0.011666143908526128,0.34798144631570904,0.011666345457779975,0.35165135694180844,0.01801342830040822,0.33923418180957393,0.01700391876375226,0.3309057845160406,,0.3375914436047468,0.015645654334340175,0.34304415549421713,0.01021657115022559,0.3461250546764557,0.010012840171911204,0.340589160402397,0.014306729468491448,0.3361556995803381,0.01035703061968593
93,0.32026594832863003,,0.33242076937947496,0.023390388153863517,0.32134854808323926,0.01412113556785623,0.3208429120335209,0.013916010353011888,0.34406241029024687,0.030388881784051927,0.30562075238285896,0.011761424030484335,0.32852962836719735,,0.33830897758024336,0.016957477655456063,0.3344362798095293,0.01347000440212764,0.3320058637837303,0.013278571890390892,0.4256699621076847,0.05659794590992883,0.34654536083768955,0.01789439718149353,0.30267248280958087,,0.3138039832183784,0.012792634159170492,0.31651021164531723,0.011071930803943085,0.31920488934835267,0.010956278355218105,0.3385017450035408,0.017505084649922946,0.334139866546065,0.01385527204595123
94,0.35748361994569633,,0.33821764867051335,0.012665428133819568,0.3572532323163438,0.010519761180151943,0.35717402238045,0.010517912382164662,0.353528500313097,0.011435371162150864,0.3490028616461544,0.01151796364415779,0.36527561784448925,,0.34392818150211696,0.013091404118883147,0.36587660278389283,0.011511099337950062,0.36582555904777475,0.011509256890320207,0.3613845232119617,0.017275105477433716,0.36392075624972403,0.013312366741777769,0.3394119913780086,,0.33707822155479666,0.012793737747529623,0.35019074740513906,0.010131592671506734,0.3608885873646901,0.01006074715089179,0.35015367852631396,0.011420155078744628,0.3520773079112715,0.010915058677189803
95,0.3483102258216398,,0.35654035858335786,0.020113136457941983,0.35063221709938724,0.013363587386961593,0.3501206892508529,0.013135214081115149,0.3510596422779463,0.015240822868659085,0.3536065908245743,0.012954489761302496,0.35485567827349324,,0.36140530674168997,0.016748451746797382,0.3591281525867786,0.012954343073452184,0.3579595610032708,0.012808698148840123,0.34514923857106433,0.024284530331298754,0.351773028058929,0.025627131359052827,0.3274853580628627,,0.3429666097886796,0.015366091883520401,0.3454494403347682,0.011092392046858683,0.3481344379318552,0.010630854062017678,0.35522705573644087,0.01378214213120596,0.35109952756776935,0.011382692368774207
96,0.35858982384787863,,0.366247798731908,0.018332548144326524,0.3590533173823208,0.010742709351654044,0.35914627549924416,0.010760250394941828,0.4447278337879779,0.05015423829233662,0.36190819518792366,0.012949646693371957,0.36739654362371466,,0.3893721347372923,0.02534148364339504,0.3772435654616435,0.020412000931250483,0.37004693311556835,0.020191184091981985,0.5204763661625018,0.07357062192382721,0.3591167864126675,0.040740240088231225,0.3410191544075593,,0.353394328055714,0.015669497250901214,0.35690641540125634,0.010379273900548887,0.35993900264227946,0.010389725316621726,0.3819544650221316,0.018762653890700864,0.3526390745692882,0.013023876537900067
97,0.3395276036593183,,0.33852757019853635,0.018129160954730102,0.33614070958455233,0.010433697524299165,0.3359238071131312,0.010273649202434931,0.3373882927014758,0.01289794213624662,0.33929386366098735,0.012063229659828058,0.3460901283682098,,0.3590639264244385,0.02215583316790999,0.3530203628014697,0.013380520430144068,0.34919354185156265,0.012938268325737523,0.3392810116932473,0.015523723080904708,0.34461653716803037,0.015232740247521559,0.3225313058482059,,0.33424962008542275,0.015529291594701906,0.33666094579330785,0.010087152749515006,0.3392612156016889,0.009738734492750522,0.3374860012705303,0.010470804704445199,0.33645612978010814,0.010051789664372656
98,0.34819916024348035,,0.3688101171639412,0.02747600991090741,0.3468896736107327,0.010697086409863483,0.34739218731786126,0.010748098884667533,0.3354143081320159,0.0166322159028533,0.37028776878039776,0.017157818728409376,0.3563998044942494,,0.349584273916354,0.013988843251385727,0.3576449289215026,0.012236848863406752,0.35747310400026133,0.012219474707879804,0.34463240047721705,0.016646724530233897,0.34355967294000006,0.014876587607569073,0.33222230038748063,,0.33723263440522494,0.013180870716159957,0.3432725933204212,0.010335047311973619,0.3467946723557573,0.01021087805956968,0.3490800659384776,0.020316664857374284,0.33882966461191744,0.017535284948837878
99,0.3317372376483869,,0.3139010170250926,0.012968675550992775,0.32860229312699696,0.01116487492969683,0.3277579075247974,0.011134143946655295,0.34141313662054124,0.015634812905791773,0.33442575065866387,0.013519973794064293,0.33574942401963115,,0.32123640486907035,0.012270930286436478,0.33574638107030214,0.011186543956425507,0.33574630426809393,0.011186550768361085,0.34467502999751637,0.013575007016136833,0.3414912992863254,0.013277216734713918,0.31522357051116184,,0.31593143151745956,0.01242239679080439,0.3250418596527178,0.010471226655085496,0.3286889498792749,0.010421829600696415,0.333767471799543,0.013392552679527785,0.33375839910759203,0.012315439536342523
100,0.33598956985162703,,0.33303984075034754,0.01877574165104506,0.3401763776730114,0.012062032665735726,0.34105935366720813,0.011659704311513499,0.36701125293299386,0.031095482937658535,0.3311887374770048,0.011901292387066595,0.34940426639111555,,0.32488592343691547,0.01476976256283785,0.3501760155095594,0.013607019323877251,0.35001840167991466,0.013587452554789702,0.3887198765710494,0.037076325874349454,0.33804182989552806,0.026167397762643516,0.31812694201817376,,0.3271361778147855,0.01518607225440218,0.333040232565718,0.01133803993586984,0.342370298319031,0.01064096238337766,0.33420182619252775,0.014905153773983413,0.32570089795061347,0.01114764040556795
101,0.3507207314255127,,0.3448868073346294,0.013005523132162551,0.3559189324476199,0.01011045649255654,0.35814870613130045,0.010097991767680316,0.35020972182073684,0.01036598226828027,0.34837825057271843,0.010203668212517739,0.3617322063783293,,0.349688691239305,0.012819842641453097,0.36258428565773043,0.010756195018165127,0.36262514791855044,0.010755223310728774,0.36244730097910505,0.011306262523156071,0.3594557912369741,0.011229907090993401,0.3430047919519064,,0.3487285502778744,0.01477013790954903,0.35433790517313585,0.010510403722801091,0.36174740371949,0.010156099429570698,0.3503111907284161,0.010718097135484479,0.3539531227733161,0.010185916260404434
102,0.3486712146617121,,0.34698611201774154,0.017176396456241645,0.3517048091414605,0.013681987757799271,0.3517496564220856,0.013642680340745677,0.35392443945099633,0.015081350254857302,0.3510129412066445,0.013314942511921134,0.35525574068073174,,0.3480847573566291,0.014213552508060143,0.35447424183043647,0.011595466962708991,0.3545181558860083,0.01159739642387431,0.34222796758064444,0.014954088558945594,0.34838822335119857,0.01578291848767713,0.33469317260282005,,0.35112613533473797,0.01801854622532113,0.350119140912035,0.014354482979045359,0.35008106921450555,0.014025114876266174,0.3579194807571579,0.017958244373774326,0.3510631531292065,0.01113175528041748
103,0.3289890978391642,,0.3161988721025765,0.01285059761521566,0.3276597063531081,0.012193081651309888,0.3271884366880486,0.01214626321125165,0.37125167175072177,0.04230389862245619,0.3250749718983923,0.013191357492418107,0.33597101816716424,,0.31911303074501635,0.013700403435227855,0.333652533171006,0.012818360950630112,0.3340649870141226,0.012770296865279503,0.4445173504750839,0.067856588875116,0.3088587408728002,0.050669470757296074,0.3145060693935115,,0.31229874740105473,0.01220490351597855,0.31920742057769225,0.012013898360148111,0.3230936706352618,0.012442555751629844,0.313309533666987,0.0190590398737052,0.3169863231720323,0.010917677690729035
104,0.32955672774905403,,0.32503204624801973,0.014505889416928784,0.327135432523021,0.01195212994434415,0.3270776977545984,0.011948246652083242,0.3208778472407454,0.016616506080516215,0.32136225584437755,0.014444558259783379,0.3402490059232272,,0.33874824211721744,0.015269629191295934,0.34612213554636645,0.014096052118028163,0.3444089606828214,0.013929308146104788,0.3419948913320188,0.01649506432915615,0.338136933663452,0.015059825373320814,0.3163128242575097,,0.32774989107860897,0.014886340643537171,0.32645567302373174,0.01218933618366196,0.32644131342424854,0.012084099417121642,0.3324362250655503,0.0167567813225113,0.3302320830646039,0.013345231595043703
105,0.3284362267268451,,0.3203102588610309,0.013789174929474573,0.3283639580799246,0.011032539805032741,0.3283524388358095,0.011032323494028207,0.3283130508239555,0.01182787383215442,0.3280619358498505,0.012135297506631785,0.3333997907801776,,0.32236792304316314,0.013173646498190965,0.33438213793670435,0.01195775746044247,0.3343029014751267,0.011954280048986047,0.3638351645121818,0.04006428107542437,0.33847710580151935,0.03740969146323639,0.30686427099254565,,0.3200296468943608,0.013288376593030069,0.3231404988760963,0.010616928157680556,0.32737632733067124,0.010329368018460029,0.33392236452108737,0.014858200131165308,0.3275672664600952,0.011896669345299008
106,0.3413216866104618,,0.34233227095503405,0.016629184567656576,0.34082733020070904,0.009844704569330296,0.34076984614184147,0.009843711866931684,0.33871118984691795,0.011094175368364321,0.36375454675100083,0.010601732662454606,0.35081805535872784,,0.3448699164739497,0.014072448229442827,0.35129487529943115,0.011176701586416168,0.35124181834816603,0.01117548197971856,0.33978333379387893,0.01641872039330226,0.33929791244672514,0.015652590276118435,0.3228100931805202,,0.3441867080273725,0.016651409146979088,0.34005411950390185,0.010474526457683464,0.3408216214528416,0.010117148000006763,0.3489344491308625,0.017516561291368034,0.3433379277454428,0.013237829439656746
107,0.35058937517471955,,0.362286515842985,0.015910945486856853,0.3539074365949711,0.010490050592608754,0.3540770687598412,0.010466627163585313,0.3640851630951441,0.01280976994166974,0.3589213267577072,0.011504510982743662,0.36161950678444593,,0.35972881858443867,0.013802542922690597,0.36115103297645795,0.01210575491740624,0.36122854060969756,0.01210689126562941,0.3470041756414913,0.03282799093333168,0.35848989595761155,0.02760337810141107,0.3410041704634734,,0.3544286543753611,0.01457995830128688,0.354028924269812,0.010350334741204708,0.35697864093602705,0.010188487881929937,0.35891583077662814,0.01271219790048305,0.35770902709474545,0.011522307544096022
108,0.33483221257661466,,0.32271406263257923,0.015426883340610884,0.33086438889129577,0.010698598468499913,0.33077424157509133,0.010721079118873699,0.3574010162283313,0.0370322948266691,0.33227054456168553,0.030478410455942115,0.34236580946170564,,0.32756607359367756,0.01407330126187458,0.34504535655268304,0.012106099997372124,0.34478634671535885,0.012054363281082203,0.35159438414602573,0.0218275796496455,0.3616252563193552,0.01604886076813895,0.3126157681575039,,0.31427213313724134,0.012501865523409966,0.32333819559791926,0.01041908629856867,0.3273552048774015,0.010383458518551767,0.33045489519328625,0.016427965370832805,0.32517651157971855,0.011783180465296727
109,0.3473915314952149,,0.3537673814004665,0.01822485317579517,0.35254011268830693,0.010462933631715389,0.3529605046262781,0.010231611840394596,0.3481323693530205,0.01638601225998988,0.3528489886607412,0.018231534642177787,0.36042564652765335,,0.35426804893414565,0.01664229936812173,0.3639201682260594,0.013621042322938906,0.3628200685294855,0.013532977969474122,0.3969403115193571,0.05802135508479619,0.35909605805748135,0.03958671993500458,0.3344211955698284,,0.3519035307342723,0.01738619151432883,0.35218255769031015,0.0114790074578461,0.35281255073725093,0.010826110116090231,0.34756139820276016,0.016515867428724292,0.34348895076784025,0.015693676578949475
110,0.3391259148512248,,0.325476230960712,0.015357669990226577,0.33723581790362983,0.011122450887212636,0.33740162420416164,0.011072607605351425,0.29542735776947276,0.04095222842094472,0.3215760344028759,0.014842341146027256,0.3431429353729991,,0.3328744767136217,0.013020651839556314,0.3451760971239515,0.010894623691649282,0.3451756921135294,0.010881739967898584,0.2953110623137729,0.0350121028580228,0.3380704133883644,0.015229009084380362,0.313770189286811,,0.329838703689318,0.013565236104774933,0.33513046434303967,0.010911502548419967,0.34004676407406004,0.01051423504461704,0.27493400186174993,0.04753537417483639,0.32474671047801446,0.01171426700919617
111,0.36331453133261826,,0.3387442581204385,0.011827077192898898,0.361190146443465,0.00997552486643927,0.35949883675914346,0.009949354427662758,0.35331434720345833,0.016472758478872702,0.3476274674723375,0.013699178767826045,0.38007888587485855,,0.35500737760866097,0.013475462013986196,0.37922113935617896,0.011856013695342248,0.37930473034825496,0.011858958726455303,0.4250497324465194,0.041295236666120165,0.38014247079725827,0.02220303189493897,0.3354052831195152,,0.3406557510413735,0.013668113390288955,0.3464272666063899,0.010688901572432408,0.3672772250340633,0.009980116722287437,0.3659624532390949,0.011235457443952183,0.37134667212222877,0.010531975117982347
112,0.3593279785678534,,0.36277421036977475,0.0157881120825516,0.3586688595998393,0.010731804394118067,0.3585719908044168,0.010735902116953848,0.3203883627328294,0.03416533803955402,0.3457669192870366,0.01607264009754069,0.36865259596056,,0.38416063470669015,0.01985087078273962,0.3786416323062855,0.01605727428296123,0.3740428543605626,0.014961854659933802,0.3161535399835173,0.06572081082998993,0.37096645526160654,0.04988061416301805,0.3404394469791864,,0.3594853802392624,0.014883758879469822,0.35892251257975893,0.011056780555918322,0.36246357278242913,0.01034227959145256,0.38240595122529397,0.01776056722617556,0.35993960129260866,0.014004081080876567
113,0.3385718873346347,,0.3509115972728785,0.02241343736284502,0.33300292531491343,0.021009023250871818,0.3338165733082777,0.020348388296885293,0.3189293031380713,0.03675655587112918,0.3225902656149359,0.027471976404998835,0.3527179203739276,,0.34955865849470696,0.015657706498566692,0.3501686014334987,0.01244954358079179,0.35000266691531384,0.012445020051468775,0.37146873107065365,0.03540683554203721,0.35507351765992345,0.027852389696253643,0.3264220969244531,,0.3499758392344657,0.02103547779254996,0.3395685760959328,0.014936469915615857,0.3417004784433131,0.014183147030753126,0.3981758573881945,0.038990063529099325,0.3513649118600808,0.011884925276790389
114,0.3436239755702583,,0.35089859504835863,0.018296810586768887,0.34976643235464727,0.01259370022334938,0.3500981674604329,0.011859258852091513,0.3760951279979481,0.033693354784404266,0.3675094619410387,0.022099516944278058,0.3525853500977506,,0.35430020257692063,0.02329204677356912,0.3623677263390606,0.02203085591124273,0.3564434582385649,0.0202486898136804,0.3929895060009349,0.033579080207769674,0.353685723703939,0.016953147232067603,0.33252559689616784,,0.33589653986837753,0.014222389589132751,0.33928783612371904,0.011731304989426603,0.34209856864079385,0.011567923191747468,0.37810961743502425,0.030936730270319027,0.3498761763290425,0.01332386656261629
115,0.3222493900240411,,0.3158581154410607,0.013390074693598696,0.31879730322127275,0.010605517186930745,0.31786307226921184,0.010576356198688044,0.3105532130285678,0.01739722755979848,0.2997628496365273,0.012322171072194077,0.3347656776731592,,0.3357877864833838,0.01488759378705001,0.3366212062931401,0.012519432454568779,0.33629896129325937,0.012497172941884996,0.41083410265845166,0.054745021398619025,0.32953619735951095,0.015163953195658355,0.306912379088076,,0.32464698334963144,0.016233811613186058,0.32451657336299194,0.011357821028454913,0.32614464506044133,0.010556157955655242,0.3281963764233277,0.013371027667377978,0.3284222362408963,0.012229097587535988
116,0.3366609390408697,,0.3202596363830634,0.015432854134146705,0.32766433164713527,0.013980264632230397,0.3280595708606852,0.012897302864425692,0.3150432812224466,0.024674792132310212,0.33715198543558683,0.016335690859485098,0.34914694771351257,,0.3365132111742593,0.013631159687765931,0.34991256145320876,0.011148395675732125,0.3498276109622411,0.011145343218352938,0.37088805335642216,0.02252352420270311,0.35089739343583476,0.014291251608790448,0.32093139297825907,,0.3177887741522819,0.01742891561377906,0.3260632487100713,0.015344193827915242,0.32593272133956985,0.0165196416804163,0.33477964234256796,0.013024318867406999,0.33859982329930255,0.011830827123851917
117,0.36695402366756025,,0.3522663242872214,0.013622182849292574,0.3670467634028775,0.010077281250221606,0.36709152464737704,0.010078254092485112,0.3597467774400484,0.01468061404768978,0.3583041587786535,0.010808593318145399,0.3823289385423894,,0.36758781336293844,0.013528476917014403,0.3835479640491391,0.010884684864145646,0.38360777435772714,0.010883471182369315,0.38487882370164184,0.011924669840043861,0.38322253460280514,0.012324637478439699,0.3550067265915116,,0.3558668479677828,0.015626291990661362,0.3651275175697676,0.010439109838600469,0.37230038006300575,0.010616709306566547,0.3670297071542107,0.012238400087467724,0.37381206342423046,0.01273536507899979
118,0.35429757430912506,,0.36521105892936767,0.026550811263574566,0.35772300751891234,0.010593937715275503,0.35776900641279424,0.010516780851519678,0.34877047259202704,0.013612113851968661,0.35278677172887185,0.01912015996431315,0.36083861674938406,,0.3560934764794924,0.03064075030635365,0.35036601467270595,0.029523884702270898,0.35827891822927527,0.029726688760444882,0.3046628884485994,0.06271424403867412,0.36273625666587356,0.02384591351627008,0.33355266406096795,,0.3538764273243266,0.017917374646739172,0.35188507841452793,0.011073003268871789,0.35713242001445483,0.01008933447555383,0.3792142278666904,0.027055506833536493,0.35369359436809844,0.014449216669846002
119,0.32556483869385944,,0.316679722230686,0.01692527317562625,0.336627342839881,0.016857879520212303,0.33786013084582533,0.01693698207316315,0.3143760446449243,0.03143686456297333,0.3226624563272765,0.016235528540833776,0.3305896745127246,,0.30877485457017173,0.033223407811689316,0.32546818151338036,0.027403602021750205,0.3295311496466776,0.02723725033389914,0.19396808592650633,0.068857899622409,0.33074013076201164,0.03581260352540902,0.3171552027570523,,0.3151453372230363,0.013846896887370268,0.32636127840883133,0.012123396650292143,0.331286523008377,0.012352207606668174,0.28687958900423316,0.03140450122404464,0.3184670557559356,0.013809248708398192
120,0.33306172058106825,,0.3396570569769768,0.019662037184057582,0.3325255510936914,0.012115520017393354,0.33257068389215655,0.012135139567591033,0.33333857675996476,0.01732383905629062,0.3345562510801196,0.017551933696081046,0.3437796527225557,,0.37080291179890135,0.02260214778832448,0.3518712167694547,0.014850450760553946,0.3472483989668486,0.014468182782838112,0.32811699232031694,0.04217348225944552,0.34143411730455714,0.038460149992431136,0.32147242499905626,,0.3319619703178324,0.015315109557154528,0.3335575513436369,0.010978024675752101,0.33637909742618105,0.010718798750862587,0.33475471744642044,0.01196436143501822,0.33322490221408857,0.011328008916300859
121,0.34296867866301184,,0.3377453666936928,0.01407887094044545,0.34506046119280487,0.013066904882092964,0.3455313871237387,0.01310684552813145,0.3452833114818162,0.028019269016399673,0.3133814648254313,0.02775396745790713,0.35240207371518073,,0.3423741762875693,0.014870500088647584,0.3514074500757039,0.014010891761749715,0.3516252767575473,0.014014500803367677,0.29440909336526316,0.028628021070315684,0.3157164727262555,0.02499632583047999,0.3315286157414744,,0.34035261043506043,0.015529271551573314,0.3459007180073149,0.011363400342011741,0.3543402571027425,0.010672100316733577,0.334492825508089,0.013983661168587144,0.33027082446984957,0.0137717363276464
122,0.33689081445672364,,0.3341138000024355,0.019335617318527384,0.3404157669519675,0.011925658651614613,0.34006450170929975,0.011950754568164627,0.33481361719892927,0.017671072347210496,0.3353122232088815,0.0179597436507023,0.3469372231929887,,0.3338638493422822,0.022053647179215697,0.35051751079130794,0.02134602660081054,0.34818413189306574,0.02135992882980961,0.149624572525003,0.08449955659394413,0.33290180337766456,0.038176770101981755,0.3229271909677548,,0.3287526280687691,0.015032159771363345,0.33645802207993947,0.011761343012145126,0.3416716960206836,0.011597818161708155,0.3139154311365358,0.015760817123368645,0.319353771250834,0.013007979657130289
123,0.3561321194519786,,0.3306262565780273,0.01286747081763483,0.3571951368536344,0.010503392165367546,0.3575076607788321,0.010516047714235094,0.3530158320862505,0.011844148384742785,0.34869703586364886,0.011062546704928625,0.3614053058305044,,0.34860351752808233,0.015036923399586134,0.36316614984896795,0.01232417932683212,0.36283725053677834,0.01231114903455076,0.26870311182704404,0.05838897136646511,0.355685887831437,0.01227692966810419,0.3382144504494035,,0.34184595637642795,0.01806442994099053,0.35218714140727936,0.011107295269902074,0.3565107163346861,0.010212415753926648,0.35253575210428534,0.03222862501569962,0.3502801083042203,0.012293229221108893
124,0.3197500980177641,,0.3249407393641244,0.022649960650368537,0.3220793027966683,0.011225450527385612,0.32174258693928887,0.01108910296999749,0.3328734169959683,0.01807274386302626,0.3070255175596538,0.024755313524541665,0.3244472948774847,,0.3613527930845497,0.03227913477189491,0.34370976636287986,0.02224669678714355,0.3286036620736812,0.019792248309319745,0.42196854509046194,0.06300323489877732,0.3172832852217504,0.03385272309806022,0.30238611760143413,,0.31460576601162676,0.01491918044174076,0.3185197129148719,0.011044941494719001,0.321856249367059,0.01041413212411668,0.400142866205981,0.04688505399923614,0.3164447111697447,0.01076660626396749
125,0.32009804640729506,,0.3128253977065601,0.014059127651690982,0.3209575069745898,0.012080635194904547,0.32142205640103483,0.012088099365143639,0.3198216464049322,0.020248052879678565,0.3141284636007995,0.017448241525108703,0.3278153131324907,,0.31522955814903886,0.014829886071375404,0.32346319111861455,0.01539497479409717,0.3239998004520556,0.01531491595254486,0.3026174917850693,0.05435521614522339,0.31816909566454554,0.0524443058890823,0.31100385115107426,,0.3132143121482573,0.01404588206421769,0.32399816061387327,0.010532465367136283,0.3317037160296857,0.010018357513298244,0.32577311722302343,0.014284252285994916,0.3202779395942526,0.012359070684329218
126,0.33438284531401996,,0.3208258475939403,0.012090970413290278,0.3300222834668987,0.011442592064035776,0.3272287302407987,0.011296276365504539,0.31229301138045434,0.017499910096996113,0.32656848940329175,0.019994167152763823,0.35031696218217334,,0.33847574121227153,0.013219497565135623,0.3504575229443655,0.011867028404752315,0.3504455734471835,0.011866129803068191,0.2161052117533581,0.0660932274687863,0.3487161875464912,0.04772881847392296,0.3203376929071071,,0.3203988510640279,0.0131201433789279,0.3244203987136491,0.012810381531183542,0.3269540774487708,0.013606473424580505,0.313384874997449,0.01618240778389318,0.33267214488175645,0.013868660479341675
127,0.34390472743653916,,0.34588226381137327,0.014173339984683246,0.34452827541593706,0.010465307710548322,0.3445976231329988,0.010464518744005162,0.3447173156108973,0.011208198165274625,0.34775881708736706,0.0121198638801323,0.35651503389176364,,0.35476772989070443,0.013651910612471507,0.357179328963574,0.01112582188420176,0.35714395273296023,0.011123914384304573,0.388694533896033,0.02014141233116072,0.3628146838545619,0.012536610722434413,0.3368341856948853,,0.3429379843635642,0.013727923866054047,0.34589159539109504,0.010191381109926222,0.3485166011840649,0.01026210011133034,0.35320212240583715,0.012132113769350491,0.351947870726805,0.011387366096048084
128,0.3263728398662008,,0.3517507210771499,0.02078444731915129,0.33352522516853217,0.010248390044848652,0.33245490145525486,0.010231365879570352,0.33803296863592086,0.011266471300594666,0.3379706824216068,0.011623723023011906,0.33195296170476424,,0.35748954887745177,0.027853245295546846,0.3426957773803646,0.015620308737206493,0.33618744534516065,0.013526112357206254,0.3453691400057522,0.022534882235947025,0.3420002067728718,0.02208625525208028,0.30435796643817553,,0.32711355686217236,0.014814516816368003,0.32773915501376133,0.010546296867204884,0.3312350028718246,0.009881871670524808,0.3337699858535444,0.01277630263946773,0.3313562832006063,0.011435486986488537
129,0.33633703158004685,,0.34236364537378744,0.012792738064076535,0.339202862562872,0.01015792328150169,0.3394281758339039,0.010161719615016083,0.33788673017060294,0.011563803631052126,0.3359240833870701,0.011531695707760735,0.34366621391642715,,0.33844419630096123,0.012083842168989686,0.34454970835339743,0.010639236274148763,0.34449667871723744,0.01063701535710272,0.33569685891000134,0.013854526659689769,0.33607785984785055,0.013971258827725612,0.3281833270801054,,0.3301421698613326,0.011675534606012778,0.335977680125928,0.009924959056958903,0.33765910347895706,0.009931494927441352,0.3374972715906593,0.010400696282787886,0.33723101532908806,0.010387338096170241
130,0.3403045234075406,,0.32621494236745213,0.015087568741777947,0.3406143328392976,0.010009593238429438,0.34065148104982323,0.010010784048552964,0.34053015629924477,0.010157258707119058,0.33892659294948485,0.010063712667444278,0.3432597481922378,,0.32648370436545615,0.013802127793761432,0.34531964706348256,0.011764240009399874,0.34490216862232637,0.011729480528215357,0.3575125058016447,0.019701447175637172,0.3454121513991551,0.01465083762792795,0.31774728040055505,,0.3278903662795627,0.014643592946134728,0.3348079670441012,0.01011972159080563,0.34024593707124995,0.009808305143248392,0.33692140186520064,0.011225525448117108,0.3381861821775745,0.010482927748406156
131,0.34833081363796614,,0.3505338145585226,0.01697578076380027,0.3443910796719724,0.013329382495261945,0.34506653764887424,0.01320794778592345,0.3552482388555195,0.02107914831594944,0.3450230507761424,0.01475699579603874,0.3590940083678757,,0.36337114308399054,0.0143469297146238,0.362266160512328,0.011594645101472817,0.36186954702968965,0.011556446857074744,0.38343477647069546,0.02442787245145256,0.3602911914806717,0.020420231043184932,0.33543308575728664,,0.3412621444411111,0.0127136768486898,0.3467228088221214,0.010347612614683104,0.3494677727484058,0.010233976542734462,0.354652207219327,0.01519999328807672,0.3463470344756641,0.012297319456447397
132,0.3334687274749241,,0.32962049686912914,0.013991153625779617,0.33629053500560835,0.010274946714227755,0.33663028219083496,0.010278991312731394,0.32416468029831125,0.01124580941971526,0.32672094749621355,0.011422643085970078,0.3437470877998553,,0.3327852290130304,0.012843111834884891,0.34378551533737883,0.010731013684495132,0.3437867729725361,0.010731043090022914,0.3060611871119828,0.03509729080593981,0.35374292436505,0.032499385076766224,0.3182622428089705,,0.3307855608848293,0.015814813670071117,0.33238547255145195,0.011309697765309011,0.3359901927814689,0.010461810348938807,0.32427311519565766,0.011054674850397036,0.3364993164500841,0.01091893644550269
133,0.35465261852330077,,0.36378263254578236,0.020389067859605366,0.3557995630738799,0.010202012011692178,0.3558090879129429,0.010194502560865118,0.3482106459608885,0.012334533892614765,0.3434338561668367,0.01275881731888187,0.35522581955254173,,0.3486412067678646,0.014497866055748005,0.3569328046909286,0.011531149706061457,0.35668159815164796,0.011514457507470186,0.35111625489486326,0.013191667097834456,0.34798003913275094,0.013398065565223974,0.3324965355566597,,0.35872766063024564,0.01706808642503243,0.3525786658500061,0.010902830801666478,0.35399261446982444,0.010062912765073907,0.35518649495792004,0.01393011423188447,0.34814298125240906,0.010651863772236703
134,0.33239206115581693,,0.3463147367893662,0.016221583843742424,0.3379150745931324,0.010845184537956987,0.338242305114045,0.010777753393549668,0.334725546875255,0.010747590033300142,0.3341139628599579,0.010637791285844874,0.33962358372891627,,0.32875846180690754,0.013053579377639526,0.3402913582184261,0.011027049648147253,0.3402346518639724,0.011023662089198265,0.3396306604258003,0.011981486411558408,0.3378420484012736,0.011709270185668955,0.32289352733993154,,0.32563626571450216,0.013030490868942684,0.33255132858720055,0.009918348994876182,0.3350120994252023,0.009860812168013218,0.33448285662066785,0.01098201749617739,0.33453040648961513,0.010324255868258492
135,0.3467395681939602,,0.35677564521900546,0.019105610490402863,0.35165073043108647,0.011399043414478347,0.351381525199517,0.011326264610886544,0.35682088223587843,0.013718825247770962,0.3520205261021488,0.01181602243227137,0.35464257545724526,,0.3464242603723693,0.01374722850008769,0.3552168062989993,0.01125693832703745,0.3551479603536986,0.011255088439673844,0.3570715021031542,0.012693381576114734,0.3542353530730102,0.013292813368325586,0.33082913484366644,,0.3462575908564642,0.014206546742255034,0.34941496902106883,0.010617951819378387,0.35136916300553905,0.010398994648178336,0.34994990390379566,0.011629701301804848,0.3528979095126396,0.011340303864963196
136,0.3592314958081158,,0.3417042572977682,0.014802274355208776,0.35428283131287,0.013345449613657778,0.35508326597436773,0.01261604235928717,0.3208488386495077,0.03566737893800417,0.35184978993834304,0.031837257969986946,0.3646300856574624,,0.3512898367303328,0.013121613514543747,0.36518246677196475,0.010604253222344822,0.365157025849123,0.010603833799554532,0.3443474467147639,0.02191341856432388,0.3590712789622116,0.016617725162795978,0.3415689040806665,,0.3452635697245114,0.01610126990032513,0.3545972601483793,0.010840412135227887,0.35769626924348247,0.010653851649682335,0.3166561520799931,0.034113607575867864,0.34791912595032576,0.027343260605466307
137,0.34471176684669447,,0.3429360211902397,0.015949119355582107,0.3462150241390097,0.010737519005777421,0.3461776808590697,0.01074806707848768,0.3537474844938806,0.01259861279325166,0.3496991780591782,0.011685516311415884,0.34689954566065284,,0.3372309564751315,0.012758763338270631,0.34877864977183465,0.010976035230778634,0.3486237908150596,0.010964806813044788,0.3590651260967147,0.03138160403589796,0.35791846253116855,0.03141285755761932,0.3296273011147023,,0.34114577041343713,0.014306154592430936,0.34429319077684767,0.010722731418924726,0.3461848882485118,0.010410631269740402,0.3499253140838734,0.012591883378027411,0.3480437502337586,0.011720697821638483
138,0.34887094079542946,,0.3279856238761657,0.012953427543864927,0.3480290763416498,0.010104454216797235,0.34773565595889216,0.010100383480683123,0.32464234837100625,0.018733810695824034,0.3214934347811791,0.014152353114946765,0.35594087551796333,,0.3329352365418836,0.012333905660403717,0.35559123739585435,0.01086711995020926,0.35558003057369236,0.010866708153692062,0.3479588010281703,0.013304752878591451,0.34696000307162694,0.012817569720305167,0.331688853178062,,0.33746026588612926,0.017086293768764704,0.34567645236928773,0.011248983627932639,0.35228137682365607,0.009991291428791996,0.3380357484384876,0.013368727762812237,0.33356849503475433,0.011014139191637858
139,0.33159027355958254,,0.32413512412101425,0.016846467914900753,0.3335307883109098,0.010188602285149888,0.33378522961345236,0.01015903825922687,0.32905073507977933,0.011557735387721845,0.3084779648074578,0.03500260574396584,0.34142384234119966,,0.3259324669174813,0.014359777879930362,0.3406591660705851,0.012516100266682737,0.3407579196398773,0.012516889781158232,0.32688689081713057,0.019393638746479182,0.3486096955904805,0.017956727988712427,0.31067809533133356,,0.32881055180029467,0.017208673739765014,0.329123343919713,0.011323286917578222,0.3354186901962288,0.010149447108430626,0.33730420192549804,0.01786280313963334,0.3322158850471481,0.011195013152017095
140,0.33392976938115887,,0.3264016069432129,0.01476279990657027,0.3347168844081793,0.01010370873404418,0.3347980822024826,0.010113739529492497,0.35460674221807714,0.025542798884220508,0.24950932789659555,0.03158298206533178,0.3410741271873561,,0.34067948692819533,0.015132319299471338,0.34498965260315745,0.011735318384287168,0.34423790512711533,0.01166465945528099,0.3840926095810541,0.032789874084144965,0.35108437419068583,0.014427271040029279,0.31658580285776783,,0.3260134073021191,0.016041659769853243,0.3317506257173408,0.010923115878437858,0.3351337240734837,0.010152490612049913,0.3409254904979157,0.01463098082702145,0.3327636809966981,0.01594809051264963
141,0.34747688447348735,,0.35205641022573547,0.018778437024445958,0.3524085312960287,0.011160670425834275,0.3523590577594129,0.010846897869444587,0.3739810200830787,0.028219174955507752,0.35203184261968395,0.022068860259857118,0.35875924847334384,,0.3411484330679389,0.013807118829682294,0.359105085177062,0.01140370298738667,0.3591302386530509,0.011404050869118894,0.4244359752154999,0.04368683243739016,0.36326919779121764,0.019544860694805627,0.33444574416939893,,0.3538443848526302,0.01751476010144019,0.3507722273554738,0.01135294214980377,0.3554203154801662,0.010433814087315413,0.3793478822486892,0.034312542789165096,0.3542748482814871,0.029086386363758144
142,0.34766061464487724,,0.3437874772976711,0.01892220606143963,0.346011283337596,0.011406650445648831,0.3462203772108702,0.011452668810536871,0.3761476232874005,0.03587781831222056,0.34557481540274354,0.0341642663203111,0.3529683680422038,,0.3514974159110963,0.016560534255314372,0.36033133048709426,0.01376226494375107,0.3575231273924897,0.013353812910215675,0.43073787023802645,0.05045746601524293,0.36334465707811525,0.02641651542916579,0.33004234035534974,,0.33633374943503375,0.015120865512324149,0.3423432556316176,0.011036518309963942,0.343365568261411,0.010809582694463091,0.39578383961408903,0.04487190846583615,0.3472316077964809,0.038080052214630226
143,0.3376787379094002,,0.31766047857701324,0.015327467511031914,0.3307214619281334,0.01428184109540234,0.33031780044503545,0.01394829909493311,0.3283717004691492,0.014399751465078436,0.3295001100310594,0.012476298345239079,0.34259433357252467,,0.3672761348120047,0.02222808458437949,0.3570125721727371,0.016604599703482114,0.3492078545562748,0.015375865198065046,0.38511651533768465,0.043050007365870314,0.3413487771289403,0.025338840599660708,0.3211224639808518,,0.31885712997285304,0.01160597232313115,0.3297375423331896,0.010238223171908156,0.33433280284362193,0.010281814126913813,0.33761539169121496,0.013615217475898878,0.3387494522398394,0.012602005564309375
144,0.3633980808023828,,0.3409222233244702,0.013188309861660296,0.35942266895952624,0.011692149619299057,0.3594271735051682,0.011452445705617275,0.3591060739790147,0.012223265069458289,0.3619782070722276,0.011209805107468503,0.3687477611699122,,0.3497862792124934,0.01319793378843395,0.3686328793826949,0.011794765342910957,0.36865264985177204,0.011795515020035662,0.33737087900408036,0.03653987795333228,0.3645742723869802,0.0326512113092172,0.34607368577427133,,0.34313861723098515,0.013901309853069402,0.35547530393637483,0.010887696381891077,0.35840821509186466,0.011226045417283526,0.3551983205311858,0.014034018107976609,0.3513147574999722,0.014217753108349591
145,0.3396328854653592,,0.33888814658939015,0.017594190963833835,0.3417382478879641,0.011416331912089114,0.34192875905165937,0.011339380465532387,0.3436969176402353,0.012348820673913588,0.347599143669335,0.012490115391751959,0.3459882438687582,,0.3421369404354652,0.01819180896606513,0.35285396807513725,0.016436697419341017,0.3496146897989944,0.01603938089227111,0.4176672933415631,0.05195612749001884,0.35118019673797957,0.034158010235600625,0.3180346141334652,,0.34779548124958876,0.0196834263796553,0.3395693090019598,0.012124885805585905,0.33995145681021144,0.010753128541384974,0.34474219320534455,0.014798036500708536,0.3385684539747965,0.011607939176547672
146,0.3472496843197921,,0.3474216363456483,0.015348069304473539,0.34889612955714233,0.01204758823453564,0.3485392102809611,0.01204895184262146,0.33404130731483267,0.01957228537676049,0.3353657824448582,0.016087030735160365,0.34929280441433,,0.3557238212150286,0.022111778144500386,0.35353909356492114,0.02404796067878033,0.3507363504508763,0.02384272531890038,0.26533145586436957,0.06204887699180229,0.3499714977986922,0.020163206483730354,0.3276829535875448,,0.3406400293251751,0.012930080905924447,0.345909875721172,0.010752940384073754,0.34877353682353107,0.010480895045543724,0.33593931441087654,0.018510450444591958,0.33910607416652855,0.014949462175469464
147,0.3489662921237194,,0.3370172107089785,0.013459074561196166,0.3513224210050791,0.01075163775483948,0.3519473554619374,0.010778437498035587,0.3509220446061597,0.022104161220850075,0.34269656658774633,0.017343099988993402,0.3546060401306612,,0.34732476692554165,0.014576360786213311,0.3555340488103237,0.012307939972411353,0.3554414572041699,0.012306305111030022,0.36264046072957795,0.021339766261870556,0.3554365540202517,0.023065964883427978,0.3360786457668265,,0.3335923879847109,0.013590930462534848,0.3472761809289764,0.010916786499514936,0.351623297667556,0.010915703012638132,0.35625895099620836,0.01854314574153629,0.3466998255564414,0.012596556130542834
148,0.3324857189326772,,0.33304593064820254,0.01769679173977237,0.32881848421048204,0.014289466916888201,0.3299054602688369,0.014113559666013818,0.32700854843707927,0.02501002275923455,0.3351733313497883,0.013854059386213997,0.3415341914747598,,0.3460352577594588,0.01639547799532615,0.34326656165786273,0.013895777387647797,0.34268998638632653,0.013884757754188,0.3039246130317581,0.03806342179595217,0.3548401539567109,0.033970779827438846,0.31359332824757336,,0.33060085401036793,0.014856342181963111,0.33075199255500576,0.012446440735080982,0.3318165294976255,0.012069972893588424,0.3279928573623487,0.014095093727405495,0.33237662866648415,0.011610972435304373
149,0.33318877746812753,,0.36547645941220075,0.02997900126001275,0.34049852040604955,0.010814330146767727,0.3386413650979279,0.010480905683688476,0.34846957062324446,0.01786818288432264,0.3373536692285822,0.015069270037487146,0.33946349207081483,,0.3288971981385441,0.015037818015151633,0.3424410112023276,0.011729309937601202,0.3421563218063803,0.01161122578420252,0.3080123446213923,0.04026188614557896,0.3418684112777831,0.02542281886782909,0.319160295759113,,0.32799915144322395,0.014152270565573603,0.33144484260830687,0.01060086617568965,0.33462108746504765,0.010655089775538966,0.32733355979687917,0.015062742779272229,0.3310111423648064,0.012604015102661108
150,0.3314451597284579,,0.32826821431859565,0.017022871776587716,0.3286638032196079,0.011227990139297756,0.3281375984418077,0.011238176563021306,0.3297716035870869,0.014908711044663408,0.3117953855833415,0.013318251286985322,0.3414609523797811,,0.3290880589947953,0.013839752021284532,0.34211224240071564,0.011761460773527318,0.3420507585425078,0.011755687938311303,0.34786255069401695,0.014827179060111002,0.3370187619171285,0.012798717220463015,0.3162377768582431,,0.32769441291804935,0.015350564639771094,0.327047532545116,0.011490147736735186,0.3300500146770165,0.011301606441000306,0.32946316122474906,0.012171413010726282,0.3220637208537868,0.010166712020172804
151,0.33718086324637625,,0.33492438831159427,0.01435585102786804,0.339541618976574,0.010314264821356642,0.34046720979536976,0.010307014263770937,0.36203950214686514,0.017805574960430597,0.3411555653988254,0.014071247206863938,0.35118284523184834,,0.358750127469084,0.018515334090685485,0.35213501808361897,0.014218681353555572,0.35173285163159723,0.014210918462970134,0.44513580001245234,0.05402597063708288,0.35047584129243325,0.012299091176210347,0.32523461075450083,,0.3334450408418488,0.01605967878635544,0.3379446502220045,0.010577097367097974,0.3424645548677533,0.010108797816664456,0.38870243488294676,0.03204775756160965,0.3418900070374875,0.012619875105345272
152,0.3281116657410138,,0.3376177716967217,0.016560904612768265,0.33177122168733336,0.010740503327152002,0.3318207265452254,0.010684476622610305,0.33616083691197834,0.012330250538078475,0.33612560850922135,0.014895067759756509,0.3359095641553255,,0.3308249563927597,0.013642325503086243,0.3377537954415352,0.010809284727102035,0.3375815001444698,0.010795456192967338,0.3424157054364049,0.01323124780095164,0.3374759272342753,0.012462162927228933,0.31378440030286975,,0.3262320647448804,0.013676866032807503,0.3286063782010606,0.010537844914482633,0.3308156202597214,0.01029578061427319,0.3286151697879037,0.011717947770655332,0.3331239402316944,0.01239843837733505
153,0.3439859983350787,,0.3433084425061421,0.01964720046177836,0.344604782618509,0.010130773935165831,0.3446203227969816,0.010130636450548257,0.34659765957008876,0.01156096347804793,0.3390812426915762,0.010926040719641948,0.3521029771247072,,0.3386064723854755,0.013846122074782157,0.3543041023437391,0.011519550774991432,0.3540892301308515,0.01150550249413298,0.3503997749757112,0.013239360211899566,0.34749782560245385,0.01202729919184415,0.32635481381193837,,0.32404654943039707,0.012811134002397789,0.3379765862023921,0.00984208897386099,0.3421921839396419,0.009781222479537681,0.3466773881362971,0.017463507329947642,0.33435867367374533,0.01892996638639542
154,0.33787800886173586,,0.33138043270037815,0.014950766381355026,0.3392334406512393,0.010321855349347177,0.33933648923517284,0.010369315733290996,0.3577461802593266,0.015466292924714933,0.3576543601339907,0.018420966955939273,0.34496392319185587,,0.34275701720721924,0.01650035712305295,0.34483609975058166,0.013361967595617244,0.34487863562376053,0.013360626862158474,0.3576301994223909,0.018702288344479942,0.3599815032350936,0.018945310960394902,0.32260765829252286,,0.3335774587801018,0.01593110280070725,0.33843130202923233,0.010573026151933701,0.34113512503800364,0.010126461919231444,,,,
155,0.34644701026554997,,0.34535848501579375,0.022340770556038607,0.352949885691733,0.01717802840974529,0.3496633328556533,0.015733686009234384,0.30687083511910535,0.035835114806669385,0.33738202513414595,0.02197564370209054,0.3486310979634361,,0.3558162658439926,0.026550122731428344,0.3650815072584944,0.022703751745534143,0.35304379865785884,0.020720355836799882,0.33141595808875507,0.047810246053666544,0.3537982138482912,0.0471382955658765,0.32295715848602013,,0.3366106657676291,0.015668206871587737,0.3439901498897073,0.011970229836233874,0.3474990578220783,0.010496913125140511,0.3097775955453326,0.0406401540538228,0.34462930326917207,0.03621125412322473
156,0.34400098937181794,,0.33308407137263113,0.015924633052628385,0.34214286211712275,0.011057818313401106,0.3421398228586525,0.011035386771942083,0.2913293395423646,0.04176046349149709,0.34517409453916637,0.011796670186748253,0.3451848337343388,,0.3349287648360586,0.016796766155771695,0.3477322103457302,0.014755442079929324,0.3466507458894837,0.014702529736771238,0.30587865005219467,0.0339460377850502,0.3411408729475931,0.012078502011362546,0.3174193901281265,,0.3331399359356563,0.015677971307812885,0.3381594722933381,0.010976505067299433,0.34165075953465657,0.010409370360351682,0.33720801202116785,0.013668792161165415,0.3342608841479265,0.010988455333111791
157,0.3632876580648381,,0.3504809066493072,0.01752041131031092,0.36262339411993255,0.010059539437676077,0.3624732462100392,0.010055317125533085,0.40071180265598577,0.040291744483353376,0.3583153266226101,0.011089355554483255,0.36873237419732385,,0.3566499666974434,0.015090853356610553,0.370381054667955,0.011158151371284897,0.3699909519083905,0.011135648095385663,0.37770101445183557,0.03351382729398617,0.3668717538945228,0.023965827969976098,0.35046634777246544,,0.3571560379047368,0.018604933382373005,0.360632069852761,0.00988380819157446,0.3638175372245028,0.009791149918936991,0.3771454017913493,0.018631507587021735,0.3552341075764773,0.010671941865200683
158,0.3495567449124795,,0.3453939256479913,0.015012441176326146,0.34762639541140017,0.010533700111855848,0.3474023001700505,0.010545820954365058,0.347289917862412,0.012399530931058006,0.34996348493522056,0.01131628682916943,0.35638269632712716,,0.3548536638409105,0.01814441238792154,0.3569696698853221,0.017402911296921234,0.3566572099982246,0.017396224881413576,0.37476462843331154,0.031223654068757486,0.3520165555430515,0.026380269605022492,0.3308540257418902,,0.3460622915772029,0.014856479126505676,0.34536032479040035,0.010583978132180661,0.34752078021114213,0.010304555676245272,0.3717286329479871,0.024514134778180794,0.3405444201308774,0.01136854068876761
159,0.33672647491326874,,0.3364847910279986,0.017174558280555675,0.3366302349942488,0.013402833552429957,0.3366199356521876,0.013406261066479595,0.3325661351205185,0.01622502471166563,0.33163877861123686,0.01385805851068306,0.3508499006684011,,0.38076842719445303,0.025626100855127162,0.36821185749691004,0.018393412394407033,0.3562551475356528,0.016638974804152933,0.36516605474007396,0.042041722353225924,0.3620581609938789,0.020495581853735415,0.3244499628401744,,0.3371708880904794,0.015755318880885463,0.3372197925249988,0.013025762607313527,0.33993954488014444,0.012613361944354733,0.33158804476998355,0.012238627671143006,0.33071912293126615,0.011120940072187177
160,0.3452296117757802,,0.35032700328054056,0.01907323118329491,0.34524874645347775,0.010951881052045505,0.34524682136111595,0.010952183243326375,0.3463554555056834,0.012197716440840115,0.344734403221805,0.010828017405659841,0.3506771006281145,,0.3592900769700444,0.018254515557898036,0.35929494162209674,0.014140444390858936,0.3554198129297226,0.013630560519302285,0.32892610325384974,0.03788730973232666,0.34377036320179605,0.02822754787322177,0.3220211965652139,,0.33475633717102166,0.01418364272444676,0.33781847630421796,0.010837665293816938,0.34134198911788977,0.0105468142214763,0.3351175400652834,0.013882422503729699,0.33737031935440503,0.012504573562273842
161,0.33047036201793983,,0.33890683362276003,0.018106406716963962,0.33434753849891125,0.010542783495255939,0.3339689783349411,0.010312381747640808,0.34771732121989574,0.013693353194579198,0.33869112078936986,0.01869659506090969,0.33632512377397866,,0.34082077148510653,0.015332867999125425,0.3409801923803639,0.011909989711098403,0.34001792523730595,0.011792712967892015,0.45281694449005744,0.05768634449599806,0.33610896683978414,0.013573968739137639,0.31205536859861566,,0.32836188693763413,0.014028987587116097,0.3293445097015095,0.010619073743433302,0.3318783407013021,0.010089689848779728,0.35802189325660994,0.021204287426533405,0.3322691896370599,0.013831750972562357
162,0.3153702843662605,,0.30523417750305565,0.01192249852983641,0.31208389554014887,0.011761317301797365,0.3106548373177064,0.011603359786992812,0.333872092538144,0.028674360057654117,0.30864775456944293,0.023253315661349874,0.32645191803062307,,0.3197834743769723,0.013085429084148302,0.32763136010529587,0.011485094196881243,0.3275420980821757,0.011470554534614324,0.3225172058854871,0.025338863218270998,0.319221168394938,0.024964073707524688,0.3018614490882741,,0.30014592145557967,0.012294475880750498,0.302003817667575,0.013154542204291714,0.302023771207863,0.013190490868055148,0.31445140558821616,0.016942253888352653,0.3032516575786187,0.012423371252450938
163,0.34351192536004704,,0.3338528071585768,0.0156983435468895,0.3361729676509621,0.013296243446800013,0.3366575271125433,0.013495073266554991,0.3240972660952233,0.021399419685043393,0.322318654282414,0.018187512372850313,0.349065062334415,,0.3462407906248861,0.018203704565932115,0.3516266856528767,0.016194842293515345,0.350321138824461,0.016120294968987273,0.34222317325627727,0.030092918893938104,0.33500786417767386,0.026103641225965757,0.326511474312413,,0.32112247511501935,0.013206010532657974,0.33470483224102,0.010792602873880409,0.3363983498269187,0.010442866833480557,0.3104711054869592,0.02695467786470531,0.32883167298918,0.028681226508774926
164,0.34883828380312004,,0.3364394262023805,0.01506179180258842,0.3437735179849855,0.011259138529351188,0.3426066023119177,0.0111894522903272,0.3374588507523987,0.014668804321236663,0.3357015538561183,0.01396908845440563,0.3568770952663129,,0.3889589079526892,0.02616965593798606,0.3738998829517443,0.01760387554521785,0.36401667187455405,0.016204108077392653,0.38412837169251746,0.044471663789430294,0.35881022099021675,0.03480767903334087,0.33141680482214464,,0.3337372875095377,0.013789107454223713,0.33809175980787254,0.012581436594467808,0.339496308134167,0.013082184140020124,0.348019183784824,0.017090671008620693,0.3423204926582071,0.013443277009019275
165,0.32997495200182025,,0.3224063663251845,0.020674696673071404,0.32910704583845296,0.011326089893594692,0.32911139568474257,0.01139552197720353,0.28144050118175307,0.03730254237493452,0.319653944843217,0.011377765581103512,0.338120615608434,,0.3343574073128818,0.018430479567162154,0.3424647557900153,0.013584376455527812,0.3411302257654982,0.013375958034034097,0.28163651210046897,0.04912080270791516,0.3391439545969992,0.02698958910894787,0.3068826591851673,,0.3324117359610467,0.02421194531961486,0.3300679026775852,0.015329941153181993,0.3321450708810287,0.010783231115289595,0.3227199431909223,0.011596260350048543,0.32751362766292613,0.012045347576223914
166,0.3519718512155596,,0.35646357023909075,0.017296823191019908,0.3562821007219571,0.01131135280248522,0.35543527227491917,0.011490872911864753,0.36864950192725193,0.023878766021094275,0.3557641102905845,0.026134093240302064,0.357129065173347,,0.3473955444725102,0.013278961752162357,0.3580403509154922,0.011116297416971274,0.3579408243627818,0.011115436259449324,0.3497676536783139,0.041606039240411306,0.35278510703602556,0.040884724042247626,0.3300098050631244,,0.34968872483728924,0.014505963150812751,0.352911257050734,0.010789465084468668,0.35469645135060063,0.010272336684962245,0.3699435407636871,0.01584359263065097,0.34757860489053305,0.013085800147103718
167,0.3409873775440506,,0.3228777155846621,0.014537505817228366,0.3329511476297161,0.01213270361531479,0.3302076324318122,0.01185195289615666,0.32493314278089086,0.018827147543212207,0.3194599283927506,0.010194514365731372,0.35925127315983246,,0.3437284207714097,0.013358476714423896,0.3585970670420734,0.01163443805955714,0.3586379449725905,0.01163752754441109,0.3687192516744046,0.014183729767989761,0.3634420656600397,0.013517941451087158,0.3236237820044675,,0.3215215349168756,0.017423505680269805,0.32440943733023614,0.016914263936249993,0.324451138085184,0.017145913881012807,0.32697512552669883,0.018711391910962178,0.33822866574168453,0.012880997326488071
168,0.34040218512411724,,0.33503503901606435,0.016843115602296475,0.3436877383814978,0.013431656082144977,0.34393967061220676,0.0133788072073807,0.3057523014174061,0.03757682446817262,0.33073350313012617,0.01773224545395549,0.3478049261852487,,0.3392964576967836,0.015621477478326875,0.34770046389170206,0.013923209648837425,0.3477191043214341,0.013924769023214139,0.28489590364964124,0.04855407164532101,0.33264728694915924,0.041494897041013785,0.328146948440505,,0.3369677970689643,0.016139906961559203,0.3430430910994626,0.011213341468245382,0.34791898841169266,0.010623783268101384,0.3353344132983544,0.015165014830784026,0.335576147431241,0.01421002852142821
169,0.34892334548397647,,0.32923952346555047,0.014430531353345027,0.34876305062367435,0.010130261692746504,0.34873555380569626,0.01012683815955244,0.3426972596915984,0.010937033471619473,0.3371221452097497,0.010741312830603,0.3557171118334965,,0.33903885405368345,0.014632809962116144,0.35595015939021674,0.0118411244664776,0.35590211442782854,0.01184226163841464,0.28581848973509244,0.04839209529759925,0.3580134103925416,0.03306818897238561,0.32881233633855184,,0.3448868297980459,0.024925573023012734,0.34537422215822833,0.011781453606804842,0.3503096588494218,0.010033902328425163,0.3421733644727937,0.015831012879783227,0.3340448969158343,0.011186335302605113
170,0.33799204030259183,,0.3253749050793242,0.013086597539134234,0.3376878357426807,0.01049265137047306,0.33750748848271017,0.010492552758932705,0.34964191168099723,0.01955400334205999,0.3254354862646725,0.019525317976908933,0.3504358050452306,,0.3425255730473077,0.015743274164294545,0.3532559091357548,0.01378584723346977,0.3523019870106309,0.013726737795996763,0.38282313847685334,0.04106430401771805,0.34247403001645155,0.03774206448493701,0.31999940765204254,,0.33609649160860405,0.02035576366773872,0.3370339659441512,0.013079916349377314,0.3430133425209797,0.010621529563844385,0.33998159904983316,0.014181932267276117,0.34589740813888115,0.0131868642085774
171,0.35363813898429197,,0.3470250145664829,0.01419906641188675,0.35373361824893923,0.01071713587577569,0.35374010146627277,0.010717967437450392,0.34093589307460587,0.016979409675611654,0.3404106140387838,0.01698644554334713,0.3573501183582584,,0.3592278004319576,0.01547017229302309,0.35805582418138543,0.012285867680744479,0.35792220096466465,0.012281564625956153,0.3287386081230132,0.03627113630947359,0.3672462859541462,0.01624800096981717,0.3326030821168173,,0.3465201261936478,0.014684418912901316,0.3514626689135636,0.011621376812766626,0.35343297486447317,0.011161235203989827,0.3465650125769799,0.01398150510853091,0.34905619501119267,0.011287197140794536
172,0.3548106707831054,,0.3717081408062021,0.021055705913828538,0.3647169509489592,0.014600789581592872,0.3617757957381135,0.013698935176328102,0.36332084204553444,0.016074128207232027,0.35724494528124084,0.014468389204767503,0.3629704865537465,,0.3710057456566108,0.016033793191213376,0.3685348463880327,0.012114641400246092,0.36741093228429705,0.011921469991854148,0.3878348496255986,0.020203661962636628,0.3680328195592401,0.012969805121860103,0.33851610831005297,,0.35199130482323354,0.014172714197743724,0.354180986752135,0.01134510532496518,0.3563577038758795,0.010903755960016597,0.35490348874759364,0.012467487917168832,0.35608044144348105,0.011565806044000903
173,0.3407720237274794,,0.34442450630335925,0.019538874205525854,0.34579283697535135,0.010159079252446707,0.346429269838221,0.010197076701363175,0.3556712429131999,0.025110455907468795,0.3363785740464485,0.011659515572651722,0.3483059029221075,,0.32608080753510676,0.01886802132935499,0.34657538849854397,0.013834267351594173,0.3473331060816414,0.013758392170674993,0.3649906385847293,0.054723197600412755,0.3493152588545594,0.025732078761886795,0.3321655771788802,,0.3361533962908976,0.016315788514393532,0.3439276170262438,0.009919211539430968,0.34795984146862013,0.009736942628553907,0.36100803256011293,0.024076519503975078,0.3385199559054602,0.011394450827365874
174,0.3391260265914128,,0.33927440733166264,0.014171874691432608,0.3367994343909953,0.012984619664180179,0.3367290022313823,0.01301417001908753,0.3480295473959483,0.02232349542367884,0.3297511692816848,0.015325221600977481,0.34633829373254615,,0.35087384633799334,0.017669452121727453,0.35504990976289325,0.015164180904123822,0.3507836910370843,0.014435080697177307,0.3706637937057265,0.036478746361671914,0.35132131281169937,0.03403181637508242,0.3277276315650187,,0.33371140177889874,0.012406012119900929,0.33662937158520395,0.010846891860263693,0.33784845488031,0.010799206901363271,0.3355491775499181,0.012915086817722726,0.3327509640949078,0.012267758747462899
175,0.3512720875734116,,0.34963833874475575,0.014518531820536616,0.3511030421476072,0.01026844959516889,0.3510781765784747,0.01026891653677799,0.35429216511354705,0.010957557166435832,0.35425006886743365,0.010806816810569969,0.3620814172043984,,0.36457474717529353,0.015023238985349616,0.365968470044686,0.011697808472294041,0.36516150682789217,0.011608735232754307,0.39961353879429606,0.028579538992764372,0.36283166687006085,0.011860764220801907,0.33705507827027703,,0.3545762230259774,0.01665311406762209,0.35297253285292374,0.010416701539448809,0.3573335559021225,0.010049202637306145,0.3676579270264966,0.020462918930916233,0.3567439177763567,0.010907955365256445
176,0.3260581746726772,,0.337262152528539,0.019355252005765208,0.3220574017496687,0.015773018670657106,0.32249428737212904,0.015704685589265334,0.299467113427296,0.02422024788771577,0.30702585292465445,0.019038769876796126,0.34164198540238466,,0.40450055277452635,0.03579920629235264,0.36131854288735243,0.02322766788061306,0.34516750618763553,0.019258827951869995,0.3094900755186342,0.03828145122477902,0.34074309011979065,0.035467030292756635,0.31138161573481354,,0.3332439929072734,0.01767416212370582,0.32987422474469863,0.012299940673910775,0.331904691616382,0.010831440988633615,0.3259880348799293,0.014012646663798256,0.32188053159407476,0.012335971799904824
177,0.36402896111299876,,0.3461096236531972,0.014269728320694376,0.3629251684620253,0.010575931486384102,0.362875362217922,0.010588080138210982,0.35523787703468673,0.012123717621594263,0.34816568757631583,0.012107614393277302,0.369040375561025,,0.37319783718461597,0.01713072794753273,0.37218202532973704,0.01140586133559035,0.37115073373371554,0.011310360281233105,0.3354239020846099,0.034708595943078714,0.3662150981525339,0.023497169733476632,0.3439810991650449,,0.3559407846604086,0.016373229806915773,0.3605224579290234,0.010558721990286804,0.36392517241288724,0.010192910568347676,0.35719966830293537,0.013300300761607785,0.35664487242253834,0.013258776058076023
178,0.34755263878675474,,0.3437452719103534,0.015397534120420631,0.35261140643848604,0.010207856895280606,0.3533669547355107,0.010193868270721612,0.35324574680169457,0.010977661476136161,0.3464818844106487,0.010836541583612908,0.3499936501971523,,0.3437716886834062,0.014013937193028307,0.3500052908989639,0.010730218218228206,0.35000479459427714,0.010730215979359446,0.33711494731413827,0.020128695178944736,0.3461462238154733,0.019737279734295957,0.3382616915240347,,0.3487003372139653,0.017099997733743273,0.3522684860757731,0.010279881589630939,0.35403703589220725,0.00999352215941817,0.354247425121922,0.012715210301709435,0.35265710328604594,0.010799446130338524
179,0.3415751203248233,,0.33995972088662113,0.015808325887720565,0.34700071055517795,0.012462490337714745,0.34829168016662665,0.012425269653111729,0.294475767907058,0.031884716151250464,0.3258936696435361,0.03832268602576035,0.3535020548358257,,0.34576477334902284,0.01521616136522728,0.35424824594102833,0.012633550158468988,0.3541145255947854,0.012629112896886608,0.2084239521181727,0.0679654121616415,0.3453845873732223,0.05185637233441759,0.3275284355001263,,0.33975161044443536,0.015877537146153684,0.34477858870750194,0.013241698299552452,0.34888438243866465,0.013909522938123045,0.3608923499864963,0.02876280301290274,0.33397689499509403,0.018311412066971317
180,0.36410694306900876,,0.3680860098128796,0.019852015760921247,0.366559010282191,0.010914220630912774,0.36695627490689503,0.01080126153272685,0.4157682042010062,0.03378939567027566,0.3642107109315412,0.012083931901798859,0.37370179375373,,0.4207513587671989,0.03692502089130767,0.3775598353427119,0.03546633625000913,0.3742649616334817,0.035307430476028856,0.4711644116493406,0.07568202784880922,0.37291841677677423,0.03113567589253883,0.3461996493237084,,0.3663627365979803,0.019870347314772177,0.3651766589340388,0.012060907887440327,0.367176680932125,0.010319222645851,0.4120575350431489,0.03466396125581483,0.3585731190334704,0.013519700180864016
181,0.33316024433348645,,0.33070100490852344,0.017203403002285296,0.3272170935917388,0.016364601482712248,0.32797944599191253,0.015771874359722802,0.29022677149507553,0.044776320253441804,0.3396886664249126,0.027844250619605902,0.34837736190503393,,0.334744585471058,0.013609603344083029,0.346965795101912,0.011682090933887264,0.34692924983887846,0.011682039028498752,0.2504707003902747,0.06053096111750097,0.35105451398372967,0.04126223848566463,0.3235674327272452,,0.34245709178432754,0.021085694890527,0.33956087402965374,0.013855310430605852,0.3394040533571478,0.011804311852867035,0.3369336064644743,0.013702428877478077,0.3357888053377706,0.013121557085794417
182,0.3186399321607173,,0.3282564001902737,0.019597267599380488,0.32035468082682195,0.013636187701200776,0.32000157970568316,0.013608393335496096,0.3246426355601935,0.02886701215532488,0.30875523172569913,0.021357727722637748,0.32652445295664345,,0.3250604185428863,0.01725322377373713,0.33517493585367525,0.0149749379696081,0.33178646881318524,0.014504662297682097,0.34714520755659856,0.045248356868859384,0.3208241817548873,0.018359149654628593,0.3025654463679147,,0.3083030271511205,0.01345748433995796,0.31545139030628117,0.010770526409749483,0.3177070278722172,0.010622583575967081,0.3181480300983061,0.014995319361475896,0.31224035539636746,0.012949790089745361
183,0.35028248365649506,,0.35049149834281346,0.016212016898609866,0.35349814178342776,0.011745619680175373,0.3535546887458445,0.011712672035166238,0.3530017433592469,0.016889557492530738,0.3475629844220467,0.014661397140154667,0.35691346690654546,,0.35414547819440106,0.016471940018772762,0.35626428217442496,0.014580588321213674,0.35648206836932794,0.014576128451950629,0.347184778199459,0.04669781757525873,0.3549386470355552,0.03145026553029249,0.3360504707087407,,0.3396855316327602,0.013406828281467593,0.34599250417821226,0.011473035731574023,0.3484938111608323,0.011479286055013093,0.34983951976248656,0.013968619984281325,0.34957948620493046,0.012952005622695795
184,0.34374856668200715,,0.34021674323965595,0.014535160657761715,0.34704962092356983,0.010232242057287346,0.34803820939701596,0.010235473390414303,0.33746680862706685,0.013963479096138634,0.33718772008337655,0.013927986848690031,0.3563409525400384,,0.34606591992794367,0.014017621768863236,0.3578799498131355,0.011224853849239354,0.3577587487766696,0.011215615563995637,0.3345841121795743,0.02170377946425826,0.3441965643334652,0.023261668489508284,0.32545004444031295,,0.3386568694537604,0.014972059581467386,0.34239912983125365,0.010623535872477333,0.35058209993665695,0.01009668193037317,0.33472919345276825,0.012957789334270088,0.33618988770848895,0.01216471365029276
185,0.34608500466160613,,0.34586913255885177,0.016968491893948976,0.3437201505479304,0.011346184069773405,0.34385070396531275,0.011346486682188258,0.3527815319087617,0.01289037922533909,0.35004180795299406,0.011202182375066497,0.35392378020947635,,0.34713441166388465,0.015350224600546435,0.35688484358139394,0.011386915048496229,0.35646636528428677,0.01131720470884979,0.3657737244766504,0.01575901673412474,0.3553765868769182,0.015806230344695697,0.3317670458962197,,0.3387063307892232,0.01380036919503838,0.34328974734247275,0.01101731154801037,0.3448720926638375,0.010873941405212612,0.37353115135376347,0.02413206317050851,0.3454248261828636,0.010789550177460767
186,0.3526211785137019,,0.34469180862222626,0.014544549784564917,0.3569349142939543,0.010371054919072512,0.35756587305492615,0.010284476917787774,0.3550798164785224,0.01463624319100256,0.353468308756409,0.013946770023167451,0.358599158183751,,0.3494011000896956,0.01356443538012938,0.3599118318076692,0.011026116206917822,0.35975475873684104,0.011017997195909325,0.3123405834913507,0.03822012044296461,0.35045464878983706,0.032370141967361,0.3291082888390433,,0.3495680015621021,0.01614098505846567,0.3541655977652991,0.011913329406715861,0.35845146394357125,0.010200115882967938,0.3529233536058908,0.014207355826374845,0.35067086526586105,0.012927137892273472
187,0.33645783051034295,,0.32993663652714533,0.016230087806090893,0.33942773067308324,0.011566944293705472,0.34099093704860034,0.011224111981579,0.3437022862361894,0.03657903812542722,0.34366022962262976,0.028560041477144357,0.34493145572242745,,0.3490398228393853,0.01754493889265105,0.35181239571018635,0.01424562914322038,0.3496669283147761,0.013946764190193351,0.2024205582201267,0.06224626469950085,0.3569037471139569,0.055974972751474464,0.3173661788852662,,0.3320427304880141,0.017224903000089914,0.33371572094193996,0.012917101530820492,0.34344402346515496,0.010813644103237097,0.31445943200798804,0.021081703200208822,0.33198567355950853,0.02155295574891418
188,0.34843800224728366,,0.33920185099078415,0.014165456138703934,0.3452050425713975,0.012097014282016724,0.3446699051542052,0.011990471844382445,0.3442015746842873,0.012517938600736302,0.34211889802988804,0.012672014711818965,0.3565486375617002,,0.3473845324007198,0.014171046764216471,0.3600502950873078,0.012324765284985075,0.3594896657568068,0.012264867184281353,0.4235066171271604,0.04914660210951188,0.355361958339072,0.034095172360319476,0.331703880688872,,0.34094867597289014,0.01477266552609507,0.34490808882759044,0.0113746575421866,0.3477869962046352,0.010759989971827536,0.3511015138324832,0.013766257917752801,0.3501968858833349,0.011941286589715785
189,0.36652106202897844,,0.3554214823906735,0.01563127953727264,0.3697241739748013,0.011562733161712756,0.3695555898475699,0.011634591841715817,0.36382146387841185,0.0149861714753626,0.36161581599549514,0.014520050237655052,0.3674672796446897,,0.3717208793731812,0.02087632198768256,0.3748376117736525,0.017302589029078295,0.3706711856598628,0.01689925328507749,0.3946898377192682,0.03804261964313963,0.37187721176668576,0.036750467102421074,0.3461923924173343,,0.35325270047227797,0.01384243752734883,0.3629924961105191,0.010701022455196378,0.36946710836530017,0.010374485844299865,0.3610997973378123,0.011961446193581776,0.36708972235282544,0.011381915407777846
190,0.3275133955667292,,0.3098200005690859,0.013960892888913912,0.3201991602886307,0.011939522539624998,0.31489043432117286,0.011968493232274748,0.3161655489650315,0.012898692578234878,0.3142100878502821,0.012799378484968645,0.3333563010904632,,0.3588766332870486,0.036335812739988683,0.353169987705962,0.033493612928944635,0.3363117292480113,0.03254011410789522,0.3936440116294019,0.043416786326958036,0.3373180768072307,0.027483951930225247,0.30425758047751367,,0.3131751628937988,0.01318573352280422,0.3168384355013751,0.01145642112627466,0.32370485623379663,0.011304616318429767,0.33762173277292673,0.030712602476188875,0.3106984959241095,0.021805870473983274
191,0.3210669195748884,,0.322492315936424,0.016404411418633746,0.32028914926933605,0.012535400443216051,0.3202519736556602,0.01256207611966657,0.30685860552931143,0.02015989445067943,0.3262347357551833,0.02074718097605791,0.33072666300694775,,0.3270108675318788,0.014370562286528558,0.3310310525132445,0.013222365728416384,0.33100235267262795,0.01322044777742683,0.4016901480485324,0.052269173867990036,0.3277278180368381,0.02466121106919384,0.3086202506717659,,0.3221832404575878,0.014945650662063213,0.3183951028293624,0.012258751881892705,0.31966886502783326,0.012078613425073678,0.32940962474530194,0.01873086996260233,0.31867748533822676,0.017122029452083232
192,0.35010774719531534,,0.3559933346286951,0.018956893361373517,0.34874212353181033,0.013525752264219707,0.3488810920040962,0.013575369458050135,0.3473771177521837,0.01812894508797182,0.3467834281789924,0.016849235797584492,0.36518262429253595,,0.3571465993050607,0.016641797265597533,0.36612860548936754,0.0148778317178918,0.3658285119907684,0.014836857475146962,0.32936331390326823,0.029733024945889495,0.3546665554032334,0.015565951062684638,0.335218669523687,,0.34623036794218515,0.015509175198900955,0.34204397056416397,0.015193542985540908,0.34270662494662285,0.016190583016563717,0.35129381488965966,0.018174426235779795,0.34420691041292034,0.020136209670972564
193,0.3422660855537564,,0.35438365119371057,0.017968880117693115,0.3474874850149408,0.010581217287237314,0.3482582203806105,0.010317784829320468,0.3529408994388657,0.011705007886570726,0.3553800266282763,0.012121894913544576,0.3547755112953043,,0.3688233673139153,0.01715493098701786,0.35958603555271007,0.011921774468591708,0.35842711976564573,0.011805572415514946,0.3382374014962753,0.03158611447415083,0.35346102067300217,0.032197515366287205,0.32939047055092774,,0.34532704476719334,0.015367732406491575,0.3448108519024768,0.010787561806965523,0.34884238274160967,0.010146344744438504,0.34558977265124335,0.011541343924952013,0.3473206565653349,0.011007748389614018
194,0.3527511557504268,,0.3482347109715282,0.018670233118425583,0.3530389778368667,0.010816061356313671,0.353088944990491,0.01081965835803777,0.4014983089780382,0.04713281138542594,0.26306715627516086,0.05413959585394693,0.36028207565175363,,0.33884275318779356,0.013932275132826074,0.35715314565633993,0.012462100401952215,0.35771166309177294,0.012465755535645117,0.5559102691726426,0.08482527166756727,0.3424892434545036,0.053002363035250466,0.33086645054359676,,0.3364029469955438,0.014144021534552223,0.3449970965763285,0.010312902660814192,0.3497564466388381,0.010029896372139602,0.39266041356082165,0.038468443088731256,0.3335194432365913,0.026647962921999713
195,0.3158720613047232,,0.3047188480622005,0.013615188964045687,0.31947251396031767,0.014263164988479484,0.3207680871801118,0.014305645211598475,0.30974783146725643,0.012645142280099718,0.3119274502889932,0.012264849758081973,0.32585501594999294,,0.3103175362901938,0.013482904431669626,0.32855975065629367,0.012794826729605394,0.32828369984034644,0.01274618543793864,0.32181842501781127,0.020443973164808664,0.31831223062375014,0.015877548802691627,0.2991595417719897,,0.30562186412444864,0.012998908013639123,0.31128530797318543,0.012305193252660013,0.3155784908927257,0.01321299886069244,0.3009538090764559,0.01317484564776947,0.30291049712564255,0.01155834545607227
196,0.3378953307583444,,0.328671361137548,0.016027907099786524,0.34052106691825146,0.010914668907884962,0.34181540203050514,0.0107937710635648,0.3716506128216502,0.03517461973987985,0.34509962187719323,0.012721484863938733,0.3489526043508438,,0.32986905393565097,0.013607934417319265,0.3477164467261614,0.011525922185184393,0.347503552758097,0.011521741918213854,0.35710815392680145,0.016776732680546885,0.3526743327819775,0.016833387421909735,0.3181444688130701,,0.32969865221962874,0.015629415925462582,0.3334359801766496,0.011261090114378933,0.35275397166898104,0.01037464595230298,0.35992238063479,0.02385925171664016,0.3393814821185364,0.0166231370178701
197,0.34252199133539946,,0.3534568634781762,0.02111587093009458,0.34656235264811697,0.010574733524882191,0.34675695278141,0.010529328634192493,0.39137763526176317,0.03993702999030443,0.3583661947207455,0.018096035177283774,0.3529525391809139,,0.3416741927803892,0.015573632137744662,0.35644081113234266,0.012217420210030513,0.3557571976008059,0.012050349196136255,0.4009666117491006,0.03808534088597447,0.34476804289473634,0.025124109700904326,0.31386745886663553,,0.35428374516373107,0.020361053749327535,0.34692908697231034,0.01288782245350035,0.34937608222252176,0.01040724639388659,0.3613185315603241,0.020504332333845104,0.33845526988081187,0.0121243778196679
198,0.35736082397581254,,0.35330948029770765,0.016462909955824768,0.36548264473331954,0.012112670349646826,0.3660816848178624,0.0116574862420287,0.3615936542292426,0.011867832337098044,0.3570087309970836,0.01149214829542305,0.3640117088144064,,0.3558131795180948,0.015160619046577563,0.3667803867663525,0.011381951651781318,0.3664235092448688,0.011358264869901791,0.35200764098018417,0.01913786948551243,0.3557610257662988,0.020170930782333254,0.3414001981219939,,0.3510480326179413,0.01594324622075928,0.36012092184612965,0.01104421098383408,0.365200999262847,0.010382088498271632,0.3566291370340508,0.012450642032157856,0.3586560090403884,0.011990855269856814
199,0.3349321338119228,,0.3205979990206403,0.012688254555927524,0.3330226872950435,0.011307288695609872,0.33268641719450154,0.011264326696380804,0.3492517829701681,0.0174285700012514,0.3360594008462536,0.01579124642696509,0.34539581055389545,,0.34497753278012594,0.014839070356823702,0.3483372157890158,0.011598665202574205,0.3478946099117763,0.011544729195190253,0.366023555573848,0.02564270633353985,0.3528452966539453,0.021119762113211277,0.32087161014628496,,0.32832272909763655,0.014121208216630151,0.33280229655237165,0.011499631266161022,0.33549718232626075,0.011222644549032238,0.3420936938573303,0.014701799019265117,0.32653824194547604,0.014046016883406908
200,0.35128651024180896,,0.3711388506772583,0.028431065300884305,0.33570016554430454,0.03035476875223517,0.273281678041164,0.04107140045428842,0.31878913202418,0.035377308524153085,0.3660967227219166,0.03558201165227266,0.36198248001928385,,0.3800478456843912,0.02670314018073866,0.3722426331169389,0.02012650060804367,0.3651567336522894,0.01910905156028559,0.3335482415555139,0.03893564740989017,0.3600606237591566,0.028608053869273006,0.3353064216000991,,0.3461485831631751,0.013888722065875193,0.34647335593368855,0.012030001688032886,0.3495200814854066,0.01214277140727426,0.3180745066768727,0.03392973775578413,0.3325117334954703,0.01891990419858906
201,0.3369020979981492,,0.3319772307601858,0.015176175487315499,0.33626345350114106,0.013924990728254896,0.3361747254983184,0.013910083350393067,0.33495973595977707,0.0173335580009348,0.334527117560811,0.016844965984032255,0.34588547822171495,,0.3436905769748631,0.016775207628137008,0.35017383020325665,0.01508675014438795,0.34880978026712545,0.014962351521717739,0.37238728637793816,0.0421137074255089,0.3479986873421185,0.04075918081510948,0.3167272674429018,,0.3351452632203159,0.016459749029079405,0.33180978689983254,0.014341261888129751,0.3315808151294703,0.01483919412671884,0.3444203310272614,0.01775030243271721,0.33606593995275724,0.01436057173129248
202,0.3445725926877553,,0.32559070653636824,0.014154400711718473,0.3456591121160817,0.012510288278329557,0.34553543213803795,0.012732969443449791,0.33817784623392827,0.01374794028424517,0.33630924131520246,0.022745152785003993,0.3498952962622449,,0.34282152258041143,0.017711016833145816,0.3583608736001037,0.0146117685933701,0.3544543910497253,0.014107622603833107,0.24736646110187765,0.060764391697266246,0.3569500032851194,0.03363410759367846,0.3273976012204509,,0.3202726942842188,0.012042591337202408,0.33848015463843945,0.009959896913216958,0.3491366240628892,0.010654453642026029,0.32463074936043024,0.013308479449284006,0.3374512578436654,0.014985442539501959
203,0.3537656342047518,,0.34189233766128413,0.016016826402796582,0.35316345283128475,0.015050918553053074,0.3532443778636302,0.015040262125392372,0.3487853286358459,0.016525256535893443,0.3418602095374207,0.016258493563336373,0.3608550887374507,,0.3660720716826502,0.01999888872562059,0.3632308555275995,0.01892955996440982,0.361987104937873,0.01892286943890301,0.33854468797531595,0.04618754775994012,0.3645679403877827,0.04384442482196093,0.33877547122384877,,0.3409416925516554,0.01443699683674095,0.3506621308777568,0.01218900174077852,0.35289026891924163,0.012079032819485615,0.34293566666104836,0.017014181401006287,0.3432420053868111,0.01672386753459843
204,0.32628157079742215,,0.33133477064591577,0.019963607717524205,0.3378749128385414,0.012445831391615616,0.33634145349395644,0.011981501073563453,0.3096058555202968,0.035857419124129125,0.33502709257516466,0.01968778775142705,0.33078187566528655,,0.31258936067484144,0.014321532765466757,0.33301405718580546,0.012643967743273808,0.3325075469725516,0.01259054706856207,0.30194642383332776,0.05299028373901499,0.3357672984119869,0.014536465554959637,0.3090874622879519,,0.3258284319798034,0.019331890802996153,0.32868098277660046,0.011606627287561514,0.332353643330921,0.01057796793798673,0.3078749531806366,0.015219292544067103,0.31932124224985753,0.012147352832323861
205,0.3354186238972273,,0.32787264123938803,0.01650485443417274,0.338356492477041,0.01086435623168546,0.3385413595512313,0.010782599989049898,0.3587536270574663,0.03698584502273798,0.33566608288783756,0.017612175346229827,0.34195624635689614,,0.3265161253753333,0.013872994397053647,0.34209889316265457,0.01375700843706065,0.34207989813860135,0.013756293958789575,0.35667973869477515,0.08498607259763333,0.3392456211694949,0.04702413101364768,0.3193611849322166,,0.3259556700590608,0.014531817089500468,0.3330729348160621,0.010764769694274772,0.3362146121587025,0.010431663867148026,0.2676160873201861,0.04859543187255511,0.34596966376351757,0.028865736080255937
206,0.3281481937567493,,0.30299456521713747,0.013263584085539014,0.3257785369441073,0.010032998206853758,0.3248597270164291,0.009977713323601917,0.32380573213589053,0.011050116787733145,0.31679561132690437,0.011172385304049794,0.33299735274009745,,0.3141137292845736,0.014293860128945363,0.33620930296144896,0.012088150030894373,0.33602900719442813,0.012023602271216977,0.34670332226113804,0.024910794228663328,0.3258382983135653,0.016058280992437335,0.2992211174697783,,0.3048710591672334,0.01258194387805872,0.31320093463346876,0.010246478728696802,0.3307987652200622,0.010358765122977275,0.3135169449700408,0.012226605072014353,0.318117053677504,0.013026742709157725
207,0.3417511452181422,,0.3367012541202013,0.01791203359710225,0.3400057840883713,0.011767532957920318,0.34014990830866465,0.011567648233562974,0.31456519467046395,0.034844856902673596,0.3356493361334934,0.01071550484240047,0.3533049841255685,,0.3547668390001601,0.018157662204860425,0.3535493985997957,0.014217935692354399,0.35345308543699216,0.014216450156815625,0.3200602977815995,0.03259412360559078,0.3444449394144949,0.028554910296235494,0.3213731831093889,,0.32917807531136545,0.016558352353209245,0.3364036029774279,0.011769866940189064,0.3407569176340319,0.01068390963683765,0.3430282514512718,0.012466611898239562,0.339564487306682,0.011690638984612332
208,0.33964386760991144,,0.3329414660812613,0.0133485020931817,0.3370099191911422,0.010137472723566725,0.336710529222479,0.010109701635038486,0.31681852731124877,0.02649215434551846,0.3348870284024793,0.01078193033651899,0.3498687468170334,,0.35112139106019025,0.014738382245366798,0.3516085990975353,0.0120781270681894,0.35128912971076653,0.012059662247726739,0.3753509094361607,0.025368837744599127,0.34562771386593083,0.01267508468667297,0.31887721545209363,,0.3318491218740944,0.013919543827479508,0.33362007439216995,0.0103951086760299,0.33661036587337145,0.011086907494886911,0.33837014208697475,0.014769084968794328,0.336730771156722,0.010692987148814916
209,0.32630751844548106,,0.3129992664189866,0.013456680749872057,0.3298186434905687,0.010382264925681225,0.33025133748905483,0.010392768921799514,0.3000329524281108,0.02137232015502057,0.3082649644876512,0.012575163010768133,0.3314832334141893,,0.3212517725164899,0.013112609011507341,0.33351810704570695,0.010964441826408952,0.3335380177843524,0.010948187229211717,0.3228665911883386,0.013954168912001344,0.32017119151329443,0.01470290330506694,0.30838178128346083,,0.3170512746276976,0.013272348736822339,0.32349742251318314,0.010496807318495902,0.3320498241211973,0.01020214389529295,0.3174136342869819,0.011613862928053711,0.3143820404075965,0.011180369504320008
210,0.3280508094203545,,0.3295356188730339,0.01813047832771774,0.3259714106301791,0.009583894611079422,0.32564328792312724,0.009606237872490353,0.33621402963254804,0.013235661906008687,0.3321264929797495,0.012592820693252352,0.3379775831553161,,0.337207943630136,0.015209478328865437,0.3406930446786841,0.011146569693966709,0.33997273847743276,0.011092286343890772,0.30499345792212873,0.08227720899508216,0.3278452021863901,0.04714291101836314,0.31195439871077446,,0.3254071264506157,0.016703806251718297,0.3257973395969498,0.010208700311546089,0.3290120547067163,0.009654359956998385,0.3710927147081934,0.045830204674287764,0.3175044586412646,0.01247644266221804
211,0.33368875309967844,,0.3238370178992967,0.015006907235036584,0.33493257693670425,0.010353151068647521,0.3350996633348423,0.010365229708447051,0.33834822475521326,0.011817928519525702,0.33476272617074343,0.010613903929825289,0.34313905082090695,,0.331304931173024,0.014155584786329048,0.343863016388758,0.012155539007378268,0.3437478680062103,0.012151838741644534,0.34025492955319436,0.013620245067589645,0.34065504650216727,0.013587160006598629,0.3157911250367764,,0.32390249991392484,0.013769104028839277,0.330236379843301,0.010754549365087716,0.33770464797100797,0.010587253652848334,0.33309734953284764,0.013975122687530131,0.33192301148773035,0.010640703498066503
212,0.3220612272568995,,0.3129132315046489,0.013770779484125995,0.318075429233829,0.011295493094183002,0.31663469908326186,0.011257272249071288,0.31644394615719995,0.012454892249471217,0.316699987329563,0.012180194820298243,0.33392933191187374,,0.31991131809817924,0.012961496197077694,0.3331486319251765,0.011189869865929274,0.33316891105665714,0.011192590780055928,0.30764495136181996,0.02348125040604774,0.33684802862498325,0.020095057237487675,0.3092741593158831,,0.3089547833425234,0.012780927886567345,0.3191124831810627,0.010506583941401538,0.3234526405858988,0.010186106546431074,0.3153855225634598,0.012009026413445542,0.31972717285293756,0.011811100276123527
213,0.33744607045773733,,0.3400161033854511,0.022447541913849338,0.33495961328897184,0.011322853273586307,0.3354895106322504,0.011282744205448272,0.35845976501802534,0.02076732105339349,0.3510771156103832,0.017153380117550184,0.3422047983153651,,0.3495982721821152,0.023034563808824952,0.35664296449171345,0.019319476057318208,0.34765360002045886,0.018155389062324875,0.42656778928322087,0.05814214113088423,0.3480886348949363,0.03864744618770237,0.3168751934465169,,0.33256311376429687,0.017742222400388363,0.33442469147751014,0.011576685808387688,0.33624070139693385,0.010845569264844222,0.3763386538288328,0.04071021813340981,0.3325659396414782,0.03179295513987369
214,0.32784522102173214,,0.33534272602226084,0.01828774389537946,0.3305465086982018,0.010538368255011274,0.3304163621982896,0.010407587435581792,0.32251209661204255,0.013429385648788915,0.3220268318426548,0.011130868970429999,0.3387614333010572,,0.33055193688626316,0.013578503325922297,0.3407274850454016,0.01115582935514739,0.34063847485396304,0.011143719161078118,0.33545373681026985,0.03134340394644161,0.33739510537341966,0.03178408931571485,0.31360878669946085,,0.32695715306061385,0.016650024966897943,0.32751103318417835,0.010710425048986465,0.33427682893187555,0.009898561243087781,0.33325295900671753,0.013020558500264371,0.32342303358308294,0.011070500568033772
215,0.33807039518016163,,0.35254827481889534,0.01955439696384648,0.3413932789004981,0.01186601963730227,0.3407883412607262,0.0115445855670274,0.3030973768025959,0.035641290289966966,0.33554062774322835,0.02272085437802649,0.3494338982416358,,0.3761713005695719,0.023001501937205977,0.3586774850708844,0.016195604702177405,0.3528314124058353,0.015829064110385344,0.2688292061126414,0.05097844729990085,0.3533795437474813,0.028966570386395194,0.325943925773336,,0.33593052484264885,0.013940972687587556,0.3371408502449109,0.011529423755352014,0.3385186496022086,0.011287749126275,0.2798856357152385,0.040384227894723894,0.34380529342166394,0.03056917865753475
216,0.33623025094195175,,0.32860709653336045,0.013611964569937147,0.3335831011249938,0.01004529171154956,0.33321859138274107,0.010015283427469934,0.3399783601083255,0.014263809305289562,0.333055253225366,0.011890074261056843,0.34394897575617706,,0.33815835146699097,0.013917939592243725,0.3464922527170208,0.011018869577097717,0.346151301963599,0.010997411128187213,0.31243149663088754,0.028372382704432392,0.38700595741602317,0.02633728816823048,0.3192242582493287,,0.3292241120175848,0.013593703547279352,0.33355369783391076,0.010228106932062346,0.3370363685398163,0.009993966083418028,0.33347891139807095,0.011389078828701172,0.33089773390477173,0.011388786909662841
217,0.3312739437524236,,0.3302964664884348,0.018934930993254485,0.3312848230087169,0.011567609315259166,0.3312834419623634,0.011567817392472672,0.33969535636838716,0.014386271662927025,0.33386153692567455,0.013652048399166918,0.3365539379395059,,0.325532629612558,0.014845724677703058,0.34035611815403993,0.011463898277804297,0.3398621698743243,0.011363185911644876,0.3807463424774566,0.03671719116934119,0.33174634859774743,0.01875642505804916,0.31693053256889914,,0.3288707643117277,0.016424435940779022,0.33268207456426835,0.010957396644214419,0.33425219377129756,0.010434861476146707,0.33891654553058076,0.01345450171566538,0.3350194659145746,0.011810401149818654
218,0.36125102966214057,,0.36005677700703,0.018685283364660833,0.36291007298551076,0.011125773764678057,0.36278089368404054,0.011143465841738753,0.3698304616999173,0.01751681912329734,0.3659755559734609,0.012379192197293061,0.3660560025301976,,0.3624171519239664,0.018098969486654792,0.37350773838670465,0.01508647637043983,0.3704802696568861,0.014783903608234047,0.40699977031907003,0.03941949578412685,0.38695972604797035,0.03471096824168482,0.3443126427428692,,0.3585070539093568,0.015584025009783375,0.36235916617977243,0.011162955001165546,0.36393646308061367,0.010485648361930416,0.3638585868510153,0.01432800752887338,0.36475330928348465,0.01279594549859015
219,0.35021939385160833,,0.3365329456385326,0.013642237375635597,0.34870721508716435,0.01048139109148207,0.348515932753204,0.010470158338094426,0.36418849088583694,0.01912400239718143,0.35252708691109613,0.012882234899510544,0.3554992089565305,,0.34086047734220615,0.012955887054991427,0.35582079063191435,0.011181639578036633,0.35579482864944173,0.011181096044879142,0.36053815388617316,0.01805351937885554,0.3501885945282764,0.016980213588737508,0.3316953060898034,,0.34163560695608913,0.014319269058131951,0.34622095733614805,0.010548609315587482,0.3513896446761047,0.010195894779470997,0.3418098152597122,0.011899221234905631,0.3480121192136351,0.014242116490378307
220,0.34207516597441373,,0.335436384403216,0.016633687911860297,0.33861870112422804,0.015806026606999365,0.3386312545434031,0.015521152552530853,0.34170078036943186,0.012936363454842413,0.34808972971279545,0.011163170485450225,0.3438306745092647,,0.33175311305973065,0.013843711929914107,0.3433891580142354,0.012555896393432967,0.34342501544706183,0.012556065082580035,0.37261214001033355,0.04029478459893075,0.3472450924884767,0.039396800492563375,0.3252048925200447,,0.3399756670444987,0.015601298852239423,0.33998871672478,0.011614953216913502,0.34237279728855824,0.011303007804143391,0.34131541066448823,0.014056673311318614,0.34553317317937793,0.013835082191742211
221,0.3259549025808301,,0.32919440587361115,0.01584370371715568,0.3297622137660234,0.012115647155148589,0.33002891678843604,0.011876801976018392,0.3260817890021168,0.013727811878916347,0.3144356247104127,0.011618201635727193,0.34149727309195715,,0.3436680292150599,0.02151969187278049,0.35721915843938407,0.01964745719665422,0.3482567249163027,0.017566418051271668,0.32672614342776396,0.03326013311578717,0.3327288763623352,0.032604811484104365,0.31390639839228457,,0.3225100379693715,0.013838394392634248,0.32455960057194627,0.01162027197831968,0.3280315361149975,0.011454243535502033,0.3198217222174993,0.012058802469640882,0.3179406396234448,0.01170722277158933
222,0.35421716987843094,,0.34555632449677964,0.01370301673930374,0.3567515526472165,0.011270841253622274,0.35677233071143094,0.011246204099564824,0.3492736079236181,0.012452556108591166,0.3484260333455866,0.011936162167503811,0.358147884966119,,0.3532787586715906,0.01371019931364864,0.3600046412922194,0.011105094902168426,0.359792278873419,0.011090056512404012,0.3338764722563769,0.02490647225645316,0.35099780141044296,0.015438441175793566,0.33574198686096557,,0.3456178116475577,0.013749291526788889,0.3517833223800357,0.010948143459798752,0.3539350821006773,0.010665315639593859,0.3500760845751445,0.011730729762977442,0.35188594948559787,0.011274987350535044
223,0.3462497571503521,,0.3487023562328369,0.021177332200511614,0.34288263800931684,0.010646899121950203,0.34323066795820356,0.01068924955035484,0.3338212424966327,0.012033707202753386,0.33322276396584083,0.011023365256286664,0.3510507444675722,,0.34442641781592526,0.015745524786972,0.3554994060773855,0.013420036872855024,0.3542366368793056,0.013317481570953903,0.36872716903694935,0.024593730442968007,0.3486247001860861,0.020953965247810877,0.3201406949395701,,0.33428573845148046,0.014610341084727684,0.3383381154835959,0.010793127279747287,0.3436561163905886,0.010134381114814637,0.33598975941266174,0.012526500946450369,0.34173621423182815,0.011529262606660097
224,0.33416158058253903,,0.3342199211070881,0.01455559822092334,0.3391779741853759,0.011915410391451784,0.34080184109581957,0.011558061764962853,0.33350198218985594,0.015051387408369345,0.32357618120584614,0.013046069209061834,0.34822065016941184,,0.3359255448778717,0.013182511584132807,0.347439603522799,0.012012872905160829,0.3474998584975594,0.012012104920848485,0.28670862032980227,0.04505691272408924,0.34584877906032435,0.03951541201522597,0.32790901192494426,,0.33507149217324034,0.0155881092291512,0.3404888217291597,0.0127481296383491,0.3456095339692219,0.01146515137319084,0.3310003800660689,0.012643587504189502,0.33228605685344953,0.011465717263711697
225,0.33721286200541317,,0.3251944609757488,0.020168307441274624,0.32114311902123216,0.027492946215026473,0.3240775702495778,0.02416392854694057,0.3308758089881397,0.018853479283520387,0.3280743917666134,0.01831057433399705,0.34103724502863647,,0.3577980204002087,0.03712799803438761,0.3488000800228771,0.027972406795755283,0.3424253870413134,0.02788285278934882,0.3750279270194826,0.03463780270749997,0.34153380747577844,0.028913345054057474,0.31137610307515934,,0.3198431518616546,0.016996393023087426,0.32446052348606075,0.017980807765951772,0.3267657276848251,0.0193231866653618,0.3280304936846764,0.02499927151763307,0.318120240637743,0.02350362277589611
226,0.3542853923612368,,0.354079846878063,0.018793155899961247,0.35048883439790884,0.011939058875717671,0.35124926516471455,0.012012239494626164,0.3510533343686247,0.014877317464300828,0.345280049945077,0.013135192961342032,0.3619080190759976,,0.3714574837486937,0.02205350592743877,0.37314437183836274,0.021354919542619446,0.36587803400608904,0.020349036558395452,0.3625677348189527,0.03498375131015809,0.36741955773503027,0.02190035983183082,0.33833333232356383,,0.34996178849414034,0.014457694526850997,0.3519399050339581,0.011250166423716236,0.35375873776394956,0.010831184891019939,0.3493944286535655,0.011881542339962763,0.350531121504787,0.011407936977191344
227,0.34966026381464577,,0.34204546276913506,0.020562932636627042,0.3293315868087549,0.03179473889024028,0.33873444327625163,0.027175961543901544,0.37248485878952253,0.031940088620531965,0.31982058333007124,0.018997158203750218,0.35271432448565687,,0.3651650470371216,0.03572980187019854,0.36393985202111245,0.044028972303123616,0.35429976442935307,0.04371243564867346,0.44626465808132737,0.06484925304898873,0.3277018016818393,0.055301438212231734,0.3269177609468681,,0.34115738055542416,0.015148759900421707,0.3442041116035685,0.01291096639992514,0.34733714143596184,0.012363622270557973,0.3967728318603701,0.035788977547676494,0.31894130786184793,0.014683415575121438
228,0.33131895914162934,,0.3342581653269682,0.017995949829867783,0.3374506515154928,0.011605106084765776,0.3376283843784769,0.011110499139019998,0.36376440345887995,0.032555022142911345,0.3241295225235751,0.011627128427861405,0.3380967099187748,,0.33934491935640254,0.01583471687730723,0.3415183721976498,0.013382528325697772,0.3407539547478132,0.0133147277554917,0.335540235986099,0.029975797963371208,0.3377669589587276,0.02513035268877149,0.31693487346925125,,0.3206656458499353,0.012900670787565408,0.3274203973244105,0.010455150135260327,0.33881694091456793,0.010372900978595785,0.33097777955273394,0.011904298626633003,0.32942458822878595,0.010952077023127003
229,0.3281059169417642,,0.3292072320413038,0.01891887241703111,0.32843746301252025,0.011031528647081167,0.3283817624388137,0.011009786076609261,0.3278658695267069,0.011918568711482867,0.3241083733551802,0.013459038110633637,0.33108206971372117,,0.32154339118844727,0.012994932539387775,0.3305170366603663,0.01159831941157871,0.33051677408069,0.011597485984923491,0.3934167357852297,0.05241063319611319,0.3271594814996676,0.049466528256213484,0.31296694900760713,,0.3275980289981402,0.015342390936494272,0.3270565195443322,0.01126824102910245,0.3282219676327549,0.010741464861680388,0.3375359985975515,0.0164903978777682,0.3245379260766339,0.01464613925740819
230,0.34145727262835546,,0.34471699314577525,0.016833591752945465,0.3396722111122399,0.0122402232091012,0.33965778048259504,0.012199984419495753,0.32049905819621965,0.029876028296513892,0.33374627650313604,0.014206876144332707,0.3478158936910692,,0.3327365179094876,0.014348659329627462,0.35044221976370565,0.012105654286175606,0.350069060447582,0.01204413355171514,0.3650217662890968,0.027572761958592883,0.35057416179089385,0.02406267624826204,0.32396481208237604,,0.3394842727551085,0.014737821246093833,0.338036385380219,0.010710111776280926,0.3409362950717746,0.010485596923573242,0.35083693528534043,0.014798679792783242,0.3357030650079144,0.014094817441680528
231,0.34911711797600975,,0.3557555141216333,0.021927199274400566,0.34371199157882415,0.011531086184249775,0.34413515099066194,0.011389921398035857,0.34621574117962467,0.011267509227446695,0.34673022694232297,0.012382810235613391,0.364541254920672,,0.3594979304164369,0.015818106364161092,0.36545062541953166,0.011623913799883607,0.3653438895022449,0.011616602788532509,0.39649575877822524,0.02945624024633257,0.3631333513294235,0.024304997250041836,0.3277123091401618,,0.3346567917817153,0.01528323628889488,0.33978189955521515,0.010785200500417385,0.3469626120129705,0.010697132665102724,0.353261033370779,0.01419973169518442,0.35263476138247346,0.013805662159610372
232,0.3281624532736362,,0.31002233114451416,0.01438971996195845,0.32502992958228916,0.01102327867784608,0.3230835529241025,0.01104569252629326,0.20411938288386713,0.06267490257166838,0.31447411234511186,0.04044016350495525,0.3362977455722237,,0.3565363953582527,0.025619700734183615,0.3607817577670723,0.019733630183957455,0.34540814318869417,0.015765829197035917,0.4141675543394229,0.052767821453115156,0.3409847539271954,0.05104221535364416,0.30580491698122775,,0.3083981677030313,0.012876300496252371,0.3170065259081481,0.010819935470371012,0.3272294018953572,0.010854777937113643,0.27721283563379023,0.037135920591664894,0.31760240395860123,0.034509567289037674
233,0.3364286940635769,,0.3568656038213202,0.01979626596740513,0.3414489953553742,0.013495754735064132,0.34074044745490273,0.013477092522991356,0.3660001792097073,0.03577045158464812,0.31343106420506844,0.02182101612390442,0.34541262455803357,,0.3633112341868316,0.01800349530785495,0.34644782356400555,0.013101088983861144,0.34611742664738343,0.013091652919305264,0.3878896811360867,0.029972928121554266,0.3522368245471866,0.020360592630247188,0.32103719704290845,,0.33396779924651554,0.013074285304110343,0.33713571110133306,0.01069915030183202,0.3409675448515656,0.010634846492629232,0.3838075234071361,0.02218289003895034,0.34940974502919336,0.013347284547823489
234,0.3209297448574612,,0.34006157586442853,0.0233848782831134,0.33264586750899744,0.013005925946791216,0.3289916655090694,0.011025389010774541,0.30524029308210837,0.025231781158736647,0.32446879054450095,0.027630035510138512,0.3285074395724034,,0.38179091050151104,0.036724241041599034,0.36078557861092647,0.025321388024027044,0.3353369728085695,0.017425218861252676,0.32067261442051176,0.04165249835360606,0.3302125217825213,0.016533589025152243,0.308529249975842,,0.3238620700619062,0.01435603861905881,0.32567037511391733,0.010991615372281422,0.3286466069736949,0.010298812087918578,0.32937282026554804,0.018813174359092848,0.317943767548672,0.013947921916459636
235,0.36035864267552087,,0.3475497417383693,0.014523460445801368,0.3610350400844863,0.010928513144482422,0.36108872855380725,0.01093054470575484,0.3495383529305401,0.015841963951607932,0.35306982553094013,0.013920165462625991,0.36531810197633136,,0.34799622420443016,0.012710611086135644,0.3664032981660926,0.011443822489841314,0.3662957744021116,0.011440235952787136,0.3597428607672648,0.013932452806041735,0.3643629045339227,0.011444124099247088,0.34433421305548323,,0.34592209887528397,0.013442992135665362,0.3575772435144859,0.010489331308395706,0.3624133422819371,0.010274367050488654,0.3593661451510578,0.013648244531126865,0.35871110450039806,0.011661913458492703
236,0.3294557454824985,,0.33461860151705247,0.015722993097784913,0.3428396129556384,0.012822543143417364,0.3418306922964451,0.011257041432095341,0.38463699749747865,0.03282558761179671,0.3309357116678882,0.011092120975640224,0.3323745776198463,,0.3192937119784857,0.015278733776650257,0.32816155072653685,0.014689955547562288,0.32963930583040113,0.014586432708105791,0.3165034822455647,0.0357189694303999,0.3296580754590569,0.01391060912480396,0.31856759846677163,,0.32798953282670607,0.014211537889815178,0.3331565384861432,0.010572776140783462,0.33552003493629606,0.010268047231847084,0.35056357367472335,0.016534518092892726,0.33461729816396063,0.010654119039096759
237,0.3349531674401731,,0.32892528127318976,0.014186897833651197,0.3347037364433454,0.010197539085908081,0.33466077451087917,0.010198250151577564,0.41069167584233757,0.0439406602607417,0.32104118126297576,0.011966623177677353,0.3394510949669771,,0.32843793335543947,0.013034109634835681,0.34105124050370433,0.01132974062423107,0.34099126828157206,0.011321708053323788,0.4206727992818868,0.03940222033950195,0.3440656876898756,0.016586174491220858,0.315378580127278,,0.32972798534502806,0.015124843859358316,0.3310865764953056,0.010545216372325411,0.3351744273685568,0.009861620538010762,0.47841465586147947,0.06878566847235822,0.3239090442682538,0.012000244130852461
238,0.3502255722993433,,0.35185100086477583,0.015872123694334873,0.35399365453956266,0.010265918096669087,0.35455686704474587,0.010248429473221559,0.3582981050155351,0.010983923450956359,0.35852077144649946,0.010498453803235431,0.35753235274891054,,0.3526098492507442,0.01458786559356679,0.3601162296359838,0.011800930952647108,0.35964423866694656,0.011775073171686993,0.3632006206482082,0.019796652527793675,0.35907094129006306,0.01925371544359312,0.3397208156524039,,0.35121804249835425,0.014907873840287444,0.3534504364313466,0.010230626142556057,0.35593841758286765,0.010038108107099486,0.34860972031492427,0.010875822686668606,0.3486595153254055,0.010436473842023973
239,0.31617813504645303,,0.30897575776164804,0.013785847475548719,0.31712651285700855,0.012763130890654803,0.31747839683300616,0.012778132777332992,0.3173691134182912,0.012714570025568892,0.31119426417113627,0.01313909229157199,0.3275960514106825,,0.3138132171082491,0.012672900554168818,0.32489893096306816,0.011905295204694515,0.32480502646527093,0.011895840575505991,0.3462267634487299,0.029796014573450578,0.32805028932229635,0.024887208496501244,0.3024889012949684,,0.30973770689453956,0.01437486842433902,0.31077834266475723,0.013289683914699108,0.312548905738384,0.013670667980639336,0.32198733972002835,0.014472993213148906,0.3182059673191213,0.012729720994116614
240,0.33113841812606193,,0.3271689716207205,0.015348780368819608,0.3300680288503372,0.010921381485238855,0.3299473462585826,0.010940859123590316,0.3187336915818893,0.013634719197563,0.3201989294211625,0.012380172047055087,0.33403691043619693,,0.3249950498444863,0.013641323050871304,0.33594396481003946,0.012343405968587795,0.33567329228212395,0.012323796436172516,0.3256568629091787,0.01623876902493623,0.3285427888201636,0.015409493563708854,0.3136847151952493,,0.3316960399066892,0.01599339631454919,0.3305647554322274,0.01300589286806701,0.329802088228855,0.012163488253522403,0.33031575044691514,0.014315141661041001,0.32418698622584186,0.011187769935300788
241,0.33185106117279256,,0.3053154202978026,0.014349170454557981,0.32757432979519246,0.011423500756626624,0.32456637622655954,0.01123281064537163,0.3114034866099265,0.016969762271926897,0.3131626498992698,0.014654023893643505,0.34031320205683413,,0.3245452786644261,0.017010347631273307,0.3420608876244352,0.01815719002359677,0.34155171413313806,0.018151817833873294,0.25482033748601773,0.04285473462348953,0.33102143608140827,0.0275103548149059,0.3103652035528741,,0.30578435943378207,0.01614796843870747,0.31897163864806954,0.01152547509958603,0.32145171968052433,0.014262205876730641,0.3042230333875861,0.02302847605753233,0.32118559460425566,0.012334863023590955
242,0.32386838946977087,,0.31043217077374846,0.01577797261761934,0.311359127228064,0.01575425875716673,0.31198089171297877,0.014508663645483845,0.3145907714680506,0.017763968969073292,0.3139659231992274,0.013287194499168646,0.3293348839376408,,0.32024559008706377,0.013261847233850108,0.32894953047081577,0.012245998372450858,0.3289887701487186,0.012246176947784602,0.40398051476598934,0.04477052861576444,0.3183480744861796,0.030652709087920157,0.30716326698049917,,0.3157930393665141,0.013963900810072106,0.31937932276267283,0.011050925473302164,0.3214756341453702,0.01068372533027955,0.3282490033558975,0.015459548622280286,0.3099372183728735,0.014443571352653003
243,0.3425796278447354,,0.34831231653099937,0.017530954649204598,0.3455848644754504,0.011366995011193693,0.3454829146662205,0.0112652942032663,0.33871376695803285,0.011724479318675962,0.33460493134077723,0.01182451730997699,0.3528708566145477,,0.3453701538331375,0.01349237959454274,0.35461581493679,0.011172777275922533,0.35456201573731594,0.011165251421633514,0.2981683659561691,0.0412735086845019,0.35241890396250364,0.030639571942744904,0.3306652598806602,,0.34921677905737597,0.017534939958682813,0.34707693352036034,0.011883568924715579,0.34854660189523573,0.010765542594866584,0.3454042223229782,0.011496183888878943,0.34588684108065315,0.010891268184596075
244,0.3550396834124437,,0.34070360871427113,0.014483797120105005,0.35578149091252637,0.010181104758495098,0.3559459030547044,0.010180641030576948,0.35393238762738416,0.010844608013907766,0.348027180020273,0.010801235430106493,0.3596970851030266,,0.3511647148582962,0.015715878409736605,0.35948063595633173,0.013635893567076432,0.35954293281426986,0.013634269951322255,0.3407091445234103,0.01985906617990991,0.3548803254762953,0.01397605072338267,0.33543206611140636,,0.3423909386101272,0.015597016676868693,0.35103192788626014,0.010780457089189318,0.3556261174450109,0.010250597422742957,0.3492771629954663,0.011354654740494538,0.34951509283145243,0.010668390321549415
245,0.3452218536574547,,0.32572189151114705,0.016102758873303098,0.34108402544223626,0.011763171011242798,0.3413644355267277,0.011271709313764961,0.370750379795896,0.036559512941031734,0.3251824323548165,0.012949951801588496,0.351593128813738,,0.33444831024716387,0.01309242634822543,0.3518830391328543,0.011343531787325467,0.35185766063073437,0.01134241845072589,0.37206253340161083,0.02603509000953997,0.34036715564814285,0.016850697778695446,0.32497565216581487,,0.3255970922382027,0.01611070100308876,0.33472922040996983,0.011284268540579956,0.33897742040746426,0.011760840561293565,0.35533063014476496,0.021512237014242524,0.3434748631384308,0.014750330358271276
246,0.33151262585992736,,0.3292455057145723,0.014956509479634856,0.32975110051210976,0.011422214797007741,0.32973060206538646,0.011446789566645908,0.357469909071848,0.026493099937461764,0.3305762541243556,0.011736719176482766,0.34324116289830714,,0.3361633448594578,0.013180464967502735,0.34385587512078764,0.011434654730554963,0.3438171651710728,0.011431066322585535,0.3462958120910409,0.013214972995715184,0.341754284268117,0.012358944556972278,0.3187317457586949,,0.32679084777698775,0.013646724893376086,0.3282175109717579,0.010892080641306574,0.3298405976058341,0.010758340058400052,0.37959958164367014,0.03090825804769552,0.3336297844149421,0.010960200014412114
247,0.32593388970439724,,0.3341383671944229,0.0226677858303886,0.31924039246287583,0.012929268972138074,0.32185097255130496,0.013967767616589825,0.32258583515286415,0.013278439213835399,0.3110476080626378,0.011088622941050822,0.3357877796648651,,0.3315437776407997,0.013654911889796494,0.3371053767916413,0.011475379122191473,0.33696621630911755,0.011465315922373914,0.34646989037586423,0.013627742628556143,0.3309068212836464,0.012930723216066201,0.30993153534501466,,0.31883568032075454,0.01387648447290941,0.3199832812065693,0.010643141325615424,0.32166085377043235,0.010529467507084255,0.33591723140854934,0.016202929876629513,0.3189099342751625,0.010417082939563393
248,0.3402345322399614,,0.35292387938908265,0.02270233890464541,0.3441150308207455,0.011960077951495191,0.34294565017699546,0.01159210466864814,0.33490161330198587,0.01524232045482724,0.33425397964895814,0.013622772560797743,0.3510205371918852,,0.3515240213204921,0.014995190977320211,0.35632544880345784,0.011947574471309992,0.35524285270023886,0.0118194075947507,0.3570127126455955,0.013475420342909944,0.35184463958114526,0.012034310076380101,0.3297197793732757,,0.33831754787497714,0.013617533732676898,0.34191677080765953,0.010746777241867532,0.34558537768946207,0.010555668682076589,0.3354649967284924,0.013256406494533359,0.33686844398007043,0.012782955157743544
249,0.33289998941402027,,0.32096632261910996,0.014435129520385883,0.33245960557433735,0.011092445270394637,0.33249812242816357,0.011051116982256106,0.31228241424575054,0.026097197811875323,0.32383021396319245,0.013422453432340048,0.336139765340439,,0.32643489179832025,0.01438416026964111,0.3370683828829462,0.011351126261376628,0.33690487077304676,0.011346701054183223,0.29652185377555046,0.031062162012278415,0.33192614852046187,0.023381523948325284,0.3176438753336627,,0.3298695921477664,0.016206426959589494,0.3339131925353558,0.011015406490177102,0.33417829422950246,0.010360594722332564,0.3318506286924488,0.018121140105699332,0.3243066530017891,0.012387061332227707
250,0.3381407824295766,,0.3361261422854704,0.015134269761584433,0.3384803081587958,0.012208335598915246,0.3385323225047351,0.012204339893090485,0.3332130585829187,0.012248379192543636,0.3335463146062181,0.013204216591104616,0.3499223462279075,,0.352704359778037,0.01578622705221321,0.3527822476469347,0.011853618576439096,0.3520622139510042,0.011809310763269265,0.4192795154253304,0.04004257773637651,0.3531940999618076,0.020743116569528115,0.3265870508255051,,0.33121153331264463,0.014675072841417133,0.34192553328039677,0.013571798530405731,0.3444433296649481,0.011972112465048817,0.334900832884789,0.011967748398100138,0.3378230098887021,0.011882073973972508
251,0.3452413816856071,,0.3459924708472621,0.0164916210484071,0.34649704650851987,0.011071322508518484,0.3466200791954819,0.01103014167849568,0.3565790032979791,0.014613089704399139,0.35048411158878773,0.013720275465151557,0.35289912187409794,,0.3447633794067888,0.0137997285661053,0.35702287672882527,0.011455924004002596,0.3565284789540883,0.011379418867213685,0.3621728923868847,0.018272147302129643,0.35365777250727193,0.013473008103955693,0.3298446376877851,,0.3405461811112711,0.014049017066921743,0.34509505492008474,0.01074426664591428,0.3498825299858519,0.010223486906692489,0.34372294614475746,0.012088015455739554,0.3486035378598992,0.011819310374445493
252,0.3405266965359251,,0.33451530320339434,0.012548004042469047,0.3407108424286893,0.010084157805461687,0.3408377289046239,0.010084254231528174,0.33312475511770384,0.011062266850762949,0.3302167299574757,0.01135669884111109,0.3594006600936195,,0.34951158458234854,0.013762795690721285,0.3602455407537593,0.011442564820888767,0.36014478941585915,0.011435906399710958,0.3475621493904312,0.012223347305464118,0.3487802292295143,0.012862670250471652,0.32919922697236703,,0.3429732564692179,0.01702523970610387,0.3425932830363554,0.01138760922143473,0.3504357109845647,0.01044639874764585,0.3490934641836131,0.012875751730735605,0.3396004658747691,0.010825605497476949
253,0.34945395275493896,,0.33975804908356877,0.015486204530180906,0.34724903081316805,0.011114339702404729,0.3467079160097452,0.01107467828124982,0.38112551920129456,0.026749372596408173,0.3505328871068504,0.014238512355973726,0.35799454978948125,,0.37934509881482814,0.026307051042833127,0.38266893708569005,0.026486181593335812,0.3654090005900686,0.02261226160123079,0.48433236105030103,0.0677644196853322,0.3574948575388954,0.044416447623772705,0.3201317950605961,,0.3416607891838539,0.015754343344844133,0.343657899124454,0.011357523684362438,0.3523286400739378,0.010839576367244962,0.38256148048389543,0.028127300997684443,0.35296211500850155,0.0177720807741542
254,0.34478103995279286,,0.3368209048107506,0.01401475668078901,0.3458881505508093,0.010095635308317273,0.3460893208112381,0.010101551200555527,0.37671994690715044,0.02620220128450063,0.35072706977693346,0.014803621717304805,0.35431906968822313,,0.34652595881771003,0.014154940565781983,0.35655882639882824,0.011614318880641171,0.35617146114782666,0.011595819920858496,0.4259952043874141,0.04807321976163691,0.3418455658563356,0.031185079904299584,0.3188383989531437,,0.33887739555239826,0.013724980365340514,0.34255245224198827,0.010581395535921023,0.34776994192332084,0.01009013887127029,0.36796222267218137,0.02550845534228191,0.3349351628506963,0.010574435597065876
255,0.34265078050749487,,0.33789206736670074,0.015530248581686721,0.3396525315196923,0.012756184807909464,0.339915232960086,0.012555635255963411,0.34657933704886074,0.02257588718826155,0.34237048659373825,0.014708000851361406,0.34981152174863306,,0.3449121522353774,0.013466691240478097,0.35038636390114075,0.010786431225690995,0.3503440591046499,0.010784680942500744,0.34835394292974964,0.01221282457072141,0.3483487541701995,0.012192506257716965,0.3259676758869381,,0.3269273777926225,0.012545307144948331,0.3366176188219867,0.0103519538228072,0.33968383953417014,0.010450902635323493,0.3496471724745162,0.015362861724799665,0.3464920105967173,0.011459291913410921
256,0.35942256508579895,,0.35397953570370905,0.0232953175969854,0.36029749646066966,0.01025060595342813,0.3604775338493476,0.010258162030307714,0.36037460346201633,0.012489219473807076,0.35855009561183326,0.01172000675224264,0.3637322286524095,,0.350227435618514,0.014544790507844626,0.3654098235102442,0.011775858572492299,0.3650655229559483,0.01174114368270604,0.4077557823776622,0.04067974141900129,0.36720701175551873,0.03714647276383167,0.33394812707612387,,0.3548936136837607,0.021257584078585183,0.3517778109215424,0.010926852515660296,0.3597207806001311,0.009925795361517933,0.34951560889175926,0.011897878586835997,0.35400235188041695,0.01092439991938128
257,0.3244182105444583,,0.3182994336367162,0.01311357588420869,0.32468815455276245,0.010691241585518962,0.3249399457166795,0.010684623092893662,0.3117631966979473,0.01465405314424226,0.3175815424619571,0.012716893270514902,0.33723734346594747,,0.35072203661933155,0.017327780017070655,0.34454759306227484,0.012897393141179516,0.34233327717706613,0.012608418196805152,0.3362113059646902,0.025679896857895138,0.349354607282023,0.028100891662579473,0.31280730557849706,,0.3200071143748171,0.012805553347530358,0.32310481015966247,0.010903691616743188,0.334777803231329,0.010466363588965723,0.33161194208088923,0.013406154392405523,0.335591616719319,0.0120867142108788
258,0.34584212023057465,,0.35139499257549645,0.016820005926234935,0.3525796848638305,0.01025182397056126,0.3543486683058032,0.010033151794885165,0.3536495973927386,0.011291517919654805,0.351405559582079,0.011028528693780305,0.3606806495224474,,0.3467205497470229,0.013887890044121437,0.3619640601525469,0.01083150052035752,0.3619666174298676,0.010829162304065764,0.29427517529779973,0.04560502879610927,0.3541191833773935,0.04068718898758801,0.3377555487363049,,0.344695613402312,0.016196316328267926,0.3510723145929829,0.010425129745049517,0.3592678586795402,0.00991061547930729,0.3476167396056574,0.011439970267128433,0.35468368031106623,0.010620892990286844
259,0.3360439722540436,,0.32161647024137296,0.012477443854851031,0.3406964213790058,0.009837806880549872,0.34201804319465007,0.009857079854182771,0.3433708966375187,0.010339760178760137,0.34386866866546173,0.010234926584737033,0.34124771320361963,,0.3336922541646413,0.013743550884048623,0.3431970938506427,0.010494727353236151,0.34312771909177564,0.01048873665765925,0.3548723420292141,0.016165397170193396,0.3405588237688519,0.015217218154915776,0.32360525234801496,,0.33982493440322714,0.02157923087882577,0.33801625386027545,0.010570481295075105,0.34320711627687933,0.009781737557692146,0.35369693673902763,0.016501547265563778,0.34238263239101757,0.010564609618195733
260,0.33958562457243235,,0.3481815163761426,0.019134298013611693,0.3405109973411059,0.010019370259910792,0.3406780177962108,0.010017321683042629,0.30401209989672523,0.026898097615582362,0.31949007149878655,0.017483625121013587,0.34700274509292345,,0.3377664931093786,0.0164081701680091,0.35083155611031597,0.013524093986073567,0.34969286716650877,0.013444609671592262,0.2660698668621635,0.06084891101939275,0.3335031332411957,0.03837037722348569,0.3202439170614961,,0.32880167983304426,0.014187394624246522,0.33550482065029213,0.010111088777227568,0.34191844956349343,0.009848008100817365,0.3112450641608548,0.027880793840665094,0.32804027166783406,0.013663847658308673
261,0.32843004935194947,,0.31446124861540264,0.012595689846031061,0.32550744576300067,0.010766176040242317,0.3252311071437119,0.010667362184236506,0.32693990829695524,0.010872274756876748,0.32830628532948214,0.010597728042823133,0.3351279080322092,,0.33001581739378416,0.015083838499303528,0.3380787279780299,0.013658417038297104,0.3369564522027662,0.013640741911218056,0.3874006367168249,0.03852644425662268,0.33645260465981114,0.024081755909178354,0.31243908394120556,,0.31364487131989904,0.012342502017592807,0.32235487630956405,0.01020150402032641,0.3256511290097031,0.01020492250164797,0.32377521976630436,0.011183216566518833,0.32540175951292183,0.010841572863323294
262,0.3408010757915643,,0.34818797177652144,0.02399793033922854,0.3416273544597421,0.011034672512486856,0.3415122867906066,0.011043216446559881,0.33364836155943484,0.015373779488260282,0.33440448049160043,0.017109744233451813,0.3504991099393037,,0.3318631216184999,0.014167097259750409,0.35120635107756926,0.01256479180673389,0.3510761740450681,0.012565793500470495,0.4049239288579567,0.04364427252694537,0.3583056939990167,0.039380636824031756,0.3316141257748204,,0.3405870541526218,0.018011307533670032,0.34237607961815275,0.010495327084491494,0.34466845773849114,0.010383089438482476,0.3453905637123318,0.015098388431067124,0.3414499615053471,0.01852334714671097
263,0.3374385243696916,,0.3360657638311325,0.016664387525094693,0.339266682295824,0.010203284963660337,0.3396224880620968,0.010133152014373993,0.4108021491771376,0.05297982016424748,0.320327902717065,0.015550315067512826,0.34768491826143605,,0.3346024943129203,0.020989962199595542,0.34825241604014884,0.016326343848612097,0.34792835464480704,0.016293911564343188,0.4005846214783666,0.05269665656477361,0.3299513931396008,0.03475029700552207,0.32165676291647344,,0.33774581975509593,0.017076728029499905,0.33868149716750506,0.011211799957633217,0.3462567514802906,0.009961037636510552,0.3400071686571741,0.017970707075228545,0.3318315484602615,0.011849753465303274
264,0.3551159290059771,,0.357837088037105,0.017919475702687343,0.35861187593461835,0.010513660224709606,0.3584899794398769,0.010602758925746386,0.3544187298233356,0.012137914350897209,0.3560485693612007,0.011989615107141733,0.35762814444150764,,0.35330941584622916,0.01447105696270356,0.3609212551782007,0.010742986190720793,0.360705749161654,0.010714172392583182,0.37443353881836666,0.021435912574665216,0.3662638203692789,0.020127381643113996,0.3279117854680715,,0.3522852889856612,0.015163584480292784,0.3549950577584055,0.010813994229526926,0.35821735950384176,0.010177725002546344,0.357452763537429,0.013571431636760176,0.35556797580268845,0.010946574279150422
265,0.3565451215422833,,0.3596976430057044,0.020554033482364065,0.36024897635549097,0.011747132672467821,0.35991586607133036,0.011552233349086723,0.365728336531998,0.01486929561026391,0.3700047356195793,0.01502625815950982,0.36102556189974583,,0.35069855462809113,0.013635729442779822,0.3616537707480636,0.011744861109155083,0.3616295992957811,0.01174282393444611,0.3964076239712978,0.025210797489503934,0.36992214203145074,0.020134994850084232,0.3376809974517402,,0.35221034109365545,0.01626935373857172,0.35644651583450626,0.012794617877847348,0.3591074909251089,0.01141779856795318,0.3718416100789566,0.024077224008918867,0.3579376035404813,0.012877591327232438
266,0.3443920388147336,,0.34454373440457503,0.01596926255402057,0.3427941269508331,0.011531215397907017,0.3427735179446531,0.011580821036527,0.3420027660717249,0.012748763396797137,0.33604667763868906,0.01259087512514325,0.3521683861946238,,0.3564184182971023,0.01733685217055277,0.3497699272191341,0.016415128639803843,0.35078616181823585,0.016453072951419668,0.32835313245713604,0.027336106596291848,0.39447788830513625,0.02772763344017887,0.3303501303751987,,0.34306958300173845,0.015608192707419423,0.34528020741823034,0.011318528073857137,0.34546364725466894,0.010564467364013971,0.3465002465943353,0.011751529624243704,0.34328903328273863,0.01122630944124746
267,0.3541265611964883,,0.3644683184875902,0.015102405128889333,0.35550247969414445,0.012653332802886694,0.3555494485372568,0.012658740530231184,0.34265160753177776,0.01541808909511662,0.3445931671842823,0.015125198570615495,0.3628322748320716,,0.35932540877763125,0.014498568107964821,0.36527206756742203,0.012342546780970465,0.36478467964659156,0.012308825623071078,0.34977681677764927,0.018750858065801713,0.36229251590750655,0.018878935748068353,0.3427721288511331,,0.3541013615590283,0.01320258979065375,0.35761569454276226,0.01053901409331992,0.36077379050790753,0.010430666651058948,0.3508997285616983,0.011892749395750272,0.3537101792886993,0.01181946316499592
268,0.34518281755705493,,0.34124041371245484,0.015767613621636586,0.34721344289960293,0.01153678410755713,0.3469718128301421,0.011499253784333596,0.34793592259954254,0.014795906283677659,0.34670063044654287,0.013581550221914158,0.34736286371720343,,0.3452950762436558,0.015553334261427429,0.3503352940795125,0.012937816905377231,0.3495027729614221,0.012858122271014374,0.35154058249054243,0.01445195504056037,0.34299945260436665,0.017712177088500935,0.32631064376175317,,0.3449210139107251,0.016258052216976324,0.34404474029158655,0.011059479603894142,0.34422676142191266,0.01070392940394563,0.34037210523334627,0.011529331647438537,0.3393477178076354,0.012151465235500659
269,0.3334574016658625,,0.3331369288537494,0.01484362835332587,0.33923651518061476,0.01067960447886886,0.3390000016225401,0.010580478562080824,0.3475072405498304,0.013165356215632444,0.3449220343701867,0.01259810112054596,0.34036312800256413,,0.34055943371503755,0.016842470572209157,0.34828033694540317,0.013952432676695348,0.34490888030957134,0.013488749879049647,0.39113588568478325,0.03496465978276797,0.34241282226755776,0.02837412984650903,0.3195782364098438,,0.324915324567294,0.01317957418604127,0.33446906962854994,0.010329965252942724,0.3364210894576277,0.01013914631811116,0.34446861803090495,0.013874425332889077,0.3341252049568436,0.01150902010289279
270,0.34078193902797227,,0.3368720079264608,0.016829738219786387,0.34650837424563025,0.010008829254073889,0.3474827280318887,0.00993388673155558,0.43228153648458584,0.05854371677054044,0.360886920990523,0.01345076907766834,0.34900513065799244,,0.33909146064524215,0.016232128376728192,0.3515936709688158,0.01325553719031516,0.35075605980648306,0.013205082985274983,0.3845765476771294,0.030289468724303593,0.3553589175625969,0.023748745834600755,0.3342810069510628,,0.33565702877326314,0.015205275288501472,0.3456975578911033,0.010026003293866607,0.3494650142042932,0.00984075602733116,0.35818221534064454,0.02366026154621934,0.34537081966787675,0.012056349375417727
271,0.35071114825834004,,0.3386263382554797,0.016790463285336975,0.35162870080134156,0.010860443572919931,0.35169830250773204,0.010854515465211724,0.3616424657271378,0.017410356223088407,0.36161622457431486,0.014431684591755235,0.3592325591206601,,0.3423012466909209,0.012739561555380533,0.35738674043052104,0.01115630389982933,0.3573804164667951,0.011152961547478076,0.38415881006760727,0.027887164473366585,0.3645909113010011,0.02570284828349852,0.3353072439251783,,0.34214976684672355,0.01564519661977908,0.34657940345030297,0.011026359293931054,0.349708336842876,0.010913358213492349,0.3644851553325211,0.013899541094728846,0.3580749846096857,0.011141640763306204
272,0.34263486250300895,,0.34294952261938383,0.016986927639371017,0.34693396799462284,0.012230099387626545,0.3465939438608425,0.011788020870982309,0.35331583792846066,0.016986716593966503,0.3396065308210484,0.01440014668979716,0.34966050894274653,,0.33565150640076763,0.013870159031995514,0.3506045076051193,0.012249083476057935,0.35042978275247433,0.012238561104194188,0.3649191488236047,0.042649798621291646,0.34355059344768973,0.03355728101045108,0.3267408920877404,,0.3269162804493757,0.012742948517088624,0.33811277174439497,0.010403058825876174,0.3427181122110369,0.010166576271216803,0.33987180109647164,0.012844175337750436,0.3378408341760698,0.011949441955921335
273,0.3177704678890768,,0.2937982223025518,0.01322746639883537,0.30716048772494775,0.013003550439894096,0.30211343603663016,0.012141940577678074,0.2622442598807784,0.0360350914865745,0.29966216201090273,0.023022103082952036,0.3252787289803763,,0.34252386942911645,0.02862731256149632,0.34534501070617807,0.022183199404858665,0.3311163871840755,0.022260000174104132,0.344998555343142,0.03079686544965297,0.3248856527528585,0.017947887850061402,0.30221318653503604,,0.3011971058801435,0.012234607668935145,0.30800387477523933,0.010878487460157472,0.3136339891185934,0.011058865096240128,0.30949724082565644,0.012781645232148413,0.306735470758689,0.012052478260894915
274,0.3387685295128693,,0.3342944213038988,0.013362866308921749,0.3446485497504257,0.010390656649168465,0.34502825010901034,0.010603499888162423,0.3485172253820967,0.011515898654546547,0.3467123663308402,0.011588389760239952,0.34636163716924095,,0.34404009122060225,0.014101772340554191,0.3484788152480486,0.011357851607837456,0.34811348577672274,0.011343405328319619,0.36580434548677454,0.03002950953545523,0.34878981075866783,0.030758606009942534,0.3117748380333809,,0.3275763899015197,0.012605726717034738,0.3354274247349985,0.010394303813429576,0.34569355120517087,0.011592142514480213,0.34640599885342727,0.012795511213997997,0.3412869077351661,0.013005060258987405
275,0.32949916333986384,,0.31164019497330686,0.012564147196208235,0.32668888354606,0.012516561992978004,0.32633409780542105,0.012430210229911635,0.31886602294462396,0.014385918851759818,0.3199616515652163,0.013873260253161143,0.33557638757696834,,0.3335408745055156,0.01485410620746393,0.3380147884334287,0.013044751998718825,0.3373530558827865,0.012996839471862046,0.349750990113677,0.03319661886318132,0.34521714757452915,0.03243879876758443,0.3133177256176007,,0.31420940672949427,0.012345580744771607,0.3201111629784853,0.011538882686959136,0.3224068920189115,0.011756978863630621,0.32806519804925627,0.016991719527836055,0.32996049064698235,0.015351020496649954
276,0.3511564938785511,,0.34765782328198397,0.016257440898134957,0.35398684008174547,0.010139259511375386,0.3540803852147723,0.010110222887991962,0.3526286061592284,0.010844398595740995,0.3508837006429412,0.011017957029463014,0.35522334558089447,,0.35675575456047304,0.014299579713812701,0.3574760686562962,0.010897996376139071,0.35744520929798074,0.01088447708722269,0.3697129075613845,0.015463891092976759,0.3536200503407577,0.0120559633614662,0.3314858074186701,,0.3525413273435735,0.017565023047209388,0.35129782056851294,0.0117512254633479,0.3554052172757922,0.01020998298457127,0.3459108247505374,0.011527358616998603,0.34736628017066845,0.011014569475800273
277,0.3634975947493995,,0.3532701852250102,0.017131512151053702,0.3579652638111952,0.011356902557452147,0.35872017255847116,0.011351938107953482,0.3205520747655348,0.03558088382962641,0.34790824451703034,0.011533430170254181,0.3683378472027239,,0.3760480558867095,0.0185645189798372,0.3728275322120412,0.012805649047791762,0.3709679294049915,0.012588392060780069,0.314925802417263,0.037331239509860274,0.3930968447846889,0.03371571411634718,0.3388370287219827,,0.35384907515493247,0.016368376682733953,0.357328667687696,0.01076648294458039,0.3594784010879781,0.010320510632514364,0.3864307989923241,0.02828010734941239,0.3601630123270317,0.023487227871195806
278,0.3238413107721533,,0.332038333619347,0.020482134411355504,0.327959628470529,0.010823232437532361,0.32744404313812525,0.010601931710515378,0.29372902258018896,0.028467641989227938,0.323041569773277,0.023364658632580332,0.33085741018400144,,0.3519029930929633,0.0373760031197617,0.3715055001906725,0.04275770802712171,0.3373759654478426,0.03551060059766132,0.27245543199674693,0.08328135644978846,0.3254197886729101,0.042616229902336294,0.30417857389750186,,0.31987145050767035,0.015013682954775393,0.32052942687784847,0.011240856129344461,0.3253195556989449,0.01064760359289785,0.2819695528258894,0.03925211782995742,0.31734059891868266,0.03216374411664019
279,0.3590560134568141,,0.3618744043811273,0.017766563219836027,0.36553470937042093,0.01030732249897614,0.3662311203338406,0.010236256347095579,0.3671281781623482,0.012433805553506871,0.36117850354930475,0.012008564397455089,0.3663648216589724,,0.3590629958236762,0.015514643032198983,0.36876214655971973,0.011742948289257935,0.36817617009511755,0.011697227013633881,0.3964681419768476,0.02472491024183675,0.3584975792848932,0.014396180387965316,0.3461676317329717,,0.3614287600709658,0.01634108761631779,0.36436467707229614,0.010560819953957626,0.3676845885170539,0.01014443659124178,0.35948833192850527,0.01178034272742306,0.3596562153218544,0.01093325371698686
280,0.3266246966695436,,0.32384414000672845,0.020605302682425993,0.32146936510669266,0.015852935919988455,0.32248325826326457,0.016202445295299676,0.300923843054057,0.030411592465126962,0.3237095801085575,0.013056032976973244,0.33787637748949184,,0.3256815677114102,0.015276857054799867,0.3382475480603806,0.014581757389031022,0.3381627840644428,0.014575691069431334,0.2679203506856808,0.08241747501339568,0.3251855164100215,0.0360395509313543,0.30617457751377347,,0.325785317331785,0.02033864033466965,0.3230726755338006,0.014905960577135708,0.32328781875966,0.012507992458893093,0.3040123807057608,0.020077369144586358,0.31904117035506857,0.012362274422522947
281,0.34787113867505065,,0.34712638878183416,0.017314208415736394,0.35176975694997153,0.010027750019257533,0.35187356103700557,0.009985915088589863,0.35346885095003777,0.010918168810186295,0.3531681345483521,0.011393051121032118,0.3515433361082746,,0.3357533063467233,0.01263400143300952,0.3532958315801672,0.010836818726268134,0.35325074101501,0.010827537073727992,0.3870087528950209,0.02766819923546628,0.3612776204574247,0.014675814071274516,0.33214475842806035,,0.34542313837239386,0.015020822965659833,0.34789420414313615,0.010538044433917917,0.35080578324847933,0.010057319839268115,0.3495006464424405,0.011860897227943416,0.3511333945076665,0.011772496947747414
282,0.34458274583319415,,0.3386313122113379,0.013075989876118663,0.35143890584934967,0.010795578744675783,0.35182162741842277,0.01079846896478289,0.3480081215893113,0.018321321956234825,0.34666121867288074,0.015151276820216993,0.3507693524782466,,0.3412467189626461,0.012736267070279892,0.3529342837478666,0.010915888694082644,0.352825039954261,0.010907207337865833,0.3513524842244257,0.01569796421588474,0.34369164190675383,0.014381876063172145,0.33394330632184716,,0.3353131808893553,0.012902989199788011,0.34590581503695267,0.010279752218430159,0.35085039669524987,0.010184616543623085,0.3565683632903356,0.013846666441960854,0.35068287457959196,0.010961784543014748
283,0.3415915518800864,,0.33502157900121154,0.01626191724651018,0.33574093673149036,0.015264518692436398,0.3367837373634524,0.015227382562376983,0.32999486330675815,0.016133401576476563,0.32998270174962835,0.013864317368288413,0.3471580478144693,,0.3339099141693258,0.014823373774826381,0.3473621004407312,0.013889682846171028,0.3472979174423891,0.013890367535430194,0.37487707958359284,0.03924253814837149,0.3395808213993038,0.035187188397834065,0.32148888335150694,,0.32758895859532305,0.013902987259262131,0.3355363261813243,0.011918989359757591,0.3377211561065599,0.011631198385859014,0.3412718423677265,0.013399147100201887,0.34118504634349933,0.011862651398955175
284,0.33541086605529624,,0.34260360202801415,0.01943201040529956,0.3329204484749538,0.01074411331424657,0.33327491290500005,0.010805324984019045,0.3359277308062993,0.017831693819076358,0.3475552335792087,0.025337263390939842,0.34192014636264473,,0.3787347790230661,0.03302246155076229,0.3554251514721703,0.02475808915226256,0.3448115103193273,0.023022277855498628,0.37201489435026064,0.05130093790924956,0.3540717492842212,0.042554092671003914,0.3136988216405417,,0.33129226316616966,0.01519502323790795,0.3318999577648677,0.011415739206592043,0.33366917947268915,0.010415410319530898,0.34650202530567137,0.022570250373020125,0.3317935995896618,0.018362836940708435
285,0.3216645625230638,,0.3162158312167768,0.014455607158506125,0.3205060177000011,0.011190093928265487,0.32044356896234055,0.011191218937845564,0.32896853025478845,0.013884707174379231,0.32523807370939284,0.013326994120440298,0.33501562013958014,,0.32511701497291134,0.012915039506995307,0.3384377916283788,0.011107112356842207,0.3381762935910134,0.011054387592215414,0.3437586080913366,0.01431557086313723,0.33793110520678293,0.012312069238174406,0.3105634286741807,,0.31738383438009515,0.013649011063192345,0.32391135946179567,0.011100925148881526,0.3261194303104301,0.01048237696446244,0.3593493722184506,0.03335970475689348,0.31917821470003527,0.025440282241361994
286,0.34567562322951184,,0.34906678909315364,0.014604425583900741,0.3481364492914157,0.010808793867198931,0.3480217337567296,0.010781942565714828,0.3465369189688363,0.012065758590136469,0.3463017642183695,0.011375171340220184,0.3506963290023264,,0.3487763651104336,0.014144284311508276,0.35340674454613796,0.011431287153685537,0.3529192553199482,0.0113931098441258,0.3485578513167079,0.01379849507022993,0.3491291993017814,0.014363960351069766,0.33262612359869265,,0.34259423196810407,0.013173614145159412,0.34609616949223193,0.010717465384896666,0.34763139348543964,0.010586556075341596,0.3494201384522662,0.01353544125077926,0.3473361849008032,0.012880983784337602
287,0.3517114707906259,,0.337284022788728,0.012889893864030477,0.3532196320648759,0.010320262306211202,0.35389838683929,0.010370694901216474,0.3467309443092886,0.010721715438084322,0.3434150141709042,0.010869655231734608,0.35808249179041607,,0.3454465067842379,0.013550978904411015,0.3588531999268071,0.011050409162537033,0.3588169815536932,0.01104977455079137,0.3529593685679673,0.013862291373164238,0.35269725947503205,0.012455605239789929,0.33669317909236246,,0.3413677920427648,0.014421498076867635,0.34816426259911226,0.010729267720615438,0.3521559284484718,0.01163200282058235,0.34872709909800126,0.011637824847729452,0.3574668690885316,0.010846058209554432
288,0.3438652000039021,,0.35577059974348635,0.020022324188621758,0.34846524621552,0.01029976978659394,0.34857686807614396,0.010222651731878975,0.3496610916104389,0.013531980361724092,0.29438093496708634,0.03851684284971212,0.3485017400482648,,0.33317004271776685,0.012823519825925342,0.35003280151855976,0.01050255150574153,0.35004009005890824,0.010497755879874834,0.3557951142245064,0.03307124947788542,0.3436290004147251,0.03289210080822636,0.32835708073211434,,0.3433134724185229,0.01587619700128858,0.3448277405284545,0.010599934380798837,0.3471410321884703,0.009995299018044714,0.3490830434742551,0.013560042753809969,0.33302009722819614,0.010616823440591555
289,0.33616988969266526,,0.33217203318588523,0.016935313237833607,0.33930031843833874,0.009994474807639658,0.33996496995399317,0.009952199943783602,0.32219135256145054,0.01739488349320733,0.3289971263739658,0.01942461694477416,0.3459413750664437,,0.3351478884536768,0.014197458179977487,0.34752957745881236,0.010810466083982208,0.34750744746552664,0.010801734440420346,0.21476820883717274,0.06133703504539317,0.32279120178975773,0.036376964281421995,0.31533703292988124,,0.3412675739533895,0.01852031671772504,0.3386814684881747,0.011817723634421528,0.3440695225863671,0.010053198114604447,0.32032429986802,0.01768850122985995,0.32462145543629073,0.01293587424192277
290,0.33194204116085096,,0.31124376256393194,0.01389242837442078,0.3225365349110632,0.015323348786379237,0.31859186853395444,0.014442499677054292,0.3076907284530951,0.01674236737251963,0.31295237648746804,0.012345693344734121,0.33926288767850954,,0.3274227767222796,0.016452336573811142,0.34397676036974584,0.0144579013458018,0.34221366292941163,0.014187294196160091,0.3300152305035195,0.022326118817346325,0.3268727112273116,0.014197870824014684,0.30600617983713013,,0.30954697838103445,0.014833951730816163,0.31066246977302964,0.017671140017125286,0.3117884335642051,0.019210523413137632,0.30240746567428295,0.020176100781353887,0.325685977820198,0.010973497412478892
291,0.3239489562019623,,0.30982719672626785,0.012609946152168115,0.32351867441002513,0.010677672193558013,0.3232500758481097,0.010674491311372693,0.32527454591073374,0.014905452298558578,0.31917699266345545,0.012571607405693262,0.33494620737954783,,0.3230800604952365,0.014929495873367052,0.3377674314435428,0.013539189693013667,0.33715660281453486,0.013475480607899241,0.32428963676438444,0.033655622224069245,0.3412400350543912,0.033645805491371875,0.30488400281021394,,0.3076394122343028,0.013207083819244321,0.3113438838025743,0.013144843642189473,0.31665092926784205,0.014190141713187996,0.29982179320443214,0.017945465514244596,0.3171505629033781,0.013806221725321343
292,0.3563736038446736,,0.3489444861997579,0.01589489973642456,0.35493450415724664,0.012401391976161242,0.35477067487541136,0.012428028028913504,0.3598956260087219,0.015533963852704755,0.3528050199577982,0.012936239844059751,0.3637576422971924,,0.367697180667615,0.01638517400830918,0.3651932593862668,0.012004090114930036,0.36479448678015675,0.011965240547164394,0.38847467048938544,0.03409845332513587,0.36089563651236106,0.02191783580831293,0.3442361197755024,,0.3511057362532918,0.016956765929759345,0.35747989172651917,0.010674082984634138,0.3598331537412688,0.01025769377955506,0.3791749273455668,0.02339575494751855,0.3571369403852743,0.011606266851842274
293,0.33848415904497564,,0.32893053033361547,0.014810155709601758,0.3412109044381324,0.010205190699815642,0.34148349199278843,0.010165845871065114,0.3382983131709759,0.010567999497319366,0.3364074597414112,0.010460996775841919,0.34007277274922587,,0.3278194094646484,0.013116305675712595,0.34215748831400755,0.010858177856879975,0.34200403572440213,0.010842277559131981,0.31204482781932474,0.04540082880755797,0.34203068912859197,0.037869710598094714,0.320550753827202,,0.3359705951717981,0.01601035749370099,0.33902085951907324,0.011215977763861705,0.3404032510251126,0.010148349049382943,0.3330589828743321,0.011211990817589204,0.3345782469197185,0.010832642371562368
294,0.3474784297223542,,0.34742913557105354,0.02799708240293612,0.3247886629067254,0.03325083316557382,0.2742256878529867,0.03640285067357548,0.33214087387641567,0.03524238555676141,0.35716222500611655,0.027661057809867714,0.3620372572637888,,0.4147673581031359,0.03892650864482458,0.3749524759174113,0.02847989730468772,0.3643323970794888,0.028450588121026785,0.3619462056575678,0.04476870215071498,0.411821559986635,0.03646124067973914,0.32641857786980816,,0.3367318029044458,0.019759092438708232,0.33176667915747865,0.02110222746331102,0.3321982231973919,0.02220880229809412,0.3718994925996695,0.04189895233870786,0.35381284647722777,0.02249351680628999
295,0.3508814296688271,,0.351456208988524,0.015818417630185867,0.35770922685286755,0.012772136142461492,0.3556289387466647,0.011755373152908713,0.3575236039439978,0.01612774487466508,0.35563193939390925,0.014349567617675201,0.3602335052566176,,0.35462109986235735,0.013900314835575163,0.36160532323059624,0.011580271254505793,0.361354739830833,0.011577149710825137,0.3414196321506755,0.01911587471286846,0.34903240576770045,0.01748498223156362,0.33844300362857704,,0.3380116734282552,0.012624494116910705,0.35069414131253446,0.01024997792065292,0.3543788772931723,0.010145086387288733,0.3705656531675235,0.021671457616836566,0.3568934885058164,0.012376328670528758
296,0.3342855889284203,,0.32800177665526864,0.012337915925397758,0.33665503273793845,0.010227006865574756,0.3377526649901647,0.01022819293135323,0.3378309479691142,0.01086061332000651,0.33971412669790685,0.01074847441131237,0.3449495278815343,,0.3330443560703045,0.012201308603445477,0.34497026161435684,0.010957998630084828,0.3449710864454484,0.010957986783648706,0.34781448170181284,0.013919007128823234,0.3453026629374011,0.012427144064083432,0.3217764268583159,,0.3218724025243565,0.011974945107652204,0.32974907579457835,0.010253054138065296,0.33915465228249414,0.010271719267688637,0.33127368919951206,0.011077638885319844,0.3330772621402255,0.010865313347200522
297,0.3344017094479541,,0.32214814110108886,0.015667787699671545,0.33294028836483675,0.01055558507453956,0.3330583376541778,0.010443285122022148,0.3227705150225782,0.014744717283568645,0.3192913756925859,0.01285169787761565,0.3421636821064099,,0.3270854598384939,0.013033303702256825,0.3434166786525164,0.011141129059728104,0.3433396384586471,0.011138086586645111,0.3377970743467384,0.021824747771727455,0.3365803252222262,0.021593482730831726,0.32077733797482355,,0.32317913139943183,0.014741646223547232,0.3327973134533484,0.010383693195296747,0.33622077380844306,0.010339593504502738,0.3310790789905591,0.011683812644809277,0.3272767386526402,0.011124320186936995
298,0.32671440604422725,,0.31449447186133267,0.015316204405969406,0.3177884122112482,0.015791883982583285,0.3171759429129869,0.014129971691789239,0.2903248676984906,0.03387556816193303,0.30338029813869266,0.018818259899791225,0.33284733609483674,,0.36497868201786304,0.035994591285642114,0.35703169298923226,0.029978777347563164,0.33702789312018894,0.025845253414530426,0.2919998696894776,0.03634505540650857,0.3152929968812265,0.022550648196601828,0.307517665213062,,0.3141815478625779,0.013259231158027528,0.32169703231914026,0.010803111444982133,0.3304057116824514,0.010630240263078787,0.3110877701783296,0.015840921950440803,0.30623737955836605,0.018188468734264645
299,0.3096451707262124,,0.2975512178657643,0.014704316914118502,0.2963557396818965,0.018218867544508074,0.30008131835411384,0.013650116541082061,0.32714500052356144,0.013861601758124583,0.30798936793579984,0.016784572799873228,0.32338833185834387,,0.3218241393457583,0.013470835665641846,0.32352070009268136,0.012104170653208806,0.3235086852590878,0.012103249766150037,0.3611965291717495,0.035949829917793594,0.3312017460983917,0.027463489488320336,0.30650341617687493,,0.3060724989615693,0.012152151444152257,0.30735541368889113,0.012539324206784445,0.3076779458653547,0.01266080113477063,0.33586698715840724,0.019986654032062647,0.3229434159716283,0.01651567932938584
300,0.336434300133782,,0.3148548411774085,0.015250557347314913,0.328137120507486,0.014876425093101768,0.32573240517059887,0.014218947663008954,0.31558209350371097,0.03197562480998174,0.32644496541132617,0.017674401223371605,0.3448419620989665,,0.36417141609966985,0.023614159158465826,0.3610603859241173,0.01619289865257543,0.35142193549964046,0.014536341806194529,0.36270323510627,0.020471680992118584,0.35108161370089996,0.017971042467923175,0.3149037733179941,,0.31595732073643057,0.012281091672410526,0.325195254653813,0.010809800539808699,0.3309343527528018,0.010937661558860452,0.3275870167019881,0.016414287598953088,0.3275396892486892,0.014071157972301658
301,0.3635088951606592,,0.3725326884764544,0.018321087424938168,0.3631624071987001,0.012298467917154917,0.3631256964203005,0.012313376253899064,0.3299267136749716,0.034157669410294675,0.3484128734509402,0.02839184889219268,0.37399776652156824,,0.3787088171730434,0.02488993075003303,0.3799313279716157,0.019867465374726,0.37580963362854525,0.019569606441024782,0.37389466905933727,0.03248903329854299,0.36978600576434323,0.029039104920767132,0.3504348196960965,,0.3629727181386849,0.015598500156585472,0.36279705332664314,0.011053238190821652,0.36561587524792943,0.010821657610736996,0.37676381855342805,0.03164755286783635,0.3561896262705679,0.03143728303241808
302,0.3319073760846827,,0.30817898563075585,0.015082301848083518,0.32886275903018614,0.010316654938025985,0.3287269770469929,0.010100830123675492,0.3320834747309727,0.027738229108180714,0.32102920431533605,0.012752210869895654,0.3364596108728246,,0.3176571644652135,0.017170525477189644,0.3442556864172194,0.015190252608963993,0.34177917763533244,0.014528593185010116,0.3439418533145381,0.04506274399553389,0.3209391150676367,0.016259591377465278,0.3126026224256223,,0.3150069810924878,0.013884707577863217,0.3266829002136357,0.010391075974693062,0.33237220952298596,0.010131201767778398,0.3339516197793837,0.016801625034127608,0.31678952096665225,0.011389746377374124
303,0.3562365199924649,,0.37459055283308074,0.024759069814952635,0.35945770155888945,0.01153036225976656,0.3586769717811629,0.011310115750486275,0.35705438421509234,0.013801509547749637,0.36085123579827594,0.013785327870225851,0.36332396780263526,,0.35516720151433795,0.013455508093320495,0.36399440102335484,0.011509465433893704,0.36394843951657624,0.011508584710637561,0.36430908370933235,0.012254490686611446,0.3642574948303606,0.012104791747467581,0.3454769878913048,,0.34753205038823964,0.013673942806780786,0.3545720994388089,0.01039873310042999,0.3565668318644408,0.010293801234434276,0.3563831517824524,0.012099804366610793,0.35918379835414277,0.01183272337185932
304,0.33589157888963206,,0.32464805674851743,0.015363740789809788,0.3367119367574066,0.010618470665217308,0.3367980202877662,0.010602929192839,0.3340584460246514,0.013626942622483935,0.32775154379615973,0.013988980588663723,0.342047844546866,,0.3408625703204468,0.014877282589374582,0.3447680598407569,0.013182755787692126,0.3442774877872689,0.013152403237044606,0.33194996336884247,0.020006381985521533,0.3429782454463924,0.01638946398461593,0.31594923138260445,,0.329269036460689,0.016465199348564323,0.3338821999098715,0.012824852639686838,0.3356219097291481,0.011094776357620621,0.3278199867975505,0.020299575906971953,0.3187513188781842,0.018903166286105024
305,0.3415464450731112,,0.33454508363012414,0.014587114926362334,0.3453729023486812,0.010600624429525288,0.346403979361785,0.010567706043264699,0.3366651556472292,0.014270133487235272,0.33297525428261987,0.01266617038348518,0.3541469031101525,,0.35802336881778896,0.021311958889438393,0.3619847001786903,0.015604092261430636,0.35816534948546214,0.015166806903333493,0.3896834663704575,0.0353700960486545,0.34914667207453287,0.031074772435747796,0.32732270621333037,,0.330455494891151,0.014057659202168504,0.3362598622163535,0.01286263928382686,0.3411190707107708,0.013423849869990723,0.35706206583668887,0.017152580676907205,0.34130220961159763,0.014716840112574398
306,0.3562378001715295,,0.3510502015751537,0.025336797133883367,0.35626301751537176,0.009968888955371352,0.3562711475139193,0.009968781130023625,0.3429540942700837,0.01382610403630276,0.33434262204055826,0.013768199607320338,0.36253884887125937,,0.34334450971457575,0.014435530418760098,0.36416584933838886,0.010907942259156662,0.3639395696116003,0.010897324156078757,0.32636785332469487,0.025192554547945355,0.3596152071348974,0.03628809309345209,0.33031769246728343,,0.3565318253532534,0.026768059183470604,0.35203958888180736,0.011177369744560437,0.35842679340303496,0.00973804617515379,0.3629151174025481,0.02134094271932186,0.3459139748729786,0.011365128194134155
307,0.3305865957700416,,0.3398299203457086,0.015950684409935023,0.33069663283156114,0.011096462208878995,0.3307018452198783,0.011094335437456773,0.3294928516368653,0.013244260438951069,0.33036351876652803,0.013384084264764734,0.3392206569104904,,0.36162443156156426,0.02216361405891599,0.3444402788427081,0.01294843068471621,0.34190463699863477,0.012603527913146602,0.3167590203900738,0.025470899372237284,0.3383583474159575,0.014633459975079761,0.31632683801915235,,0.33612252880137844,0.014544383722118174,0.332481750559435,0.011457901384159721,0.3327404382667411,0.011216151159991349,0.3303847278660811,0.013580434763836802,0.3338304299161999,0.012272872542000542
