bias,std,lcl,ucl,cover,cld
-0.016100877573817063,0.01955211917661037,-0.1625738311599734,-0.08592952398766074,1,0.07664430717231266
0.015255918744834202,0.019352460498018205,-0.13082570383128148,-0.054964058679050125,1,0.07586164515223134
-0.03167959740200209,0.02020654706978341,-0.17943522965877756,-0.10022556514522661,1,0.07920966451355095
0.0038681035931687896,0.019004189943413487,-0.14153090869592166,-0.06703448411774078,1,0.07449642457818088
0.03398453957650935,0.02117448763996523,-0.1156682561978225,-0.03266426464915881,1,0.0830039915486637
-0.023149748852473714,0.01772872276685881,-0.166048845475517,-0.09655225222943045,1,0.06949659324608654
-0.006293413260247474,0.01880298965901135,-0.15129807299190973,-0.07759035352858523,1,0.0737077194633245
0.055620528818131294,0.024124754560238777,-0.09981479011993671,-0.005245752243800708,0,0.094569037876136
0.011930476105345506,0.020955922754297508,-0.13729393249307761,-0.055146715296231386,1,0.08214721719684623
0.03218713752544988,0.019276535381912912,-0.11374567182309943,-0.03818165312600082,1,0.07556401869709861
-0.009274467301978312,0.021373607282632066,-0.15931753757593717,-0.07553299702801947,1,0.0837845405479177
-0.008488353477017083,0.019388039258818903,-0.15463971042430213,-0.07863859652973204,1,0.0760011138945701
-0.044215613000170115,0.017006844020524887,-0.1856998272803989,-0.11903299871994134,0,0.06666682856045757
0.022293139781202356,0.018714556661433294,-0.1225381912752069,-0.049177129162388394,1,0.07336106211281851
0.022744873240810037,0.01986152812264391,-0.12433452187957203,-0.046477331638807906,1,0.07785719024076412
0.01607111784051926,0.01880290933606446,-0.1289333844581671,-0.0552259798607944,1,0.0737074045973727
0.01725381064444277,0.021418651544876106,-0.1328775463835144,-0.04891643232760007,1,0.08396111405591433
0.0011290596513277157,0.019133941492903293,-0.14452426567476273,-0.06951921502258183,1,0.0750050506521809
0.013925563693761439,0.02063992974695067,-0.13467949861026188,-0.053770974002215255,1,0.08090852460804662
0.0328632033109381,0.019412245888815467,-0.11333559863114022,-0.03723959474698359,1,0.07609600388415663
-0.03161927907808383,0.01927354381719103,-0.17754622495977826,-0.10199393319638941,1,0.07555229176338885
0.003303676005298642,0.020523030765472867,-0.14507226429502817,-0.06462198369437455,1,0.08045028060065362
-0.004150679677543512,0.019538519124370282,-0.15059697716130926,-0.07400598219377777,1,0.0765909949675315
-0.003831185838391704,0.024085607974338986,-0.15918977746809612,-0.0647741942086873,1,0.09441558325940883
-0.0047428595826986,0.022646753759306235,-0.15728129695093881,-0.0685060222144584,1,0.08877527473648042
0.009456276729387578,0.019608063067053462,-0.1371263268820372,-0.06026271965918764,1,0.07686360722284957
0.016047719365272925,0.02212300513141635,-0.13546417069230313,-0.048741990577151034,1,0.08672218011515209
0.06018474430571556,0.02219142878129096,-0.09146125610561473,-0.004470855282954156,0,0.08699040082266057
0.008439167281904442,0.020693501774360794,-0.1402708961958427,-0.05915236924034841,1,0.08111852695549429
0.02830685551263734,0.020104042378372974,-0.1192478675489737,-0.040440021425751635,1,0.07880784612322206
-0.015189215129429917,0.01917523635975035,-0.1609234783945406,-0.08575655186431924,1,0.07516692653022136
-0.021524043554191477,0.017829048153515364,-0.1646197779350816,-0.09472990917330137,1,0.06988986876178022
0.004390520261339112,0.019650173247763462,-0.1422746193042773,-0.0652459401730445,1,0.07702867913123279
-0.005212622940246769,0.01841881574057752,-0.14946430179177872,-0.07726254408871483,1,0.07220175770306389
0.022236242598835915,0.01967188080065696,-0.12447144377045173,-0.04735767103187645,1,0.07711377273857528
-0.015237190148530436,0.01923662302481697,-0.1610917712771717,-0.08568420901988918,1,0.07540756225728251
0.01552835634642219,0.02486047946091322,-0.14134898339696772,-0.04389590391018791,1,0.09745307948677981
0.016003678525164655,0.02437694289912795,-0.13992592955712613,-0.044368313392544566,1,0.09555761616458155
0.01312685402874808,0.022067728071368444,-0.13827669299113407,-0.05177119895136977,1,0.08650549403976429
0.016859614617001417,0.01968755816316671,-0.12987879938280533,-0.05270357138319184,1,0.07717522799961349
-0.0015121766671188086,0.02028899351480535,-0.1494294039561373,-0.06989654937810033,1,0.07953285457803697
0.06231076253344357,0.022527676985001487,-0.08999428435715934,-0.0016857905759535205,0,0.08830849378120581
-0.001336763689213774,0.01763819430098899,-0.14405842451915218,-0.07491670285927536,1,0.06914172165987682
0.013417219016806897,0.018912968195389304,-0.13180299864615613,-0.05766416332023007,1,0.07413883532592606
0.015215554056621311,0.018953564340434034,-0.1300842320506294,-0.05578625983612799,1,0.07429797221450142
0.007836143925612965,0.0200098857465121,-0.13953403213755075,-0.06109528001122332,1,0.07843875212632742
-0.007726943761824992,0.020159360844090157,-0.1553900910162417,-0.07636539650740828,1,0.07902469450883343
-0.008126096890644127,0.019885794500789696,-0.15525305411219192,-0.07730073966909633,1,0.0779523144430956
0.009450262132577644,0.020519974632408067,-0.13891968814694217,-0.05848138758790255,1,0.08043830055903961
0.01933777084069073,0.021419335104233248,-0.13079492596360645,-0.04683113235501211,1,0.08396379360859435
-0.008963401599699716,0.019145976337841236,-0.15464031522186855,-0.07958808797753089,1,0.07505222724433766
-0.005672590191177454,0.019585768549153792,-0.1522114965475189,-0.07543528383483603,1,0.07677621271268287
0.0006501181318185056,0.019540055645712397,-0.1457991909337778,-0.0692021728025852,1,0.0765970181311926
0.0024243793053636276,0.01987570399323562,-0.1446828005213782,-0.06677004086789456,1,0.07791275965348363
0.02669853667895776,0.018990984927302532,-0.11867459377855522,-0.04422993286352928,1,0.07444466091502594
-0.03509900004309703,0.019093977465552574,-0.18067399587558008,-0.10582560421061399,1,0.0748483916649661
-0.010350253556937167,0.017506693323122578,-0.15281417247025741,-0.08418793464361693,1,0.06862623782664048
0.0021751295116716057,0.01998283679902963,-0.1451420306144265,-0.06680931036223033,1,0.07833272025219616
0.0075485029071515886,0.01836131881120848,-0.13659048196281703,-0.0646141122228798,1,0.07197636973993723
0.011044318633017636,0.02144861931240747,-0.139145775219301,-0.05506718751466373,1,0.08407858770463726
-0.013375700791868686,0.018587263773958515,-0.15795753778882737,-0.08509546379491001,1,0.07286207399391736
-0.014060275259371091,0.018054873677093002,-0.15759862766647337,-0.08682352285226881,1,0.07077510481420456
-0.006797112420562176,0.020498926661021523,-0.15512580867616438,-0.07477001616496,1,0.08035579251120438
-0.0007286462534513011,0.018184539558536356,-0.14452114378818257,-0.07323774871872005,1,0.07128339506946252
0.015726089931515697,0.019279987886194533,-0.1302134863254256,-0.054635933811543025,1,0.07557755251388257
0.0019130790110088308,0.01909979020643033,-0.1436733097935946,-0.06880213218438773,1,0.07487117760920688
-0.007790536242158502,0.019878462435319617,-0.15490312261538497,-0.07697954986893206,1,0.07792357274645291
0.018405820079233692,0.019749573629249978,-0.12845414423409626,-0.051035815607436356,1,0.0774183286266599
0.01138956694733588,0.019730331003298872,-0.13543268181912993,-0.058089784286198334,1,0.0773428975329316
0.008911805760703634,0.019822376732064453,-0.1380908526341427,-0.060387135844450046,1,0.07770371678969265
0.009178290512446813,0.020080410060329876,-0.13833011320579974,-0.059614905769306635,1,0.0787152074364931
-0.031489617259958955,0.01887801797726899,-0.17664133249540617,-0.10263950202451175,1,0.07400183047089443
-0.015979577094356115,0.01697022470572385,-0.15739201751757487,-0.09086873667113737,1,0.0665232808464375
0.04058824914578277,0.023223123900871976,-0.11307987369992631,-0.022045228008508166,1,0.09103464569141814
-0.009976034937101794,0.019072258480959406,-0.15550846155978224,-0.08074520831442136,1,0.07476325324536087
-0.01583919035167433,0.01858227224763168,-0.16041124395703243,-0.08756873674631624,1,0.0728425072107162
-0.005321084591725769,0.020784941971237286,-0.15421037085535086,-0.07273339832810069,1,0.08147697252725017
-0.004369376649787038,0.01921533853484351,-0.15018224017808032,-0.07485811312149376,1,0.07532412705658656
-0.004302095017317625,0.018571954125755685,-0.14885392510379877,-0.07605186493083649,1,0.07280206017296229
-0.012057588592583116,0.0191393267349219,-0.15772146899303005,-0.08269530819213619,1,0.07502616080089386
-0.03035793373767169,0.018528744572959235,-0.1748250731006718,-0.10219239437467159,1,0.07263267872600021
-0.013581556388392077,0.02236440126952464,-0.16556658287666037,-0.07789812990012379,1,0.08766845297653658
-0.02500892545597229,0.021369847150928233,-0.17504462587179162,-0.09127482504015297,1,0.08376980083163865
-0.008082380849371323,0.01982259782501317,-0.15508547258639716,-0.07738088911234552,1,0.07770458347405164
-0.003279330011915063,0.01827645703674134,-0.1472519858039281,-0.07560827421990204,1,0.07164371158402605
0.013414004565896379,0.018684839245423863,-0.13135908035513438,-0.058114510513072856,1,0.07324456984206153
0.020441307753833682,0.020765101638945627,-0.12840909145849974,-0.0470098930338329,1,0.08139919842466684
-0.025073954924565642,0.017807649899147786,-0.16812774872689532,-0.09832176112223598,1,0.06980598760465934
0.013951523198020413,0.01962737313513216,-0.13266892814683862,-0.05572962545712056,1,0.07693930268971805
0.021229344741361234,0.018875757337607327,-0.12391793964034914,-0.04992497087692841,1,0.07399296876342074
0.004012455778283977,0.020569481617019117,-0.1444545281910735,-0.06382216025235857,1,0.08063236793871492
0.025099940558922104,0.01960941819265043,-0.12148531909867274,-0.04461639978348306,1,0.07686891931518969
-0.002386913355714282,0.021597884562568483,-0.1528695670983485,-0.06820585961308007,1,0.08466370748526844
-0.0028547230896985853,0.018843676187625766,-0.14793912841744508,-0.0740719177619521,1,0.07386721065549298
-0.017493452230854065,0.021575931569681815,-0.1679330781074304,-0.08335542635427771,1,0.0845776517531527
-0.029643187073082014,0.017467571867765666,-0.17203042793390272,-0.10355754621226132,1,0.0684728817216414
-0.00942652281239234,0.019361581031657332,-0.1555260216344407,-0.07962862399034398,1,0.07589739764409673
-0.06945001415501471,0.01675286990070147,-0.2104364391603896,-0.14476518914963984,0,0.06567125001074975
0.02874471659358241,0.01928848665527208,-0.11721151725075088,-0.04160064956208432,1,0.07561086768866657
0.01825297226210361,0.01975637469021681,-0.12862032213072133,-0.05117533334507145,1,0.07744498878564988
0.005109454490759585,0.020302163564980408,-0.14283358609660202,-0.06324910492187882,1,0.07958448117472319
0.024248898945341962,0.02275933911310768,-0.12851020571634908,-0.03929359639296699,1,0.08921660932338209
0.011334459675978542,0.019384463668824427,-0.13480988911491734,-0.058822791533125585,1,0.07598709758179176
0.025774068984750792,0.019142628404039446,-0.11989628268716652,-0.0448571793433319,1,0.07503910334383462
-0.0025900283178993955,0.017998519448037882,-0.14601792643605366,-0.07546373019974514,1,0.07055419623630851
-0.019127354383023917,0.017508062757157997,-0.1615939573870536,-0.09296235137899425,1,0.06863160600805934
0.004520627702459784,0.0192730518307405,-0.1414053538857916,-0.06585499070928885,1,0.07555036317650274
0.00358507903486964,0.018366823247515426,-0.1405646945302606,-0.06856674740000013,1,0.07199794713026048
-0.007859827384305157,0.018355242707107686,-0.15198690309023621,-0.0800343516783741,1,0.07195255141186212
0.005220422683996279,0.018737563494564725,-0.1396560017653506,-0.06620475286665686,1,0.07345124889869373
-0.011180527128921536,0.019757687760559407,-0.15805639513961797,-0.08060625911822511,1,0.07745013602139286
-0.03390689311545182,0.017563266868867694,-0.1764816961784325,-0.10763369005247114,1,0.06884800612596137
-0.004409412075333546,0.025843594879237503,-0.16321365803863905,-0.06190676611202805,1,0.10130689192661099
-0.007136062753624245,0.019125184730502412,-0.15277222482540898,-0.07780150068183952,1,0.07497072414356945
0.04380471116851346,0.020004530602297576,-0.10355496881198979,-0.025137208850983292,0,0.0784177599610065
0.010893013935658322,0.021022702342324583,-0.13846228265529786,-0.056053289473385504,1,0.08240899318191236
-0.011705797636649182,0.019839163463384924,-0.15874135802488365,-0.08097183724841474,1,0.07776952077646891
-0.01599233598056886,0.01914445487050105,-0.16166626752675092,-0.0866200044343868,1,0.07504626309236412
-0.0139436894419529,0.022461142505874252,-0.16611832875346644,-0.07807065013043937,1,0.08804767862302706
0.01569507520889063,0.020276751268758973,-0.13219815727787695,-0.05271329230434179,1,0.07948486497353516
0.010693264479750858,0.02066702863458891,-0.1379649116440434,-0.05695015939645488,1,0.08101475224758851
0.026405971256017083,0.020755806051488367,-0.12242620860490012,-0.04106344888306572,1,0.0813627597218344
-0.02056639058931249,0.01881700389613812,-0.16559851822574323,-0.09183586295288178,1,0.07376265527286145
0.045265360948451516,0.020119376666393858,-0.10231941731768045,-0.02345146078541653,0,0.07886795653226392
0.05118665263311053,0.020826041456757777,-0.09778318862213473,-0.016145106111644235,0,0.08163808251049048
0.004292947336521816,0.019369105721251362,-0.14182129987713085,-0.06589440544982553,1,0.07592689442730532
0.019209226928691384,0.01998452275730695,-0.12811123767563024,-0.049771908466987,1,0.07833932920864323
-0.005094390005856084,0.016881172699704385,-0.1463322884972767,-0.0801580915144355,1,0.0661741969828412
-0.007377640745773434,0.01826942115811983,-0.1513365062156883,-0.07972037527585857,1,0.07161613093982974
-0.015109647631789277,0.01679973405947087,-0.1561879263883522,-0.09033296887522638,1,0.06585495751312581
-0.01754641337404901,0.019539704970657573,-0.16399503511653785,-0.08739939163156017,1,0.07659564348497767
-0.017806451330942594,0.017114861415059048,-0.15950237970445832,-0.09241212295742687,1,0.06709025674703145
-0.009206990309883131,0.019061882252631727,-0.15471907952504133,-0.07999650109472495,1,0.07472257843031638
0.0009562968082768991,0.018970918694268556,-0.14437750383248948,-0.07001150255095673,1,0.07436600128153276
0.005159026482940768,0.02003607932174299,-0.14226248898767552,-0.06372105804644297,1,0.07854143094123255
-0.019854425281221402,0.020205927946713866,-0.1676088440567806,-0.08840160650566223,1,0.07920723755111836
-0.03849493392738658,0.017727480490799332,-0.18139159568935326,-0.1118998721654199,0,0.06949172352393336
-0.03592879751453017,0.017968879240668513,-0.17929860082624047,-0.10886059420281988,0,0.07043800662342059
-0.01298319114661979,0.018032982761401837,-0.1564786373589674,-0.0857893449342722,1,0.07068929242469518
0.010091017046726034,0.01949474682152285,-0.13626948672345876,-0.05985007918308918,1,0.07641940754036958
0.02484017819614566,0.01951920817488293,-0.12156826982662489,-0.045052973781083805,1,0.07651529604554108
-0.01562085719609009,0.01932762578082941,-0.16165380372651572,-0.08588951066566446,1,0.07576429306085126
-0.00931714118770452,0.0207549242404128,-0.1581475926989136,-0.07678828967649544,1,0.08135930302241816
0.020671790658089342,0.020010445094013504,-0.12669948172617712,-0.0482585369576442,1,0.07844094476853292
-0.005125557687340729,0.01979178274514956,-0.15206825186783388,-0.07448446350684759,1,0.07758378836098628
-0.018540175857416144,0.01856939180188124,-0.16308698378910338,-0.09029496792572891,1,0.07279201586337447
0.0025158732365746367,0.018301687382049427,-0.14150623403224225,-0.06976361949460849,1,0.07174261453763375
-0.014390685285106009,0.020135838812362673,-0.16200772935733684,-0.08307524121287518,1,0.07893248814446166
-0.006276224289479021,0.017616986889151854,-0.14895631859221667,-0.07989772998674138,1,0.06905858860547529
0.030621671592958644,0.020242455998983118,-0.11720434216504827,-0.037853914649034454,1,0.07935042751601382
0.016687891752965922,0.019184015971938397,-0.12906357955203335,-0.053862236942034826,1,0.07520134260999853
-0.017222761889458135,0.016901998694859467,-0.1585014793313827,-0.09224564444753358,1,0.06625583488384912
0.003774495952503093,0.017510063024748654,-0.13869602757600427,-0.07005658051898955,1,0.06863944705701472
-0.00015181028754515657,0.018112854525784636,-0.14380380515808305,-0.07280141541700727,1,0.07100238974107578
-0.02812232333490773,0.02260281496063434,-0.18057464065775103,-0.09197160601206444,1,0.08860303464568658
0.01560490523363571,0.018360627767012392,-0.1285327251897086,-0.05655906434302001,1,0.07197366084668859
-0.02369328803369218,0.018392768234149145,-0.16789391377262453,-0.09579426229475986,1,0.07209965147786467
-0.01384701089334188,0.018485955597621853,-0.15823028386468072,-0.08576533792200305,1,0.07246494594267766
0.009829546931386296,0.020562683094710325,-0.13862411193424595,-0.05801839420298147,1,0.08060571773126449
0.0222377384811885,0.020503328720842616,-0.12609958581166303,-0.04572653722595998,1,0.08037304858570304
-0.014444022479203567,0.016964954590976362,-0.15584613347751725,-0.0893435114808899,1,0.06650262199662735
0.044626378783904394,0.021226436849001745,-0.10512823744013902,-0.021920604992052194,0,0.08320763244808682
0.000498512709629445,0.02151868096987995,-0.14982890199133525,-0.06547567258940587,1,0.08435322940192938
0.015259812860670269,0.019702799551056277,-0.13150847425940004,-0.05427350001925944,1,0.07723497424014061
0.014778028956301953,0.01925627313451332,-0.13111506638734416,-0.055630475700051946,1,0.07548459068729221
-0.008966667332750755,0.01929731969452173,-0.15494021393401336,-0.07929472073148817,1,0.07564549320252519
0.0046883511942118206,0.020050350031116076,-0.1427611348667757,-0.06416376274480068,1,0.07859737212197501
-0.006774132132698424,0.02029050623574312,-0.15469432435475494,-0.07515553991064192,1,0.07953878444411303
-0.014744979168981404,0.01850419286666264,-0.15916399718764018,-0.08662756115032264,1,0.07253643603731755
0.006322217404138436,0.018787141115848945,-0.1386513791829255,-0.06500578600879764,1,0.07364559317412786
-0.0015237010178878602,0.01880393149868711,-0.14653020675531458,-0.07281879528046113,1,0.07371141147485345
-0.003368079261074325,0.020654869146609658,-0.15200242278842926,-0.0710353357337194,1,0.08096708705470987
-0.011798396425803687,0.017948688563071996,-0.1551286260094248,-0.08476976684218257,1,0.07035885916724224
0.010034442526326556,0.019031966814169996,-0.13541901242944665,-0.060813702517900255,1,0.0746053099115464
-0.013814235424039603,0.01807667243345844,-0.15739531339361815,-0.08653475745446107,1,0.07086055593915708
0.02540582932452433,0.022344152133318664,-0.12653950885678025,-0.03895043249417109,1,0.08758907636260915
-0.014117274171690508,0.01880699537706589,-0.15912978511073966,-0.08540636323264136,1,0.0737234218780983
-0.017058493780083797,0.018590197906391763,-0.16164608167661165,-0.08877250588355595,1,0.0728735757930557
-0.0014486762627217709,0.019753323132894154,-0.1483159896031943,-0.07088296292224924,1,0.07743302668094507
-0.020983423818689464,0.01985630173199201,-0.1680525752133938,-0.09021587242398513,1,0.07783670278940868
0.02161656056137118,0.02157487557994576,-0.1288209955753225,-0.04424748330193514,1,0.08457351227338736
-0.0030726780866906778,0.020128183285329455,-0.1506747173259364,-0.07177223884744495,1,0.07890247847849145
-0.036625694162296316,0.018862947557618845,-0.18174787137522924,-0.10780511694936339,1,0.07394275442586586
-0.026529735317436645,0.017279009319013612,-0.16854739358270332,-0.10081367705216998,1,0.06773371653053334
-0.015269412110120312,0.018546051112396742,-0.15977047229041794,-0.0870699519298227,1,0.07270052036059524
-0.03060016996654856,0.0196191718248645,-0.17720454674328298,-0.10029739318981415,1,0.07690715355346883
0.015666887532698112,0.01953834037909286,-0.1307790596103239,-0.05418876532427989,1,0.07659029428604403
0.016447532550915467,0.01918398080774797,-0.12930386983227055,-0.05410266506589852,1,0.07520120476637203
-0.01991814935104995,0.020428751127396345,-0.1681093015607468,-0.08802859714135311,1,0.08008070441939369
0.002795346107243607,0.019553752355742252,-0.14368080851001122,-0.06703009927550158,1,0.07665070923450965
0.04125733817615683,0.020474207597665987,-0.10702290871526851,-0.02676401493241784,0,0.08025889378285067
0.00031518127805098273,0.02165627753691249,-0.15028192269429752,-0.06538931474960054,1,0.08489260794469698
-0.027513604706575587,0.018414276473288124,-0.17175638659422032,-0.09957242281893086,1,0.07218396377528946
-0.023054944478267905,0.018575553657263762,-0.1676138296465049,-0.09479765931003094,1,0.07281617033647396
0.030933502618331665,0.02252637961451548,-0.12136900142611867,-0.033065593337218,1,0.08830340808890066
-0.004566768011419406,0.01999334920721535,-0.1519045324575615,-0.07353060356527732,1,0.07837392889228417
-0.01679907930358651,0.01794555635445017,-0.16012316975830884,-0.08977658884886419,1,0.07034658090944465
-0.014812938839479928,0.01971319666939815,-0.1616016043115003,-0.08432587336745956,1,0.07727573094404075
0.013178024061605703,0.019930504867990893,-0.13403656547965645,-0.055908986397132154,1,0.0781275790825243
0.04443055285110584,0.04331824771919044,-0.14862401267850744,0.021183518380719094,1,0.16980753105922652
-0.009938015086982846,0.020272393389360512,-0.15782270613012944,-0.07835492404383625,1,0.0794677820862932
0.006061208120281741,0.02207358702730784,-0.14535382245324163,-0.0588253613061949,1,0.08652846114704674
-0.030229992838326378,0.02102241390642084,-0.17958472409491122,-0.09717686158174153,1,0.08240786251316969
0.023325660591616434,0.020753633618283866,-0.12550226130021996,-0.04414801751654719,1,0.08135424378367277
0.002944709401218923,0.01920653263145375,-0.14285089455643044,-0.06756128664113173,1,0.0752896079152987
-0.008350330832797945,0.017962289715598972,-0.15170721867537193,-0.08129504299022397,1,0.07041217568514796
-0.00041340991751079303,0.020269346681264094,-0.1482921294127884,-0.06883629042223317,1,0.07945583899055524
-0.028101090005598114,0.017961523289298797,-0.17145647565262376,-0.10104730435857248,1,0.07040917129405128
-0.0012933209111718191,0.01938068016837785,-0.14743025404119242,-0.07145798778115123,1,0.0759722662600412
0.012114583645638985,0.018826276428561294,-0.13293571815434116,-0.05913671455438089,1,0.07379900359996028
-0.0056141377836516765,0.01865561312267914,-0.15032993950410278,-0.07719993606320057,1,0.07313000344090222
0.05845603805301777,0.020655598735122425,-0.09017973546782218,-0.009209788426142278,0,0.0809699470416799
0.006253721296352974,0.018560029411825375,-0.13827473635082477,-0.0655194210564693,1,0.07275531529435547
0.02969853563354305,0.01830419732571782,-0.11432849112486387,-0.04257603760805003,1,0.07175245351681384
0.003840570580667252,0.01932362484197222,-0.1421845341095983,-0.0664359247290672,1,0.0757486093805311
0.011356404924692781,0.018534964300586126,-0.13312292510445603,-0.06046586504615842,1,0.07265706005829761
0.019190997983442246,0.019761818446912452,-0.12769296617250617,-0.05022663786060935,1,0.07746632831189681
-0.046024381945048085,0.0172701513020113,-0.18802467849699023,-0.12032568539310595,0,0.06769899310388428
-0.0012834050508962608,0.01905106905679721,-0.14677430040221878,-0.07209410969957374,1,0.07468019070264505
0.012272544150054951,0.022213956047394408,-0.1394176097028381,-0.05233890199705202,1,0.08707870770578607
0.05006764198176422,0.020669391463682477,-0.09859516528705344,-0.017571150749418132,0,0.0810240145376353
-0.019564641620904946,0.018458103904049884,-0.16389332527284273,-0.09153755796896718,1,0.07235576730387555
0.022060986238496602,0.019637301981293563,-0.12457892564483879,-0.04760070187816802,1,0.07697822376667077
0.015368953725223192,0.019629739776323044,-0.13125613623636997,-0.054307556313183646,1,0.07694857992318632
-0.003644735726503895,0.027618259515000992,-0.16592732437590585,-0.05766374707710196,1,0.1082635772988039
0.006376147289172199,0.020048540604981683,-0.1410697922965919,-0.06247951312506371,1,0.07859027917152818
-0.03171732667654127,0.03148477155207601,-0.20157827891861024,-0.0781579744344723,1,0.12342030448413795
0.01145949140322379,0.018622955260307134,-0.1331923009069782,-0.06019031628657424,1,0.07300198462040397
0.040497045087417013,0.019707190148344062,-0.10627984760333736,-0.029027662221828628,0,0.07725218538150874
-0.016734455914473534,0.01943247355307009,-0.1629729040784909,-0.08679760775045617,1,0.07617529632803474
-0.00484585534542524,0.01816050745908011,-0.14859124996522227,-0.07740206072562823,1,0.07118918923959404
0.02603528075654578,0.019545676731854675,-0.12042504563788939,-0.043805992849019065,1,0.07661905278887032
-0.018757602023533035,0.01978329877948921,-0.16568366763133188,-0.0881331364157342,1,0.07755053121559768
-0.02548171701290937,0.017855401910744424,-0.16862910475796844,-0.09863592926785031,1,0.06999317549011813
-0.05724324025866277,0.017057117312336324,-0.19882599019084196,-0.1319620903264836,0,0.06686389986435837
0.02338071940644526,0.0184713800666609,-0.12097398552421011,-0.04856617566289938,1,0.07240780986131073
-0.021482836656502705,0.01735869801797424,-0.16365668477173223,-0.0956105885412732,1,0.06804609623045903
0.011911562116035543,0.018415536644403107,-0.13233368970699455,-0.060144786060934374,1,0.07218890364606018
0.0314050637281125,0.020678095067959083,-0.11727480260508731,-0.036216669938687704,1,0.08105813266639961
0.038847431824267295,0.020236030200171853,-0.10896598736806953,-0.02964074898339588,1,0.07932523838467365
-0.008221847506336422,0.018644422092531723,-0.1529157148076986,-0.07982958020497424,1,0.07308613460272437
0.04753990016747728,0.021963410677190588,-0.10365918475981628,-0.017562614905229174,0,0.08609656985458711
0.00015459757136120078,0.018868485475750336,-0.14497843396110946,-0.07101397089616815,1,0.07396446306494131
0.0387432346208437,0.01862921648106973,-0.10592082968205298,-0.03289430107625964,0,0.07302652860579334
-0.017818606425055353,0.01882496956549486,-0.1628663467734253,-0.08907246607668542,1,0.07379388069673987
0.025509403433908423,0.01995769032513324,-0.12175846960335274,-0.043524323528830434,1,0.07823414607452231
0.02515088313494472,0.020848601295639365,-0.12386317540450845,-0.04213665832560213,1,0.08172651707890632
-0.01157813919134923,0.018714293445303405,-0.15640895434414392,-0.08304892403855456,1,0.07336003030558937
0.00997643158164939,0.018398439958062486,-0.13423531073615308,-0.062113426100548146,1,0.07212188463560493
0.01985160301818746,0.02034731497788878,-0.12817993433847455,-0.04841845962515054,1,0.07976147471332401
-0.00668954815521236,0.018941547092507116,-0.1519657804565263,-0.07771491585389842,1,0.07425086460262789
-0.020243270794211107,0.020128293398994503,-0.16784552585624035,-0.08894261573218189,1,0.07890291012405846
-0.004081012045440743,0.01938139292343695,-0.15021934217537716,-0.07424428191550433,1,0.07597506025987283
-0.003299864260952856,0.018702166348648953,-0.1481069103043048,-0.07479441821760091,1,0.0733124920867039
0.019641888990106618,0.021675948668678776,-0.13099377040050378,-0.04602405161928299,1,0.08496971878122078
-0.006983354178021692,0.020412985751831005,-0.15514360625161047,-0.07512470210443292,1,0.08001890414717755
0.019205881734887298,0.022124277017625538,-0.13230850121965876,-0.045581335310566656,1,0.0867271659090921
-0.045481633743784486,0.017198199712822746,-0.18734090518091706,-0.11992396230665191,0,0.06741694287426515
0.014810967849072751,0.018597638490317335,-0.12979120359194923,-0.056888460709905275,1,0.07290274288204396
-0.003965242172501465,0.01857545711337278,-0.14852393811471212,-0.07570814623029082,1,0.0728157918844213
0.029465205435754663,0.01872466976872793,-0.11538594731095209,-0.0419852418175386,1,0.07340070549341349
-0.0005237159514700773,0.01909389921413276,-0.1460985584111703,-0.07125047349176987,1,0.07484808491940044
0.0076266511630725675,0.017963972698297276,-0.1357335353255901,-0.06531476234826478,1,0.07041877297732532
0.006559064469106077,0.019631597532331894,-0.14006966669426443,-0.06311380436752342,1,0.07695586232674101
-0.011595004895364164,0.01970021253817319,-0.15835822147018364,-0.08113338832054472,1,0.07722483314963892
-0.019264818828131677,0.018770657357806746,-0.1642061072494329,-0.09062513040683046,1,0.07358097684260245
0.00891290906618851,0.01983306681685704,-0.1381107018948513,-0.0603650799727717,1,0.07774562192207961
-0.05754678293657535,0.016847724701805743,-0.1987191233521146,-0.1326760425210361,0,0.06604308083107852
0.010243101242720862,0.019757358404638707,-0.136632121230371,-0.05918327628418728,1,0.07744884494618372
-0.019323840786111032,0.017888942756954428,-0.1625369685897417,-0.09241231298248036,1,0.07012465560726135
0.0027740000175222185,0.019485647865769545,-0.1435686697993861,-0.06718493016556948,1,0.07638373963381662
0.017512478577381876,0.021109292861209578,-0.13201253543058888,-0.04926410741464736,1,0.08274842801594152
0.038361852502625166,0.020110069394037006,-0.10920468350968737,-0.030373211485062307,1,0.07883147202462507
-0.0033531114682580215,0.01970241094354714,-0.1501206369176104,-0.07288718601890563,1,0.07723345089870477
0.017099842410610494,0.02097409315849194,-0.13216018018003373,-0.04994173499874531,1,0.08221844518128842
-0.01562333542066699,0.01973790279827944,-0.1624604249052947,-0.0850878459360393,1,0.0773725789692554
-0.027920623975066436,0.01873545718389922,-0.17279292005550892,-0.09934992789462396,1,0.07344299216088496
0.023993558490353645,0.01835201701811474,-0.12012719486515125,-0.04818728815414147,1,0.07193990671100978
-0.014484689680289778,0.02044342371980812,-0.1627046001711137,-0.08256637918946587,1,0.08013822098164784
0.027522982666147458,0.02333805822908518,-0.1263704114628595,-0.0348852232048456,1,0.09148518825801388
-0.029673091683837707,0.01855618754768303,-0.17419401927729644,-0.10145376409037898,1,0.07274025518691746
-0.0068152432414225195,0.02032642793737822,-0.15480584199868383,-0.07512624448416122,1,0.07967959751452261
-0.013128596987629665,0.020975303698027727,-0.162390992235764,-0.08016780173949534,1,0.08222319049626867
0.0262864960104148,0.02054026710307455,-0.12212322751161132,-0.041605380467559086,1,0.08051784704405224
0.0331764852687946,0.019655343344199647,-0.11349878768583671,-0.03644984177657409,1,0.07704894590926262
0.011147898805485432,0.018918837164723125,-0.1340838220373719,-0.05992198035165725,1,0.07416184168571466
-0.020627343321504413,0.019323655239057658,-0.16665250759005742,-0.09090377905295141,1,0.07574872853710601
-0.007558590876345084,0.01846156380394465,-0.1518940559320766,-0.07952472582061357,1,0.07236933011146304
-0.010436535438061542,0.018640063470690967,-0.15512185984061583,-0.08205281103550725,1,0.07306904880510857
0.02671524727032218,0.02123560936077558,-0.12305734707679797,-0.03981375838255769,1,0.08324358869424028
0.027004963246422528,0.01904728670925752,-0.11847851870372222,-0.04381315480343274,1,0.0746653639002895
-0.0008872304835570027,0.020585424059403827,-0.1493854616399885,-0.06869059932712551,1,0.08069486231286299
0.003321911100162181,0.018898835456002825,-0.14187060639360335,-0.0677871714060723,1,0.07408343498753106
0.07190047803160202,0.039346974199024234,-0.11337039139848548,0.0408697474616895,1,0.15424013886017499
0.010829864370172346,0.020807461235316547,-0.1381035596510481,-0.05653831160860723,1,0.08156524804244086
-0.0005088885118085806,0.01893172998890976,-0.14576587929007173,-0.07155349773354545,1,0.07421238155652628
-0.00491700740686446,0.018657872203402613,-0.1496372369255336,-0.07649837788819534,1,0.07313885903733826
-0.0037607125105378475,0.020176872985167193,-0.15145818356146556,-0.07236484145961015,1,0.07909334210185541
0.05394656599220319,0.02348360669002236,-0.10023210312024064,-0.008176364895352992,0,0.09205573822488765
0.02069225028139636,0.021875104252308514,-0.13033375405312833,-0.04458334538407896,1,0.08575040866904937
0.021336990369314357,0.021311017024833345,-0.128583402999359,-0.04504421626201229,1,0.0835391867373467
0.01608015387847267,0.01859658686435399,-0.12851995637566116,-0.05562133586739352,1,0.07289862050826765
-0.009269890797431304,0.018714745431666978,-0.1541015918434986,-0.08073978975136403,1,0.07336180209213455
0.002602881586144537,0.018188476595134027,-0.14119733254031816,-0.06989850428739278,1,0.07129882825292538
-0.002251332946565293,0.017881264802489895,-0.1454494119594455,-0.0753548539336851,1,0.0700945580257604
-0.02480334116621062,0.018493530552692813,-0.16920146104948852,-0.09670682128293272,1,0.0724946397665558
0.03969739876476924,0.02011161525698994,-0.10787216713893105,-0.02903463533153048,0,0.07883753180740058
-0.006730367199306808,0.017844272941453965,-0.14985594216455658,-0.07990639223405704,1,0.06994954993049954
-0.020864337963803006,0.018574110710958432,-0.16542039495728153,-0.09260988097032449,1,0.07281051398695704
-0.010808299242112032,0.018246821626719256,-0.15472286963048176,-0.0831953288537423,1,0.07152754077673946
0.01687049793925953,0.019524527655083803,-0.12954837626470472,-0.05301222785677622,1,0.0765361484079285
0.009516345683681343,0.018846233816394598,-0.13557307259645207,-0.06169583603618525,1,0.07387723656026682
0.00674099668751435,0.01853211255682985,-0.13773274392387216,-0.06508686270109915,1,0.07264588122277302
0.04022425676327947,0.021662478821962525,-0.11038500172776708,-0.02546808474567399,1,0.08491691698209308
-0.033672537826313534,0.018960379923303967,-0.1789856824759893,-0.10466099317663777,1,0.07432468929935154
-0.013148794028196034,0.01841198728016174,-0.15738708909731305,-0.08521209895907902,1,0.07217499013823403
-0.001868317066058403,0.01912103048044898,-0.1474963368077384,-0.07254189732437841,1,0.07495443948336
0.028391734181175785,0.020064187729961935,-0.11908487376954961,-0.04043325786809883,1,0.07865161590145078
0.0007141399876864768,0.01998708424856247,-0.14661134513949597,-0.06826197488513108,1,0.07834937025436489
-0.012001820862184126,0.020675440679010712,-0.16067648459304512,-0.07962875713132314,1,0.08104772746172198
0.013647541119667136,0.0190294617470101,-0.13180100390447266,-0.057205513856193074,1,0.07459549004827959
0.007841987090506417,0.022627197248044833,-0.14465811951566146,-0.05595950630332572,1,0.08869861321233574
-0.003514662540644198,0.01972403899693267,-0.15032457897463225,-0.07300634610665617,1,0.07731823286797608
-0.051355566738612315,0.016845406032736567,-0.192523362562776,-0.12648937091444865,0,0.06603399164832735
0.01703273137113248,0.0228056476231413,-0.1358171379702245,-0.04641899928751057,1,0.08939813868271392
0.0018199432319343373,0.018718043432603828,-0.14301822189596916,-0.06964349164016218,1,0.07337473025580699
-0.003090511049876038,0.021165065592056016,-0.15272483961030583,-0.06975778248944625,1,0.08296705712085958
-0.004035657145843002,0.019065348520976924,-0.14955454024695777,-0.07481837404472824,1,0.07473616620222953
-0.004934107386563066,0.0185588628609507,-0.14946027859402644,-0.0767095361790997,1,0.07275074241492674
0.02733804879474057,0.0187070693208487,-0.11747860707412289,-0.04414689533639598,1,0.0733317117377269
0.022702476077278044,0.02104160617273846,-0.12668987202128934,-0.04420677582415458,1,0.08248309619713476
0.028954594868800893,0.019602374589894497,-0.11761685932739233,-0.0407755509350059,1,0.07684130839238643
0.0207402728634673,0.019442232654070402,-0.1255173031385107,-0.049303751134554714,1,0.07621355200395599
0.003871616792750429,0.019870871250645294,-0.14322609085851434,-0.06533227555598481,1,0.07789381530252953
0.01321311881140963,0.01868165391210732,-0.13155372285632072,-0.05832163952086003,1,0.07323208333546069
0.005572561264071962,0.018938318180738177,-0.13969734237017487,-0.06545913510168122,1,0.07423820726849364
0.023916240654855023,0.019123271918910827,-0.12171617230621021,-0.046752946384079765,1,0.07496322592213045
0.017558159082240996,0.02131838770542638,-0.13237668082039472,-0.048808601015123305,1,0.08356807980527142
-0.011581396489968934,0.018675570992145302,-0.15633631563457373,-0.08312807734536415,1,0.07320823828920958
0.04074498870069042,0.020338184420425724,-0.107268652763344,-0.02754296983527517,0,0.07972568292806884
-0.014241153561458456,0.019163099084363474,-0.15995162776681088,-0.08483227935610604,1,0.07511934841070483
0.03372427233178171,0.021239745773181794,-0.11605642938365461,-0.032796625952781974,1,0.08325980343087264
-0.021748087125063445,0.019931382830111696,-0.16896439747208236,-0.09083337677804453,1,0.07813102069403784
-0.023165049562084414,0.01846334101551727,-0.16750399795249826,-0.09512770117167058,1,0.07237629678082769
0.005691460955470046,0.019445350047558766,-0.14057222513774514,-0.06434645295131478,1,0.07622577218643037
0.033850511737540626,0.02010888412843435,-0.11371370115419072,-0.03488687537072805,1,0.07882682578346267
-0.016705934853464624,0.020851630524865186,-0.1657259306822004,-0.08398753902472886,1,0.08173839165747154
-0.007449878738951629,0.020176500547536596,-0.15514661981212335,-0.07605473766577991,1,0.07909188214634344
0.02263571245141316,0.018750916873251002,-0.1222668846201588,-0.04876329047701488,1,0.07350359414314392
-0.031195067609105773,0.017660379273811453,-0.17396021098577624,-0.10473152423243533,1,0.06922868675334092
-0.01875449019799892,0.019635920883136884,-0.16539169512894722,-0.08841888526705063,1,0.07697280986189659
0.008632887057117136,0.020146689230932234,-0.13900542383551004,-0.06003040205025569,1,0.07897502178525434
0.0073728796658298346,0.019351607085203667,-0.13870707022116935,-0.06284877044717099,1,0.07585829977399836
0.01784465366106254,0.020816276837118657,-0.13110604893969002,-0.0495062437381849,1,0.08159980520150512
0.00467568479115206,0.018690422869939997,-0.14010834403393035,-0.06684188638376555,1,0.0732664576501648
-0.004223258921406042,0.018377493307779966,-0.1483939458046548,-0.07635417203815731,1,0.07203977376649748
-0.0056982038891741915,0.01743894317316371,-0.14802933250857508,-0.07966867526977332,1,0.06836065723880176
-0.018943534218122657,0.018694928926936284,-0.1637363949149178,-0.09045227352132754,1,0.07328412139359025
0.00956038720401163,0.01954145168571716,-0.136891658099994,-0.06028916749198274,1,0.07660249060801128
-0.023542045705066142,0.018165653094296026,-0.16729752576988635,-0.09608816564024594,1,0.07120936012964041
0.04684684592896643,0.020014598362502172,-0.10053256686153783,-0.02207534128052932,0,0.07845722558100851
-0.007123094304244487,0.01787567671089033,-0.15031022065758953,-0.08023756795089945,1,0.07007265270669008
-0.008121621119700717,0.019670835730136598,-0.15482725915076845,-0.077717583088633,1,0.07710967606213545
0.011710487259560906,0.018322384988912137,-0.13235218731870688,-0.060528438162171315,1,0.07182374915653555
0.008624797682561608,0.019594884116162926,-0.13793197518511774,-0.06112002944975906,1,0.07681194573535868
-0.006418221953767844,0.018471149629014708,-0.15077247522663667,-0.07836556868089903,1,0.07240690654573764
-0.010321804592838782,0.018231141697800993,-0.15420564232052875,-0.08273956686514884,1,0.0714660754553799
0.005724249338385751,0.021673753463973065,-0.14490710745100147,-0.05994599387222705,1,0.08496111357877442
-0.008448932969274098,0.019311513916666308,-0.15445030024594006,-0.07874916569260815,1,0.07570113455333191
-0.014507094366336445,0.01891569236818528,-0.1597326514079796,-0.0855831373246933,1,0.0741495140832863
-0.011763205276979646,0.0184312132349974,-0.15603918321757454,-0.08378882733638475,1,0.07225035588118979
-0.01946173329676211,0.01873465974011847,-0.16433246638739432,-0.09089260020612991,1,0.07343986618126441
0.008605045818670914,0.02080609578653136,-0.14032570192293056,-0.058765806439727626,1,0.08155989548320294
0.019552590287885002,0.018436606373301877,-0.12473395820378669,-0.052462461220443325,1,0.07227149698334337
0.015702941252686967,0.019636464001646814,-0.1309353281905408,-0.05396038930408528,1,0.07697493888645551
-0.049607703581569476,0.017547020751411402,-0.19215066425433583,-0.12336634290880313,0,0.0687843213455327
-0.005326942423439063,0.018402600376497137,-0.14954683916137346,-0.07740864568550468,1,0.07213819347586878
0.04996905955706977,0.021590993045416472,-0.10050008681194653,-0.015863394073913954,0,0.08463669273803257
0.01516459863411368,0.01984004897391021,-0.13187269735475032,-0.05409970537702232,1,0.077772991977728
0.009969504885097277,0.018529388930191563,-0.1344988974180782,-0.06186369281172727,1,0.07263520460635092
-0.012922091388985701,0.018398540288981514,-0.15713403035538948,-0.08501175242258194,1,0.07212227793280754
0.013721776189819221,0.020548340458395698,-0.13470377110863635,-0.05415427651172522,1,0.08054949459691113
-0.014146082531174484,0.019173468451802355,-0.1598768806967071,-0.08471688436564187,1,0.07515999633106524
0.025250167847290186,0.02246051217029797,-0.12692323600649383,-0.0388780282989258,1,0.08804520770756802
0.005381138851989556,0.01779502665269314,-0.137647913387289,-0.0678914089087319,1,0.0697565044785571
0.0043672022450052805,0.01792790471903841,-0.13892229100431,-0.06864490450567945,1,0.07027738649863055
-0.033136535495400424,0.017652972692890796,-0.17588716197346638,-0.10668750901733447,1,0.06919965295613191
0.022161172825659284,0.022556859223030867,-0.13020107125148123,-0.041778183097200224,1,0.08842288815428101
0.007822933557562126,0.01876805670038984,-0.13711325757520199,-0.06354247530967379,1,0.0735707822655282
0.018709668625229964,0.01949817114815298,-0.12765754682514988,-0.0512247159243902,1,0.07643283090075967
-0.006688125247008042,0.01984145600008114,-0.15372817900716707,-0.07594967148684902,1,0.07777850752031805
-0.012530672668527212,0.018503031046114792,-0.15694741351891223,-0.08441553181814222,1,0.07253188170077
-0.01667730463776755,0.020261509953163743,-0.1645406641459685,-0.08511554512956662,1,0.07942511901640187
-0.020004369628394983,0.01944168015015729,-0.16626086272270327,-0.09004947653408671,1,0.07621138618861656
-0.015259730964880605,0.019689265879398104,-0.1620014920885009,-0.08481956984126032,1,0.07718192224724058
-0.02578864559399925,0.017598864626485546,-0.16843322026191093,-0.09944567092608758,1,0.06898754933582335
0.04053625027936833,0.019147445197740417,-0.10514354230820289,-0.030085557133060457,0,0.07505798517514242
0.02525436580901895,0.020266602561572894,-0.12261897521166393,-0.04317389317029818,1,0.07944508204136574
0.003151434388824259,0.020354130696004044,-0.14489346177534368,-0.06510526944700781,1,0.07978819232833587
-0.03926471693697971,0.019857549937684682,-0.1863363148148417,-0.10849471905911773,0,0.07784159575572397
-0.009630927505712844,0.018961231925505286,-0.1549457420797032,-0.08061771293172248,1,0.07432802914798073
-0.01661058659507686,0.0183826325117184,-0.16079134631804493,-0.0887314268721088,1,0.07205991944593612
0.006054997877606397,0.01987021228553172,-0.14104141820203578,-0.06315018604275144,1,0.07789123215928434
0.001019622704644771,0.019259721903705607,-0.14488023222661822,-0.06938212236409225,1,0.07549810986252598
0.021847038675638475,0.020596074169487114,-0.12667206669655628,-0.04593545595216679,1,0.0807366107443895
0.02922132130856854,0.023528315504854257,-0.1250449770809458,-0.03281398030191712,1,0.09223099677902868
0.01589318062570537,0.02178648230853473,-0.13495912469902271,-0.04955611404956657,1,0.08540301064945614
0.013674439775703498,0.020602022886190587,-0.13485632508123005,-0.05409639536736296,1,0.08075992971386708
-0.007641142240454035,0.01782880095806793,-0.15073639211826717,-0.0808474923626409,1,0.06988889975562627
0.022937291734847917,0.019514470415683036,-0.12346187027989083,-0.04696514625041334,1,0.07649672402947749
-0.006207078564308188,0.019880628511773045,-0.15332391044738336,-0.07539184668123303,1,0.07793206376615033
-0.014216087431741922,0.018320104945446027,-0.15827429312481614,-0.08645948173866772,1,0.07181481138614842
0.052027721825119444,0.019802371657402965,-0.09493572662339037,-0.01731042972637075,0,0.07762529689701961
0.006423025995512005,0.019254976746510843,-0.13946752842764926,-0.06398801958132674,1,0.07547950884632251
0.00872140941060369,0.021011155053683925,-0.1406112544946168,-0.05824752668417582,1,0.08236372781044099
-0.03414912136488836,0.02122065670080264,-0.18389240849846153,-0.1007074342313152,1,0.08318497426714633
0.0013107647978752857,0.019036313060015044,-0.1441512087997542,-0.06952886160449523,1,0.07462234719525898
0.005291941678300299,0.0199360617102145,-0.14193353927372013,-0.06378417736967928,1,0.07814936190404084
-0.016833078622730535,0.018538255067263712,-0.1613188585545674,-0.08864889869089367,1,0.07266995986367374
-0.029765376416326247,0.019471331425195554,-0.17607998600970953,-0.09975236682294297,1,0.07632761918676656
-0.008219259612029642,0.018769581024641192,-0.1531584384203264,-0.0795816808037329,1,0.07357675761659349
0.022719338344395185,0.02023038247300013,-0.12508301130268507,-0.04577991200852457,1,0.07930309929416049
-0.006321088581740408,0.018108804474207457,-0.14996514535118705,-0.0789786318122938,1,0.07098651353889325
0.012843230099963965,0.019326236216723008,-0.13318699288481314,-0.057428146915258944,1,0.0757588459695542
0.014821084903264711,0.021238418297255906,-0.13495701495935686,-0.051702415234113716,1,0.08325459972524314
-0.02182500895997873,0.021855053385936823,-0.1728117135964149,-0.08713990432354256,1,0.08567180927287234
-0.001220492423396044,0.019976574756521613,-0.1485253789461784,-0.07021720590061369,1,0.07830817304556471
0.00488098150665478,0.01890516209790875,-0.14032393620524636,-0.06621570078144408,1,0.07410823542380228
0.004311331525036904,0.018722698775469945,-0.1405359580748842,-0.067142978875042,1,0.0733929791998422
-0.013030924565118535,0.01790135889861554,-0.156268388006405,-0.08609506112383208,1,0.07017332688257291
-0.002899590324218937,0.01863179828135374,-0.14756871495567228,-0.0745320656927656,1,0.07303664926290668
0.003389393991984735,0.019428895009664975,-0.14284204022695862,-0.06668077178907192,1,0.0761612684378867
-0.0009711501675848666,0.019223505576743776,-0.14680002109800266,-0.07144387923716708,1,0.07535614186083558
-0.019237331224335893,0.01801984834944268,-0.16270703398924355,-0.09206922845942825,1,0.0706378055298153
0.021369509723003527,0.019887899304528684,-0.1257615729138727,-0.047801007640120255,1,0.07796056527375243
-0.008054390495246214,0.018070752944044116,-0.15162386626557267,-0.08078651472491975,1,0.07083735154065292
-0.02681181520649807,0.01807685899090577,-0.17039325882867337,-0.09953197158432278,1,0.07086128724435059
0.0055211657836838485,0.01934973192953879,-0.1405551087982122,-0.06470415963442012,1,0.07585094916379208
0.01641764052097293,0.018597894682808723,-0.12818503305733217,-0.05528128590072198,1,0.07290374715661019
-0.009760333322175394,0.020109235775370937,-0.15732523544190244,-0.07849703120244836,1,0.07882820423945408
0.014078452296090088,0.01885351534895351,-0.1310252377878588,-0.05711945761996104,1,0.07390578016789776
-0.025582796424961654,0.016988543544341657,-0.1670311417718713,-0.10043605107805201,1,0.0665950906938193
0.008187066284018413,0.01951509226253206,-0.13821331455054442,-0.06171415288141876,1,0.07649916166912565
0.006185743428986715,0.020318953849928864,-0.14179020611687387,-0.062139907025152714,1,0.07965029909172117
-0.027292327925611634,0.01888754060288414,-0.17246270750726456,-0.09842354834395872,1,0.07403915916330583
0.05649529051620567,0.01986863457734372,-0.09059803325538802,-0.012712985712200642,0,0.07788504754318738
-0.02128341493191975,0.017837711582306136,-0.1643961296332398,-0.09447230023059973,1,0.06992382940264007
0.010843834027508367,0.020564850464741553,-0.1376140728833851,-0.05699985906159819,1,0.0806142138217869
-0.009191453189924037,0.018569591616587017,-0.1537386527584346,-0.08094585362141349,1,0.07279279913702111
-0.005710390119942718,0.019244130024623676,-0.15157968496820512,-0.07614269527168033,1,0.07543698969652479
0.027440757829720927,0.02660735951668436,-0.13286046682298042,-0.028559617517577733,1,0.10430084930540268
0.05004490290005142,0.018905126063020517,-0.09515994418346879,-0.021051850016428376,0,0.07410809416704042
-0.0075247710158856534,0.017793746277527125,-0.15055131371983882,-0.0807998283119325,1,0.06975148540790632
-0.015414980865981753,0.018410128380269723,-0.15964963249131042,-0.0874819292406531,1,0.07216770325065733
0.00894596733835798,0.018321777650913584,-0.13511551685743264,-0.06329414846585141,1,0.07182136839158124
-0.02349853370365844,0.01954499972428366,-0.1699575331632544,-0.09334113424406247,1,0.07661639891919193
0.021177172432516905,0.020455616104715777,-0.12706663513272604,-0.04688062000224018,1,0.08018601513048586
-0.0400786575467348,0.018474972786374604,-0.18444040420802904,-0.11201851088544058,0,0.07242189332258846
0.011633491136003829,0.01868808415080596,-0.13314595379957586,-0.0598886639284165,1,0.07325728987115937
-0.04700766393729268,0.018052551898945224,-0.1905414656592253,-0.11977546221536005,0,0.07076600344386526
0.013145465416790403,0.01894189506809293,-0.13213144891667175,-0.05787922024974746,1,0.0742522286669243
-0.0008919278378369672,0.01733174826122039,-0.14301295442982892,-0.07507250124584501,1,0.06794045318398391
0.02191278712595135,0.018703698666704745,-0.12289726226078995,-0.04957876348730736,1,0.0733184987734826
0.01598749994259259,0.019014874024490005,-0.12943245314540783,-0.054894146969407004,1,0.07453830617600082
-0.011041031427223055,0.017551513454437246,-0.15359279779792007,-0.08479086505652605,1,0.06880193274139401
-0.031478893746228434,0.018058734875138652,-0.1750248141015002,-0.10423457339095668,1,0.07079024071054352
-0.004125052583926092,0.02086907281275071,-0.1531792352969175,-0.07137246987093471,1,0.08180676542598278
-0.004430389387337225,0.01962180782706419,-0.15103993272838304,-0.07412244604629142,1,0.07691748668209161
0.006700435716512257,0.018176491466259888,-0.13707628755735712,-0.06582444100961837,1,0.07125184654773875
0.02801319706222917,0.018486622788186094,-0.11637138360261558,-0.043903822272926094,1,0.07246756132968948
0.004404134621881592,0.021008770138735082,-0.14492385485003917,-0.06256947590619766,1,0.08235437894384151
0.007164340628873125,0.01878237971525401,-0.13779992361302473,-0.06417299512922903,1,0.0736269284837957
0.019125795445230187,0.020619701959948764,-0.12943962039626938,-0.048610388713270246,1,0.08082923168299913
-0.054503241491330304,0.017792004017846065,-0.1975263693663086,-0.12778171361635202,0,0.06974465574995659
0.007827687180983256,0.02018258836955622,-0.13988098602334695,-0.06076523961468656,1,0.0791157464086604
0.00297698304619394,0.020184339366419266,-0.14473512211198783,-0.0656125117956243,1,0.07912261031636353
0.024689250601190163,0.020247329174050612,-0.12314631457994904,-0.043776784217670645,1,0.0793695303622784
-0.015669831148612992,0.019912670885909364,-0.16284946608499534,-0.08479179621223065,1,0.07805766987276469
-0.01691230931154776,0.019401020756876882,-0.16308910999502646,-0.08703710862806907,1,0.07605200136695739
-0.0011592986582158599,0.01834641269480415,-0.145269067540032,-0.07335112977639974,1,0.07191793776363226
-0.015336680467437136,0.02040567540207189,-0.16348260425549804,-0.08349235667937624,1,0.0799902475761218
-0.014961201139719299,0.019068346789053146,-0.16048596084626346,-0.08573804143317515,1,0.07474791941308831
0.017786394475750367,0.018863851355008125,-0.12733755418006557,-0.05339125686843371,1,0.07394629731163185
-0.02168177524219496,0.018177935638629305,-0.1654613290939084,-0.09420382139048153,1,0.07125750770342687
-0.02079334653498631,0.019318933970511196,-0.16680925711718825,-0.09107903595278438,1,0.07573022116440387
0.03447886061626167,0.023812063867219218,-0.12034358456348801,-0.027000294203988674,1,0.09334329035949934
0.015556511127210085,0.018119051549943317,-0.1281076299106788,-0.057080947834901016,1,0.0710266820757778
-0.012892802542222831,0.018790833338558258,-0.157873635885797,-0.08421356919864866,1,0.07366006668714835
-0.0032002423242159656,0.019162924035194605,-0.1489103734331974,-0.07379171121523453,1,0.07511866221796287
-0.008176973002006066,0.018927889813424522,-0.15342643703631814,-0.079229108967694,1,0.07419732806862414
-0.023301941387069106,0.01763478294069064,-0.16601691595082277,-0.09688856682331545,1,0.06912834912750732
0.0027423484658645886,0.021554602359419393,-0.14765547215859742,-0.06316143090967341,1,0.08449404124892401
-0.019988525215482764,0.018961136599905833,-0.16530315295129822,-0.09097549747966734,1,0.07432765547163088
-0.019491107318157327,0.018700475012619316,-0.1642948383428912,-0.09098897629342348,1,0.07330586204946771
-0.020941166535276542,0.01799029706682001,-0.16435294878624376,-0.09383098428430933,1,0.07052196450193443
-0.024778558559786903,0.0214621907181174,-0.17499525236729702,-0.0908634647522768,1,0.08413178761502021
-0.0429286512960977,0.01732355962963622,-0.1850336281701847,-0.1171252744220107,0,0.067908353748174
-0.01107155627970996,0.018926918496191002,-0.15631911653224434,-0.0821255960271756,1,0.07419352050506874
0.00609131871734625,0.017932440243722102,-0.13720706416034908,-0.06691189840495843,1,0.07029516575539066
-0.01190951092804135,0.019318113958230233,-0.1579238142861726,-0.0821968075699101,1,0.07572700671626251
-0.007231038036556281,0.021245921552834536,-0.15702384428011198,-0.07373983179300059,1,0.0832840124871114
-0.003274547075541534,0.017935555200177113,-0.14657903526788868,-0.0762716588831944,1,0.07030737638469428
-0.006553398684403189,0.01936373271553183,-0.15265711480684557,-0.07675128256196082,1,0.07590583224488476
0.02774595702699857,0.020898880660107342,-0.12136664906681183,-0.03944303687919105,1,0.08192361218762079
0.023259574561771454,0.019345790555529735,-0.12280897492706683,-0.04697347594939027,1,0.07583549897767655
-0.00489790234348339,0.019570308784872717,-0.15140650756183394,-0.07469089712513287,1,0.07671561043670107
0.027297876482004463,0.019777294174184133,-0.11961642009939644,-0.04208942693659464,1,0.07752699316280179
0.0055334176944594055,0.019989867501674908,-0.14179752260882342,-0.06343724200225778,1,0.07836028060656564
-0.036675930370118584,0.018927380119178747,-0.18192439540370892,-0.10772906533652825,1,0.07419533006718067
0.03453095782607796,0.02107181913863812,-0.11492060768565276,-0.03231907666219133,1,0.08260153102346143
0.0005442506869437341,0.018801618058145647,-0.14445772070702173,-0.07075537791909081,1,0.07370234278793092
-0.015257343666005813,0.019598537728816572,-0.1618212776144863,-0.08499500971752533,1,0.07682626789696098
-0.03951135953413727,0.01670877399132516,-0.18041135655713458,-0.11491296251113997,0,0.06549839404599461
-0.04221429802832592,0.019508652814353714,-0.1886020575444592,-0.11212813851219265,0,0.07647391903226654
0.03589121436124501,0.02112480409055704,-0.1136642016562468,-0.030854969621263197,1,0.08280923203498361
-0.023163784771026888,0.01892870761130086,-0.16841485168917658,-0.0942143178528772,1,0.07420053383629938
-0.017100092790874336,0.018619222198117,-0.16174456829918366,-0.08875721728256503,1,0.07298735101661863
-0.023101150190130995,0.019034133111774314,-0.16855885108920865,-0.09394504929105335,1,0.0746138017981553
0.015496597946631982,0.023065079363383964,-0.1378617576056006,-0.047446646501135455,1,0.09041511110446515
0.01182087790176714,0.020398284326328016,-0.13631055937783576,-0.056349284818629955,1,0.0799612745592058
-0.0032964908308414365,0.01988688494957807,-0.15042558533201444,-0.07246899632966843,1,0.07795658900234602
-0.0038486380500198925,0.01923933726971058,-0.14970853909865262,-0.07429033700138717,1,0.07541820209726545
0.01526180173599867,0.020276140546771442,-0.13263023373567337,-0.05314776279232931,1,0.07948247094334407
-0.0061462465429193425,0.018145691872705476,-0.14986260261342207,-0.07873149047241662,1,0.07113111214100545
-0.012743838210203931,0.018901776456308254,-0.15794212006456812,-0.08384715635583975,1,0.07409496370872837
0.02374221499054846,0.018967277262411257,-0.12158444844377761,-0.04723272157512548,1,0.07435172686865213
-0.005441236627971982,0.01844852325838435,-0.1497511422144053,-0.07743293104153867,1,0.07231821117286663
-0.014222136480748632,0.01821169230654011,-0.15806785340156726,-0.08667801955993001,1,0.07138983384163725
0.009879281198876433,0.018727939634907837,-0.13497828048554295,-0.06156475711670421,1,0.07341352336883873
-0.006896660610024127,0.019665684401056444,-0.15359220203609475,-0.0765027191839535,1,0.07708948285214125
-0.0012057672468503838,0.0197821510372753,-0.14812958327990997,-0.07058355121379081,1,0.07754603206611915
0.0033110561422804163,0.01902085681525562,-0.1421206232156206,-0.06755886449981857,1,0.07456175871580203
0.01784876265150072,0.020304230047556635,-0.1300983282417103,-0.05050574645528828,1,0.07959258178642202
-0.00707241345212592,0.018791165842890825,-0.15205389850419193,-0.0783925284000599,1,0.07366137010413203
0.007702042290009092,0.02642177486361872,-0.1522354364426836,-0.04866207897729822,1,0.1035733574653854
-0.0129430329879483,0.018199449434654947,-0.156764753879872,-0.08542291209602461,1,0.07134184178384738
0.005646204283333983,0.01743900315903045,-0.1366850419083657,-0.06832414952496635,1,0.06836089238339935
0.021213027600824608,0.020264165553074417,-0.12665553688320125,-0.04722000791514954,1,0.0794355289680517
-0.02100141925638878,0.01810865396829033,-0.16464518103423784,-0.09365925747853973,1,0.0709859235556981
0.01320767745135909,0.01897646790265736,-0.13213699963784933,-0.05774924545943249,1,0.07438775417841684
-0.012473593302297636,0.019402777340883408,-0.1586538368904291,-0.08259494971416617,1,0.07605888717626294
-0.014595753914814658,0.019085053324034342,-0.16015325842992198,-0.08533984939970735,1,0.07481340903021463
0.0074486958416079,0.020448179401397395,-0.140780535785131,-0.06062367253165321,1,0.08015686325347779
0.00802383990397465,0.019836123222422845,-0.13900576161197414,-0.06124815858007658,1,0.07775760303189756
-0.004319450687053514,0.01830820013186227,-0.14835432294550358,-0.07658617842860346,1,0.07176814451690011
0.02782271724311823,0.020060368647397856,-0.11964640530578158,-0.04100976020798198,1,0.0786366450977996
-0.015152863036723557,0.019314259585865894,-0.1611596118250207,-0.08544771424842641,1,0.07571189757659429
-0.012166391383633138,0.020604186694400985,-0.16070139730465907,-0.07993298546260721,1,0.08076841184205186
0.037794388658676084,0.01904781280918559,-0.10769012444732767,-0.03302269823532016,0,0.0746674262120075
0.0038332087594308423,0.018220947140682734,-0.14003064763630732,-0.068604534844831,1,0.07142611279147631
0.001735349536328798,0.022471766293699975,-0.15046011239932316,-0.06237078852801926,1,0.08808932387130392
0.016117390836543358,0.018936548665607428,-0.1291490445480472,-0.05491777377886609,1,0.07423127076918112
-0.003921848626143518,0.019448853544455816,-0.15019240157327693,-0.07395289567901012,1,0.07623950589426681
-0.006064653039298262,0.01770363800528449,-0.14891458352965586,-0.07951632254894067,1,0.06939826098071519
0.032319118838406435,0.01971104702417345,-0.11446533332897353,-0.03719802899421361,1,0.07726730433475992
-0.0007175325565049601,0.019384698509662304,-0.1468623416354431,-0.07087432347756685,1,0.07598801815787624
0.00012487500220009773,0.018764073260989163,-0.14480350858933866,-0.07124834140626116,1,0.0735551671830775
-0.041159392457368923,0.016973897896585672,-0.18257903233467684,-0.11604135258006101,0,0.06653767975461583
-0.012120172589408867,0.019611722630807377,-0.15870994894579132,-0.08183199623302642,1,0.0768779527127649
-0.005737356287929443,0.018020844934310394,-0.14920901235917783,-0.07856730021668107,1,0.07064171214249676
-0.019286224242427832,0.01788982311659024,-0.1625010775509447,-0.09237297093391098,1,0.07012810661703373
-0.029619553552752045,0.01771012701477556,-0.17248220250171215,-0.10305850460379196,1,0.06942369789792019
-0.00024134319575083718,0.018954656366300296,-0.1455432696736994,-0.07124101671780227,1,0.07430225295589714
0.0377694700970794,0.019682463720270073,-0.10895895879464995,-0.03180370101119126,1,0.07715525778345869
0.02553776511324049,0.020182027770299753,-0.12216980931654703,-0.043056260456972,1,0.07911354885957503
-0.0014159128735570098,0.019613187904383572,-0.1480085611661488,-0.07112486458096522,1,0.07688369658518358
0.02728112728863273,0.019593323275123326,-0.119272586330609,-0.04246675909212556,1,0.07680582723848345
-0.001094997951909954,0.01978313053791816,-0.14802073380622954,-0.07047086209759036,1,0.07754987170863918
0.018065201226511965,0.0185627645539369,-0.12646861729920436,-0.05370258024777172,1,0.07276603705143264
-0.034251239590360125,0.017462282015576775,-0.1766281123408906,-0.10817596683982965,0,0.06845214550106095
0.03843504470896557,0.019824527404214986,-0.10857182900329582,-0.030859681578773064,1,0.07771214742452276
-0.0018827660094615367,0.018694910598191426,-0.14667559078191672,-0.07339154123700635,1,0.07328404954491037
0.0249619828936372,0.02035694417754507,-0.12308842769435115,-0.043289206518374465,1,0.07979922117597668
0.01419355368254753,0.018934168634476684,-0.13106821684102676,-0.05684627579387817,1,0.07422194104714859
-0.010634399482670157,0.019289011873442372,-0.15659166275461722,-0.08097873621072312,1,0.07561292654389411
0.025905177359718895,0.01934393089620116,-0.12015972719683538,-0.04433151808372684,1,0.07582820911310853
0.041742993582766466,0.021296530716962938,-0.10814900662248089,-0.02466660621198618,0,0.0834824004104947
4.793689014417901e-05,0.01835484521097867,-0.14407835972337402,-0.07212736649633764,1,0.07195099322703638
-0.020954467003264046,0.018733753754732862,-0.16582342436254047,-0.09238710964398764,1,0.07343631471855283
-0.028907817102183223,0.018185941426943103,-0.1727030622989917,-0.10141417190537474,1,0.07128889039361697
-0.015779717544154,0.01979516316714296,-0.1627290373517542,-0.0851319977365538,1,0.0775970396152004
0.0019410339996723536,0.018023081198423215,-0.14153500514923717,-0.07088452685141815,1,0.07065047829781902
-0.014944236096528882,0.01684229602735819,-0.15610593631015093,-0.09008413588290684,1,0.06602180042724409
0.01237417365251084,0.020829728929683437,-0.13660289504966872,-0.05495035764530963,1,0.08165253740435909
-0.025392595881054345,0.018809304225828848,-0.17040963216367888,-0.09667715959842982,1,0.07373247256524906
0.002642428798708296,0.020838790066351937,-0.1463523997313415,-0.06466434267124191,1,0.0816880570600996
0.009615049863201913,0.01848635073697102,-0.1347689975812613,-0.06230250269233489,1,0.0724664948889264
-0.019118279607979974,0.017684301795532723,-0.1619303111272241,-0.09260784808873584,1,0.06932246303848827
-0.0260385560260651,0.0192950017573178,-0.172007559470408,-0.09637115258172221,1,0.07563640688868578
-0.008719334918415172,0.01987731852670256,-0.1558296792307522,-0.07791059060607816,1,0.07791908862467403
-0.003036709233687998,0.017926189944489274,-0.14632284152488698,-0.07605217694248903,1,0.07027066458239795
-0.004356142520105466,0.01940128057104314,-0.15053345243935,-0.07448043260086092,1,0.0760530198384891
0.009534698806417163,0.021005723468421417,-0.13978731919168882,-0.057444883195476866,1,0.08234243599621197
0.004322185289167141,0.02022904953606592,-0.14347755180152205,-0.06417967762014366,1,0.07929787418137839
-0.01442632624417331,0.02023946846063764,-0.16224648442702308,-0.08290776806132355,1,0.07933871636569953
0.0011612435513393832,0.0181834002682658,-0.1426290209744616,-0.07135009192285965,1,0.07127892905160194
-0.028890701218368856,0.01841182651235722,-0.173128681182589,-0.10095432125414872,1,0.07217435992844029
-0.043905631383874336,0.01787088959184552,-0.18708337498389155,-0.11702948778385712,0,0.07005388720003443
0.03242241219569371,0.01930917224972361,-0.11357436541376456,-0.037882410194848025,1,0.07569195521891653
0.0037324470266483223,0.021178111935866197,-0.14592745236764942,-0.06290925357905394,1,0.08301819878859548
-0.002974736882840112,0.01926308944726478,-0.1488811921994791,-0.07336988156620114,1,0.07551131063327796
0.02473413972628269,0.0209132871568838,-0.12440670310120956,-0.04242661744622507,1,0.08198008565498449
-0.0013200723456714414,0.018705581741769447,-0.14613381255953956,-0.07280793213180334,1,0.07332588042773622
0.022657233091588264,0.019839577776078747,-0.12437913934952609,-0.046607994467297395,1,0.0777711448822287
0.01303416454894421,0.02065277512367847,-0.1355960746934656,-0.054637196208645995,1,0.08095887848481961
-0.006397832595246233,0.02028369977133192,-0.1543046841470568,-0.07479258104343567,1,0.07951210310362114
-0.015648293051844522,0.019606873753967868,-0.16222856560962154,-0.08536962049406752,1,0.07685894511555402
-0.014320039131239207,0.019593133838376832,-0.1608733814544578,-0.08406829680802062,1,0.07680508464643716
0.008306229442113705,0.019396997437494724,-0.13786268553537595,-0.06182645558039664,1,0.0760362299549793
-0.00026317257471952793,0.018638162500510595,-0.1449447710757203,-0.07188317407371878,1,0.07306159700200152
0.014059602571362836,0.021102428723796265,-0.13545195772727786,-0.05273043712999649,1,0.08272152059728137
0.012573990102184435,0.018576133618165035,-0.13198603178941903,-0.0591675880062121,1,0.07281844378320693
-0.013700858271966404,0.019156139078983156,-0.1593976908667734,-0.08430562567715942,1,0.07509206518961399
-0.025449849977273356,0.018006816107861534,-0.16889400954868197,-0.09830729040586475,1,0.07058671914281722
-0.006549396827527101,0.01893912993762839,-0.15182089150527875,-0.07757950214977546,1,0.07424138935550328
-0.02085782890803177,0.0187836390984281,-0.16582456154095085,-0.0921926962751127,1,0.07363186526583815
-0.012290256133729388,0.017940203821273672,-0.1556038556234258,-0.08527825664403299,1,0.0703255989793928
-0.020847702681420097,0.018029991868896523,-0.1643372867444573,-0.09365971861838292,1,0.07067756812607438
0.015887718534886866,0.018566986130674274,-0.12865437428123472,-0.05587178864899156,1,0.07278258563224316
0.008103293985473173,0.018220803672009483,-0.13576028121166542,-0.06433473081738825,1,0.07142555039427717
-0.010777768500498719,0.02121247810763384,-0.16050502559146104,-0.0773521114095364,1,0.08315291418192464
-0.0015916967478242366,0.018005820564068194,-0.14503390505339792,-0.07445108844225058,1,0.07058281661114733
-0.002787234679662326,0.018932693781353697,-0.14804611449111557,-0.07382995486820909,1,0.07421615962290648
0.003452881412638706,0.018899492320894166,-0.14174092353631387,-0.06765491363840873,1,0.07408600989790515
0.0002873414849089706,0.019643938376688302,-0.14636557773340012,-0.06936133929678195,1,0.07700423843661816
-0.006036800241426971,0.0197914840118599,-0.1529789089046724,-0.07539629157818156,1,0.07758261732649083
-0.02212763797110605,0.01995198572142525,-0.16938432998509956,-0.09117254595711256,1,0.078211784027987
-0.004279869446759024,0.017368517220319506,-0.14647296319858527,-0.0783883756949328,1,0.06808458750365247
0.016523741668760264,0.02046816926594925,-0.13174467009250027,-0.05150944656997921,1,0.08023522352252105
0.002128313341447835,0.020031515220667682,-0.14528425649106083,-0.06676071682604351,1,0.07852353966501732
-0.012945710940750144,0.018527425240357734,-0.1574102644118513,-0.084782757469649,1,0.0726275069422023
0.0027742522036573597,0.01876746275407019,-0.1421607747943202,-0.06859232079836508,1,0.07356845399595513
0.003588908304041752,0.020219758781535452,-0.14419261890776774,-0.06493116448414876,1,0.07926145442361898
-0.029283679832265833,0.017757683341668454,-0.17223953918193602,-0.10262942048259567,1,0.06961011869934035
0.004173421132600275,0.019664503806021742,-0.14251980632720235,-0.06543495140759711,1,0.07708485491960523
-0.003959360916517218,0.018056849738579524,-0.14750158640413308,-0.07671873542890136,1,0.07078285097523172
0.019744703719362308,0.020205925008887182,-0.12800970929805658,-0.04880248326321882,1,0.07920722603483776
0.01954334496032603,0.02082016044207664,-0.12941496950614417,-0.04779994057320376,1,0.08161502893294041
0.011940027838738307,0.02012799397635051,-0.13566164035490869,-0.0567599039676147,1,0.07890173638729399
-0.006005395803385036,0.01799181155625034,-0.14942014645363572,-0.07889224515313437,1,0.07052790130050135
0.01388514227216929,0.020337808949502816,-0.13412776326885623,-0.0544035521868052,1,0.07972421108205102
-0.025084139727166235,0.017628319811937822,-0.16778644655856437,-0.09868343289576811,1,0.06910301366279625
-0.01435897703470547,0.017998211101389088,-0.15778627079342808,-0.08723328327598287,1,0.07055298751744521
0.014867806931789462,0.01908800163614523,-0.13069547627505518,-0.055870509861365894,1,0.07482496641368928
0.020212397464443824,0.020947260835136594,-0.1289950337724239,-0.04688177129868846,1,0.08211326247373546
0.01583553648096013,0.018801645290340892,-0.12916648828810803,-0.055464038749971724,1,0.07370244953813632
0.00028123324819911977,0.01920358782223923,-0.14550859888338977,-0.070230534620212,1,0.07527806426317776
0.02116553662557212,0.018601503867695428,-0.12344421095511092,-0.05052631579374485,1,0.07291789516136607
-0.036429411081796245,0.017654835054986027,-0.17918368778956886,-0.10997673437402364,0,0.06920695341554522
0.020700629371487214,0.022316162835794445,-0.1311898497866699,-0.04371049147035568,1,0.0874793583163142
-0.029635460981154535,0.0214081012056016,-0.1797461393441337,-0.0958263826181754,1,0.08391975672595829
0.030125106913293676,0.022465870451743582,-0.12205879917212376,-0.03399258700128891,1,0.08806621217083485
0.02329904334647946,0.019265136754330416,-0.12261142469200816,-0.04709208861503293,1,0.07551933607697522
0.02201314594892785,0.0207426915491253,-0.12679332948735775,-0.04548197861478656,1,0.08131135087257119
0.0060878459467643,0.021100304177997607,-0.143419550242111,-0.0607063578643604,1,0.0827131923777506
0.01684543161565534,0.020036199176228273,-0.13057631876975206,-0.05203441799893725,1,0.07854190077081481
-0.010352652732655537,0.016615300605401857,-0.15106944191924318,-0.0859374635460679,1,0.06513197837317528
0.025278193807918445,0.020467441787445178,-0.12298879209547411,-0.042756420288689014,1,0.08023237180678511
-0.014889730909940446,0.019825924312053152,-0.16189934256156463,-0.08418171925831627,1,0.07771762330324836
0.030862107747633982,0.021109914528668776,-0.11866412472855682,-0.035913259776175224,1,0.0827508649523816
0.030875559125700586,0.022643880002779407,-0.12165724567974706,-0.032893236068851785,1,0.08876400961089528
-0.02705226961233949,0.018936899384938775,-0.17231939240681948,-0.0980867468178595,1,0.07423264558895998
0.013309091974976692,0.019994332142687386,-0.13403059902469058,-0.05565281702535604,1,0.07837778199933454
-0.03168990447244892,0.019179449737455695,-0.17743242595786207,-0.10224898298703576,1,0.07518344297082631
-0.02051659091746548,0.017662895695340138,-0.16328666648033216,-0.09404811535459881,1,0.06923855112573335
0.01882782623029222,0.01953421704305092,-0.1276100391740876,-0.05103590836532798,1,0.0765741308087596
-0.019561190645043733,0.017221705623592494,-0.16146653366728503,-0.09395744762280245,1,0.06750908604448258
0.007300245708311975,0.020149051226653298,-0.1403426946959285,-0.06135841388744757,1,0.07898428080848094
-0.006556771636696684,0.018590585253466418,-0.15114511873349087,-0.0782700245399025,1,0.07287509419358837
-0.0029271806255299765,0.01826280397982048,-0.14687307642597813,-0.07528288482508184,1,0.07159019160089629
0.0006135093866804914,0.019742278428453205,-0.14623215633308778,-0.06884242489355123,1,0.07738973143953655
0.0052929173594603585,0.01963818811669181,-0.1413487313492556,-0.06436703393182369,1,0.07698169741743191
-0.0030700122261063945,0.016341659948154272,-0.14325046572448877,-0.07919115872772403,1,0.06405930699676474
0.013631785075303965,0.02205550948908203,-0.13774781352329682,-0.05129021632609526,1,0.08645759719720156
0.011483949982388747,0.01764413860085239,-0.13124936167528195,-0.06208433835994058,1,0.06916502331534137
0.02575043194845933,0.021931990645732855,-0.12538706971717706,-0.03941366638590428,1,0.08597340333127278
0.02923265121756051,0.02238444258244,-0.12279165624402189,-0.0350446413208571,1,0.08774701492316478
0.02709264484447023,0.01860792684800525,-0.11752969177762007,-0.04458661853343949,1,0.07294307324418059
-0.029240420405620124,0.017663871514275648,-0.1720124085736004,-0.10277003223763986,1,0.06924237633596053
0.01754599314867701,0.020759060061064746,-0.1312925645710099,-0.04991704913163609,1,0.08137551543937382
-0.011648584347751581,0.019221751668010125,-0.15747401761705143,-0.08212475107845174,1,0.07534926653859969
0.0007964754665606144,0.019225215583740934,-0.1450357470775716,-0.06967290198930716,1,0.07536284508826445
-0.0008113109326225998,0.019338103008604213,-0.14686479282948686,-0.07105942903575835,1,0.07580536379372851
-0.007228256578615019,0.018583756993411766,-0.1518032202857021,-0.07895489287152796,1,0.07284832741417413
0.07393939329627786,0.021277671689523023,-0.07591564321518729,0.007492829807742969,0,0.08340847302293025
0.011771451064629374,0.02088371771280513,-0.13731143565246867,-0.05544726221827258,1,0.0818641734341961
0.008809566546186628,0.01882488031126287,-0.1362379988638886,-0.062444468043738155,1,0.07379353082015044
0.02822826217985465,0.01983764789585965,-0.11880432769603028,-0.04104074794426044,1,0.07776357975176984
0.012732869282640502,0.019466134666404393,-0.13357155466351212,-0.05726430677120689,1,0.07630724789230522
-0.02259321281021269,0.018814530861176373,-0.1676204932981184,-0.093867532322307,1,0.0737529609758114
-0.0021892743358937344,0.018289808918937677,-0.14618809981701159,-0.0744920488547759,1,0.07169605096223569
0.003658248064670147,0.019859033384528334,-0.1434162573690054,-0.06556884650165432,1,0.07784741086735109
-0.013292524416401302,0.01943215570561657,-0.1595303495994098,-0.08335629923339283,1,0.07617405036601696
-0.012970195060008849,0.027398148636984136,-0.17482136638849777,-0.06742062373151994,1,0.10740074265697783
0.011867564679232126,0.018639267876202743,-0.13281620035812525,-0.059750270283410505,1,0.07306593007471474
0.013693861254525097,0.019421211427534696,-0.1325225131434429,-0.056391364347506905,1,0.076131148795936
0.015118873105979216,0.01947107068356067,-0.1311952254337997,-0.054868628354241875,1,0.07632659707955781
0.014295028480673655,0.019656809790324588,-0.13238311870836256,-0.05532842433029016,1,0.0770546943780724
-0.016008949730949268,0.01935272393295136,-0.16209108863953395,-0.0862284108223646,1,0.07586267781716935
-0.027794955016150827,0.021460499417473078,-0.17800833387439807,-0.09388317615790359,1,0.08412515771649448
0.005689392418770811,0.018478092399234383,-0.13867846868372857,-0.0662443464787298,1,0.07243412220499877
-0.034021663059836074,0.01818225535295831,-0.17780968355163437,-0.10653524256803779,1,0.07127444098359659
-0.02500478358164253,0.018654437727887357,-0.16971828152830176,-0.0965928856349833,1,0.07312539589331846
-0.0037401950064925443,0.01855733271253778,-0.1482633671230666,-0.07551862288991851,1,0.07274474423314808
-0.01148847110571262,0.01762766425106161,-0.1541894930377934,-0.08508904917363186,1,0.06910044386416153
-0.02352017693735263,0.01769111708949713,-0.16634556643276702,-0.09699638744193825,1,0.06934917899082876
0.002988735182201274,0.019462788330867842,-0.14330912994629968,-0.06701499968929776,1,0.07629413025700192
0.01875965405174196,0.020669567514267146,-0.12990349827622166,-0.048878793620294445,1,0.08102470465592722
0.006941507738678493,0.019425567379513353,-0.13928340432516767,-0.06313518019747534,1,0.07614822412769233
-0.03974179521995215,0.0178593735542301,-0.18289696738624314,-0.11288822305366117,0,0.07000874433258197
0.03245473274327422,0.024239223038670377,-0.12320494441251972,-0.028187190100931847,1,0.09501775431158788
-0.004913114104486041,0.019876530427139154,-0.15202191374167878,-0.07410591446729331,1,0.07791599927438547
0.024010244519889506,0.020269285298496652,-0.12386835466516394,-0.04441275629505706,1,0.07945559837010688
0.005573293738479146,0.020671216507927012,-0.1430930906170578,-0.06206192190598392,1,0.08103116871107388
-0.005010128423677623,0.018267787299452568,-0.14896579153060466,-0.0773560653167506,1,0.07160972621385406
0.0011832005164415654,0.023234087810744167,-0.15250641159261702,-0.061428787374499874,1,0.09107762421811715
0.00813754872158233,0.019499052862349806,-0.1382313948886233,-0.06179510766821206,1,0.07643628722041124
-0.017372667188006605,0.01881582351241204,-0.1624024812723342,-0.08864445310367902,1,0.07375802816865518
-0.0010403035706047226,0.021541332084940388,-0.15141211445708788,-0.06697009268412157,1,0.08444202177296631
0.021195003163570883,0.019065041816961205,-0.12432327879767308,-0.04958831487518516,1,0.07473496392248791
-0.025547920429322427,0.018274327293106792,-0.16951640192381173,-0.09788103893483312,1,0.07163536298897862
0.027972345142882257,0.021779198685572255,-0.12286568428083937,-0.03749122543339613,1,0.08537445884744324
-0.0073210567616337485,0.019071515872225997,-0.1528520278711967,-0.07809168565207081,1,0.07476034221912589
0.00799851233670014,0.020163900524556445,-0.1396735326914305,-0.06063104263516923,1,0.07904249005626128
-0.014145866172723384,0.020660984149350484,-0.16279219510545034,-0.08180113723999644,1,0.08099105786545391
0.0069859157124688015,0.019082877447840145,-0.13856732408529787,-0.06376244448976452,1,0.07480487959553335
0.0362774120280967,0.019564855971359,-0.11022050567576694,-0.033526270268039664,1,0.07669423540772727
0.031480519568896775,0.023332004380093446,-0.12240100901608639,-0.03093955184612008,1,0.09146145716996631
-0.060218877466741136,0.017294955144614634,-0.20226778955018582,-0.13447156538329647,0,0.06779622416688935
-0.011233086046520721,0.019313754516456717,-0.15723884489877588,-0.08152892719426556,1,0.07570991770451031
-0.03133086851448365,0.01840441341521423,-0.17555431880830355,-0.10340901822066376,1,0.0721453005876398
-0.024841429279290936,0.01874096576413907,-0.1697245221770035,-0.09625993638157837,1,0.07346458579542514
0.008998561977512698,0.017871471168780028,-0.13418032151329617,-0.06412415453167845,1,0.07005616698161772
0.0013351756606941462,0.01828247123432346,-0.14264926795857985,-0.07098198072003187,1,0.07166728723854798
0.03439062973577939,0.021312073133345336,-0.11553183360557748,-0.03198850692286376,1,0.08354332668271372
0.010180101077575582,0.02091092257212565,-0.1389561071637907,-0.05698529068105815,1,0.08197081648273255
-0.003307601943270483,0.018739540345122145,-0.14818790101970988,-0.07472890286683109,1,0.07345899815287879
0.008347684163912586,0.01851718395891498,-0.13609679639556077,-0.06350943527661405,1,0.07258736111894672
-0.019136111788382884,0.018804138262393428,-0.164143022782674,-0.09043080079409177,1,0.07371222198858224
-0.010951935881710367,0.01784679325107212,-0.15408245065381174,-0.08412302110960901,1,0.06995942954420273
-0.027902560006853913,0.0180694045126856,-0.1714693928517177,-0.10063732716199014,1,0.07083206568972755
-0.041831924350165264,0.01794403135463961,-0.1851530258052589,-0.11481242289507164,0,0.07034060291018725
0.01121067659028624,0.021582624093958225,-0.1392420666338719,-0.05463818018555565,1,0.08460388644831625
0.018237485116429905,0.022204238031088144,-0.13343362142450285,-0.04639300834263734,1,0.0870406130818655
-0.00038888953329656306,0.01853209828096953,-0.14486260216399685,-0.07221677690259629,1,0.07264582526140057
-0.002284417872306821,0.01833154655881812,-0.14636504912759035,-0.0745053866170233,1,0.07185966251056705
0.011139171962676511,0.019334541281223187,-0.13490732894852095,-0.059115927126126046,1,0.07579140182239491
0.01477409209538412,0.019998186300714,-0.13257315305401532,-0.054180262755216445,1,0.07839289029879887
0.010813765610437967,0.021520726187559677,-0.139517657717179,-0.05515641106194507,1,0.08436124665523392
-0.04885475690214032,0.017138213026886544,-0.19059645443483794,-0.12341465936944271,0,0.06718179506539523
-0.008302277759500723,0.018601531602459743,-0.15291207970032183,-0.07999407581867964,1,0.0729180038816422
-0.0033910875248895217,0.017600410720810464,-0.14603869253767804,-0.07704508251210102,1,0.06899361002557702
0.00583139970689843,0.02106042489238492,-0.14359783308217602,-0.061040967504027134,1,0.0825568655781489
0.0014666353496215062,0.01757338209742354,-0.14112799356132863,-0.07224033573942837,1,0.06888765782190026
0.022760185926050946,0.018723737927852,-0.12208914041253899,-0.04869208773535914,1,0.07339705267717986
0.017952733628347123,0.01977962825511282,-0.128966137751674,-0.051429994991631756,1,0.07753614276004225
-0.008534330806452314,0.01649945187073576,-0.1490240564730944,-0.08434620513981023,1,0.06467785133328419
-0.03205809054708118,0.017585890048376067,-0.17467723504189828,-0.1057405460522641,1,0.06893668898963418
-0.00896698874715017,0.01866955482716845,-0.15371011620840033,-0.08052546128590002,1,0.07318465492250031
-0.028384074225752717,0.018230751692107996,-0.1722671475422844,-0.10080260090922105,1,0.07146454663306334
0.0020547868130295632,0.018719204832595867,-0.14278565465885834,-0.06940637171508254,1,0.0733792829437758
0.02006401839203245,0.0187676037607187,-0.1248712849789762,-0.051302278236958904,1,0.0735690067420173
-0.007967873446662221,0.019164061237691613,-0.15368023347253779,-0.07855711342078667,1,0.07512312005175112
-0.013054760865778253,0.02571204003540069,-0.17160115933516362,-0.0708099623963929,1,0.10079119693877073
-0.0054609732659620935,0.017025432717163908,-0.14698162139160337,-0.08024192514032083,1,0.06673969625128254
0.007512432393372931,0.01926076321550473,-0.13838946350901635,-0.0628872717042378,1,0.07550219180477855
0.014567285816644696,0.019379929653739924,-0.13156817630468556,-0.05559885206202506,1,0.07596932424266051
0.0010242873314804946,0.019256558036971943,-0.14486936642098452,-0.0693836589160545,1,0.07548570750493003
-0.004019002491470719,0.019539844998435,-0.15046789868840332,-0.07387170629453813,1,0.0765961923938652
-0.023058058612539553,0.018269867608346656,-0.167017799124899,-0.09539991810018011,1,0.07161788102471889
0.014063877523138299,0.01922248373243094,-0.13176299059242635,-0.056410854361297065,1,0.0753521362311293
0.0015929047588572331,0.01861470668844739,-0.14304272035049964,-0.07007307013178589,1,0.07296965021871375
-0.013720295692020268,0.018064215526793197,-0.15727695812453493,-0.08646523325950561,1,0.07081172486502932
-0.030300984757584623,0.018021582360275932,-0.17377408618372545,-0.10312948333144381,1,0.07064460285228163
-0.012459012049324064,0.018905053681310107,-0.1576637172646919,-0.08355590683395625,1,0.07410781043073564
0.006925039900666702,0.017736849678421235,-0.13598998546903893,-0.06646153472962768,1,0.06952845073941125
-0.028764209318723602,0.018527819575325986,-0.17322953568636254,-0.10060048295108467,1,0.07262905273527787
-0.03912768805121909,0.016953295626258413,-0.1805069474786856,-0.1140500286237526,0,0.06645691885493299
0.0007326931448764507,0.021454100680345662,-0.14946814418860105,-0.06536806952164606,1,0.08410007466695499
-0.006269295524860316,0.020664770599785713,-0.15492304590044031,-0.07391714514928033,1,0.08100590075115999
-0.01944669095578301,0.01726908810316676,-0.16144490363798986,-0.09375007827357618,1,0.06769482536441368
-0.004600002748929133,0.019869495468746556,-0.1516950138676724,-0.07380659163018588,1,0.07788842223748652
0.007008770543752804,0.01914519948418993,-0.13866662044525946,-0.06361743846723494,1,0.07504918197802452
-0.004111767483094081,0.018597708356611953,-0.1487140758620535,-0.07581105910413466,1,0.07290301675791885
-0.016495064710207813,0.018172740589393586,-0.16026443626541925,-0.08902729315499638,1,0.07123714311042287
-0.0009137698870694821,0.018327456436283796,-0.14498638450218573,-0.07314275527195324,1,0.07184362923023249
0.0029935744029187805,0.01982329429397495,-0.14401088241327212,-0.06630356878089033,1,0.07770731363238179
-0.03781471960140047,0.01860698405530768,-0.18243520834980353,-0.10949583085299743,0,0.07293937749680611
-0.014867002594854267,0.018646313953641983,-0.15956457794399256,-0.08647102724571598,1,0.07309355069827658
0.03344483815591609,0.020439829200897337,-0.1147680270778427,-0.03464389661032514,1,0.08012413046751757
0.015637183394839438,0.017421758543094086,-0.126660263349625,-0.05836696986069616,1,0.06829329348892883
0.02302787097527352,0.02106827822162244,-0.12641675433910646,-0.043829103710346505,1,0.08258765062875995
-0.019979656587654396,0.018327928619008994,-0.16405319668091203,-0.09220771649439677,1,0.07184548018651526
0.010568002526150325,0.020282067186393728,-0.1373356491591814,-0.057829945788517974,1,0.07950570337066343
-0.037327844460643037,0.017786447315723108,-0.18034008119946032,-0.11061720772182576,0,0.06972287347763456
-0.0034543380632565956,0.0179205393016114,-0.14672939509441493,-0.07648088103209827,1,0.07024851406231666
-0.010547499841792846,0.01863453215975834,-0.1552219828749192,-0.0821746168086665,1,0.0730473660662527
0.0018980989302443962,0.01994021023947831,-0.1453355131391331,-0.06716988900037812,1,0.07816562413875497
-0.006552952952850605,0.018788370650758012,-0.15152895942833633,-0.0778785464773649,1,0.07365041295097143
0.03708303699123995,0.019630615013366676,-0.10954376843495875,-0.032591757582561366,1,0.07695201085239739
0.01883304122547766,0.022949479037359923,-0.1342987376877478,-0.0443367798612969,1,0.0899619578264509
-0.014310263151808195,0.01877138760173724,-0.1592529828512132,-0.0856691434524032,1,0.07358383939881
-0.00827654805549874,0.020688852771767522,-0.15697749948816309,-0.0758771966228344,1,0.08110030286532868
0.015402899426738073,0.020868983888131878,-0.1336511089940004,-0.05184469215252345,1,0.08180641684147695
-0.011344777071481071,0.0205509388424178,-0.15977541720261995,-0.07921573694034219,1,0.08055968026227776
-0.03003541445211881,0.01656795253906185,-0.17065940142868005,-0.10571302747555758,1,0.06494637395312247
-0.03065362439604548,0.01710779846824605,-0.17233570939380774,-0.10527313939828323,1,0.06706256999552451
0.0062199839689792286,0.019430938694862492,-0.14001545587295128,-0.06384617618909029,1,0.07616927968386099
-0.01989076357121357,0.018316664934669564,-0.16394222684316592,-0.09214090029926122,1,0.0718013265439047
-0.002377226588132539,0.020734239816047256,-0.15116713662758516,-0.06988891654867993,1,0.08127822007890523
-0.019638384786507798,0.01826568439128966,-0.16358992619343554,-0.09198844337958006,1,0.07160148281385548
0.0009615692913564206,0.019248481755749586,-0.14491625494991278,-0.06946220646737439,1,0.0754540484825384
0.028042337960985583,0.019380932958227515,-0.11809509063714035,-0.0421218334408885,1,0.07597325719625186
-0.0014866855963012598,0.020199217784792615,-0.14922795245449477,-0.07004701873810774,1,0.07918093371638703
-0.016532928989377027,0.019137297114533332,-0.16219283133386236,-0.0871746266448917,1,0.07501820468897066
0.007363529730279622,0.020577473979720387,-0.14111911926997234,-0.06045542126946842,1,0.08066369800050391
0.020141777730046787,0.018946030846414382,-0.1251432427289254,-0.05087480181098103,1,0.07426844091794438
0.011475558580580525,0.019769092268845198,-0.13542266226635608,-0.05792782057248289,1,0.07749484169387319
-0.020565230478046828,0.01850732621323064,-0.1649903898559789,-0.09244167110011478,1,0.0725487187558641
0.02410824329166872,0.02019018615796669,-0.123615321577946,-0.04446979183871658,1,0.07914552973922942
-0.010686858649169781,0.019202037767916045,-0.15647365267428523,-0.08120166462405434,1,0.07527198805023089
0.01841523372840935,0.020986217506155775,-0.13086855258365598,-0.048602579959525334,1,0.08226597262413066
-0.001445915465033143,0.018708517157688218,-0.14626540909410204,-0.07292802183596425,1,0.07333738725813779
-0.004619524626489652,0.02023337332757456,-0.1524277363485358,-0.07311291290444352,1,0.07931482344409227
0.024124712669489956,0.018832544078965913,-0.12093787372528324,-0.04711430093573686,1,0.07382357278954638
-0.02554900432803907,0.018252370160795,-0.16947444984319726,-0.09792515881288089,1,0.07154929103031638
-0.00833491994629787,0.01897735020133262,-0.1536813263409098,-0.07929011355168594,1,0.07439121278922387
-0.015548782563462399,0.019102186995661147,-0.16113986907495825,-0.08625929605196656,1,0.0748805730229917
-0.008757677372812203,0.018712608282238,-0.15358518960599868,-0.08023176513962574,1,0.07335342446637294
-0.0026119947406625654,0.018443804522849366,-0.14691265160544734,-0.0746129378758778,1,0.07229971372956953
0.0438746116477243,0.022623321181676495,-0.10861789786836164,-0.019934478836189776,1,0.08868341903217186
-0.022929511945299588,0.018155229262494688,-0.16666456129978918,-0.09549606259081,1,0.07116849870897918
-0.003154792428716635,0.023818960902468645,-0.15799075579755517,-0.0646204290598781,1,0.09337032673767708
0.026846713210538123,0.019695895617536388,-0.1199080421998332,-0.04270013137909056,1,0.07720791082074263
0.02050750533865016,0.018213894496790815,-0.12334252787505984,-0.05194406144763985,1,0.07139846642741998
-0.02558921571520832,0.019490792797086386,-0.17194196959749763,-0.09553806183291902,1,0.07640390776457862
0.004003809268357084,0.01920209503420163,-0.1417830969986781,-0.06651088446460773,1,0.07527221253407038
0.020447088624530013,0.01957255304155114,-0.12606591533691022,-0.049341507414029755,1,0.07672440792288046
-0.041951186226495255,0.01842446895126304,-0.1862139453709708,-0.1139900270820197,0,0.0722239182889511
0.02731734687895264,0.02065477779154014,-0.12131681759246604,-0.04035008864962869,1,0.08096672894283735
0.0023122669700545995,0.019086616704559176,-0.14324830177088138,-0.06842876428900943,1,0.07481953748187195
0.010871838029305192,0.01983212459716632,-0.1361499261811408,-0.058407997760248825,1,0.07774192842089198
0.02737180765738917,0.0225977394105344,-0.12507056158725827,-0.03648742309796341,1,0.08858313848929486
0.014394875010753344,0.022689546109548396,-0.1382274353639615,-0.049284414614531806,1,0.0889430207494297
0.009729656054233635,0.0182660700752809,-0.13422264129331693,-0.06261964659821581,1,0.07160299469510112
-0.02762036216355264,0.018268149881497865,-0.17157673593128847,-0.09996558839581683,1,0.07161114753547164
-0.033201676890123086,0.017669464676379004,-0.17598462765582595,-0.10672032612442024,1,0.06926430153140571
0.0007712152636000502,0.019435243020067428,-0.14547266105573212,-0.0692865084170678,1,0.07618615263866432
-0.04022344962606757,0.018462594346870618,-0.18456093454593397,-0.11218756470620117,0,0.0723733698397328
-0.002288814604607961,0.02006148845669434,-0.14976013197972887,-0.07111909722948706,1,0.07864103475024181
-0.011558631101713596,0.018680312476375204,-0.15632284355540899,-0.0830960186480182,1,0.07322682490739078
-0.004768567192278125,0.01875955866986645,-0.1496881021852164,-0.07615063219933989,1,0.0735374699858765
0.03054662838712903,0.02114887176807392,-0.11905596027829586,-0.03615238294744609,1,0.08290357733084977
-0.0020049475451771742,0.019042941660759812,-0.1474799132002664,-0.07283158189008795,1,0.07464833131017845
0.018839365922520696,0.020900038320422372,-0.13027550918550715,-0.048347358969451464,1,0.08192815021605568
-0.0378044851292572,0.018017207928817416,-0.18126901266973933,-0.11064155758877507,0,0.07062745508096425
-0.04307894027117383,0.02218211017230224,-0.1947066762088862,-0.10775280433346145,1,0.08695387187542476
-0.00018095399826791037,0.02138093020746847,-0.15023837720490613,-0.06642513079162972,1,0.08381324641327641
0.0031887494702465408,0.018840449308221853,-0.1418893311738683,-0.06803476988563864,1,0.07385456128822965
-0.02194776971945446,0.0191008609257331,-0.16753625713389134,-0.0926608823050176,1,0.07487537482887374
0.026486040039839107,0.019407375828446195,-0.11970321658391544,-0.04362630333640636,1,0.07607691324750909
0.00890982436693312,0.019298622682268236,-0.13706627609031263,-0.061415675175821145,1,0.0756506009144915
-0.010250742305223978,0.017548691490173456,-0.15279697762596395,-0.08400610698448402,1,0.06879087064147993
0.007442056040714767,0.019552603389455744,-0.1390318466026185,-0.06238564131595198,1,0.07664620528666652
-0.03898814193385851,0.017508287281718125,-0.18145518500602603,-0.112822698861691,0,0.06863248614433504
-0.0020014958852690307,0.019027099050370252,-0.14744541002399472,-0.07285918174654335,1,0.07458622827745137
0.03892972252650849,0.022510971712960716,-0.11334258203089452,-0.02509957291608851,1,0.08824300911480601
-0.02202648935837738,0.018192623696282707,-0.1658348318030915,-0.09451974691366327,1,0.07131508488942823
0.03243353535093371,0.02277897462395825,-0.12036405491202445,-0.031070474386108125,1,0.08929358052591632
0.006854424655756322,0.019272844901319804,-0.1390711513508305,-0.06352159933765686,1,0.07554955201317365
0.0019279629778859997,0.018398246703912876,-0.14228340056178324,-0.07016227348244478,1,0.07212112707933846
0.010509043522044764,0.020202383918111747,-0.13723842895745425,-0.05804508399845622,1,0.07919334495899803
0.019319224221946873,0.018521153787557015,-0.12513303720166488,-0.05253011435444138,1,0.0726029228472235
-0.013385972031099758,0.018980978490781508,-0.15873948987303152,-0.084334054189168,1,0.07440543568386351
-0.020076990735803393,0.01910748398390287,-0.16567845934425302,-0.09077712212735378,1,0.07490133721689923
-0.020318458311568546,0.018449580874775166,-0.16463043682612788,-0.09230807979700922,1,0.07232235702911866
-0.0023471083128115966,0.02023528968784937,-0.15015907610099638,-0.07083674052462684,1,0.07932233557636954
-0.021450460163180876,0.018836488007584008,-0.16652077665804554,-0.09268174366831622,1,0.07383903298972933
0.01471771736364122,0.019737330979614425,-0.13211825135640307,-0.05474791391631451,1,0.07737033744008856
0.02310294515256911,0.020210653605337074,-0.12466073591389157,-0.04543497378097023,1,0.07922576213292135
-0.01563037522330596,0.020421388734126775,-0.16380709714219444,-0.08375525330441749,1,0.08005184383777694
0.03110594210456842,0.022798905683886123,-0.12173071303584838,-0.032359002755014785,1,0.0893717102808336
0.011839869522206434,0.021489063589933684,-0.1384294951140636,-0.05419236584152355,1,0.08423712927254005
0.0010044764016923363,0.021504635206525367,-0.1492954086030974,-0.06499723859351794,1,0.08429817000957945
-0.026125149481143292,0.018423557558870717,-0.1703861222965299,-0.09816577666575668,1,0.07222034563077323
-0.008578120795226518,0.01908175940912254,-0.1541291692371067,-0.07932867235334634,1,0.07480049688376036
-0.002061390699266613,0.020622546779156817,-0.15063238238641397,-0.06979199901211926,1,0.08084038337429471
0.019660319394578546,0.018941285027623267,-0.12561539925956305,-0.05136556195127986,1,0.07424983730828319
-0.02391996626009972,0.01954886326713555,-0.1703865382636854,-0.09375499425651404,1,0.07663154400717137
-0.016346905284156263,0.018421342893982125,-0.16060353735636124,-0.0883918732119513,1,0.07221166414440994
-0.026825473684591553,0.01893750753166578,-0.1720937884466565,-0.09785875892252663,1,0.07423502952412986
0.004832993758679821,0.019942765038748676,-0.1424056257172676,-0.06422998676537278,1,0.0781756389518948
-0.02348265278901253,0.019216740129636353,-0.16929826344309978,-0.09396864213492528,1,0.0753296213081745
0.05138896232458692,0.02260277758735873,-0.10106328174663619,-0.012460393604189976,0,0.08860288814244621
0.0336745752121685,0.02033429134859024,-0.11433143583106838,-0.03462101374459463,1,0.07971042208647375
-0.014738542818574785,0.018526394890792573,-0.15920107680452822,-0.08657760883262135,1,0.07262346797190687
-0.005616802542371152,0.018960978495558497,-0.1509311203936658,-0.0766040846910765,1,0.07432703570258929
-0.013587087086039742,0.021073726631211123,-0.16304239128321354,-0.08043338288886595,1,0.0826090083943476
-0.0065725722818303495,0.02029829770534107,-0.15450803578429884,-0.07493870877936186,1,0.07956932700493698
-0.02201178486452708,0.018188840040761878,-0.16581271134442038,-0.0945124583846338,1,0.07130025295978658
0.04058761686268349,0.02776122067230591,-0.1219751756550361,-0.013151190619596936,1,0.10882398503543916
-0.0172592073492457,0.01880451952255819,-0.16226686561345977,-0.08855314908503165,1,0.07371371652842812
0.004414414088513091,0.01819661241669753,-0.13940174624821408,-0.06807102557475975,1,0.07133072067345433
-0.014601714309523228,0.01986659360368171,-0.16169103777273938,-0.08381399084630708,1,0.0778770469264323
0.030005430829015398,0.020546260859518137,-0.11841604045564016,-0.03787469788632906,1,0.08054134256931111
-0.020132137747062448,0.018027844478015594,-0.16361751292397303,-0.09294836257015189,1,0.07066915035382114
-0.00819851866746732,0.018184193769017396,-0.1519903384547414,-0.08070829888019324,1,0.07128203957454818
0.0018398217665023392,0.018732235071173574,-0.14302615897299786,-0.06959579749399747,1,0.0734303614790004
0.009742555708411427,0.018141707533443102,-0.13396599105713705,-0.0628504975260401,1,0.07111549353109695
0.007570301210000838,0.020136231949898865,-0.14004751341180094,-0.06111348416819739,1,0.07893402924360354
0.008110666088025936,0.020872192269509766,-0.14094963076021322,-0.05913063706373493,1,0.0818189936964783
0.015436772270594173,0.02306078941120398,-0.13791317497536562,-0.047514880483446036,1,0.09039829449191958
0.040612161314067946,0.023438316747843715,-0.11347773951170574,-0.021599537860158377,1,0.09187820165154736
-0.015854431611227765,0.0191861220900291,-0.1616100309076848,-0.08640043231477074,1,0.07520959859291407
-0.0036884487732454924,0.018275964720719663,-0.14766013962585603,-0.07601835792063497,1,0.07164178170522106
-0.009277709569623496,0.019532434797915697,-0.15571208177353826,-0.07914493736570874,1,0.07656714440782952
0.0407963583516569,0.021250869716642057,-0.10900614629296154,-0.02570273700372467,1,0.08330340928923688
-0.006317847259328407,0.01965300245186606,-0.1529885320649859,-0.07594876245367094,1,0.07703976961131495
0.008383830516610943,0.018773680840610443,-0.13656338393098552,-0.0629705550357926,1,0.07359282889519292
-0.008083663733868166,0.018904346012868202,-0.15328698191908985,-0.07918194554864649,1,0.07410503637044336
-0.013373715845708456,0.018203438770962786,-0.1572032558367955,-0.0858457758546214,1,0.07135747998217411
0.015246342354111445,0.019867142477353605,-0.13184405690150164,-0.0539648583902755,1,0.07787919851122614
0.0007870014965019462,0.020514349521625563,-0.14757192356588417,-0.06715567344111195,1,0.08041625012477222
-0.0007759776422338605,0.019311608833092842,-0.14677753095509583,-0.07107602432937189,1,0.07570150662572393
-0.006356979069040938,0.01865516387794418,-0.15107190026981154,-0.07794365786827034,1,0.0731282424015412
0.021531171111981287,0.02177565283882423,-0.1292999084521142,-0.04393934932392323,1,0.08536055912819096
0.003689355176283507,0.018877491899691845,-0.1414613289471125,-0.06746156070032049,1,0.07399976824679201
0.029690744854696055,0.020040849981217492,-0.11774012110849023,-0.03917998918211767,1,0.07856013192637257
-0.004791201889932026,0.018088817564379512,-0.14839608431611587,-0.0774879194637482,1,0.07090816485236767
0.0014143803410111705,0.01937404565990466,-0.14470954915240197,-0.0687632901655757,1,0.07594625898682628
-0.021342430282997163,0.01803745095521119,-0.1648466341552111,-0.09413982641078324,1,0.07070680774442788
-0.04321261288224866,0.018535274555730254,-0.18769255101147997,-0.11503427475301736,0,0.0726582762584626
0.0009348640972558775,0.018459487082907403,-0.14339653058524265,-0.07103534122024562,1,0.07236118936499704
-0.030305569721379946,0.017399534721697175,-0.17255945777590642,-0.10435328166685348,1,0.06820617610905294
0.003918340326830014,0.018795250030178443,-0.14107114973231974,-0.06739376961402024,1,0.0736773801182995
0.015105295815428327,0.020438052173970763,-0.13310408644555438,-0.05298692192358898,1,0.0801171645219654
0.027169628002905538,0.02201015943405957,-0.12412108448785122,-0.03784125950633771,1,0.08627982498151351
0.010874926059776052,0.018960359347988176,-0.13443817826228077,-0.06011356961816713,1,0.07432460864411364
-0.0013239178131318613,0.018565815087222645,-0.14586371538408827,-0.07308572024217548,1,0.07277799514191279
-4.677485939463821e-05,0.019232728198909466,-0.1458937221292572,-0.0705014275895321,1,0.0753922945397251
-0.0009942932470875798,0.019526866597398804,-0.14741775177798924,-0.07087243471618593,1,0.07654531706180331
-0.04716992484615072,0.017092945712669453,-0.18882289844298286,-0.12181855124931859,0,0.06700434719366427
0.006180599409920551,0.01920358703577532,-0.13960923118019908,-0.06433116999995983,1,0.07527806118023925
0.0025715019148176144,0.020276481609963218,-0.1453212020407103,-0.06583739412965448,1,0.07948380791105583
0.011283861661862987,0.01814548892116655,-0.13243209662362346,-0.06130178005265058,1,0.07113031657097288
0.005919150228294923,0.018954212265031998,-0.1393819058111678,-0.06508139373224237,1,0.07430051207892543
0.0029827113452673554,0.020848820186429973,-0.1460317762201354,-0.0643044010893299,1,0.08172737513080551
0.01018528273751862,0.019048428395263817,-0.13530043691719845,-0.060630597607764306,1,0.07466983930943415
-0.016876654596497273,0.018556425542038773,-0.1613980486588933,-0.08865686053410128,1,0.07274118812479201
-0.012089095867180225,0.017703332532749392,-0.15493842763136903,-0.08554136410299143,1,0.0693970635283776
0.008402238318674371,0.020924969854060144,-0.14076150259528353,-0.058735620767367755,1,0.08202588182791577
-0.014326291998425236,0.019162774208938017,-0.16003612944794376,-0.08491805454890673,1,0.07511807489903703
-0.01358560718834402,0.017294415307084914,-0.15563346119023047,-0.0878393531864576,1,0.06779410800377288
0.010457328470060492,0.02092860371893968,-0.1387135348190613,-0.05667340824081774,1,0.08204012657824356
-0.01807096964595699,0.017420010968990384,-0.16036499114517816,-0.09207854814673584,1,0.06828644299844232
0.0028389870981291865,0.018192305619328955,-0.14096873191575557,-0.06965489388798607,1,0.0713138380277695
-0.03389100970327154,0.019768447824661143,-0.1807879674396074,-0.1032956519669357,1,0.0774923154726717
-0.011815508153440096,0.018788882219423673,-0.15679251730351051,-0.0831400990033697,1,0.07365241830014081
0.026199085387876964,0.02043582125672876,-0.1220059242753114,-0.041897504948934676,1,0.08010841932637672
-0.020872409704960057,0.020015281841318847,-0.168253162113945,-0.08979325729597512,1,0.07845990481796988
0.020703866094623852,0.021244822392615076,-0.1290867857949017,-0.045807082015850605,1,0.08327970377905111
0.0074987117478223925,0.01953510193166608,-0.13894088803824312,-0.062363288466112096,1,0.07657759957213102
-0.0009889981230150752,0.02173636070548799,-0.15174306510577154,-0.06653653114025862,1,0.08520653396551292
-0.014278144761105782,0.019701008855084703,-0.1610429221170718,-0.08381496740513977,1,0.07722795471193203
0.01033783280499953,0.02375957856822338,-0.1443817411887183,-0.05124419320128265,1,0.09313754798743565
-0.006563532083227963,0.01961103097685314,-0.15315195279786012,-0.07627671136859582,1,0.0768752414292643
0.019036242521005456,0.02020284290758349,-0.1287121295778582,-0.04951698538013091,1,0.07919514419772727
-0.027626492494139968,0.01991266190258408,-0.17480610982320477,-0.09674847516507518,1,0.0780576346581296
0.009363406473704039,0.018975259089316153,-0.13597890134135562,-0.06159588571123631,1,0.07438301563011931
0.002119706851044456,0.019699889390457512,-0.14464287635425227,-0.06741930994365883,1,0.07722356641059344
0.008369870029616519,0.018306365779846144,-0.13566140689888193,-0.06390045304188505,1,0.07176095385699688
-0.009396443613265582,0.018265340264960253,-0.15334731053258768,-0.08174717669394349,1,0.07160013383864419
-0.014185021288133648,0.02217796384441773,-0.1658046304231924,-0.0788670121530749,1,0.0869376182701175
0.0341877705916397,0.022488264905554663,-0.11804002862324744,-0.029886030193473162,1,0.08815399842977428
0.030492006469051702,0.02073788438027255,-0.1183050469162825,-0.0370125401456141,1,0.0812925067706684
-0.012388566128450407,0.01918318355617739,-0.1581384058985581,-0.08294032635834273,1,0.07519807954021537
0.016857563274828583,0.024267520137563732,-0.13885757619479633,-0.04372889725554651,1,0.09512867893924981
0.038805726637370086,0.022225496886955638,-0.11290704726106296,-0.025783099464196872,1,0.08712394779686608
0.03709526413332161,0.018518122528569464,-0.10735105602267456,-0.03476001571068225,0,0.07259104031199232
-0.0018648127772023237,0.018537883259960728,-0.14634986396672536,-0.0736813615876793,1,0.07266850237904607
-0.01633982598546102,0.016611866693311043,-0.15704988470435066,-0.09193136726657139,1,0.06511851743777927
0.005397055553286206,0.019217494348607658,-0.14042003336998482,-0.06508745552344279,1,0.07533257784654203
-0.03097378821742068,0.018772192783125356,-0.17591808607234638,-0.10233109036249499,1,0.07358699570985139
0.00404321253268862,0.021906707988011833,-0.14704473512381458,-0.06117043981080819,1,0.08587429531300639
0.03982342811858079,0.021001827399552694,-0.1094909535845425,-0.027163790178295934,1,0.08232716340624657
0.00794492375898262,0.020307455550310747,-0.14000848911962643,-0.060403263362408324,1,0.07960522575721811
-0.018992165825601495,0.01941657035254774,-0.16519944371659506,-0.08908648793460794,1,0.07611295578198712
-0.0363093878161443,0.01865921459161903,-0.1810322484157176,-0.10788812721657101,1,0.0731441211991466
-0.024906379986933805,0.017643342190919762,-0.16763813068113653,-0.09847622929273107,1,0.06916190138840546
-0.005938756789577254,0.020226435253433362,-0.15373336988630665,-0.07444574369284787,1,0.07928762619345878
-0.03286034470615816,0.020030611037849977,-0.1802711423403441,-0.10175114707197222,1,0.07851999526837189
0.03206261018168509,0.025173989484005982,-0.12542920920696665,-0.026747170429663195,1,0.09868203877730346
-0.02398152599883753,0.020139169119578082,-0.17160509747321057,-0.0926595545244645,1,0.07894554294874606
0.04780966983618396,0.01948260929083555,-0.09852704437385373,-0.02215521595377836,0,0.07637182842007537
0.01687824450422923,0.01949997366275493,-0.12949250387477043,-0.053052607116771115,1,0.07643989675799931
0.0002452347380616088,0.018313741492746886,-0.1438004985877223,-0.0720106319361545,1,0.07178986665156778
-0.014143899292506104,0.01858310596731265,-0.1587175869884389,-0.08587181159657331,1,0.0728457753918656
0.025537990316382958,0.019837376932798592,-0.12149406847190228,-0.04373155089533181,1,0.07776251757657046
-0.021169936749781362,0.01695873734738502,-0.16255986195065603,-0.09608161154890672,1,0.0664782504017493
0.012688669882051307,0.020893744990888526,-0.13641387030009022,-0.05451038993580719,1,0.08190348036428304
-0.009058998268538787,0.019822149936376085,-0.15606121214383592,-0.07835838439324166,1,0.07770282775059426
0.02097654871286382,0.019608372120330873,-0.1256066606429847,-0.04874184193128767,1,0.07686481871169704
-0.01061030107254858,0.01719084263412784,-0.15245515263543916,-0.08506704950965802,1,0.06738810312578114
-0.03828878388716096,0.01820366937314227,-0.18211877585851982,-0.11076039191580211,0,0.0713583839427177
-0.008567636361516612,0.020006011343249232,-0.1559302185942851,-0.07750665412874813,1,0.07842356446553697
-0.0007440407368759783,0.01801641999939902,-0.14420702393569806,-0.0735826575380539,1,0.07062436639764416
-0.013327873469388712,0.022689561494949464,-0.16595021399948967,-0.07700713293928776,1,0.0889430810602019
0.02837073119854107,0.019396002123433412,-0.11779623296338843,-0.04176390463952945,1,0.07603232832385898
0.03259234326985061,0.02044573717274808,-0.11563210158873563,-0.03548481187156316,1,0.08014728971717247
-0.031894901740563766,0.01819002719266967,-0.17569815503819633,-0.10439324844293121,1,0.07130490659526512
0.021513325858214527,0.01949596512485472,-0.12484956578650072,-0.04842538249707023,1,0.07642418328943049
0.015652017749656577,0.019310003741564014,-0.1303463895838089,-0.05465117491687796,1,0.07569521466693094
-0.033342822093536104,0.017790579956744712,-0.17636315880875575,-0.10662408537831647,1,0.06973907343043928
0.0023185933710935525,0.019478012769047794,-0.14400911165624014,-0.06765530160157278,1,0.07635381005466736
0.01964937718522708,0.020631072940597052,-0.12893832577834313,-0.048064519851202706,1,0.08087380592714043
-0.003368624693729963,0.019373440445288218,-0.14949136796649487,-0.07354748142096507,1,0.0759438865455298
-0.02544611637854753,0.017339485981177162,-0.16758230890165476,-0.09961152385544031,1,0.06797078504621445
0.03756934296334903,0.020823722871162284,-0.11139595386412905,-0.029766960209172896,1,0.08162899365495616
0.030424543208609905,0.02009413411853058,-0.11711075966371004,-0.03834175391907016,1,0.07876900574463988
0.02271703167716821,0.022187855266523223,-0.12892196464521732,-0.04194557200044628,1,0.08697639264477104
-0.006748571039579668,0.01974025931906398,-0.15359027930494507,-0.07620846277421428,1,0.07738181653073078
-0.014773477723688117,0.01839160856590816,-0.15897183051286812,-0.08687672493450813,1,0.07209510557835999
0.01648520641414966,0.021142072637790395,-0.1331040559559195,-0.05022713121578117,1,0.08287692474013833
-0.009490516249591519,0.018398106589439845,-0.15370160516489362,-0.08158102733428943,1,0.07212057783060419
-0.035156234900643915,0.01729903995991109,-0.17721315322206965,-0.10940091657921819,0,0.06781223664285146
-0.011188831894338377,0.018557452522641814,-0.15571223883871632,-0.08296702494996043,1,0.07274521388875589
0.006067824374268491,0.018443426399502694,-0.1382320913687568,-0.06593385988270624,1,0.07229823148605057
-0.010484062213629367,0.020919637903208454,-0.15963735250391795,-0.0776323719233408,1,0.08200498058057715
0.015362754244100968,0.021643441285584108,-0.13520919067564388,-0.05036690083615419,1,0.08484228983948969
-0.000859078955960324,0.023898320811286098,-0.15585058774608107,-0.06216917016583958,1,0.09368141758024148
-0.02007218621219485,0.020633332728222025,-0.16866431835951,-0.08778165406487969,1,0.08088266429463033
-0.010841972622195079,0.01868864924943128,-0.15562252515108038,-0.08236302009330979,1,0.0732595050577706
-0.010351026467683822,0.018919135296941305,-0.1555833316496888,-0.08142032128567886,1,0.07416301036400993
0.00929901780335285,0.01918407734320217,-0.1364525737893234,-0.061250990603970906,1,0.0752015831853525
-0.006440491142249094,0.020165546107668415,-0.1541157615132792,-0.07506682077121901,1,0.07904894074206018
-0.014089932948667547,0.01899929699682137,-0.15947935506243743,-0.08500211083489767,1,0.07447724422753976
-0.03385862769898344,0.01876225461713404,-0.17878344674856617,-0.10523540864940073,1,0.07354803809916544
0.05502021061365784,0.02312812620405217,-0.09846171674628443,-0.00779946202639991,0,0.09066225471988451
0.00131874248534522,0.018500960105302028,-0.14309393932104675,-0.07057017570826281,1,0.07252376361278394
0.012379079177998395,0.0198842587265555,-0.1347448679260504,-0.05679857371795283,1,0.07794629420809757
-0.019323710044477624,0.0166724792789461,-0.16015256943121198,-0.09479645065774328,1,0.0653561187734687
-0.008322219740751452,0.01969534871625156,-0.15507590322460452,-0.0778701362568984,1,0.07720576696770612
0.00622434639927455,0.020801699711915967,-0.14269778503608074,-0.06115512216537016,1,0.08154266287071057
0.04484769735999837,0.021942563898635355,-0.10631052788132693,-0.02029567739867634,0,0.08601485048265059
-0.029536395521273226,0.01756604100210196,-0.17211663588539305,-0.1032577551571534,1,0.06885888072823966
0.017788327385408892,0.02101242260190855,-0.13154682091433187,-0.04917812431485036,1,0.08236869659948151
0.01025187982241195,0.019264069474625087,-0.13565649634785323,-0.060141344007322885,1,0.07551515234053036
0.01086047520189605,0.022213968908510604,-0.14082970385878474,-0.05375094573742317,1,0.08707875812136157
0.03124382809667156,0.023418254123308894,-0.12280674998501387,-0.031007193821643013,1,0.09179955616337085
0.022555357858759756,0.019303240812627662,-0.12342979413399047,-0.04776109014849003,1,0.07566870398550044
0.009731619509918799,0.020958581547821153,-0.13949800032381066,-0.057340360656351744,1,0.08215763966745891
0.00482266943057047,0.01894949788733523,-0.14046914642860658,-0.06618711471025249,1,0.0742820317183541
-0.016477458400019407,0.0199955145504978,-0.1638194669189951,-0.08543704988104373,1,0.07838241703795137
0.003903962965574659,0.02107914894041451,-0.1455619689576378,-0.0629317051112129,1,0.08263026384642488
-0.027652366957671884,0.017552119690842166,-0.17020532155172252,-0.10140101236362124,1,0.06880430918810128
0.021685335777261464,0.019594175475433517,-0.12487004815458824,-0.04806088029088885,1,0.0768091678636994
-0.012689715349007993,0.018835273039064966,-0.15775765050557533,-0.08392338019244067,1,0.07383427031313466
0.022539479177797875,0.020594087971624302,-0.12597573324658576,-0.045246908397818496,1,0.08072882484876726
-0.00047166922208752293,0.018788306485080477,-0.14544754993284525,-0.0717973885113298,1,0.07365016142151545
-0.002831328282437845,0.019563129153428963,-0.14932586142315862,-0.07263839514171708,1,0.07668746628144155
0.016878094501389593,0.018193051479654946,-0.1269310863987341,-0.05561432459848672,1,0.07131676180024737
0.007956216877099714,0.02033429551902165,-0.14004980234018272,-0.06033936390561786,1,0.07971043843456485
-0.028086164693352192,0.01849193409853454,-0.17248115552647988,-0.09999277386022451,1,0.07248838166625537
0.03410597100958797,0.020516723250055494,-0.11425760656052081,-0.033832051420303266,1,0.08042555514021754
-0.000927464874651826,0.022064678663580042,-0.1523250350552687,-0.06583149469403496,1,0.08649354036123375
-0.002704358046994773,0.017387810833962715,-0.1449352672815617,-0.07677504881242786,1,0.06816021846913384
0.0004043266921182065,0.019444950310827793,-0.14585857591710427,-0.06963437069865933,1,0.07622420521844495
-0.003068602577079166,0.017758099321834375,-0.14602527724787454,-0.0764135279062838,1,0.06961174934159073
0.014655438751867186,0.01819436640716639,-0.12915631940617894,-0.057834403090086695,1,0.07132191631609225
0.02125245417407,0.020007956230274536,-0.1261139400372681,-0.047682751614591914,1,0.0784311884226762
0.022936609440545708,0.018489001499430453,-0.12145263349833799,-0.04897574762057061,1,0.07247688587776738
0.008351374111078544,0.02021192168679098,-0.1394147923950318,-0.06018405938281114,1,0.07923073301222065
-0.012422072158705263,0.018068270775388633,-0.15598668287846698,-0.08515906143894356,1,0.07082762143952342
0.05532583941018044,0.02230093185864197,-0.09653478703275784,-0.009115134146881303,0,0.08741965288587653
-0.01047022301092937,0.01794721581124876,-0.15379756600097694,-0.08344448002088181,1,0.07035308598009513
-0.022925498243143896,0.020429059108791014,-0.1711172540963743,-0.09103534238991351,1,0.08008191170646078
0.017008451331072483,0.019517124928473004,-0.1293959135287346,-0.05288878380912044,1,0.07650712971961418
-0.004569973432927407,0.01823405661335387,-0.148459524395101,-0.07698202247075384,1,0.07147750192434715
0.02585525570004038,0.02068509269644162,-0.1228383259849852,-0.041752762614934054,1,0.08108556337005116
0.019903005385269415,0.020627253269174743,-0.12867721102231308,-0.04781837820714809,1,0.08085883281516498
-0.0009750024875657681,0.01891542835835375,-0.14620004206993914,-0.07205156290519242,1,0.07414847916474672
0.024217616062881295,0.019369820426405168,-0.12189803197287283,-0.045968335901364586,1,0.07592969607150823
-0.016826019854193686,0.019636859881800913,-0.16346506522252346,-0.0864885744858639,1,0.07697649073665956
-0.04002529901787992,0.017931135920298595,-0.18332112542166518,-0.11303107261409467,0,0.0702900528075705
0.06291758885143285,0.020708261353535356,-0.08582140340149645,-0.004645018895637856,0,0.0811763845058586
-0.029839427191033066,0.019152975935343472,-0.17553006002430627,-0.10045039435775988,1,0.07507966566654639
0.026754153502914976,0.01876410034411103,-0.11817428317154265,-0.04461900982262741,1,0.07355527334891523
-0.00907144936396552,0.017772676288644217,-0.1520566948897082,-0.08238780383822286,1,0.06966889105148533
0.022767394607861244,0.017774599597102023,-0.12022162060245872,-0.0505451901818188,1,0.06967643042063992
0.03235699661113828,0.020972527020922126,-0.11689995634986909,-0.034687650427854363,1,0.08221230592201473
0.009853821974565774,0.01905157893070223,-0.1356380727296106,-0.06095588332125786,1,0.07468218940835272
-0.006661830664795199,0.01989413717219688,-0.1538051395223011,-0.07582012180728931,1,0.07798501771501179
-0.028427639062451257,0.01733357764289668,-0.17055225124252876,-0.10260462688237376,1,0.067947624360155
-0.020228430296861652,0.0182461123979963,-0.1641416105969344,-0.0926168499967889,1,0.07152476060014551
0.003930073697859332,0.019435834297880164,-0.1423149615259858,-0.06612649107829555,1,0.07618847044769025
0.0017926723132605377,0.018029225851481895,-0.14169541035564398,-0.07102084501783495,1,0.07067456533780903
0.009384447284481276,0.020050772108098993,-0.13806586604739274,-0.05946683938364471,1,0.07859902666374803
0.0026937294120186334,0.018272803932736174,-0.14127176629614427,-0.06964237487981847,1,0.0716293914163258
0.03997375886314314,0.019912400543121687,-0.10720534620137537,-0.02914873607233836,0,0.078056610129037
-0.019417761470385334,0.01750229821656414,-0.16187306597485107,-0.09326405696591962,1,0.06860900900893145
0.004565247530881139,0.020718631227773492,-0.14419406967555493,-0.06297703526268282,1,0.0812170344128721
-0.030474049426768193,0.018016337558050693,-0.17393687104054756,-0.10331282781298884,1,0.07062404322755872
0.013317035334333718,0.025355418886685008,-0.1445303856835689,-0.045137143647763674,1,0.09939324203580524
-0.009866560705052055,0.01955246202197943,-0.15634018626813173,-0.07969453514197239,1,0.07664565112615934
-0.035143496022040546,0.01801111766695226,-0.178596086649267,-0.10799250539481411,1,0.07060358125445287
-0.0178157368619639,0.017699897191254504,-0.16065833535682272,-0.09127473836710508,1,0.06938359698971765
0.01854785568512686,0.025811446610308163,-0.14019337967107715,-0.039012508958669145,1,0.101180870712408
-0.029505458611992982,0.01831449847517554,-0.17355267562333704,-0.10175984160064894,1,0.0717928340226881
-0.0004891213827333679,0.01953650571451884,-0.14693147258319028,-0.07034837018227645,1,0.07658310240091383
0.017583376535787537,0.01853530805301702,-0.12689662724812584,-0.054238219680299106,1,0.07265840756782674
-0.021311484447121457,0.018156909891919232,-0.16504982783528316,-0.09387474105895977,1,0.07117508677632339
0.010674258928063368,0.01837585972828051,-0.13349322613936643,-0.06145985600450684,1,0.07203337013485958
-0.02521607370710284,0.025581158960255364,-0.18350594526920336,-0.08322780214500233,1,0.10027814312420102
-0.02492388286013221,0.018411479701554444,-0.1691611830751789,-0.0969881826450855,1,0.0721730004300934
-0.003319681930571236,0.017926871432186894,-0.14660714993765755,-0.07633381392348493,1,0.07027333601417263
0.008098700760079056,0.021127777021696284,-0.14146254220244567,-0.05864165627739623,1,0.08282088592504944
-0.03902828937766796,0.019628086744676178,-0.18565013939723327,-0.10870803935810266,0,0.0769421000391306
-0.017159910650347845,0.02134910701148545,-0.16715496039285932,-0.08346646090783637,1,0.08368849948502295
-0.024542649431780708,0.01922437109662634,-0.17037321678116835,-0.09501368208239308,1,0.07535953469877527
-0.012068505544718167,0.018277848839039563,-0.1560438892692357,-0.08439472182020064,1,0.07164916744903507
-0.011593784370000818,0.019042484477096527,-0.15706785394511003,-0.08242131479489162,1,0.0746465391502184
-0.004056596409776528,0.02683994973178709,-0.16481369788407924,-0.05960109493547384,1,0.1052126029486054
-0.0069960674775457615,0.018412971080379086,-0.15123629079508877,-0.07905744416000277,1,0.072178846635086
-0.018144144133716497,0.017765245643791557,-0.16111482559554796,-0.09147506267188504,1,0.06963976292366292
-0.015682812170390678,0.01780419352063166,-0.15872983147082873,-0.08893739286995264,1,0.06979243860087608
0.033941112585385,0.01923465597063432,-0.11190961311705827,-0.03650976171217174,1,0.07539985140488653
0.046264067591024735,0.02034609849348303,-0.101765085456202,-0.022008379361748535,0,0.07975670609445346
0.005037501804906128,0.02003611323972298,-0.1423840801449509,-0.06384251624523685,1,0.07854156389971406
-0.016218569271400154,0.02508192474528208,-0.17352994177215303,-0.07520879677064729,1,0.09832114500150574
-0.016081166295023666,0.020565272342014516,-0.16453990008537211,-0.08392403250467523,1,0.08061586758069689
0.001613061247066755,0.02077428088168892,-0.14725532928104354,-0.06582014822482296,1,0.08143518105622058
0.04007466539208332,0.02093380256916972,-0.10910638764348934,-0.027045881572344034,1,0.08206050607114532
-0.0009433027563032215,0.019307707374574445,-0.14693720921046913,-0.07125099630213733,1,0.0756862129083318
0.009792418471937694,0.019605728821286646,-0.13678561001778414,-0.059931153038340484,1,0.07685445697944365
-0.0068415222266154235,0.01867744179770244,-0.1516001081501122,-0.07838453630311865,1,0.07321557184699357
0.014140676022431464,0.0188620620982715,-0.1309797656901807,-0.0570404822649564,1,0.0739392834252243
0.01916212774094106,0.02115639080596987,-0.1304551982387599,-0.047522146279357996,1,0.0829330519594019
0.006105128064119225,0.01973213973163115,-0.14072066580987783,-0.06337067806188373,1,0.07734998774799409
0.007433159700505676,0.019921670851252547,-0.13976411516794932,-0.061671165431039336,1,0.07809294973690997
-0.004852689121861056,0.0184922796407895,-0.1492483572178085,-0.07675862102591363,1,0.07248973619189486
-0.026035074919565346,0.017051969752952936,-0.1676077356353531,-0.10076401420377759,1,0.06684372143157552
0.015331440493738926,0.019706901539479005,-0.13144488652363992,-0.05419383248888223,1,0.07725105403475768
-0.008536852791208235,0.020207205730749273,-0.15629377602347683,-0.07708152955893967,1,0.07921224646453716
0.012872627182707805,0.018533393549849148,-0.13160362417499652,-0.058952721459587874,1,0.07265090271540864
-0.01843404604033784,0.017635988688525114,-0.16115138386984706,-0.09201830821082863,1,0.06913307565901844
0.024702247086062057,0.02268654926367173,-0.12791418947073455,-0.03898291635714136,1,0.0889312731135932
-0.013877933181475136,0.018316374421533735,-0.15792882704768127,-0.08612863931526901,1,0.07180018773241226
0.028678977899061597,0.019054880215886496,-0.11681938732407593,-0.04212425687780088,1,0.07469513044627504
-0.01428901486279087,0.018892270398868347,-0.15946866484457284,-0.08541096488100891,1,0.07405769996356393
-0.01271814839382028,0.017780205413711465,-0.15571815100469477,-0.08601974578294581,1,0.06969840522174896
-0.021348024693870274,0.017569943969020018,-0.1639359148731495,-0.09506173451459105,1,0.06887418035855847
-0.009822281120615173,0.018973307405556358,-0.15516076363550563,-0.08078539860572471,1,0.07437536502978091
0.0031856626530499393,0.01792980962990736,-0.1401075642215685,-0.06982271047233164,1,0.07028485374923686
0.0001759079498270394,0.019171690872827274,-0.14555140616091441,-0.07039837793943152,1,0.0751530282214829
0.008699002942399683,0.02128487383577476,-0.14117014977571885,-0.05773344433948179,1,0.08343670543623705
-0.0015341314503001108,0.01924274139165626,-0.14740070457794638,-0.07196915832265385,1,0.07543154625529253
0.004180242019088176,0.01898689935532302,-0.14118488071734495,-0.06675623524447871,1,0.07442864547286623
-0.020428998794434453,0.018333293217490408,-0.16451305350071566,-0.09264654408815326,1,0.0718665094125624
-0.02253568769241225,0.018730657454983445,-0.1673985763041798,-0.0939743990806447,1,0.07342417722353511
-0.0037308836151922764,0.019254022135312687,-0.14961956700040516,-0.0741438002299794,1,0.07547576677042575
0.006383153939534647,0.01919682194707505,-0.13939341707673245,-0.06414187504419827,1,0.07525154203253417
-0.024567036946839996,0.018585422507134318,-0.16914526506082328,-0.09629040883285674,1,0.07285485622796654
0.04164925753108015,0.02020006196668205,-0.10609366392361667,-0.026909421014223042,0,0.07918424290939363
-0.01039726812256793,0.01943848896361465,-0.15664750649125264,-0.08044862975388323,1,0.07619887673736941
-0.003247838894853333,0.01875847339994497,-0.14816524675874548,-0.0746320310309612,1,0.07353321572778429
0.007532266735020776,0.019584058190973707,-0.13900328731928768,-0.06223377921067076,1,0.07676950810861692
0.046153899292348886,0.020237166248076262,-0.10166174655388059,-0.022332054861421646,0,0.07932969169245895
-0.014814293423519809,0.01863766990530465,-0.15949492643791693,-0.0864352604091227,1,0.07305966602879424
0.00043804936657614035,0.019797639811932166,-0.1465161246648109,-0.06890937660203682,1,0.07760674806277408
-0.0077243286723646665,0.019554758968905673,-0.1542024562514198,-0.07754780109330955,1,0.07665465515811024
0.02985925746142601,0.018215339770615183,-0.11399360848897976,-0.04258947658816824,1,0.07140413190081152
0.02258087490486435,0.019629530472116775,-0.12404380482048454,-0.047096045369786774,1,0.07694775945069776
0.0027022662275918152,0.01827641577809796,-0.1412703086974802,-0.06962675884733618,1,0.07164354985014401
-0.01580630431245314,0.019658825656172867,-0.16248840259855196,-0.08542580602635433,1,0.07706259657219763
-0.03278842531441274,0.01770085446128067,-0.17563290005852286,-0.10624555057030263,1,0.06938734948822023
-0.006827898923583875,0.01942657742590074,-0.15305479067834932,-0.07690260716881844,1,0.07615218350953087
0.011002951921986096,0.019527563810995147,-0.1354218731475644,-0.05887382300846342,1,0.07654805013910099
-0.00035247976390738456,0.02039933253053967,-0.14848597152376514,-0.06852058800404964,1,0.0799653835197155
-0.016429111413404487,0.01872413811473612,-0.1612792221182873,-0.08788060070852169,1,0.07339862140976561
0.02783463338888445,0.0204587544618954,-0.12041532535643054,-0.040217007865800576,1,0.08019831749062997
0.005640156922475784,0.022450132178370077,-0.1465129021471296,-0.05850838400791887,1,0.08800451813921072
0.012455676378739067,0.01836727892962897,-0.1316949903233337,-0.05969525691918816,1,0.07199973340414555
-0.045126384653299004,0.01844503591501068,-0.18942945504671993,-0.11712491425987807,0,0.07230454078684186
-0.010121403171174423,0.017893991229336992,-0.15334442598067494,-0.08319998036167392,1,0.07014444561900102
0.00908125402046002,0.019710464825611937,-0.13770205703773938,-0.06043703492134059,1,0.0772650221163988
0.009660957373195181,0.018182637041761485,-0.13412781122865733,-0.06285187402495232,1,0.07127593720370501
-0.03941047172236946,0.017418577396045416,-0.18170168341861848,-0.11342086002612045,0,0.06828082339249802
0.0023873292794675816,0.01934576303621993,-0.1436811662715235,-0.06784577516954136,1,0.07583539110198213
-0.0068866083571554465,0.018713378673719465,-0.1517156305576456,-0.0783591861566653,1,0.07335644440098028
0.02683429065431417,0.021037707572738786,-0.12255041618825385,-0.04008260250311781,1,0.08246781368513603
-0.003958169753841612,0.019282996076751283,-0.14990364206427415,-0.0743142974434091,1,0.07558934462086504
-0.020807736627080367,0.018893197190783462,-0.16598920312101595,-0.0919278701331448,1,0.07406133298787115
-0.005484460155443474,0.019729780421024218,-0.15230562978065093,-0.07496489053023601,1,0.07734073925041492
-0.030135586730772615,0.02246781077687516,-0.18232329585344792,-0.0942494776080973,1,0.08807381824535061
-0.02953441007127104,0.017267303637410133,-0.1715291252005949,-0.10384129494194719,1,0.06768783025864772
0.01765251554464521,0.020507500830704416,-0.13069298608353544,-0.05030358282717414,1,0.08038940325636129
-0.009335912777797523,0.019785888569708823,-0.1562670543744268,-0.07870637118116824,1,0.07756068319325857
-0.015801402072843626,0.019532657692153687,-0.16223621114946485,-0.08566819299622241,1,0.07656801815324243
0.016372917712843715,0.018877350437211466,-0.12877748914409076,-0.05477827543022182,1,0.07399921371386894
0.010347205125605496,0.020902785476845268,-0.13877305440901122,-0.05683413533977778,1,0.08193891906923344
-0.020420736090998357,0.020068697135013393,-0.1679061824756246,-0.08923688970637211,1,0.0786692927692525
0.007439119134478506,0.01981390792360528,-0.13954694039578786,-0.06187642133525515,1,0.07767051906053271
0.021612519261380636,0.01879509740244846,-0.12337667164741835,-0.04969988982982039,1,0.07367678181759796
0.004101930071978441,0.018369587860945134,-0.14005326213547403,-0.0680444777205691,1,0.07200878441490494
0.012612983288802587,0.02037232883519515,-0.13546758122817992,-0.05560805219421492,1,0.07985952903396501
-0.005835889738792899,0.019608719555407213,-0.15241978006739104,-0.07555359941019477,1,0.07686618065719628
-0.0024168907033137316,0.018998432784772968,-0.14780461896146874,-0.07333076244515872,1,0.07447385651631001
-0.01830830038896529,0.01864255072935506,-0.1629984998185012,-0.08991970095942939,1,0.07307879885907181
0.007767356127737643,0.020397267104830634,-0.1403620873977304,-0.060404800346794324,1,0.07995728705093608
0.03788383068955922,0.02076992956232134,-0.1109760312525906,-0.02955790736829096,1,0.08141812388429964
0.013746055961521036,0.0199061596513581,-0.13342081695514085,-0.0553886711218171,1,0.07803214583332375
-0.0056061633732169824,0.018319932941426507,-0.14966403193841293,-0.07784989480802104,1,0.07181413713039189
-0.003038553434637964,0.019259034700700783,-0.1489370614480115,-0.07344164542126444,1,0.07549541602674706
0.02333976170360534,0.020701577932812985,-0.1253861310447081,-0.04423594554808121,1,0.08115018549662689
-0.03774156381424541,0.017919650687193957,-0.18101487916114556,-0.11076984846734526,0,0.0702450306938003
-0.020513428083406657,0.01888376642676507,-0.1656764102798662,-0.09165204588694711,1,0.0740243643929191
-0.014973120814897323,0.019330770682629714,-0.16101223135285156,-0.0852356102769431,1,0.07577662107590846
0.031612353003639945,0.020244529168695697,-0.11621772416700363,-0.03685916982571649,1,0.07935855434128714
0.013249811674857156,0.01811807411988098,-0.13041241360010958,-0.059389563050176127,1,0.07102285054993346
0.005229385849713233,0.019996097723062062,-0.1421137656874884,-0.06372906261308513,1,0.07838470307440328
-0.010704223141020874,0.01964895952172859,-0.15736698380360892,-0.08034306247843284,1,0.07702392132517608
0.039700498346413995,0.01943869831074528,-0.10655015034264675,-0.030350452964525258,0,0.07619969737812149
0.02136754779661003,0.019951449678372476,-0.12588809357300002,-0.047678410833779925,1,0.07820968273922009
-0.003909869159293589,0.01970651107773793,-0.15068543087165992,-0.07343590744692725,1,0.07724952342473267
0.03227118864946445,0.02179461620692008,-0.11859705911609891,-0.0331621635849722,1,0.08543489553112671
0.04070199944957319,0.019791270177092438,-0.106239690097528,-0.02865791100332564,0,0.07758177909420236
0.01907141757842161,0.018209881290040458,-0.1247707497500577,-0.0533880150930991,1,0.0713827346569586
0.028916927633011957,0.019746573679102947,-0.11793715677802982,-0.04053058795594627,1,0.07740656882208355
-0.006265414003853678,0.018462981597081745,-0.1506036579341339,-0.07822877007357346,1,0.07237488786056046
-0.0071290109457908535,0.01958707921839268,-0.1536704862138405,-0.07688913567774121,1,0.07678135053609929
0.039954371296574365,0.022161907337541666,-0.1116337670850073,-0.024759090321843973,1,0.08687467676316332
0.009772106646249945,0.019290503336853847,-0.1361880798939836,-0.06056930681351652,1,0.07561877308046708
0.0019744205058664643,0.019351976415076494,-0.14410625326768348,-0.0682465057205836,1,0.07585974754709987
-0.007743240603577534,0.017654101305791103,-0.1504960791629281,-0.08129200204422699,1,0.06920407711870111
0.004758645153715033,0.019164584716609267,-0.14095474089083915,-0.06582956880173081,1,0.07512517208910834
-0.008658939327506887,0.018169151987824126,-0.15242127722364218,-0.0811982014313716,1,0.07122307579227058
0.009775373589947053,0.01832798464812807,-0.13429827632038396,-0.06245257649972193,1,0.07184569982066202
0.007359260846271615,0.019906592034111523,-0.13980845954058696,-0.06177461876686981,1,0.07803384077371715
-0.024256157968375394,0.018175693730096535,-0.1680313176793646,-0.0967825982573862,1,0.07124871942197841
0.007054182648175603,0.021939216779072682,-0.14409748223880686,-0.05809575246484194,1,0.08600172977396492
0.019219031508752274,0.020745361726687894,-0.129592677475556,-0.04827085950693946,1,0.08132181796861654
0.0033589706248055434,0.019169043255269122,-0.14236315415552195,-0.06722050459486698,1,0.07514264956065497
6.648806833967069e-05,0.023748044323161036,-0.15463047880505595,-0.06153814505826471,1,0.09309233374679124
0.007190605680519033,0.019083184384118813,-0.13836323571235384,-0.0635571529266081,1,0.07480608278574574
-0.017165322152113874,0.020389056909604117,-0.16527867369493796,-0.0853535706092898,1,0.07992510308564815
-0.005477422096383064,0.018606702928484407,-0.1500973598362125,-0.07715908435655364,1,0.07293827547965887
-0.007404925256902367,0.018210118128674457,-0.15124755678910431,-0.07986389372470043,1,0.07138366306440388
0.060042852460537005,0.019779902061362473,-0.08687655557973345,-0.009339339499192557,0,0.0775372160805409
0.0016064490279432825,0.020164890278091287,-0.14606753591711563,-0.0670211660269978,1,0.07904636989011783
0.003059921601860069,0.019933200071021704,-0.14415995053734248,-0.06602180625893739,1,0.0781381442784051
-0.005276015671244597,0.017177755126464085,-0.14709521571911421,-0.07975841562337499,1,0.06733680009573922
0.02639396108107203,0.02050258066355394,-0.1219418970194937,-0.04157178081836225,1,0.08037011620113146
-0.01278379124642616,0.021254025617092,-0.16259248145592647,-0.07927670103692586,1,0.08331578041900062
-0.012959191535597825,0.019435593868340907,-0.159203755517546,-0.08301622755364965,1,0.07618752796389636
-0.033311268459513474,0.018100127326649593,-0.1769383180197467,-0.10598581889928027,1,0.07095249912046642
-0.01079113326956957,0.01774049630710314,-0.15371330603149172,-0.08417056050764743,1,0.06954274552384429
0.014773140395993326,0.019335645700018108,-0.13127552517604218,-0.05547979403197119,1,0.075795731144071
0.021561346391282696,0.018808092756458613,-0.12345331541137619,-0.04972559180605843,1,0.07372772360531776
-0.01429511349854784,0.017953202930518084,-0.15763419124236328,-0.0872576357547324,1,0.07037655548763087
0.012685611692493506,0.019898152215706764,-0.13446556665029175,-0.056464809964721245,1,0.0780007566855705
-0.011750109772949338,0.018525647526625163,-0.15621117892513467,-0.08359064062076402,1,0.07262053830437065
0.012616978511958227,0.019596942299204192,-0.133943828394482,-0.05712381458160156,1,0.07682001381288042
0.0061679913366624595,0.020728264617843967,-0.14261020731431173,-0.06135541001236337,1,0.08125479730194836
-0.026798425121351097,0.0189283350127819,-0.17204876174640363,-0.09784968849629858,1,0.07419907325010505
0.007805163728307876,0.019409313735654618,-0.1383878911935752,-0.062303381349809075,1,0.07608450984376612
-0.03565685062639139,0.020825218098952315,-0.18462507810033793,-0.10299022315244485,1,0.08163485494789308
0.03545285058166443,0.021979869646984278,-0.11577849392642475,-0.029617404910246392,1,0.08616108901617836
-0.030650060314903207,0.019520001610219856,-0.17706006347093411,-0.1005416571588723,1,0.07651840631206182
-0.028498369049550346,0.019584800378486603,-0.1750353777913841,-0.09826296030771661,1,0.07677241748366748
-0.0028579318262683256,0.01871711513750669,-0.14769427749578146,-0.07432318615675522,1,0.07337109133902624
-0.0022257649540055324,0.018292887797788197,-0.1462306250376704,-0.07452250487034068,1,0.07170812016732972
0.001615348451114454,0.018970603340608117,-0.14371783409647745,-0.06935306900129365,1,0.0743647650951838
-0.00552225586478039,0.018661558046886878,-0.15024970963667866,-0.07709640209288211,1,0.07315330754379655
0.01497607212714197,0.023531427075897303,-0.13929632494161676,-0.04705313080409932,1,0.09224319413751744
-0.048419608395013095,0.017468481020265922,-0.1908086311947343,-0.1223321855952919,0,0.0684764455994424
-0.018494808228916762,0.017161129918602688,-0.16028142286937802,-0.0930097935884555,1,0.06727162928092252
0.029009983609411746,0.01936818609799931,-0.1171024611426669,-0.041179171638509614,1,0.07592328950415728
-0.017967728623021637,0.018567118999076423,-0.16251008186121144,-0.08972697538483185,1,0.07278310647637959
-0.045686149145307234,0.01632411022375232,-0.1858322051838618,-0.12184169310675269,0,0.0639905120771091
-0.020722260624293568,0.018231623202330204,-0.16460704210086077,-0.09313907914772637,1,0.0714679629531344
0.01862958738288467,0.021498203705489997,-0.13165769187987572,-0.04738473335435494,1,0.08427295852552077
0.03581674594255657,0.018453211117353777,-0.10850234784745683,-0.036165760267430035,1,0.07233658758002678
-0.007514808345914878,0.020234719048677477,-0.15532565768132273,-0.07600555901050703,1,0.0793200986708157
0.0014312114193387876,0.019386296427533714,-0.1447167295786273,-0.06872244758269513,1,0.07599428199593217
0.010486066618034598,0.018364158630771756,-0.13365848429827804,-0.061670982465652766,1,0.07198750183262527
0.00011271533446235993,0.019897039169853366,-0.14703628143845024,-0.06903988789262505,1,0.07799639354582519
-0.026468281087839815,0.018691054712731858,-0.17125354832479425,-0.09798461385088539,1,0.07326893447390886
-0.04890059347195354,0.018438092520901925,-0.1931900548129213,-0.12091273213098577,0,0.07227732268193554
0.05073779151832352,0.020692584096233407,-0.09797047331029396,-0.01685554365305901,0,0.08111492965723495
0.01648926265565176,0.02137328621817473,-0.13355317833197072,-0.049769896356725775,1,0.08378328197524496
-0.010218853128288047,0.01913718501721693,-0.15587853576203323,-0.08086077049454288,1,0.07501776526749035
-0.003278672274692404,0.020092366795071027,-0.15081051119303163,-0.07204843335635319,1,0.07876207783667843
0.05665523365784983,0.02043141790270848,-0.0915411454314588,-0.011449987252841555,0,0.08009115817861726
-0.00642141186007264,0.019535235179285508,-0.15286127281147224,-0.07628315090867305,1,0.0765781219027992
-0.04031924220484258,0.01824582338278626,-0.18423185603510364,-0.11270822837458153,0,0.07152362766052212
0.008498484077653592,0.02012578173310287,-0.13909884811922804,-0.06020578372546479,1,0.07889306439376326
-0.01111029618354202,0.017331592857033427,-0.15323101818332754,-0.08529117418375651,1,0.06793984399957104
-0.011795072473402099,0.018257652658226705,-0.15573087168352645,-0.08416087326327776,1,0.07156999842024869
-0.028061375985540413,0.025022398797507436,-0.18525607762865498,-0.08716827434242584,1,0.09808780328622914
-0.0029833917960587486,0.01910589361890986,-0.14858174328912208,-0.07368664030299543,1,0.07489510298612664
0.023574511079029678,0.018998584573592728,-0.12181351468521207,-0.04733906315672858,1,0.07447445152848348
-0.0034082269493700135,0.018843273636058748,-0.14849184327604517,-0.07462621062269487,1,0.0738656326533503
0.00947179754055412,0.01944119948617735,-0.1367837534523535,-0.060574251466538276,1,0.07620950198581522
-0.011789468543056347,0.018678721841965278,-0.1565505633533083,-0.0833299737328044,1,0.0732205896205039
-0.00511850011855787,0.01990077800212646,-0.15227482500272574,-0.07426377523439001,1,0.07801104976833573
-0.021343384414893043,0.019823412004503917,-0.16834807194372073,-0.09064029688606537,1,0.07770777505765536
0.010094913356690535,0.019782901901938182,-0.13683037437110832,-0.05928139891551063,1,0.07754897545559769
0.001330886061974998,0.018543590471473567,-0.1431653512621132,-0.07047447661393683,1,0.07269087464817636
0.0022072073585969187,0.017824251513921363,-0.14087912560868895,-0.07100805967411722,1,0.06987106593457174
0.04043034831653752,0.02059850913360424,-0.10809352958532678,-0.027347373781598176,0,0.0807461558037286
-0.01441008976784032,0.018911033414706124,-0.15962651526066432,-0.08549526427501633,1,0.07413125098564799
0.005390155702975075,0.01857609604532204,-0.13916979254585612,-0.06635149604819374,1,0.07281829649766239
-0.006544637663815897,0.017574674616949507,-0.14914179991303694,-0.08024907541459486,1,0.06889272449844208
0.03230847421000749,0.020192749702607586,-0.11542011520710338,-0.03626453637288165,1,0.07915557883422172
0.03511174132545841,0.02042849080423562,-0.11307890065084342,-0.032999216698239776,1,0.08007968395260365
0.00383876555235467,0.02241618120969599,-0.14824774961864948,-0.060376319276641194,1,0.08787143034200828
-0.026726428794713084,0.018506027534652,-0.17114904276263102,-0.09860541482679516,1,0.07254362793583585
-0.009032204893287807,0.018278621372691338,-0.15300910278376284,-0.08135690700281278,1,0.07165219578095006
-0.009576355393596359,0.01858778143296756,-0.15415920700221278,-0.08129510378497995,1,0.07286410321723283
0.00570059092410391,0.020361344239942347,-0.1423584437861831,-0.0625419743656091,1,0.079816469420574
-0.020134143373000277,0.019011082078206242,-0.1655466642462845,-0.09102322249971605,1,0.07452344174656846
0.020014353420879996,0.02134614779379697,-0.12997489625496206,-0.04629799690327795,1,0.0836768993516841
0.023052516342107907,0.020310375952860234,-0.12490662052549815,-0.04528994679028604,1,0.07961667373521211
0.0036636828587194303,0.02139703690539513,-0.14642530947585503,-0.06254892480670612,1,0.0838763846691489
0.0033138533354908767,0.018684216500569686,-0.14145801100562572,-0.06821588232339254,1,0.07324212868223318
0.040397034930476,0.02086927491695081,-0.10865754390674759,-0.026849986232300414,1,0.08180755767444717
-0.02029876893116421,0.01846387455644804,-0.16463876306180236,-0.09226037480052607,1,0.0723783882612763
0.006850687424969845,0.018496510882303446,-0.1375532739043449,-0.06504695124571541,1,0.0725063226586295
-0.016247048955783452,0.01882314740439673,-0.16129121786840106,-0.08750448004316587,1,0.07378673782523519
-0.022394261031462095,0.018011377521489156,-0.16584736097358085,-0.09524276108934335,1,0.0706045998842375
0.0008503924088866938,0.018324132937823333,-0.14321570814924706,-0.07138510703297958,1,0.07183060111626748
0.003542047273999635,0.01850148485242684,-0.14087166303675697,-0.06834584241524377,1,0.07252582062151319
0.03459369851033017,0.020904529385219958,-0.11452997908470094,-0.03258422389463871,1,0.08194575519006222
-0.00018184719405994754,0.01979698791767878,-0.14713474351271036,-0.06953055087540955,1,0.07760419263730081
-0.006003092014291736,0.02035991518771604,-0.15405932578221518,-0.0742484582463683,1,0.07981086753584687
-0.01364410700986017,0.017498155441707106,-0.1560912916756061,-0.08749852234411425,1,0.06859276933149185
0.0402172115715672,0.01972447498453479,-0.10659355939812099,-0.02927361745874462,0,0.07731994193937636
-0.0041602896793702104,0.0179655399845071,-0.14752354804900414,-0.07709863130973629,1,0.07042491673926785
-0.013522042263294454,0.019926784179464346,-0.16072933925504457,-0.08261634527154435,1,0.07811299398350022
-0.004624365305463549,0.018813509381615464,-0.14964964369342987,-0.07590068691749724,1,0.07374895677593263
-0.02961260407665324,0.016887931725689486,-0.17086375025900463,-0.10466305789430186,1,0.06620069236470277
0.006889773118862352,0.019269178723119198,-0.13902861717845127,-0.06349343658382403,1,0.07553518059462724
-0.02117586576717255,0.0177432895319116,-0.16410351324971928,-0.09454981828462582,1,0.06955369496509346
-0.03330081222977947,0.017303988041213886,-0.1753674287905587,-0.10753579566900026,1,0.06783163312155843
-0.004227076666837526,0.019003917577700473,-0.14962555511913045,-0.07513019821454461,1,0.07449535690458584
-0.027879119116807946,0.018534428089380293,-0.17235739817199333,-0.09970244006162257,1,0.07265495811037076
-0.019212798268336953,0.018903065619021494,-0.1644136068816191,-0.09031358965505483,1,0.07410001722656427
0.020032880722026372,0.021003861986824593,-0.12928548877214985,-0.04695034978379743,1,0.08233513898835242
0.005472651701035683,0.019495881002009493,-0.14089007506290294,-0.06446622153502571,1,0.07642385352787723
-0.031540172204038194,0.016990757963364512,-0.17299285781223264,-0.10638908659584376,1,0.06660377121638889
0.006250648824356969,0.019220973545318085,-0.1395732593244665,-0.06422704302681959,1,0.0753462162976469
0.009144846335628662,0.02088402965561229,-0.13993865178937143,-0.05807325553937126,1,0.08186539625000017
0.03375986280277116,0.02138865986169484,-0.11631271052615073,-0.03246916386830696,1,0.08384354665784377
-0.006436859954374999,0.0207697334082103,-0.1552963374344672,-0.07387898247428282,1,0.08141735496018437
0.007112789143338169,0.020329768356789513,-0.14088435683596928,-0.06119166487735439,1,0.07969269195861489
-0.006904425052740026,0.019452013884096897,-0.15318117226556996,-0.0769292778399101,1,0.07625189442565986
-0.025800182921814394,0.018972235688079396,-0.17113656487045,-0.09676540097317879,1,0.07437116389727122
0.007203169146246524,0.01809219607800446,-0.13640833516664222,-0.06548692654086474,1,0.07092140862577748
0.003295791131180878,0.019566113629616372,-0.14320459158286722,-0.06650542615477104,1,0.07669916542809618
-0.032186938955209674,0.017572566546650552,-0.17477996938664475,-0.1058955085237746,1,0.06888446086287014
0.04945557355088933,0.02066334311506628,-0.09919537895464059,-0.018195073943580768,0,0.08100030501105981
-0.012920399395318721,0.01780086029777056,-0.15596088557894902,-0.08618151321168843,1,0.06977937236726059
0.017107094845708867,0.019809847847386184,-0.12987100693516807,-0.05221640337341422,1,0.07765460356175385
-0.022180866842209615,0.019284023314838483,-0.16812835253929304,-0.0925349811451262,1,0.07559337139416683
0.040857603211768664,0.022496142439563518,-0.11138563596977583,-0.02320075760668685,1,0.08818487836308897
0.005119596340860427,0.01937474613060035,-0.14100570607511625,-0.06505670124316289,1,0.07594900483195337
0.006168990577034544,0.019632670224606637,-0.14046184306319448,-0.06350177578273646,1,0.07696006728045802
-0.0029238900063331408,0.017259259176217623,-0.14490283799171969,-0.0772465420209466,1,0.06765629597077308
-0.02646679232168904,0.018283922486356706,-0.1704540803949482,-0.0987811042484299,1,0.0716729761465183
0.00029091503710459987,0.021669208558121357,-0.15033153373681327,-0.06538823618897754,1,0.08494329754783572
0.011797030415795315,0.0193294358954426,-0.1342394639392722,-0.05846807522913719,1,0.075771388710135
-0.003930700971632742,0.021696088340057318,-0.1546058341181451,-0.0695571678251204,1,0.0850486662930247
-0.02224736473077081,0.01893690325186085,-0.16751449510441807,-0.09328183435712356,1,0.07423266074729451
-0.0010047813553057117,0.01947846604789849,-0.14733337480918676,-0.07097778790142467,1,0.07635558690776209
0.02245519100442979,0.019039400735905765,-0.12301283443794551,-0.04837838355319492,1,0.0746344508847506
0.024755056638872494,0.018611296547841393,-0.11987388459489665,-0.046917602127358383,1,0.07295628246753827
-0.0004404552494421121,0.018299206317487264,-0.14445769963171715,-0.07272481086716709,1,0.07173288876455006
-0.015338288673080833,0.019107396998111776,-0.16093958678937992,-0.08603859055678176,1,0.07490099623259816
-0.02093365885030872,0.017510711907226053,-0.1634054541884718,-0.09476346351214567,1,0.06864199067632613
0.011036081483350169,0.020767935301024585,-0.13781987170665802,-0.05640956532664165,1,0.08141030638001637
0.017181872544870067,0.019401500004674697,-0.12899586746429234,-0.05294198744596754,1,0.0760538800183248
-0.0029806846896539424,0.0192100368617605,-0.14878315693870453,-0.07347981244060336,1,0.07530334449810117
0.003939957418968867,0.01975483187786388,-0.14293031306164433,-0.06549137210041794,1,0.07743894096122639
0.02316141539230407,0.02067581069236104,-0.12551397356472357,-0.0444647956506683,1,0.08104917791405528
0.004340035278448326,0.019446301226913994,-0.1419255151263031,-0.06569601431680025,1,0.07622950080950286
0.019676017645474955,0.019299970010256868,-0.12630272357462852,-0.05064684113442159,1,0.07565588244020693
0.0009033375954076855,0.019333168062554196,-0.14514047180719855,-0.06935445300198609,1,0.07578601880521246
-0.007632501481844953,0.01715505287993228,-0.14940720512651223,-0.08215939783717768,1,0.06724780728933455
-0.03196510827216782,0.018096275532862905,-0.17558460831657913,-0.10464720822775653,1,0.0709374000888226
0.008422452228341135,0.01890374917608165,-0.1367796961567789,-0.06267699938653884,1,0.07410269677024006
-0.0046833245502499316,0.01807725826989099,-0.14826555075923628,-0.07740269834126359,1,0.07086285241797269
0.020183404371052496,0.019557253517857812,-0.12629961252394883,-0.0496351787339462,1,0.07666443379000264
-0.023205545953376552,0.0200323348658308,-0.17061972229040492,-0.09209296961634819,1,0.07852675267405673
0.014210297835920871,0.019978048677729995,-0.13309747757242993,-0.05478352675572835,1,0.07831395081670159
0.007684048944615093,0.027368211893063054,-0.1541084463657885,-0.046825055744981324,1,0.10728339062080716
0.03513467632281139,0.020521370032622055,-0.11323800894112784,-0.03279423841324939,1,0.08044377052787846
0.02398461053533088,0.01937719784707467,-0.12214549724493548,-0.04618688168440278,1,0.07595861556053271
-0.0006319837683759072,0.019141388218594516,-0.14629990467682116,-0.07126566285993066,1,0.0750342418168905
0.024097152735763586,0.019750375676210925,-0.12276438358960984,-0.04534291093886301,1,0.07742147265074684
-0.05258365352369941,0.019124649680473203,-0.1982187668974269,-0.12325014014997193,0,0.07496862674745497
-0.018120243272424744,0.020372074107389997,-0.16620030852290915,-0.08634177802194035,1,0.0798585305009688
0.0033801067309877503,0.01913509005148108,-0.14227546976991517,-0.06726591676810934,1,0.07500955300180584
-0.013812896018148349,0.01980089551082199,-0.16077345121935946,-0.08315394081693725,1,0.07761951040242221
-0.011453910558651859,0.01944695705755266,-0.15772074639145509,-0.08148867472584864,1,0.07623207166560644
0.04049779504985311,0.01897771008225848,-0.10484931671137351,-0.030456693188920275,0,0.07439262352245324
0.0340889557459642,0.021300043669775233,-0.11580992984679526,-0.03231375866127635,1,0.08349617118551891
0.01809024447861496,0.02241792358702512,-0.13399968575195428,-0.046121425290815816,1,0.08787826046113847
-0.03135582576951569,0.016177567914282785,-0.17121465888150994,-0.10779859265752144,1,0.0634160662239885
0.011563518047988289,0.022537010677297332,-0.1407598228795145,-0.052414741024508944,1,0.08834508185500556
0.018035234152201554,0.021563450406509244,-0.13237992864455655,-0.047851203051040334,1,0.08452872559351622
-0.0029679489373152096,0.018440519013463306,-0.1472621662037033,-0.07497533167092714,1,0.07228683453277616
-0.012173688773564659,0.018205314798497158,-0.1560069057786191,-0.08464207176851024,1,0.07136483401010885
-0.024540367946663408,0.018716429067193813,-0.1693753689183633,-0.09600696697496354,1,0.07336840194339976
-0.02203558894071876,0.019000580661872265,-0.1674275270379884,-0.09294525084344912,1,0.07448227619453929
0.0018885910745487233,0.023256851843080694,-0.15184563853788943,-0.060678779313013124,1,0.0911668592248763
0.009215818644404933,0.018385755165895492,-0.13497106148075022,-0.06289890123043991,1,0.07207216025031031
-0.00293243632967094,0.018244059258911382,-0.14684159247713724,-0.07532488018220464,1,0.0715167122949326
0.013963613089118102,0.019785007995467754,-0.1329658025819987,-0.05540857123976511,1,0.07755723134223358
0.019774322833193525,0.019279926978257363,-0.1261651340441909,-0.05058782028942205,1,0.07557731375476887
0.014017000260069287,0.018653684771440537,-0.13069502189195417,-0.057572577587907264,1,0.07312244430404691
-0.011152279230046053,0.02139293409321349,-0.1612332300527445,-0.07737292840734761,1,0.0838603016453969
0.006326012058110869,0.019541338533884886,-0.1401258114683035,-0.06352376441547476,1,0.07660204705282873
-0.0031706694989004497,0.018945684739464983,-0.1484550115882518,-0.07418792740954909,1,0.07426708417870272
0.029019839607278636,0.021035556816809617,-0.12036065175366822,-0.03790126903177452,1,0.08245938272189371
0.03629083134631782,0.02064266254842293,-0.11231958724859113,-0.031400350058773244,1,0.08091923718981789
-0.008323845231830926,0.019212399993317347,-0.15413094921873294,-0.07881834124492892,1,0.07531260797380401
-0.017243323173833994,0.025735241176689565,-0.17583519588014554,-0.07495305046752246,1,0.10088214541262308
-0.006096795177700148,0.019875360130833186,-0.1532033010341332,-0.07529188932126711,1,0.0779114117128661
-0.025212510586141088,0.018494461376829488,-0.1696124548847269,-0.09711416628755529,1,0.07249828859717161
-0.05742531594005511,0.019595488615680823,-0.20398327362678953,-0.1271689582533207,0,0.07681431537346883
-0.024113490394341172,0.01837898183316923,-0.16828709478735288,-0.09624148600132948,1,0.0720456087860234
0.013742675697014553,0.01963223363294234,-0.13288730222355244,-0.055928946382418465,1,0.07695835584113397
0.044996248874684064,0.02023264744956586,-0.10281054012646502,-0.023498562124166858,0,0.07931197800229817
-0.012736636113902688,0.018228272685796156,-0.15661485057806315,-0.08516002164974223,1,0.07145482892832092
-0.0014205109020407891,0.020522555913290413,-0.14979552049209,-0.0693471013119916,1,0.0804484191800984
0.003446810152276311,0.02046973037946327,-0.1448246613914717,-0.06458331830397568,1,0.08024134308749603
-0.030014221023718743,0.018716243529536738,-0.17484885834161076,-0.10148118370582673,1,0.07336767463578403
0.0044172477419291145,0.018979017888503393,-0.14093242731953753,-0.06653467719660425,1,0.07439775012293329
0.00934597948270384,0.02016119100857989,-0.13832075489411275,-0.059288886140479585,1,0.07903186875363316
0.02414143392964034,0.02219578698123975,-0.12751310855358958,-0.04050562358712975,1,0.08700748496645982
-0.018904766055447733,0.018761032366446002,-0.1638271894936819,-0.09028394261721356,1,0.07354324687646835
0.011020681838817312,0.019147325819876417,-0.13465887676814048,-0.059601359554224916,1,0.07505751721391557
0.022707861951738434,0.019174947434502796,-0.12302583501988705,-0.04786004107663609,1,0.07516579394325096
-0.011637446829646209,0.017981549244802355,-0.15503208334945884,-0.08454441030983359,1,0.07048767303962525
0.022048838876999113,0.019749196357584233,-0.12481038598386598,-0.04739353626213579,1,0.07741684972173019
0.022015084818923017,0.01973805192788629,-0.12482229695973412,-0.04744913340241986,1,0.07737316355731427
0.009851238955473907,0.021362247667425397,-0.14016956647267986,-0.05642955561637232,1,0.08374001085630754
-0.006984966447877106,0.019768593956600813,-0.1538822106028147,-0.07638932229293952,1,0.07749288830987519
-0.0036587092170066587,0.019190251191281284,-0.149422401551918,-0.07419661688209535,1,0.07522578466982265
-0.007192185926463257,0.018203438677393588,-0.15102172573415468,-0.07966424611877183,1,0.07135747961538284
-0.009054540998562816,0.019007432023330058,-0.15445990776428975,-0.0799507742328359,1,0.07450913353145384
-0.007562482628190842,0.01814451907824559,-0.1512765400215522,-0.0801500252348295,1,0.07112651478672269
0.015252929134768764,0.02003418730608379,-0.13216487798515547,-0.05363086374530702,1,0.07853401423984846
-0.009183081535133808,0.020340952685120966,-0.1572021487979709,-0.07746561427229673,1,0.07973653452567417
0.03347514516568925,0.02006007079964719,-0.11399339360161925,-0.03535791606700226,1,0.078635477534617
0.020225835190586017,0.02247792816195026,-0.1319817040068365,-0.04386822561199148,1,0.08811347839484503
-0.020120359532348905,0.01902772875619346,-0.1655655078944881,-0.09097681117020973,1,0.07458869672427837
0.02091855648592711,0.019854098726888595,-0.12614627701877454,-0.048318210009371254,1,0.07782806700940328
0.006031134150711187,0.0193695364539061,-0.14008395729894477,-0.06415537439963287,1,0.0759285828993119
-0.0031454682041827664,0.018347312680342932,-0.14725700105765493,-0.07533553535071062,1,0.07192146570694431
0.01561942481046863,0.018729498458837705,-0.12924119216885327,-0.055821558210209475,1,0.07341963395864379
0.0022945039132331035,0.017222943269381043,-0.13961326489475373,-0.07209932727878006,1,0.06751393761597367
-0.02496938960187929,0.02455552994258118,-0.18124902828933842,-0.08499135091442019,1,0.09625767737491824
0.004814835771008427,0.02046376099705358,-0.1434449357832166,-0.06322699267476656,1,0.08021794310845004
0.002056444414188535,0.019833268397082153,-0.1449675616440925,-0.06722114952753044,1,0.07774641211656205
0.026586951613072937,0.02144215953113962,-0.12359048106796072,-0.039537215705893414,1,0.08405326536206731
-0.006133896539530781,0.017754238347350827,-0.1490830037003384,-0.07948638937872317,1,0.06959661432161522
0.01484523570798478,0.018468027725965685,-0.12950289863490796,-0.057108229949122485,1,0.07239466868578548
-0.01360377303378682,0.022487346435833597,-0.16582977204802068,-0.07767937401955298,1,0.0881503980284677
-0.02703725122568472,0.017584889364757533,-0.16965443438060948,-0.10072166807075997,1,0.06893276630984951
0.01638542664296437,0.01870047260070558,-0.1284182996544186,-0.055112447059652694,1,0.0733058525947659
-0.0009230591478761319,0.01926569483868559,-0.1468346210316999,-0.07131309726405238,1,0.07552152376764751
-0.025854360983832966,0.01764587227099842,-0.16859107063498988,-0.09941925133267607,1,0.06917181930231381
0.01140755935915988,0.01876434553979458,-0.1335213578988375,-0.05996512338284275,1,0.07355623451599476
0.012108431273005676,0.020834665957963783,-0.13687831400460335,-0.05520642344938531,1,0.08167189055521804
-0.0017044190592619135,0.0224644163864692,-0.15388547517674156,-0.06582496294178228,1,0.08806051223495928
-0.004111902505057774,0.019830436286380367,-0.1511303576263633,-0.07339504738375226,1,0.07773531024261103
0.003545733391648362,0.01804532858640352,-0.13997391063770254,-0.06923622257900075,1,0.07073768805870179
-0.0380017007468481,0.01812503846158088,-0.18167757613154661,-0.11062742536214958,0,0.07105015076939704
-0.029578332458692222,0.01814687046540571,-0.17329699857088743,-0.10216126634649704,1,0.07113573222439039
0.01703126903956953,0.018950493769140188,-0.12826249874794524,-0.05397656317291571,1,0.07428593557502952
0.007461266644619283,0.018155901167565065,-0.13627509964380824,-0.0651039670669532,1,0.07117113257685503
-0.00782675320454769,0.01749556903341194,-0.1502688685100351,-0.0816862378990603,1,0.0685826306109748
0.00010806152214699882,0.018533443391381525,-0.14436828752496078,-0.07171718943074522,1,0.07265109809421556
0.008725000676529232,0.018406199353265786,-0.1355019500558717,-0.06334964859106984,1,0.07215230146480187
0.011591743340362407,0.01921480577038788,-0.13422007596959784,-0.05889803734967736,1,0.07532203861992048
-0.022348629685686613,0.016723449278281406,-0.16327739027111818,-0.09772146910025506,1,0.06555592117086312
0.03336100797164057,0.025624483163500644,-0.1250137790288207,-0.024565805027898173,1,0.10044797400092251
-0.005321181932239155,0.018799803571402884,-0.15031959693218883,-0.07662436693228951,1,0.07369522999989932
0.039916657491401886,0.02248615816987848,-0.11230701252155995,-0.0241612724956363,1,0.08814574002592365
0.01187958325968938,0.024598196662044703,-0.14448368219791824,-0.04805875128270301,1,0.09642493091521523
0.007725060603902878,0.018455002777285928,-0.13659754483957753,-0.0642539339526167,1,0.07234361088696083
-0.007423505326392368,0.01849432953766243,-0.15182319122021073,-0.07932541943257401,1,0.07249777178763672
0.027963792995004122,0.018996133970777485,-0.11741942958771975,-0.04295458442227201,1,0.07446484516544774
0.011294272218797419,0.01928426143888009,-0.13465368020140756,-0.05905937536099761,1,0.07559430484040994
0.03387805447607786,0.020895033799789898,-0.11522701177151035,-0.03331847927633395,1,0.0819085324951764
0.016801002847054755,0.020760126980884093,-0.13203964603547808,-0.05065994827041243,1,0.08137969776506565
-0.03955132990897049,0.017172754196398455,-0.18136072813391146,-0.11404353168402953,0,0.06731719644988193
-0.02247668675013474,0.019078407458598373,-0.16802116536898756,-0.09323380813128193,1,0.07478735723770563
-0.02232068200793204,0.018490827790973115,-0.16671350447823935,-0.09422945953762474,1,0.07248404494061461
-0.0034132740558605323,0.01847993384245486,-0.14778474438707206,-0.07534340372464901,1,0.07244134066242305
-0.012340673014431217,0.01809888400144237,-0.15596528565725826,-0.08501766037160419,1,0.07094762528565407
0.0031473477906819453,0.018976669773890495,-0.1421977249661434,-0.0678091794524927,1,0.07438854551365072
-0.002232269656916558,0.021978797907835454,-0.15346151355627405,-0.06730462575755908,1,0.08615688779871497
0.028666361678462385,0.017222977570275806,-0.1132414743592782,-0.04572740228379704,1,0.06751407207548116
-0.006247994320697142,0.017178600233939457,-0.1480688507792185,-0.08072873786217581,1,0.06734011291704269
-0.020704099599309453,0.01864197922076955,-0.16539317887201777,-0.09231662032660114,1,0.07307655854541663
-0.018859853951791503,0.019441768648510254,-0.16511652050287162,-0.08890478740071141,1,0.07621173310216021
0.02171745789333361,0.023192212076070553,-0.13189007777576467,-0.04097660643756811,1,0.09091347133819655
0.011982967626491953,0.021457879147510565,-0.13822527550262875,-0.054110389244387345,1,0.0841148862582414
-0.019823473847561238,0.017697862032085454,-0.16266208343044875,-0.09328646426467375,1,0.06937561916577499
0.021741241320373528,0.02010861347534956,-0.1258224410913116,-0.046996676267941344,1,0.07882576482337025
0.024390675965933875,0.021314913971171495,-0.12553735541756225,-0.04198289265057,1,0.08355446276699224
-0.029046564038229625,0.018253989048329675,-0.1729751825729558,-0.10141954550350346,1,0.07155563706945234
-0.011335337477203403,0.01836130270392286,-0.1554742907768922,-0.08349798417751461,1,0.07197630659937759
-0.028430884299373557,0.018174454371423072,-0.1722036148673628,-0.10095975373138434,1,0.07124386113597846
-0.0024904463947283684,0.018441414797872188,-0.14678641939855785,-0.07449607339089889,1,0.07229034600765896
0.01715391196901571,0.020087270764473933,-0.1303679387293532,-0.05162583733261539,1,0.07874210139673782
0.019804050053652683,0.019640321682714235,-0.12684178044446723,-0.04985171944822742,1,0.07699006099623981
-0.024655830391440883,0.01747451030483786,-0.1670566705889231,-0.09855659019395868,1,0.06850008039496441
-0.009299346455996019,0.018531339700492595,-0.15377157226896151,-0.08112872064303053,1,0.07264285162593098
0.016095871567436845,0.020690827138024982,-0.1326089496230921,-0.0515009072420342,1,0.08110804238105791
0.011333138291075254,0.021353460213293443,-0.1386704437269799,-0.054964879690869606,1,0.08370556403611029
-0.01194206635925904,0.017006009300383037,-0.1534246445880098,-0.08676108813050828,1,0.06666355645750152
-0.03967493155583997,0.01964652203114072,-0.1863329147368758,-0.10931854837480416,0,0.07701436636207164
-0.017161337870059953,0.018049755556605894,-0.16068965876100752,-0.0899346169791124,1,0.07075504178189512
0.00650273057608812,0.019259463448144228,-0.13939661778227458,-0.06389952106554919,1,0.07549709671672539
0.01026875303587832,0.01998962933382299,-0.13706172045841475,-0.05870237346982863,1,0.07835934698858613
-0.0028877422566880584,0.018991234950811814,-0.1482613627602792,-0.07381572175309692,1,0.07444564100718229
0.024285214671131997,0.018756489346409746,-0.12062830444783111,-0.047102866209904906,1,0.0735254382379262
0.022691379379792917,0.018879398341367627,-0.12246304136928764,-0.04845579987112654,1,0.0740072414981611
-0.024198068418212274,0.01948118410956272,-0.1705319892729552,-0.09416574756346935,1,0.07636624170948586
-0.022717722634860035,0.019160885787751727,-0.16842385877885344,-0.09331318649086665,1,0.07511067228798679
0.008881332396076871,0.02077280288212141,-0.1399841612528811,-0.05855477395496517,1,0.08142938729791593
-0.012954453948230082,0.017880039290383554,-0.15615013095738184,-0.08606037693907832,1,0.07008975401830352
-0.007195026156684506,0.02002723412000882,-0.1545992050319018,-0.07609244728146722,1,0.07850675775043459
-0.01754102820838406,0.017735946869997878,-0.16045428407357992,-0.09092937234318822,1,0.0695249117303917
-0.03649066703623695,0.017253256220117075,-0.17845784922766642,-0.11082508484480749,0,0.06763276438285892
0.027519962141387855,0.020871363242901925,-0.12153870981469991,-0.03972296590252438,1,0.08181574391217553
0.0031065951953221094,0.0193072216304526,-0.142886359200365,-0.0672020504089908,1,0.0756843087913742
-0.008636972622533975,0.019895170151474642,-0.15578230611942429,-0.07779323912564368,1,0.07798906699378061
0.040627676249107736,0.02156307112280613,-0.10978674315159229,-0.02525950435019226,1,0.08452723880140003
0.029448127181690625,0.02261223857435493,-0.12302266042404505,-0.03438268521257371,1,0.08863997521147135
0.020878856195343423,0.020201866483872108,-0.12686760211304593,-0.04767628549626725,1,0.07919131661677868
0.023801825891351103,0.020349171760974945,-0.12423335076015979,-0.04446459745713801,1,0.07976875330302177
0.008392323567094115,0.02086862274425484,-0.14066097701164537,-0.0588559758541664,1,0.08180500115747896
-0.010087739033794924,0.020821392924198996,-0.15904846916522497,-0.07742860890236489,1,0.08161986026286008
-0.002858301700960894,0.018986315055920706,-0.14822227921056547,-0.07379592419135632,1,0.07442635501920915
-0.004255450109808545,0.018947883972877014,-0.1495441026966475,-0.0752683975229696,1,0.0742757051736779
0.00047686126837970244,0.020069764960665957,-0.14701067805452558,-0.06833719940871502,1,0.07867347864581056
-0.048192821741926004,0.01835450029442408,-0.1923184423189972,-0.12036880116485481,0,0.07194964115414239
-0.00989565481987048,0.020443732332266328,-0.1581161701911125,-0.07797673944862848,1,0.080139430742484
0.02927689282892844,0.020555411849864275,-0.11916251439680554,-0.03858529994533759,1,0.08057721445146795
-0.0017279604288145123,0.01950027448452406,-0.14809929841848168,-0.07165822243914735,1,0.07644107597933433
-0.005512168681634191,0.01853512871787958,-0.14999182096867816,-0.07733411639459023,1,0.07265770457408793
-0.028031503454860926,0.019023830169422724,-0.17346901058692948,-0.09889559632279239,1,0.07457341426413709
0.0010785145964865295,0.019869914684890095,-0.14601731818589805,-0.0681272526211289,1,0.07789006556476916
-0.021154523251236304,0.017578614800377357,-0.16375940825997592,-0.0948512382424967,1,0.06890817001747923
-0.017711475321166334,0.01812920125587608,-0.16139550978268347,-0.09032904085964923,1,0.07106646892303424
0.011126839698059415,0.018863521765675025,-0.13399646296266365,-0.06005145764121754,1,0.07394500532144611
-0.005463166364031394,0.016822731433523946,-0.14658651997373834,-0.08064141275432446,1,0.06594510721941388
-0.009499575141788924,0.01943325390692592,-0.15573955279936375,-0.07956119748421413,1,0.07617835531514962
-0.001144051897594242,0.018192977495347647,-0.14495308778847563,-0.07363661600671287,1,0.07131647178176276
-0.021730558694423655,0.016365302591845553,-0.16195735177444093,-0.09780536561440638,1,0.06415198616003455
-0.0017431635332790935,0.020134633244531693,-0.14935784469256122,-0.07043008237399698,1,0.07892776231856424
0.03008315671764969,0.02359028109093391,-0.12430459422058078,-0.03183069234411985,1,0.09247390187646093
-0.006849451115967853,0.02017791967905218,-0.15454897368691012,-0.07545152854502558,1,0.07909744514188453
-0.005558762452244986,0.01997515982941468,-0.15286087571789775,-0.07455824918659222,1,0.07830262653130553
-0.027133696429391355,0.018667547479373346,-0.17187288948896312,-0.0986961033698196,1,0.07317678611914352
0.01810707972299122,0.020236387816133614,-0.12970704039663067,-0.0503804001573869,1,0.07932664023924377
0.002584467166728721,0.018182922516849612,-0.14120486096629653,-0.06992780470024604,1,0.07127705626605049
0.012691300889455026,0.017797230712859578,-0.13034207130774975,-0.060576926913340205,1,0.06976514439440953
0.0037157431434164945,0.02104997580088776,-0.14569300942632352,-0.0631771042868435,1,0.08251590513948001
-0.001418910677166818,0.0195831924460359,-0.1479527678713972,-0.07118665348293646,1,0.07676611438846073
-0.025247082192900325,0.0174562885163022,-0.16761220768485263,-0.09918355670094803,1,0.0684286509839046
0.013816162895033526,0.020098910696339362,-0.13372850206979164,-0.05494077214014133,1,0.07878772992965032
0.0009176299517225789,0.018258737566809506,-0.14302029567922406,-0.0714460444173308,1,0.07157425126189326
0.01939954750390009,0.021731581881476215,-0.1313451529837933,-0.04615735200840653,1,0.08518780097538675
-0.014578149532700813,0.017570583779572317,-0.15716729374066257,-0.08829060532473908,1,0.0688766884159235
-0.031974630630365194,0.017784747458383092,-0.17498353564879607,-0.10526732561193433,1,0.06971621003686174
-0.020255414104424926,0.018965642712091595,-0.16557887382012446,-0.09123355438872541,1,0.07434531943139905
-0.02554675865282656,0.023894789830191818,-0.18053134672000254,-0.0868637705856506,1,0.09366757613435193
0.01577021144243103,0.021261763116121334,-0.1340536442651668,-0.05070753284997116,1,0.08334611141519564
-0.014653587054370865,0.019875060397638682,-0.16175950543374268,-0.08384926867499906,1,0.07791023675874362
-0.049892760439292874,0.01745194594515476,-0.19224937449179622,-0.12383774638678954,0,0.06841162810500667
-0.004110798565783738,0.018389558816721673,-0.14830513384655822,-0.07621806328500927,1,0.07208707056154895
-0.027028818670001356,0.018711421642316158,-0.17185400508894103,-0.0985052322510617,1,0.07334877283787933
0.0203542143519483,0.01886155172731648,-0.124765227033592,-0.05082794426251141,1,0.07393728277108058
-0.011477304030953026,0.018316235693051887,-0.15552792598933474,-0.08372828207257133,1,0.07179964391676341
0.00696142967352785,0.02018241554692061,-0.14074690479843655,-0.06163183585450776,1,0.07911506894392878
-0.010581210772398278,0.018368227547529235,-0.15473373676555557,-0.08273028477924099,1,0.07200345198631458
0.008351991772469189,0.021141517409536698,-0.14123618235022273,-0.05836143410483889,1,0.08287474824538384
-0.040994353844661366,0.017113302990025937,-0.1826872277051122,-0.11560307998421054,0,0.06708414772090165
0.01498119566274378,0.018735340346128827,-0.12989087141566874,-0.056448337258843725,1,0.07344253415682502
0.013063605339764625,0.019413530170983514,-0.13313771379536307,-0.057036675525107695,1,0.07610103827025538
0.017777273335054633,0.019611578986078747,-0.12881222147765972,-0.05193483185223103,1,0.0768773896254287
0.01831667038773746,0.019612794505993517,-0.12827520684400984,-0.05139305238051525,1,0.07688215446349458
-0.0010259918546737107,0.01826036819639841,-0.1449671135196146,-0.07338647018973282,1,0.07158064332988179
-0.009154434958745322,0.017536163109237824,-0.15167611465285147,-0.08293435526463919,1,0.06874175938821228
0.013841161558324155,0.020163658731380162,-0.13383040955518097,-0.05478886732817073,1,0.07904154222701024
0.005516159486091118,0.01854427564566547,-0.13898142077941322,-0.06628786024840456,1,0.07269356053100866
-0.044708815004341776,0.019278222173244732,-0.19064493046390146,-0.1150742995447821,0,0.07557063091911936
-0.008999298509399165,0.018862691333616143,-0.1541209735232868,-0.08017922349551153,1,0.07394175002777527
-0.031084318845357714,0.019289155625968283,-0.17704186387225557,-0.10142837381845989,1,0.07561349005379568
-0.02014027162737088,0.018760352372921906,-0.16506136227829782,-0.09152078097644395,1,0.07354058130185387
0.02984483224395361,0.021564704734307303,-0.1205727890352887,-0.03603914647680408,1,0.08453364255848461
-0.009605302711949551,0.01960700446668852,-0.15618583146665904,-0.07932637395724007,1,0.07685945750941897
0.015878505541141938,0.018762366211355817,-0.12904653223311546,-0.055498056684600665,1,0.07354847554851479
0.002247282707278919,0.016552651963283618,-0.13834671514075697,-0.0734603194446852,1,0.06488639569607177
-0.016497424261262647,0.018242180979262855,-0.16040289898061785,-0.08889354954190745,1,0.0715093494387104
-0.022348212939191772,0.018319938450987287,-0.16640609230312686,-0.09459193357525669,1,0.07181415872787017
0.010259395673825333,0.02007332825528849,-0.13723512770654012,-0.058547680945809234,1,0.07868744676073089
0.0034712515763066776,0.019195112969822015,-0.14230196984454446,-0.06705712700284218,1,0.07524484284170228
0.03517059913820034,0.02164220285201371,-0.11539891845174655,-0.030561483271852798,1,0.08483743517989376
0.008487713565807672,0.01935499091525091,-0.13759886862808413,-0.061727304240300554,1,0.07587156438778357
0.0010159603192925193,0.020310254701908823,-0.14694293889644877,-0.0673267404649662,1,0.07961619843148257
-0.02426179499081317,0.018200416762986497,-0.1680854118462667,-0.09673977813535964,1,0.07134563371090707
0.0264061072474958,0.020254806869721417,-0.12144411421715817,-0.04204527128785023,1,0.07939884292930793
0.05113682692108787,0.020601675743446155,-0.09739325753606659,-0.016634688621757675,0,0.08075856891430891
0.0048312435491387334,0.019733288063582325,-0.14199680105548262,-0.06464231184623992,1,0.0773544892092427
-0.010030734551183432,0.01852826458287947,-0.1544969331336272,-0.08186613596873968,1,0.07263079716488752
0.00431939687498728,0.01947248538763766,-0.14199747448478253,-0.06566533176524292,1,0.07633214271953961
-0.017846888462155222,0.01852658643938903,-0.16230979788335773,-0.08968557904095273,1,0.072624218842405
-0.007530726840504792,0.02012616469893072,-0.155128809650409,-0.07623424403060058,1,0.07889456561980843
-0.008453766011772626,0.019251486243440554,-0.15433747904891612,-0.07887165297462914,1,0.07546582607428698
-0.024219345478684803,0.017443128210924405,-0.16655867677209663,-0.09818161418527298,1,0.06837706258682365
-0.024745517964196787,0.017116624775295228,-0.16644490252377545,-0.09934773340461814,1,0.06709716911915731
-0.015723234899388025,0.020670923523127483,-0.1643890450047179,-0.08335902479405816,1,0.08103002021065975
-0.002380690133297239,0.018354946032381775,-0.14650718435676552,-0.07455579590982897,1,0.07195138844693655
-0.005889364206993528,0.020989662761450457,-0.15517990321943642,-0.07290042519455064,1,0.08227947802488578
0.0033667830236822766,0.019488491763569128,-0.14298146083291322,-0.06658657311972224,1,0.07639488771319097
0.019460379818913298,0.020667309509666262,-0.1291983468200326,-0.04818249354214083,1,0.08101585327789176
-0.014001548964985483,0.018838306039512892,-0.15907542880243075,-0.08522926912754022,1,0.07384615967489053
0.010847832888753503,0.01895021190246219,-0.1344453824400724,-0.060160551782420614,1,0.07428483065765179
-0.0006645073949072128,0.017691079214527016,-0.14348982265538018,-0.07414079213443427,1,0.06934903052094592
0.004453719182800367,0.01990662183705388,-0.14271405961782524,-0.06468010201657404,1,0.0780339576012512
0.017379999750941205,0.01999485002875515,-0.1299607063054189,-0.051580894192698706,1,0.07837981211272019
-0.03509774480680815,0.01747311342235784,-0.1774958471146295,-0.1090012424989868,0,0.06849460461564272
-0.012689040921803688,0.018942661890685695,-0.15796745822754765,-0.08371222361605973,1,0.07425523461148792
-0.009010363588412063,0.01861865725175655,-0.1536537318018549,-0.08066859537496923,1,0.07298513642688567
-0.0034676338170320786,0.0195661279049514,-0.14996804451073684,-0.07326882312332733,1,0.0766992213874095
-0.014732262487420184,0.01773349616843982,-0.15764071497756224,-0.08812540999727814,1,0.0695153049802841
-0.024307514218691303,0.018537877194118188,-0.16879255351916295,-0.09612407491821967,1,0.07266847860094328
-0.002150840288231537,0.0201445370872049,-0.14978493297915313,-0.07081834759730994,1,0.07896658538184319
-0.02740567127215006,0.018593991785757134,-0.17200069517223404,-0.09911224737206609,1,0.07288844780016795
-0.02665234656811423,0.018413130734464253,-0.17089288280766418,-0.0987134103285643,1,0.07217947247909988
0.020042667541226702,0.021437687126110733,-0.13012599922595033,-0.046090265691596265,1,0.08403573353435406
-0.005179034494258383,0.020796159774699015,-0.15409030765266846,-0.07256936133584832,1,0.08152094631682014
0.0066555183413709446,0.01913952696677811,-0.13900875451351416,-0.06398180880374396,1,0.0750269457097702
0.00301248622950194,0.01929973934792841,-0.14296580289243777,-0.06731082464855838,1,0.07565497824387939
-0.009274651151676458,0.01859489864151436,-0.1538714524890446,-0.08097944981430832,1,0.07289200267473628
0.026268878774253546,0.021583720890994994,-0.12418601417209665,-0.03957782827939627,1,0.08460818589270039
0.005630860206291194,0.018206970764345326,-0.13820560249182565,-0.06683427709559198,1,0.07137132539623367
0.05462663359462063,0.021012291356559028,-0.09470825746423506,-0.012340075346523684,0,0.08236818211771138
0.0481543218954738,0.02157855349640414,-0.10229044295747833,-0.01770251325157409,0,0.08458792970590423
0.010097741535214519,0.01844596410262209,-0.13420714810592477,-0.06189896882364619,1,0.07230817928227858
0.03198097177909566,0.019635145457521933,-0.11465471331764733,-0.03768494312416136,1,0.07696977019348597
-0.028041566404647847,0.01742217635310132,-0.17033983205672643,-0.10204490075256926,1,0.06829493130415716
0.021082011810064374,0.02014809445446468,-0.1265590533206864,-0.04757852305918486,1,0.07898053026150154
0.007561492910511336,0.018567707306168017,-0.136982013409578,-0.06419660076939936,1,0.07278541264017864
-0.0008603455694914525,0.017914251730481057,-0.14412307896123433,-0.07389921217774859,1,0.07022386678348574
-0.027662290855352004,0.019451672410633603,-0.17393836878019386,-0.09768781293051015,1,0.07625055584968371
0.047052339909593136,0.020969903010121933,-0.10219946999024586,-0.01999745019056788,0,0.08220201979967798
-0.051182586295135904,0.01669594472047508,-0.19205743794726707,-0.12660933464300475,0,0.06544810330426232
0.01949158641398864,0.023123584074801022,-0.13398143837262136,-0.043336988799401364,1,0.09064444957321999
-0.0012123523917530604,0.02013688604600049,-0.14883144904191403,-0.0698948557415921,1,0.07893659330032193
-0.0193442501324093,0.02006585201465507,-0.16682412008113323,-0.08816598018368536,1,0.07865813989744787
-0.00412535771944833,0.018295801046222263,-0.14813592777004397,-0.0764163876688527,1,0.07171954010119128
0.0035903335587469803,0.01941869720121871,-0.1426211129556417,-0.06649981992686435,1,0.07612129302877735
-0.011597692347082439,0.019937511503865097,-0.15882601489465803,-0.08067096979950686,1,0.07815504509515117
0.014170419985166494,0.022042810551774643,-0.1371842886963118,-0.050776471333355215,1,0.08640781736295658
0.02116743484656329,0.019306170107762,-0.12482345856465024,-0.049143271742223195,1,0.07568018682242705
0.030051580466811362,0.020655333634308,-0.11858367345643232,-0.037614765609944964,1,0.08096890784648736
0.0026033419158005,0.020093577031151538,-0.1449308690652565,-0.0661640471031425,1,0.07876682196211401
-0.0019140750899418468,0.018178362241992766,-0.14569446508424766,-0.07443528509563603,1,0.07125917998861163
-0.021574436291408997,0.020230218014754584,-0.169376463600328,-0.09007400898249002,1,0.07930245461783797
0.012236735059983822,0.020820447490126678,-0.13672214202066446,-0.0551059878593679,1,0.08161615416129656
-0.011899179369581625,0.019877244834921145,-0.15900937924602707,-0.0810905794931362,1,0.07791879975289087
-0.03662736808278895,0.018297470785012468,-0.18064121082141338,-0.10891512534416452,0,0.07172608547724886
-0.004454478783342722,0.018827711759441586,-0.14950759383184825,-0.07570296373483722,1,0.07380463009701103
-0.012562982983200313,0.017309127302316676,-0.154639672495741,-0.08678789347065963,1,0.06785177902508138
0.00739836848378464,0.019310870440819743,-0.13860173758022207,-0.06290312545220866,1,0.0756986121280134
-0.010075250158937857,0.019299023839301228,-0.15605213688396827,-0.08039996343390746,1,0.07565217345006081
0.0298560639518701,0.021250040050936458,-0.11994481454796536,-0.03664465754829445,1,0.08330015699967092
-0.016753805990731285,0.017727859940749463,-0.15965121147460024,-0.09015800050686235,1,0.06949321096773789
0.004252731033193874,0.019233771055405354,-0.14159626023540062,-0.06619987769821165,1,0.07539638253718897
0.031541899407270785,0.021315721036763928,-0.11838771382478652,-0.034830087360671926,1,0.0835576264641146
-0.017568207466633387,0.017132700687167025,-0.15929910081348075,-0.09213891411978603,1,0.06716018669369472
-0.00994921759423939,0.018677515958485436,-0.15470794887287084,-0.08149208631560795,1,0.0732158625572629
-0.0008418081426893043,0.017599128988395163,-0.14348690095994382,-0.0744983153254348,1,0.06898858563450902
0.02666337369150995,0.01966376364698769,-0.12002840305658594,-0.04294644956039418,1,0.07708195349619176
-0.033593364356935704,0.016489399185072282,-0.1740633867596774,-0.10942494195419403,0,0.06463844480548336
-0.013366980020846783,0.019844586778428867,-0.16041317010656736,-0.08262238993512622,1,0.07779078017144114
0.012271391534731432,0.021582534740031547,-0.1381811765557304,-0.053577640374806744,1,0.08460353618092364
0.013813972939774849,0.020402784647326797,-0.1343262849689857,-0.05434736915146464,1,0.07997891581752105
0.021762229566314004,0.020086367067714463,-0.12575784988640634,-0.047019290980965654,1,0.07873855890544068
0.009469544753835088,0.019835925666368933,-0.13755966955224802,-0.05980284094008181,1,0.0777568286121662
0.01149899713705163,0.021490841817583737,-0.1387738528254125,-0.05452975290048425,1,0.08424409992492823
-0.010978932457774121,0.018063088476527555,-0.15453338587176813,-0.08372607904378013,1,0.070807306827988
0.002562432051527022,0.01897738317735038,-0.14278403897607972,-0.06839269692086623,1,0.07439134205521349
0.016828524633929684,0.019072562216029706,-0.12870449730948855,-0.053940053422652096,1,0.07476444388683645
0.024778774028611894,0.022767106554789196,-0.12799555481877495,-0.03874849712400129,1,0.08924705769477366
-0.010616842521422046,0.01939154169412859,-0.1567750642419141,-0.08076022080093001,1,0.07601484344098408
-0.006228224743468402,0.01989131733961686,-0.15336600672911746,-0.07539204275781936,1,0.0779739639712981
-0.0037024533549997185,0.020600127875200235,-0.15222950399039217,-0.07147700271960727,1,0.0807525012707849
0.01606353369867941,0.021464210325960482,-0.13415711854020312,-0.05001741406243805,1,0.08413970447776507
-0.026690212279261702,0.01906702710749931,-0.17221238540996037,-0.09746963914856306,1,0.0747427462613973
-0.016414642861241224,0.020229754730947742,-0.1642157621338988,-0.08491512358858366,1,0.07930063854531513
-0.021078075780239416,0.018197713580094112,-0.16489639439722387,-0.09356135716325496,1,0.0713350372339689
0.007582278453058824,0.019391801895605906,-0.13857645326232876,-0.0625605898315536,1,0.07601586343077515
-0.01976300256929671,0.017929177693840205,-0.1630549908492235,-0.09277261428936992,1,0.07028237655985359
0.00565764044322431,0.018720946771329017,-0.13918621522858057,-0.06580010388497082,1,0.07338611134360976
0.0027660189940440505,0.020719274474133336,-0.1459945589752573,-0.06477500303665462,1,0.08121955593860267
-0.018248933281385868,0.016855523446482702,-0.15943655923649197,-0.09336290732627978,1,0.0660736519102122
0.004596903335527258,0.020201706854864183,-0.14314924210000654,-0.06395855122893895,1,0.07919069087106759
-0.0005626461994072546,0.01860133231467582,-0.14517205753617185,-0.07225483486264266,1,0.0729172226735292
0.01922961336237497,0.020145649027251293,-0.12840665873103757,-0.0494357145442125,1,0.07897094418682507
0.0075517893674427045,0.02066785020345256,-0.14110799703132432,-0.060090024233790285,1,0.08101797279753403
0.0025775391190550057,0.019874054381860223,-0.14452640746939105,-0.06662011429249896,1,0.07790629317689209
0.024269618901772275,0.01885634716944812,-0.12083962155034605,-0.046922740646109413,1,0.07391688090423665
0.014769799936003303,0.020782229496620994,-0.13411416987737385,-0.05264783025061955,1,0.08146633962675429
0.0013275269273516493,0.019605307465299777,-0.14524967570463593,-0.06839687044066078,1,0.07685280526397514
-0.0068670052622805955,0.018213306190268588,-0.15071588539520703,-0.07931972512935417,1,0.07139616026585285
0.023754821364314796,0.02005581813196019,-0.12370538217432718,-0.04508657509704324,1,0.07861880707728394
-0.004791309374642311,0.021064451642560853,-0.1542284345940616,-0.07165578415522304,1,0.08257265043883856
0.004236335664842494,0.020318357705614496,-0.14373844543816192,-0.0640904832321531,1,0.07964796220600881
0.0054588258557928815,0.018602154655842633,-0.1391521972696587,-0.06623175101875556,1,0.07292044625090313
-0.007363556849093941,0.02045827984923909,-0.15561258535360256,-0.07541612834458533,1,0.08019645700901723
-0.03202417122080718,0.01830432948979947,-0.17605145702081415,-0.10429848542080022,1,0.07175297160001393
-0.005333203002900938,0.019510872677966338,-0.15172531345171497,-0.07524269255408692,1,0.07648262089762806
-0.02649059327707394,0.01990789041228883,-0.17366085848516005,-0.09562192806898784,1,0.07803893041617221
-0.006347507916777045,0.018332991439047597,-0.15043097113731035,-0.07856564469624376,1,0.0718653264410666
-0.01832442460427612,0.018202781557743367,-0.16215267645745313,-0.09079777275109913,1,0.071354903706354
-0.00840858456978301,0.018797283587201424,-0.15340206040069782,-0.07971670873886821,1,0.0736853516618296
-0.03552236175398134,0.01936586701914841,-0.18163026111151223,-0.10571606239645046,1,0.07591419871506178
-0.045261948009633055,0.017608802242642375,-0.18792600040521212,-0.118899495614054,0,0.06902650479115813
-0.02235885799775121,0.019502674780261953,-0.16873490056706464,-0.0922844154284378,1,0.07645048513862684
-0.010940730049995559,0.01759399338251587,-0.15357575707972665,-0.08460730302026447,1,0.06896845405946218
-0.006538220004243492,0.01949393258710384,-0.152897127874967,-0.07648091213351997,1,0.07641621574144704
0.04040632131923984,0.020445203158914346,-0.10781707687223228,-0.02767188048928805,0,0.08014519638294423
0.00800339769299939,0.017590862185085137,-0.1346254921897675,-0.06566931242423374,1,0.06895617976553375
0.016735330156975536,0.01915228507481695,-0.1289539485896657,-0.05387699109638325,1,0.07507695749328244
0.008542009653084465,0.018939499445117594,-0.13673020925934604,-0.06248737143448506,1,0.07424283782486098
0.007184117810205337,0.019527350106843904,-0.1392402883992087,-0.06269307598038062,1,0.07654721241882809
0.026123158508351174,0.02203493515790741,-0.12521611440114735,-0.03883916858215031,1,0.08637694581899705
0.0003193373138626471,0.020189288537122263,-0.147402468218897,-0.06826045715337772,1,0.07914201106551927
-0.03339064194953216,0.019195618528216413,-0.17916485426483633,-0.103918029634228,1,0.07524682463060833
-0.051812969897975916,0.01941803244872956,-0.19802311349748586,-0.12190442629846598,0,0.07611868719901987
0.012666785650071344,0.019977897557756575,-0.13464069356313155,-0.056327335136725776,1,0.07831335842640577
-0.002934118293768398,0.019197646049718076,-0.14871230455121584,-0.07345753203632097,1,0.07525477251489487
0.028173767966207422,0.019875911492111358,-0.11893381855833085,-0.04102024550925432,1,0.07791357304907653
0.0111977809973242,0.01959248504751244,-0.13535428969580018,-0.05855174830955142,1,0.07680254138624876
0.03167726804040194,0.026555497273716252,-0.1285223066160819,-0.024424757303114213,1,0.10409754931296769
0.014348824224632947,0.01942515603535292,-0.13187528160465878,-0.05572866994607533,1,0.07614661165858344
0.010563152128846703,0.020549689039113524,-0.1378650383878158,-0.057310257354490794,1,0.080554781033325
0.008117484898093275,0.021825175994868592,-0.14281066005184917,-0.05725597015196429,1,0.08555468989988488
0.012933503809755997,0.022233076402191826,-0.13879412593854,-0.05164046644194803,1,0.08715365949659196
0.021543862058325994,0.01909292670567357,-0.1240290742847942,-0.04918480159855381,1,0.07484427268624039
-0.00982373693698764,0.018284711263269908,-0.15381257101299667,-0.08213650286097862,1,0.07167606815201805
0.02701499540186647,0.019213271215756673,-0.11879381618101661,-0.043477793015250454,1,0.07531602316576616
0.004309556114108562,0.022986331058043666,-0.14889445275965701,-0.05878803501212586,1,0.09010641774753116
-0.009705126209629197,0.01863766533757026,-0.1543857502712669,-0.08132610214799149,1,0.07305964812327542
-0.021648594384261435,0.017347510321852805,-0.16380051461509293,-0.09579827415342995,1,0.06800224046166298
-0.018205774820644297,0.01778381719036617,-0.161212856513762,-0.09150029312752661,1,0.06971256338623538
-0.019691412426906543,0.019785247230669455,-0.16662129699901868,-0.08906312785479442,1,0.07755816914422425
-0.01900945194000815,0.01807953374985563,-0.1625961380897252,-0.09172436579029111,1,0.07087177229943409
0.003509102933511865,0.01836788056526382,-0.14064274297440524,-0.06864065115857104,1,0.0720020918158342
-0.023156175178134966,0.01940056367107383,-0.1693320799734397,-0.09328187038283026,1,0.07605020959060943
-0.031030387608357926,0.020305340993564316,-0.178979655955744,-0.09938271926097186,1,0.07959693669477214
0.012312248630012262,0.020656314682011432,-0.13632492814673014,-0.05535217459324534,1,0.0809727535534848
0.05692715090766165,0.022548233981184624,-0.09541818769546022,-0.007029110489216492,0,0.08838907720624373
-0.017555259864631814,0.018602669961395518,-0.16216729298896704,-0.0892448267402966,1,0.07292246624867044
0.006560135975974338,0.01868197559920117,-0.13820733619845996,-0.06497399184959138,1,0.07323334434886858
0.004704353852656051,0.01967267514193932,-0.142004889425545,-0.0648880028691429,1,0.07711688655640211
0.01394107199019419,0.019032636763701108,-0.13151369606666,-0.05690575995295164,1,0.07460793611370836
0.010694379948854721,0.020000683520182312,-0.1366577597507026,-0.058255080351587954,1,0.07840267939911465
-0.03740228473838968,0.01700004542163143,-0.17887317376478729,-0.11223299571199208,0,0.06664017805279521
-0.018755903101128138,0.018954015234013806,-0.1640565729597952,-0.08975683324246109,1,0.07429973971733411
-0.04918151578480133,0.018105753430301207,-0.1928195925081917,-0.12184503906141098,0,0.07097455344678072
-0.0030832250152926233,0.019326415982040088,-0.1491138003400912,-0.07335424969049406,1,0.07575955064959713
0.008617431203994677,0.018900903525768273,-0.13657913970651114,-0.06248759788549951,1,0.07409154182101163
-0.011835663519322678,0.019110939693176305,-0.15744390531794825,-0.08252902172069712,1,0.07491488359725113
0.014804699129382079,0.023664300175055372,-0.13972812921372646,-0.0469640725275094,1,0.09276405668621707
0.010379780810669925,0.01950288044418418,-0.13599666485993106,-0.059545373518729086,1,0.07645129134120197
-0.02220433462043754,0.018361448722728716,-0.16634357411698583,-0.09436669512388926,1,0.07197687899309657
0.053276630159100224,0.024214727554485838,-0.10233503584769202,-0.007413303834107543,0,0.09492173201358448
-0.0017354756304489294,0.01848250427285614,-0.14611198400524697,-0.0736605672556509,1,0.07245141674959607
-0.008379258559743072,0.019020270071909075,-0.15380978790068486,-0.07925032921880129,1,0.07455945868188357
-0.014436795936443786,0.017358548105880996,-0.15661035022397055,-0.08856484164891704,1,0.06804550857505351
-0.012576320157996687,0.016932735515586276,-0.1539152817685458,-0.08753895854744759,1,0.06637632322109821
0.01320099317526012,0.020624917598840598,-0.13537464531846746,-0.054524968331012315,1,0.08084967698745515
-0.00963166539411299,0.01994925066023254,-0.15688299668816877,-0.07868193410005722,1,0.07820106258811155
0.005501948160838002,0.01937955460854324,-0.14063277887190676,-0.06466492480641725,1,0.0759678540654895
0.0013567621083281772,0.02374149779969749,-0.1533273735790789,-0.06026070220426475,1,0.09306667137481417
0.019969947320495576,0.020136028142876072,-0.12764746783954153,-0.04871423751946733,1,0.07893323032007421
0.02139703662023673,0.019562833318365645,-0.12509691668375994,-0.04841061007576661,1,0.07668630660799333
0.024132270588840918,0.021635385250827803,-0.12642388450278158,-0.041613174319536594,1,0.08481071018324499
-0.015114333560656862,0.018668531250495016,-0.1598554548116271,-0.08667481230968663,1,0.07318064250194048
-0.04159283448095301,0.018338006745147233,-0.1856861277014416,-0.11380114126046444,0,0.07188498644097717
0.01507255829076358,0.020387756811416205,-0.1330382450596122,-0.05311823835886066,1,0.07992000670075154
0.01861200285674061,0.021302585963107783,-0.13129186563095063,-0.04778572865556814,1,0.08350613697538249
-0.019674852039833476,0.019072984096818953,-0.16520870086959863,-0.09044260321006833,1,0.0747660976595303
-0.017499536453051093,0.020041277810887426,-0.16493124096239045,-0.08636943194371174,1,0.07856180901867871
0.012058454561549178,0.020850920364759964,-0.13696014935338036,-0.0552245415235213,1,0.08173560782985906
-0.008807792835413136,0.019027681518907526,-0.1542528486124719,-0.07966433705835439,1,0.07458851155411751
0.031824429456926234,0.018703413813142153,-0.11298506161683239,-0.039667679469315154,1,0.07331738214751723
0.014884113467481377,0.02127288762708278,-0.13496154628160087,-0.05157182678343638,1,0.08338971949816448
-0.010197153135909687,0.01790034259476545,-0.15343262462164997,-0.08326328165016941,1,0.07016934297148056
0.010329468446157938,0.02328395795720624,-0.1434578891499663,-0.05218477395771784,1,0.09127311519224846
-0.014184285140820402,0.018167054617950998,-0.15794251219200436,-0.08672765808963645,1,0.07121485410236791
-0.026309731534101863,0.019429963817930284,-0.17254326061724523,-0.0963778024509585,1,0.07616545816628673
0.014630437700538595,0.02096230365485867,-0.1346064774629844,-0.05243424713593842,1,0.08217223032704599
0.005349815985312978,0.019262626055761917,-0.1405557310839804,-0.06504623694539367,1,0.07550949413858672
-0.005443954549426394,0.018972534712237032,-0.15078092258541098,-0.07640858651344182,1,0.07437233607196916
-0.011495191464674759,0.017464168887308017,-0.15387576248379847,-0.08541622044555106,1,0.06845954203824742
-0.0017898581009670594,0.018446702228001637,-0.14609619446785027,-0.07378512173408386,1,0.07231107273376641
-0.029963682089848218,0.01937916889519198,-0.1760976531244245,-0.10013131105527195,1,0.07596634206915254
-0.013294343012411003,0.017380563824190114,-0.15551104810782362,-0.08737923791699839,1,0.06813181019082523
-0.015114876327992965,0.02311595637250287,-0.1685729508180986,-0.07795840183788735,1,0.09061454898021123
-0.040959220167058705,0.018287450874229998,-0.1849534238805495,-0.11326661645356792,0,0.07168680742698158
-0.016722157351709677,0.01817822604250124,-0.1605022803950121,-0.08924363430840726,1,0.07125864608660484
0.010997078453425693,0.020347981748637126,-0.13703576577390308,-0.05727167731924555,1,0.07976408845465754
-0.01605101116725302,0.019005630692089073,-0.1614528473237476,-0.08695077501075844,1,0.07450207231298915
-0.015517911374267807,0.01824542124009026,-0.15942973700484472,-0.0879076857436909,1,0.07152205126115382
0.022285300253219606,0.01833949313362009,-0.12181090628867577,-0.049920093204885024,1,0.07189081308379075
0.005030190060514583,0.02095725152317986,-0.14419682292491795,-0.062044396954052894,1,0.08215242597086506
-0.0038993769061611006,0.01759438207053571,-0.1465351657644111,-0.07756518804791111,1,0.0689699777165
0.04031156549035027,0.019686065242574498,-0.10642392238509575,-0.029254546634203724,0,0.07716937575089203
-0.029524751941342672,0.01800191785320284,-0.17295931093362024,-0.10239179294906511,1,0.07056751798455513
0.0032847297679805543,0.017930489323755194,-0.14000982930657963,-0.06972231115745928,1,0.07028751814912035
-0.02958070910368278,0.01906496201065055,-0.17509883464455786,-0.10036418356280771,1,0.07473465108175015
0.014223226317212664,0.020315884680824646,-0.13374670765720365,-0.05410843970837104,1,0.07963826794883261
-0.01645077142800566,0.018422483805913097,-0.16070963968759533,-0.088493503168416,1,0.07221613651917932
0.015380372816026472,0.019372193659188432,-0.13073992675598287,-0.05480092761196421,1,0.07593899914401867
-0.009793859761490498,0.020359203093081524,-0.1578486978239303,-0.07804062169905071,1,0.07980807612487958
-0.001083848446856106,0.017250408637358935,-0.14304544937607963,-0.07542384751763259,1,0.06762160185844704
-0.010115713806065754,0.018895211400924806,-0.15530112815187838,-0.08123189946025314,1,0.07406922869162524
-0.0036303545835097983,0.018750784408631767,-0.14853269202442806,-0.07502961714259154,1,0.07350307488183652
0.003617955787442284,0.019382414876812085,-0.1425223773711094,-0.06654331105400604,1,0.07597906631710336
0.031755715065167875,0.021640128995597176,-0.1188097377662026,-0.03398043210346167,1,0.08482930566274094
-0.002463214398793559,0.02001887306955154,-0.14985100561511458,-0.07137702318247255,1,0.07847398243264203
0.015176879420010211,0.018535725770943007,-0.1293039430910381,-0.0566438980689415,1,0.0726600450220966
-0.026999465679530196,0.01758834296914324,-0.16962341789905094,-0.10067711346000946,1,0.06894630443904148
-0.037279662089978335,0.019217920063359192,-0.18309758541416235,-0.10776333876579433,1,0.07533424664836802
0.02936479883055912,0.020667632448939943,-0.11929456076936318,-0.0382774415695186,1,0.08101711919984458
0.005388240537465699,0.020312795466901,-0.14257563857766026,-0.06294948034740835,1,0.0796261582302519
0.006571092117483343,0.02288923079140037,-0.14644260023366137,-0.05671681553137194,1,0.08972578470228942
-0.02642608231139036,0.02212943010151992,-0.1779505653103694,-0.09120319931241133,1,0.08674736599795807
0.02287487577647801,0.019087790648674254,-0.12268799389492353,-0.04786385455212046,1,0.07482413934280308
-0.00796586215314797,0.018926319197365427,-0.1532122477799842,-0.07902107652631174,1,0.07419117125367247
-0.00994443486220875,0.018956401088389592,-0.15524978099545236,-0.08094068872896515,1,0.07430909226648721
0.0009681119604786487,0.018848556986719056,-0.1441258597334907,-0.070239516345552,1,0.0738863433879387
-0.0003619096466127708,0.018814044473199537,-0.14538823681408386,-0.07163718247914169,1,0.07375105433494217
0.00034740029454265187,0.018151908050090322,-0.1433811394836344,-0.07222565992728032,1,0.07115547955635408
0.0012908963818583502,0.01867065679400414,-0.14345439093438977,-0.07026541630189354,1,0.07318897463249624
0.006437331917277467,0.02021901961644699,-0.14134274653095863,-0.06208418963448644,1,0.07925855689647218
0.02677912180481,0.025901273302021462,-0.13213817386715207,-0.030605182523227942,1,0.10153299134392413
-0.017762791135681952,0.019018283594341323,-0.16318942698059094,-0.08863775529077297,1,0.07455167168981797
-0.0398671215784865,0.017013784932793298,-0.18136494004676137,-0.11467090311021164,0,0.06669403693654974
-0.030301486950976356,0.017710029173215912,-0.17316394413047956,-0.10374062977147316,1,0.0694233143590064
-0.012610538548632172,0.019535103182664208,-0.15905014078665403,-0.08247253631061033,1,0.0765776044760437
0.0021738454988754624,0.019549383147425433,-0.1442937454700784,-0.06766016353217069,1,0.0766335819379077
0.005272725241648346,0.022552684028334317,-0.1470813354538869,-0.0586748140628164,1,0.08840652139107051
0.014153679032804747,0.020687597227064716,-0.1345448115322421,-0.05344943040214842,1,0.08109538113009368
0.031418771888628766,0.020902664275390302,-0.11770125009113623,-0.03576280613160625,1,0.08193844395952998
0.015256655398155267,0.02140331914119417,-0.13484465011858532,-0.050943639085104166,1,0.08390101103348116
-0.007740681154466966,0.019707451427306094,-0.1545180859519869,-0.07726487635694704,1,0.07725320959503987
0.031692817931219155,0.02102889059659114,-0.11767460763809948,-0.035241356499462216,1,0.08243325113863725
-0.03946456509728384,0.018268416412678866,-0.18342146126613443,-0.11180926892843326,0,0.07161219233770116
-0.015420669537773185,0.01983228499891457,-0.16244274813564574,-0.08470019093990064,1,0.0777425571957451
0.006330156811485174,0.020098505800798354,-0.1412137145580796,-0.06242757181895006,1,0.07878614273912954
0.0141579904555761,0.02041876538216617,-0.1340135896934696,-0.053972029395378214,1,0.0800415602980914
0.012928002031790023,0.02061067605817269,-0.13561972304222847,-0.05482587289419151,1,0.08079385014803696
0.004899911407752783,0.020337353897918308,-0.1431121022321671,-0.06338967495232734,1,0.07972242727983977
-0.009940830494136813,0.019078740693120776,-0.15548596225265354,-0.0806972987356201,1,0.07478866351703345
-0.016552857043692554,0.01797951023773863,-0.15994349710966027,-0.08946381697772485,1,0.07047968013193542
0.022223402160291977,0.0202726539234529,-0.1256617995296757,-0.046192996149740345,1,0.07946880337993537
0.013728483690059842,0.019063094454929486,-0.13178598144160195,-0.05705865117827837,1,0.07472733026332357
-0.01793404946741496,0.018945570861594548,-0.16321816835614028,-0.08895153057868965,1,0.07426663777745063
-0.006066842962531557,0.020544391820876442,-0.1544846509314494,-0.07395063499361373,1,0.08053401593783566
0.013646478055131722,0.019912782709290602,-0.13353337605507787,-0.055475267834658705,1,0.07805810822041917
-0.022245322940219595,0.01934076473834541,-0.1683040218273766,-0.09248822405306259,1,0.07581579777431402
0.009774491077392616,0.019585601517606303,-0.13676408789711575,-0.059988529948099036,1,0.07677555794901672
0.019275844907659684,0.018885706018364173,-0.1258909388883341,-0.05185897129634654,1,0.07403196759198757
0.004984775798234697,0.019889788161247188,-0.1421500089978098,-0.06418203940572081,1,0.07796796959208899
-0.04042109069044002,0.018315287507350946,-0.18446985420484788,-0.11267392717603217,0,0.07179592702881571
0.02371573556408832,0.021512221420549295,-0.1265990184201883,-0.04227111045163507,1,0.08432790796855325
0.0031345259488465838,0.022356479716572224,-0.14883497429563497,-0.061197573806671866,1,0.0876374004889631
0.030053664719597764,0.020186297770980206,-0.11766227891152345,-0.03853199164928104,1,0.07913028726224242
0.023166540243615863,0.021249396763635606,-0.12663307741310992,-0.04333544209965835,1,0.08329763531345157
-0.011367954725054197,0.018553855111768023,-0.15588431074411951,-0.08315319870598888,1,0.07273111203813064
-0.019034255026093252,0.017804176439907882,-0.1620812408483127,-0.0922888692038738,1,0.06979237164443891
-0.005540415508658067,0.019113813865551783,-0.15115429068513958,-0.07622814033217658,1,0.074926150352963
0.016861129380923753,0.022045155960375713,-0.13449817630141264,-0.048081164936739855,1,0.08641701136467278
0.020199093530244017,0.018743789374087577,-0.12468953364296764,-0.051213879296544335,1,0.07347565434642331
-0.004411917620953318,0.01974349302179694,-0.15125996394367533,-0.07386547129823132,1,0.07739449264544401
0.00012405128881408378,0.019237255557818498,-0.14573176960451018,-0.07032172781786167,1,0.07541004178664851
0.0059456194990092776,0.01999657037143145,-0.14139845842899637,-0.06301190257298508,1,0.07838655585601129
0.04049696264591088,0.020212757174537188,-0.10727084141618201,-0.028036833291996237,0,0.07923400812418577
0.00948511595272554,0.02038028459723374,-0.1386110418578526,-0.05872032623669633,1,0.07989071562115628
-0.006191117071941907,0.020745034216932284,-0.15500218413712918,-0.07368165000675464,1,0.08132053413037454
0.016616884695635048,0.02028859366168024,-0.13129955888125822,-0.05176827172747169,1,0.07953128715378652
-0.016978445583906696,0.018903307944579548,-0.16217972915528261,-0.08807876201253079,1,0.07410096714275183
0.04443925653544739,0.02128657757202012,-0.10543323550571204,-0.02198985142339318,0,0.08344338408231886
-0.024797186738186053,0.017880291502232828,-0.16799335808256238,-0.09790261539380972,1,0.07009074268875266
0.025064654196793032,0.02040892421734649,-0.1230876372692061,-0.04308465433720785,1,0.08000298293199826
0.01895168729168184,0.019332834722938938,-0.1270914687652785,-0.051306756651357845,1,0.07578471211392065
0.022522771304834696,0.01956850401354206,-0.12398229656170776,-0.04727376082862287,1,0.07670853573308489
-0.015159634159255267,0.017959809706236764,-0.1585116611834793,-0.08810920713503122,1,0.0704024540484481
0.011605948380039532,0.021195933706135997,-0.13808888168398703,-0.05500082155593392,1,0.08308806012805312
-0.008108795780412986,0.018829784726192986,-0.15316597384375125,-0.07935321771707474,1,0.07381275612667651
-0.008893851649180329,0.018678149622125443,-0.1536538249085462,-0.08043547838981446,1,0.07321834651873174
0.005324217325510541,0.02306046197639337,-0.14802508814822046,-0.05762807720075846,1,0.090397010947462
-0.0056508753664580025,0.01692794733240133,-0.14698045213796462,-0.08062289859495139,1,0.06635755354301323
-0.03431448158840135,0.018689036960597483,-0.17909579403117243,-0.10583476914563028,1,0.07326102488554215
-0.02549342372687298,0.0194075709145516,-0.17168306271939412,-0.09560538473435184,1,0.07607767798504228
0.020190292565521697,0.01990846029713638,-0.1269810896168656,-0.048939925252091,1,0.0780411643647746
-0.012362570858715588,0.020206476958866047,-0.16011806569809306,-0.08090867601933814,1,0.07920938967875492
-0.011906635884609842,0.01822638738983086,-0.15578115516867833,-0.08433371660054137,1,0.07144743856813696
-0.0557439391730168,0.017856027811041272,-0.1988925536826577,-0.1288969246633759,0,0.0699956290192818
0.019132705846654705,0.019263953263252493,-0.1267754425493202,-0.05126074575737041,1,0.07551469679194978
-0.004665846076819136,0.019952057729177287,-0.1519226792260066,-0.07371061292763166,1,0.07821206629837495
-0.0029297915436355126,0.01772055921266225,-0.14581288760045352,-0.07634829548681751,1,0.06946459211363601
-0.030858781128834653,0.01769296179329334,-0.1736877862436896,-0.10433137601397971,1,0.0693564102297099
0.012140606581394306,0.018857905832884943,-0.1329716888510602,-0.05904869798615121,1,0.07392299086490899
-0.017753968518561078,0.017987125403618485,-0.16115953430965332,-0.09065000272746884,1,0.07050953158218448
-0.006775971578455858,0.01874614015938228,-0.15166920629084513,-0.0781843368660666,1,0.07348486942477853
0.03119104885289055,0.019243045705870213,-0.11467612073061507,-0.03924338156360384,1,0.07543273916701124
0.0007295058655576586,0.019479288373777517,-0.14560069934704628,-0.06924188892183841,1,0.07635881042520787
-0.01783210957651639,0.019934525148803242,-0.16505457886817076,-0.08691124028486204,1,0.07814333858330873
-0.002425093354249022,0.021231479205083854,-0.1521895925962134,-0.06896219411228467,1,0.08322739848392872
0.009787380144959501,0.01998560497348573,-0.13753520560307253,-0.05919163410700847,1,0.07834357149606405
0.013191049247403816,0.020632145740985892,-0.13539875640492854,-0.05452074510026384,1,0.08087801130466471
-0.0290791084781072,0.017450331680635565,-0.1714325585721529,-0.1030272583840615,1,0.06840530018809139
0.003988530723502859,0.020702467398611445,-0.14473910537777557,-0.06358543317521873,1,0.08115367220255684
0.025876526967404598,0.020931741381706646,-0.12330048614074043,-0.04124805992445038,1,0.08205242621629005
0.014709812446781642,0.018527570893251875,-0.12975502650399204,-0.05712694860244469,1,0.07262807790154735
-0.04387167482351663,0.01668787790085878,-0.18473071550919984,-0.11931423413783343,0,0.06541648137136641
0.021766209045870955,0.02059652924179744,-0.12675378826805203,-0.04601539364020607,1,0.08073839462784596
-0.02052123589157341,0.020962808777834033,-0.1697591410961281,-0.08758493068701871,1,0.0821742104091094
0.02728520429048574,0.01969386475080042,-0.1194655706210831,-0.04226562079794544,1,0.07719994982313766
-0.004005671336276953,0.020762822685247876,-0.1528516037993628,-0.07146133887319112,1,0.08139026492617168
0.021773540412671308,0.01975168212007614,-0.12509055654267792,-0.047663962631979466,1,0.07742659391069845
-0.006266132181349179,0.018588322198576968,-0.15085004369056004,-0.07798382067213833,1,0.07286622301842172
-0.04915466737661313,0.01761188535012294,-0.1918247626628541,-0.12278617209037218,0,0.0690385905724819
0.044504816250910684,0.02024809193570507,-0.10333224394307125,-0.023959723555107386,0,0.07937252038796386
-0.01555159835480227,0.018348029652260227,-0.1596645364732323,-0.08774026023637224,1,0.07192427623686007
0.02728350886275087,0.018671003380936822,-0.11746245776388531,-0.044272124510612965,1,0.07319033325327234
-0.0008811808904179014,0.01858171355281561,-0.1454521394539365,-0.0726118223268993,1,0.0728403171270372
-0.01793657222001467,0.01789703416497871,-0.16116555918337294,-0.09100918525665641,1,0.07015637392671653
-0.011664419494135228,0.020289671838911123,-0.15958297629840104,-0.08004746268986943,1,0.07953551360853162
0.022371116803827112,0.020199607034103267,-0.12537091298301528,-0.04618845340933049,1,0.07918245957368479
0.04247466370665144,0.0217493030869647,-0.10830477034379937,-0.023047502242897755,1,0.08525726810090162
-0.004686682281446544,0.021866682671031895,-0.15569618031666907,-0.06997878424622403,1,0.08571739607044504
0.0008285630040395092,0.018500317266256897,-0.143582858837824,-0.07106161515409698,1,0.07252124368372703
0.02894300869376716,0.01975589011352025,-0.11792933592873253,-0.04048624668373316,1,0.07744308924499937
0.025713122823706497,0.01977934203122326,-0.1212051875574911,-0.04367016679509592,1,0.07753502076239518
0.006921955749594644,0.018970168122488015,-0.13841037377048188,-0.06404731473032885,1,0.07436305904015303
0.021719177658062222,0.019847166039200663,-0.1253320677787711,-0.047531176905104486,1,0.07780089087366661
-0.024509093896893916,0.0195556866579859,-0.17098903974654628,-0.09433074804724156,1,0.07665829169930471
0.007069270779585135,0.020850521448528506,-0.14194855125953074,-0.060214507181299,1,0.08173404407823173
-0.011250569249832629,0.017638149159184716,-0.15397214160183467,-0.0848305968978306,1,0.06914154470400408
0.00800146454338621,0.020286739828837358,-0.13991134552113502,-0.06038732539209257,1,0.07952402012904244
0.024474908792619626,0.019974057989237275,-0.12282504486628544,-0.04452673754847532,1,0.07829830731781012
-0.023763623121737257,0.017644914562343513,-0.16649845566393054,-0.09733039057954398,1,0.06916806508438655
0.03147574920815521,0.019200495501813956,-0.11430802197540015,-0.03904207960828944,1,0.0752659423671107
-0.009866161675449403,0.017785097718281264,-0.15287575320328067,-0.08315817014761813,1,0.06971758305566254
-0.021215052192487024,0.019847316536504966,-0.16826659260403676,-0.0904651117809373,1,0.07780148082309946
0.008559818024010846,0.016906028084813726,-0.13272679702222406,-0.06645516692975426,1,0.06627163009246981
-0.011009442514153131,0.01809938807583188,-0.15463504314278362,-0.08368544188552265,1,0.07094960125726096
-0.03407473143862856,0.01933961760993497,-0.1801311819541011,-0.10431988092315603,1,0.07581130103094508
0.01924782171185009,0.02032927667237381,-0.12874836056600258,-0.04905759601029725,1,0.07969076455570534
-0.012865869313926581,0.01928880112380335,-0.15882271951658117,-0.08321061911127202,1,0.07561210040530915
-0.012474899342463416,0.019148998358883125,-0.15815773612587436,-0.0830936625590525,1,0.07506407356682186
-0.011796656804145697,0.0182267818513815,-0.15567194923285343,-0.08422296437543797,1,0.07144898485741547
-0.002061642412450132,0.01893309344593882,-0.14732130556649023,-0.07310357925841005,1,0.07421772630808018
-0.0254642673596973,0.017762252717402012,-0.16842908268580525,-0.09880105203358935,1,0.0696280306522159
0.022713619509676167,0.019287043542659588,-0.12323978583393663,-0.047634575146711045,1,0.07560521068722559
0.0264899202440516,0.0197917904976723,-0.12045278913138611,-0.0428689703805107,1,0.07758381875087542
-0.027753255771711324,0.018368227558933695,-0.17190578178722138,-0.09990232975620128,1,0.0720034520310201
-0.004950836249410784,0.018432335816605416,-0.1492290144499574,-0.07697425804886418,1,0.07225475640109322
-0.03621586850627108,0.015735435859531542,-0.1752081227909529,-0.11352521422158926,0,0.06168290856936365
-0.00690916758447685,0.020298707271261263,-0.15484543383614893,-0.07527450133280478,1,0.07957093250334416
0.0036695873086397685,0.01983819859567155,-0.14336408193887648,-0.06559834344384399,1,0.07776573849503249
0.02923649550296241,0.020824663173920704,-0.11973064431792219,-0.038097964676153014,1,0.08163267964176918
0.009916562667601533,0.019464123608028877,-0.13638391960413507,-0.060084555060661876,1,0.07629936454347319
0.024275762215008795,0.0192245412863979,-0.12155513870633108,-0.04619493686365133,1,0.07536020184267975
0.012331642221789785,0.020029865762156984,-0.1350776946720379,-0.05656062088438253,1,0.07851707378765536
0.0010237072717608348,0.018083536535037997,-0.14257082433691365,-0.07168336111956469,1,0.07088746321734896
-0.0030277613164288314,0.019130212359415213,-0.14867377754088265,-0.07368334509197502,1,0.07499043244890763
0.026776063251777865,0.020198251742726464,-0.12096331016396601,-0.04178616333247827,1,0.07917714683148774
-0.03296909528498983,0.019374572847597044,-0.17909405806628004,-0.10314573250369963,1,0.07594832556258041
0.036082319424031575,0.019668676034879696,-0.11061908560433263,-0.03351787554760423,1,0.0771012100567284
-0.0011135897932599975,0.019486188019878108,-0.1474573183122211,-0.07107146127429892,1,0.07638585703792217
0.0015432697114140387,0.022979965009146317,-0.15164826170651274,-0.06156679887065918,1,0.09008146283585355
-0.01941668132978748,0.01780351461922892,-0.16246236998347618,-0.0926725926760988,1,0.06978977730737738
0.019517927094172327,0.01960798711951151,-0.12706452766007023,-0.050201218151585125,1,0.0768633095084851
0.015704265735675182,0.019740391929790522,-0.13113770244671424,-0.0537553660819354,1,0.07738233636477884
-0.012134345339685063,0.020921218675661706,-0.16129073394398202,-0.07927955673538813,1,0.0820111772085939
-0.009127738701709825,0.018261842378305346,-0.15307174976318833,-0.08148532764023135,1,0.07158642212295697
