bias,std,lcl,ucl,cover,cld
-0.016054542028695856,0.017978279243769508,-0.1594427693464841,-0.08896791471090762,1,0.07047485463557648
-0.0048935940673963535,0.018031878373097138,-0.14838687567866676,-0.07770191245612597,1,0.0706849632225408
-0.024860075238953325,0.0186798562519972,-0.16962339349286784,-0.09639835698503882,1,0.07322503650782902
-0.026033588881498773,0.017411417515150348,-0.16831076721119345,-0.1000580105518041,1,0.06825275665938935
0.022958524939417357,0.017914292578235885,-0.12030428851392498,-0.050080261607240315,1,0.07022402690668467
-0.03625329255462616,0.0175450645191627,-0.17879241901218507,-0.11001576609706726,0,0.06877665291511781
-0.020715187190300896,0.0184623993250865,-0.16505228986747045,-0.09267968451313136,1,0.07237260535433909
0.03649434720963668,0.019378422217513496,-0.10963816033668977,-0.03367474524403687,1,0.07596341509265289
-0.005415439417848819,0.03730364827420359,-0.18668139003528786,-0.04045108880040979,1,0.14623030123487807
0.003389813666442573,0.017560849969687552,-0.13918025227414504,-0.07034172039296982,1,0.06883853188117522
-0.006832542006238965,0.021073390866179167,-0.15628718810395015,-0.07367949590852779,1,0.08260769219542236
-0.01280803028531996,0.017395855742282924,-0.1550547075401945,-0.08686295303044544,1,0.06819175450974904
-0.06648188315663157,0.018953183312172103,-0.2117809224484889,-0.13748444386477426,0,0.07429647858371463
-0.009207778869135055,0.016810603986121074,-0.15030736268193237,-0.08440979505633775,1,0.06589756762559462
-0.003678271014275425,0.021643703662705408,-0.15425073019317803,-0.06940741183537283,1,0.0848433183578052
-0.0008551641132590188,0.022312505021901328,-0.15273847395618562,-0.06527345427033243,1,0.08746501968585318
0.013750027371067841,0.018622529870161147,-0.130900931174448,-0.05790061408341632,1,0.07300031709103169
-0.022569819157604462,0.016939465498692727,-0.1639219715350422,-0.09751926678016673,1,0.06640270475487547
-0.0031030182638496634,0.01768140580069924,-0.14590937363322018,-0.07659826289447916,1,0.06931111073874102
0.001125415713754796,0.017665681100765718,-0.14165011924374601,-0.0724006493287444,1,0.06924946991500161
-0.040624622691245546,0.01674432836489173,-0.18159430628643336,-0.11595653909605776,0,0.0656377671903756
-0.02303203370775421,0.019467790855678038,-0.16933970378488317,-0.09302596363062526,1,0.0763137401542579
-0.022058968780747937,0.0202486039694658,-0.1698970325609009,-0.09052250500059497,1,0.07937452756030594
-0.006648506441273225,0.019962629036276786,-0.15392605935237574,-0.07567255353017073,1,0.07825350582220501
-0.04851280934760181,0.02501004486068589,-0.20568329727454615,-0.10764392142065748,1,0.09803937585388867
-0.011824759782726041,0.017697550705781467,-0.1546627591660577,-0.08528836039939437,1,0.06937439876666333
0.018006764033542233,0.022129791452965446,-0.13351842721427004,-0.046769644718645496,1,0.08674878249562454
0.02074703358700325,0.024808131921300654,-0.13602770497874603,-0.038779827847247476,1,0.09724787713149854
-0.024151220482699007,0.02005607904837568,-0.17161193541751535,-0.09299210554788268,1,0.07861982986963267
-0.004687745956152595,0.019767873051418593,-0.15158357713693305,-0.07409351477537215,1,0.07749006236156089
-0.01879197071654999,0.01819272899349353,-0.1626005195437973,-0.09128502188930268,1,0.07131549765449463
-0.038000385128319866,0.016641093586322014,-0.17876772855751102,-0.11353464169912872,0,0.0652330868583823
0.0013953931774594447,0.019492214471148638,-0.1449601471859919,-0.06855066645908922,1,0.07640948072690268
-0.023129430081077693,0.01750763274284574,-0.16559519025705535,-0.09696526990510004,1,0.06862992035195531
0.01419584055776174,0.01749733010746794,-0.1282497264528754,-0.0596601924316011,1,0.06858953402127431
-0.013544705801620885,0.017368700389984202,-0.15573815856598994,-0.08765285303725186,1,0.06808530552873808
0.0008923155460569543,0.026476513177413095,-0.1591524502816727,-0.05536451862621339,1,0.10378793165545933
-0.021452924787689884,0.019721710543320177,-0.16825827745259744,-0.09094917212278233,1,0.07730910532981511
-0.01399551543517806,0.03159309527680272,-0.1840687821777114,-0.06022384869264473,1,0.12384493348506666
0.010613176321150664,0.01925604528925767,-0.13527947244579436,-0.05979577491190431,1,0.07548369753389005
-0.033228439593424655,0.016758913542419054,-0.17422671013656602,-0.1085317690502833,0,0.06569494108628271
0.03729548195974201,0.0246816867906509,-0.11923142414993376,-0.02247921193058223,1,0.09675221221935154
-0.010083964791572989,0.017474873084770238,-0.15248551603772265,-0.08398401354542333,1,0.06850150249229932
0.0016238337878872744,0.017712500313040228,-0.14124346682567157,-0.07181046559855389,1,0.06943300122711768
-0.008272089346297098,0.01789287853631253,-0.15149293127746966,-0.08135284741512455,1,0.0701400838623451
-0.027832034682145915,0.017343525044579765,-0.16997614376952225,-0.10198952559476958,1,0.06798661817475267
-0.043425037195545954,0.019241986783199466,-0.18929013129061692,-0.113861543100475,0,0.07542858819014192
-0.03175730968082237,0.01721390171421961,-0.1736473570406928,-0.10616886232095193,1,0.06747849471974088
-0.012586168114441187,0.017813618340635058,-0.15565166006208592,-0.08582227616679648,1,0.06982938389528943
0.0019458171077107872,0.01789082594099463,-0.1412710017366387,-0.07113896404793975,1,0.07013203768869895
-0.018261622229094956,0.017713760320346862,-0.1611313924569748,-0.09169345200121512,1,0.06943794045575968
-0.016594137594659872,0.02002784649463647,-0.16399951672414737,-0.08549035846517239,1,0.07850915825897498
-0.011709095985155599,0.01778109820237105,-0.15471084846180286,-0.08500894350850835,1,0.06970190495329451
-0.015600861578206948,0.01877717652040297,-0.16055492755819678,-0.08694839559821713,1,0.07360653195997965
0.01160587670905433,0.01817485880140637,-0.13216764654170216,-0.06092220004018919,1,0.07124544650151296
-0.05379814470301851,0.019038315098084995,-0.19926404229526512,-0.12463384711077193,0,0.0746301951844932
-0.012995370709983411,0.01603466996637773,-0.15257412384408375,-0.08971821757588307,1,0.06285590626820069
0.005491513559331834,0.017628490398552125,-0.13721112762183035,-0.068107445259506,1,0.06910368236232435
-0.01451629812447465,0.020120803743673088,-0.16210387346207392,-0.0832303227868754,1,0.07887355067519852
-0.0026112153279539696,0.017110119644380133,-0.14429784983093902,-0.07722618082496892,1,0.0670716690059701
-0.012041922627470392,0.02480337255266047,-0.16880733283068491,-0.07157811242425588,1,0.09722922040642903
-0.030248065412912514,0.017177549616362756,-0.17206686266098353,-0.10473086816484152,1,0.06733599449614201
-0.014786150627682695,0.020715860335980746,-0.16354003688620497,-0.08233386436916043,1,0.08120617251704454
-0.015080801096466298,0.016919646284673857,-0.15639410781442706,-0.09006909437850555,1,0.06632501343592151
-0.010891500381035896,0.025293984285263506,-0.16861850958015237,-0.06946609118191943,1,0.09915241839823294
-0.032172498971335825,0.019105037354898068,-0.17776917218693605,-0.10287742575573562,1,0.07489174643120043
-0.029939012181479943,0.01887224362397994,-0.17507940968448063,-0.10110021467847927,1,0.07397919500600136
-0.015661420884394872,0.029907316856144187,-0.18243056192243748,-0.06519387984635228,1,0.1172366820760852
-0.020867456275607807,0.029488611022650796,-0.18681593388000337,-0.07122057867121226,1,0.1155953552087911
0.0015310880055183357,0.04115691997272246,-0.18728727514101767,-0.025952148847945652,1,0.161335126293072
-0.017367168242140255,0.01773021855876999,-0.16026919661732944,-0.09076673986695108,1,0.06950245675037836
-0.05066569633541927,0.017885022471485983,-0.1938711403795318,-0.12376185229130676,0,0.07010928808822503
-0.006594897453931728,0.018492850071927414,-0.15099168359490947,-0.078499711312954,1,0.07249197228195547
0.009938008072394727,0.019968222286100786,-0.13735050760836282,-0.05907507624684774,1,0.07827543136151507
-0.028972313091273863,0.01874477923344704,-0.17386288038883008,-0.10038334579371767,1,0.0734795345951124
-0.03810469103105242,0.01761661514086884,-0.18078405670715536,-0.11172692535494949,0,0.06905713135220587
-0.006454042720797401,0.03161584014573445,-0.17657188940643692,-0.052637796035157884,1,0.12393409337127903
-0.008399292487696733,0.017930736945391428,-0.15169433690066395,-0.08140584807472953,1,0.07028848882593441
-0.020084863297979497,0.016715038798343976,-0.16099713934273369,-0.09547418725322532,1,0.06552295208950837
-0.0209657915025646,0.018023262127243134,-0.16444218527196114,-0.09379099773316807,1,0.07065118753879307
-0.03728670398098548,0.01694203413262242,-0.17864389088092542,-0.11223111708104554,0,0.06641277379987988
-0.03603526492587651,0.019625910548993073,-0.18265284960190292,-0.1057192802498501,1,0.07693356935205282
-0.04002020308087455,0.029630008845997206,-0.20624582041902906,-0.09009618574272003,1,0.11614963467630902
-0.037185659047279926,0.01904017871315934,-0.18265520932507223,-0.10801770876948763,1,0.0746375005555846
-0.025180588706685145,0.015688121478728247,-0.16408010680499252,-0.10258267060837778,1,0.06149743619661474
-0.007074624337325641,0.018140026937682532,-0.15077987713518343,-0.07967097153946788,1,0.07110890559571555
0.004074502865619389,0.01732380141563243,-0.13803094790902018,-0.07012164635974105,1,0.06790930154927913
-0.038401433699935136,0.01671505620646881,-0.17931374386461402,-0.11379072353525627,0,0.06552302032935775
-0.021887747647608327,0.01937456187009709,-0.16801268891299864,-0.09206440638221804,1,0.0759482825307806
-0.009318393935379088,0.021380161671863747,-0.15937431081223202,-0.07556407705852615,1,0.08381023375370587
-0.019500662529650423,0.017544132793430787,-0.16203796280477478,-0.09326496225452609,1,0.0687730005502487
0.008745995322607739,0.018423654665685227,-0.1355151678221353,-0.06329444153264922,1,0.07222072628948607
-0.028288772244117202,0.017947374015147,-0.17161642531380533,-0.10126271917442908,1,0.07035370613937625
-0.027800197760714532,0.017040291932401728,-0.16934996994822193,-0.10255202557320715,1,0.06679794437501478
-0.020398351115668803,0.01903741901008764,-0.1658624923754406,-0.09123580985589703,1,0.07462668251954356
-0.03270639615235503,0.024637209579792617,-0.18914612692874855,-0.09256826537596151,1,0.09657786155278704
-0.03315714347660269,0.017967050061507957,-0.17652336159715828,-0.1060925253560471,1,0.07043083624111118
-0.07098032016309992,0.01654872285017632,-0.2115666169494455,-0.14669562337675435,0,0.06487099357269116
0.008033702736422885,0.017131600367958338,-0.13369503398477545,-0.06653916054237878,1,0.06715587344239667
0.02891707414579145,0.0198853390561574,-0.11820899040427706,-0.040258461304140056,1,0.077950529100137
-0.020959466397459173,0.01684602435142523,-0.16212847412625264,-0.09609205866866573,1,0.06603641545758691
0.01879939565746884,0.019322703305343466,-0.12722390282100435,-0.051478905864057976,1,0.07574499695694636
-0.004601230990575286,0.018263732346029307,-0.14854894638879274,-0.07695511559235785,1,0.07159383079643489
0.0029320199662989377,0.019068488901516096,-0.1425930182806726,-0.06784454178672952,1,0.07474847649394309
-0.008827813190678657,0.017610941467100787,-0.1514960584661962,-0.08246116791516112,1,0.0690348905510351
-0.03487883501104756,0.016489869521128464,-0.17534977927245937,-0.11070949074963578,0,0.0646402885228236
-0.015287475757733773,0.017977490708194037,-0.1586741575457941,-0.08820239396967347,1,0.07047176357612062
-0.009079494348621361,0.018299179357245794,-0.15309668588882314,-0.08136390280841961,1,0.07173278308040353
-0.01800935970545027,0.019201432783452356,-0.1637949679610169,-0.08852535144988366,1,0.07526961651113323
-0.018555488569584597,0.01671121829437522,-0.15946027642656002,-0.09395230071260918,1,0.06550797571395084
-0.033320217938463556,0.01772555497202195,-0.17621310568362658,-0.10672893019330054,1,0.06948417549032604
-0.05448863417355122,0.018037609001429717,-0.19799314781635347,-0.127285720530749,0,0.07070742728560447
-0.030155074750469954,0.01779328948128595,-0.17318072213379043,-0.1034310273671495,1,0.06974969476664093
-0.02740076999075007,0.026797213511328407,-0.18807410847295375,-0.0830290315085464,1,0.10504507696440735
0.020415357828275665,0.019369488410531818,-0.1256996394563667,-0.049771244887081977,1,0.07592839456928471
-0.028139660147068632,0.01681259135947036,-0.16924313921163053,-0.10333778108250673,1,0.0659053581291238
-0.029400383568680508,0.01802118688512476,-0.17287270986352504,-0.10222965727383598,1,0.07064305258968906
-0.004666377495665078,0.031035857876125984,-0.173647458932872,-0.05198689605845815,1,0.12166056287441385
-0.020036573725030607,0.02979277565048148,-0.18658121399997432,-0.0697935334500869,1,0.11678768054988742
-0.011169103976313294,0.019702086501208364,-0.1579359935186817,-0.0807038144339449,1,0.0772321790847368
-0.009732393793391456,0.018826733571204336,-0.15478359159295196,-0.08098279599383096,1,0.073800795599121
0.014040285481921391,0.02488789227930481,-0.14289078338551603,-0.045330245650641185,1,0.09756053773487484
-0.03975632782236892,0.017450404661904798,-0.18210992095970233,-0.11370433468503552,0,0.06840558627466681
0.028470186306465597,0.024276993143325182,-0.12726352025445176,-0.03209770713261705,1,0.0951658131218347
0.04299151668697376,0.021106418881860028,-0.1065278643214719,-0.023790702304580587,0,0.08273716201689132
-0.025757073252005255,0.017486319354973585,-0.1681810591877535,-0.09963468731625703,1,0.06854637187149647
-0.011620499032720916,0.017533982610412075,-0.1541379049491286,-0.08540469311631325,1,0.06873321183281535
-0.01230661031076015,0.018277773384308173,-0.15628184614400417,-0.08463297447751614,1,0.07164887166648803
-0.012175843497590946,0.016954731849318422,-0.15355791792225507,-0.08709536907292684,1,0.06646254884932823
-0.02019492375612135,0.016429970229118025,-0.1605484654051927,-0.09614298210705002,1,0.06440548329814266
-0.050382638365572205,0.016901322482601174,-0.1916600304314705,-0.1254068462996739,0,0.0662531841317966
-0.03713358857600431,0.01610533246512967,-0.17685084020765846,-0.11371793694435016,0,0.0631329032633083
-0.027614538015831955,0.016950269501562105,-0.16898786623889367,-0.10254280979277024,1,0.06644505644612343
-0.010482356295233891,0.017112877320579627,-0.15217439584356995,-0.08509191674689782,1,0.06708247909667213
-0.013320393220970644,0.01755867932665096,-0.15588620470120654,-0.08705618174073476,1,0.06883002296047178
-0.04199021721676548,0.017146084857833598,-0.18374734353811933,-0.11653469089541163,0,0.0672126526427077
-0.03293395754160604,0.016863697721715292,-0.17413760507616802,-0.10803191000704407,1,0.06610569506912395
-0.03903315875425316,0.01737505485216041,-0.18123906626448757,-0.11312885124401875,0,0.06811021502046882
-0.020927277421963916,0.017458514511492596,-0.1632967658644894,-0.09485938897943844,1,0.06843737688505097
-0.006141825595879752,0.01766257307265403,-0.14891126881828165,-0.07967398237347786,1,0.06923728644480379
-0.0010488183097753234,0.017746345244052913,-0.14398245498811904,-0.07441678163143162,1,0.06956567335668742
-0.0322310583194582,0.01863809311254988,-0.17691252082005599,-0.10385119581886045,1,0.07306132500119554
-0.03137785973080191,0.020386721936188623,-0.17948663472573162,-0.09957068473587222,1,0.0799159499898594
-0.0032696181995730406,0.01770280740677033,-0.14611792071684288,-0.0767229156823032,1,0.06939500503453967
-0.02198993496100081,0.019647596285488667,-0.1686500236805586,-0.09163144624144304,1,0.07701857743911555
-0.024957618792531014,0.027213964846347895,-0.1864477898913729,-0.07976904769368914,1,0.10667874219768375
-0.01782690779588174,0.017834066323417323,-0.1609324777897797,-0.09102293780198378,1,0.06990953998779592
-0.039212717506422926,0.01855168004043938,-0.1837248103856841,-0.11100222462716175,0,0.07272258575852236
-0.018176259573331313,0.0169413214519655,-0.15953204961918369,-0.09312206952747895,1,0.06640998009170473
0.007231381986169252,0.01861243534080825,-0.13739979128181493,-0.06443904474584658,1,0.07296074653596835
-0.01924978391248107,0.018945906325150193,-0.16453456030977545,-0.0902666075151867,1,0.07426795279458875
-0.02655525046915859,0.01641545921047616,-0.16688035052169187,-0.10253175041662532,1,0.06434860010506654
-0.005220514498707057,0.017432521571010415,-0.14753905677788748,-0.07920357221952665,1,0.06833548455836083
-0.002583351836027231,0.01896968154293186,-0.1479147276601737,-0.07355357601188078,1,0.0743611516482929
-0.045099612699630184,0.024760501360178294,-0.20178099536557964,-0.10471983003368074,1,0.0970611653318989
-0.003633300465295891,0.01900070032766851,-0.14902547310752617,-0.07454272782306562,1,0.07448274528446056
-0.02750011675485446,0.017146829591007957,-0.16925870275323007,-0.10204313075647888,1,0.0672155719967512
-0.023120700966564364,0.021593457950415212,-0.17359467854937818,-0.08894832338375055,1,0.08464635516562763
-0.02414294448247399,0.02099217866975535,-0.17343841467519447,-0.09114907428975352,1,0.08228934038544095
-0.0021980640743530233,0.018826233307270512,-0.14724828135660323,-0.07344944679210283,1,0.0737988345645004
-0.022823653385590045,0.016797931683711645,-0.16389839948566487,-0.09805050728551523,1,0.06584789220014964
0.013278749885889743,0.017492738009795568,-0.12915781661330958,-0.06058628361491095,1,0.06857153299839863
-0.000239425520211195,0.021458922614381735,-0.1504497138443994,-0.066330737196023,1,0.08411897664837639
-0.011604200913610863,0.021061233036802407,-0.16103501766574357,-0.07847498416147815,1,0.08256003350426543
0.012433254767805962,0.019860150427990053,-0.13464344007105455,-0.05679165039333354,1,0.07785178967772102
-0.03504821949706789,0.016843876168611792,-0.176213016787547,-0.1101850222065888,0,0.0660279945809582
-0.028866175073391495,0.01789262929555106,-0.1720865284926716,-0.10194742165411141,1,0.07013910683856017
-0.023566086887694446,0.017972571378393188,-0.1669431267893451,-0.0964906469860438,1,0.07045247980330129
-0.03175161447752868,0.017025630355214642,-0.1732726499737494,-0.10653217898130798,1,0.0667404709924414
-0.020182658452050847,0.018111203665656345,-0.16383141763673728,-0.09283549926736442,1,0.07099591836937286
-0.00444735528696194,0.018574694048983046,-0.14900455562296872,-0.07619175495095518,1,0.07281280067201354
-0.009545925401648211,0.0182990018312395,-0.15356276899087762,-0.0818306818124188,1,0.07173208717845882
-0.0025414187071480104,0.020042774744319355,-0.14997605720601395,-0.07140838020828208,1,0.07856767699773187
-0.00887522776660607,0.018767501518817925,-0.1538103307434892,-0.08024172478972294,1,0.07356860595376627
-0.03817140366753115,0.016484307901326014,-0.17863144715413015,-0.11401296018093217,0,0.06461848697319798
-0.01864286161657884,0.022865181933066466,-0.1716094182053891,-0.08197790502776858,1,0.08963151317762053
-0.020893276879488845,0.01697124024509518,-0.1623077077598754,-0.09578044599910229,1,0.06652726176077312
-0.01728072173370067,0.017035749534753168,-0.15882159082181688,-0.09204145264558447,1,0.0667801381762324
-0.017869640665453976,0.018276180491439982,-0.16184175442867635,-0.09019912690223161,1,0.07164262752644474
-0.01805488660776712,0.03739600541479637,-0.19950185722076802,-0.052909515994766246,1,0.1465923412260018
-0.013561753410440705,0.016513166333432493,-0.1540783594239684,-0.08934674739691303,1,0.06473161202705535
-0.007329721761856464,0.018879884076448226,-0.15248509455169498,-0.07847594897201796,1,0.07400914557967703
-0.05369248013743046,0.01877398075070869,-0.19864028240881948,-0.12504627786604144,0,0.07359400454277804
-0.0396681957344754,0.01682204630752841,-0.1807902064972311,-0.11484778497171973,0,0.06594242152551137
-0.023729625521896988,0.016690060224596615,-0.16459294356210635,-0.09916790748168763,1,0.06542503608041872
-0.04460178416215853,0.016726340149304804,-0.18553621085479594,-0.11996895746952112,0,0.06556725338527482
0.003912830574543141,0.01973817279087447,-0.14292478809557083,-0.0655511507553429,1,0.07737363734022792
-0.020643109882634722,0.017093669773630703,-0.1622975026389509,-0.09529031712631855,1,0.06700718551263235
-0.03974700198304425,0.021133794117038366,-0.18932003845243944,-0.10647556551364906,1,0.08284447293879038
-0.028763601547450404,0.034709944510772764,-0.204945892788565,-0.0688829103063358,1,0.1360629824822292
0.01043061746616572,0.01898923827923203,-0.13493908956112904,-0.06050127550653951,1,0.07443781405458953
-0.024628711778418036,0.020027957728820923,-0.17203430892690705,-0.09352471462992903,1,0.07850959429697801
-0.05493250272339921,0.016094193635820108,-0.19462792224960662,-0.1315386831971918,0,0.06308923905241481
-0.022073850804125536,0.01807432504387858,-0.16565032789012757,-0.09479897371812353,1,0.07085135417200404
0.014698166273253876,0.01846929454105496,-0.12965245102721384,-0.05725281642627841,1,0.07239963460093543
-0.0072760999981595215,0.018621933720103016,-0.15192589008956142,-0.07892790990675762,1,0.0729979801828038
-0.04039803066869686,0.01674707180731859,-0.1813730914110413,-0.11572456992635244,0,0.06564852148468886
-0.0169619490760662,0.01663291787718049,-0.15771326811533998,-0.09251223003679244,1,0.06520103807854753
-0.006704513213384666,0.017869602929530933,-0.1498797349552653,-0.07983089147150405,1,0.07004884348376125
-0.04030402735906595,0.023489291026527487,-0.19449383777105983,-0.10241581694707208,1,0.09207802082398775
-0.03679031478879345,0.018809410040237843,-0.1818075584676596,-0.10807467110992729,1,0.07373288735773233
-0.017682302380160317,0.019510607255488636,-0.16407389260091804,-0.0875923121594026,1,0.07648158044151544
-0.038695762502598666,0.02278449863065501,-0.1915041798186825,-0.10218894518651485,1,0.08931523463216766
0.02094554796607251,0.018642144434178876,-0.12374385512491809,-0.0506666489429369,1,0.07307720618198119
-0.005364779446332138,0.019023544619170645,-0.15080172689990662,-0.07622943199275768,1,0.07457229490714894
-0.01640457657338963,0.017200889086918827,-0.15826911918375053,-0.09084163396302875,1,0.06742748522072178
-0.015745542398273166,0.01974767261963204,-0.16260178073275197,-0.08519090406379437,1,0.0774108766689576
-0.059739190489364366,0.016658297403184412,-0.20054025339960582,-0.13523972757912292,0,0.0653005258204829
-0.016155952218691025,0.017235305240614684,-0.1580879504902958,-0.09052555394708625,1,0.06756239654320956
-0.021972825064050197,0.016698937332558544,-0.16285354223586496,-0.09739370789223545,1,0.06545983434362951
-0.013039259170561035,0.017631732688364127,-0.15574825523975472,-0.08663186310136736,1,0.06911639213838736
0.016473802792118686,0.01735686334764633,-0.12569644936926813,-0.057657545046494514,1,0.06803890432277362
-0.01696446151161128,0.02233790845269539,-0.16889756207889425,-0.08133296094432832,1,0.08756460113456593
0.007321897234006433,0.017742341292317654,-0.13560389169893616,-0.06605391383305097,1,0.0695499778658852
-0.024132144620572685,0.020246688440318048,-0.17196645396359606,-0.09259943527754932,1,0.07936701868604673
-0.010178884051715492,0.01747690025841755,-0.1525844085582139,-0.0840749595452171,1,0.0685094490129968
0.01025499764873515,0.0171738619760174,-0.13155657182425895,-0.06423503287827076,1,0.06732153894598819
-0.045969769530641344,0.018961337449852823,-0.1912847909323529,-0.11695634812892981,0,0.07432844280342309
-0.01575270511741371,0.016957560408475097,-0.1571403235180249,-0.09066668671680253,1,0.06647363680122237
-0.0016686836912662706,0.01784678457856366,-0.14479918146525106,-0.0748397859172815,1,0.06995939554796955
0.014117142126057622,0.022654778361026986,-0.1384370234615553,-0.04963029228632949,1,0.0888067311752258
-0.027299363474542857,0.01617946485111721,-0.1671619145827326,-0.10373841236635313,1,0.06342350221637948
0.004075355183443735,0.018394389452948818,-0.14012844814433595,-0.06802244148877659,1,0.07210600665555936
-0.0053591732496162114,0.017971342307725135,-0.14873380417275747,-0.07828614232647496,1,0.07044766184628251
-0.024067669240105102,0.02946979522443203,-0.1899792678799919,-0.07445767060021832,1,0.11552159727977357
-0.02772981768223355,0.024481969127656145,-0.1838652771724396,-0.08789595819202752,1,0.0959693189804121
-0.04431755047436799,0.04463539740566818,-0.23995372938947762,-0.06498297155925836,1,0.17497075783021926
0.0006879126828631399,0.018756739014723106,-0.14422609578599416,-0.07069967884827957,1,0.07352641693771458
0.015851093365177385,0.017576300652707464,-0.12674925591412925,-0.05785015735551599,1,0.06889909855861326
-0.021821724138308976,0.01833467430148318,-0.16590848576921602,-0.09403656250740194,1,0.07187192326181407
-0.028734918671604284,0.017694667356921497,-0.17156726669117042,-0.10220417065203816,1,0.06936309603913227
-0.00791175930549487,0.02068029895609983,-0.15659594525945053,-0.0755291733515392,1,0.08106677190791133
-0.037093966366252215,0.018085572998874175,-0.1806924894440456,-0.10979704328845884,0,0.07089544615558675
-0.03893990608571553,0.023069516408518318,-0.19230695824641142,-0.10187445392501963,1,0.09043250432139179
-0.04859398259004623,0.016838036355042177,-0.1897473338459289,-0.12374223133416357,0,0.06600510251176533
0.011646201203707657,0.01922573313268703,-0.13418703573635893,-0.05882216185622577,1,0.07536487388013316
-0.02241315174313195,0.017029401468254896,-0.16394157862091155,-0.09718632486535236,1,0.06675525375555919
-0.007109555337586351,0.01696286890665486,-0.14850757839462989,-0.08201313228054283,1,0.06649444611408706
0.025472567946409175,0.01847671467103835,-0.118892592808826,-0.04646387129835566,1,0.07242872151047033
0.022920451811418635,0.018385139841521098,-0.12126522227796271,-0.04919547409920002,1,0.07206974817876269
-0.022608833040844226,0.022078141602393297,-0.1740327905815351,-0.08748647550015337,1,0.08654631508138172
0.010947484861660736,0.017579958606470332,-0.13166003400702112,-0.06274659626965742,1,0.06891343773736369
-0.009472125178395907,0.017193113066613367,-0.1513214267889581,-0.08392442356783372,1,0.06739700322112438
0.01238274857465653,0.01943525358488266,-0.13386114845171349,-0.057674954398973466,1,0.07618619405274002
-0.02158841265468507,0.01706215201381383,-0.16318103060176017,-0.09629739470760998,1,0.0668836358941502
-0.001817446962050176,0.01739284351916148,-0.14405822025960668,-0.07587827366449368,1,0.068179946595113
0.0016602791714529497,0.017952068522867976,-0.1416765751333683,-0.07130446652372582,1,0.07037210860964246
-0.0316761229209679,0.016975962905142066,-0.17309981021504636,-0.10655403562688945,1,0.06654577458815691
0.014308600214439068,0.017547120707699343,-0.12823455637265163,-0.05944984319847023,1,0.0687847131741814
-0.00291966520026149,0.018447494504852762,-0.14722755442977292,-0.07491337597075008,1,0.07231417845902284
-0.015047559511115138,0.017696885404166425,-0.15788425490328134,-0.08851246411894895,1,0.0693717907843324
-0.0514193368755695,0.016730977493408798,-0.19236285276265075,-0.12677742098848827,0,0.06558543177416248
-0.027118140816273575,0.02557595812612643,-0.18539781874348138,-0.08514006288906578,1,0.1002577558544156
-0.030570575820389315,0.017002123958665585,-0.17204553877937387,-0.10539721286140477,1,0.0666483259179691
0.004091849004319997,0.018028506966880648,-0.13939482465076608,-0.06872307734059394,1,0.07067174731017214
-0.021584853636548537,0.0178693672663583,-0.16475961347861082,-0.09471169379448627,1,0.07004791968412455
-0.022130565999086235,0.01827029912858761,-0.16609115229111795,-0.09447157970705453,1,0.07161957258406343
-0.054017297118218024,0.015977616307646388,-0.19348422508120494,-0.13085196915523112,0,0.06263225592597382
-0.0007626361493568851,0.017248766486167067,-0.14272101846224433,-0.07510585383646945,1,0.06761516462577488
-0.013979776886446485,0.018776341571942426,-0.15893220636745364,-0.08532894740543934,1,0.0736032589620143
0.01130946180018634,0.019062236644499034,-0.13420332202303176,-0.05947935437659556,1,0.0747239676464362
-0.012047040447883808,0.018595215188297758,-0.15664446221694742,-0.08375121867882021,1,0.0728932435381272
-0.00874505211160545,0.02093476905248786,-0.15792799945448166,-0.07586370476872925,1,0.08206429468575241
-0.001095860902274537,0.01694829185227474,-0.14246531293273304,-0.07602800887181604,1,0.066437304060917
-0.0228568046721888,0.018393133561470335,-0.16705814645267067,-0.09495706289170694,1,0.07210108356096373
-0.03964768928920852,0.019895494925662786,-0.18679365934350758,-0.10880331923490946,0,0.07799034010859812
-0.00880400521259965,0.01800555928666703,-0.15224570141446703,-0.08166390901073228,1,0.07058179240373474
-0.05520634578626914,0.016552320268239856,-0.19579969351201926,-0.13091459806051903,0,0.06488509545150023
-0.011811030220957905,0.018513764064823197,-0.15624880778801137,-0.08367485265390445,1,0.07257395513410692
-0.025374719347772592,0.018196602896819746,-0.1691908610255393,-0.0978601776700059,1,0.07133068335553339
-0.008669521654601761,0.017433980667335553,-0.15099092376257944,-0.08264971954662409,1,0.06834120421595535
-0.00173029346156299,0.018640067493355214,-0.14641562574853922,-0.07334656117458677,1,0.07306906457395246
0.010946718739707845,0.025971152608545628,-0.14810754037304158,-0.04630062214754273,1,0.10180691822549885
-0.03421182879423505,0.0161503102744175,-0.17401723693209337,-0.11070802065637675,0,0.06330921627571662
-0.004101415597940139,0.018136611641910865,-0.14779997441608544,-0.07670445677979484,1,0.0710955176362906
-0.034041176844699,0.017125932905449837,-0.17575880533938068,-0.10862514835001733,0,0.06713365698936336
-0.027221023137584108,0.017570603532601026,-0.16981020606148212,-0.10093344021368611,1,0.068876765847796
0.008922297744198698,0.039657021671277465,-0.17695626473150514,-0.021500739780097478,1,0.15545552495140766
-0.040864053044616974,0.01755008221075212,-0.18341301417769112,-0.11461669191154283,0,0.06879632226614829
0.008394115187239704,0.01987813799384014,-0.13871783528068699,-0.06079553434483363,1,0.07792230093585335
-0.032873200583517156,0.016583078272412857,-0.17352683399744637,-0.10852116716958796,0,0.06500566682785841
-0.034303057988040966,0.017085911974986073,-0.17594224545901366,-0.10896547051706827,0,0.06697677494194539
-0.024445968782964247,0.01890749458169248,-0.1696554581630815,-0.095538079402847,1,0.0741173787602345
0.011689030350042609,0.02694387463570605,-0.14927176393594124,-0.04365177536397354,1,0.1056199885719677
-0.0009260564800373239,0.01691763178632476,-0.14223541478123386,-0.0759182981788408,1,0.06631711660239306
0.0006020456865708929,0.01824715839154411,-0.14331318476085556,-0.07178432386600267,1,0.07152886089485289
-0.025601347781433928,0.018142652112696247,-0.16931174592231857,-0.0981925496405493,1,0.07111919628176927
-0.013329413065263487,0.0165410239415687,-0.15390061999073815,-0.08905980613978884,1,0.06484081385094931
-0.02768829651187195,0.015550704305966005,-0.16631847695156532,-0.10535971607217859,1,0.06095876087938673
0.0025815215047202272,0.019312582444644948,-0.14342194008678388,-0.06771661690377567,1,0.07570532318300821
-0.005415011420336915,0.01886510990010226,-0.15054142682453736,-0.07659019601613648,1,0.07395123080840088
-0.025785579621770513,0.017465452069811302,-0.16816866567860067,-0.09970409356494037,1,0.0684645721136603
0.001801322705767841,0.017381265334016693,-0.14041675734890488,-0.07228219723955945,1,0.06813456010934543
-0.02842662466555622,0.032244744394393635,-0.19977712367856776,-0.0733777256525447,1,0.12639939802602307
-0.018356612544232057,0.01739831684375791,-0.16060811355799756,-0.09240671153046656,1,0.068201402027531
-0.016377191793303866,0.017277255672301338,-0.1583914129110145,-0.09066457067559325,1,0.06772684223542125
-0.013602270879462558,0.017109047348734665,-0.1552868036829825,-0.08821933807594262,1,0.06706746560703988
-0.028535072610093234,0.030636009316925582,-0.1967324508712674,-0.0766392943489191,1,0.1200931565223483
0.010948360913148159,0.019457682450228844,-0.1353394966893004,-0.05906538148440331,1,0.07627411520489709
-0.017899287862327265,0.02007066793477554,-0.16538859701448733,-0.08671157871016721,1,0.07867701830432011
-0.0057171703513670125,0.024985073782991623,-0.16283871496603058,-0.06489722573670344,1,0.09794148922932715
-0.010304552041948911,0.019622386741505755,-0.1569152300553002,-0.07999547402859764,1,0.07691975602670256
-0.027736949498013433,0.01714153468310746,-0.16948515747690407,-0.10229034151912282,1,0.06719481595778125
-0.016425860534129852,0.018554593243706844,-0.16094366329179527,-0.08820965777646445,1,0.07273400551533082
-0.021033481649862615,0.019660308393412422,-0.16771848610095097,-0.09065007719877427,1,0.0770684089021767
-0.034883433785293225,0.016401807857775133,-0.1751817771865325,-0.11088669038405397,0,0.06429508680247853
0.02179825592626798,0.01860507354277007,-0.12281848821756136,-0.049886599929902686,1,0.07293188828765867
-0.024563907430260448,0.017017764673365035,-0.16606952619005594,-0.09935988867046498,1,0.06670963751959096
-0.032706803712530805,0.017319626003625094,-0.174804070679636,-0.10691113674542563,1,0.06789293393421036
-0.029763693890049833,0.01653919066431219,-0.17033130759210174,-0.10549768018799795,1,0.0648336274041038
-0.010616955000316092,0.0206549090847449,-0.1592513768064161,-0.0782841331942161,1,0.08096724361220001
-0.024289331874606343,0.016642084751039517,-0.16505861798664379,-0.0998216457625689,1,0.06523697222407489
-0.007153273100117832,0.017307631897379695,-0.14922703161898204,-0.08138111458125363,1,0.06784591703772841
0.006548113944390657,0.017905922603654617,-0.1366982943587724,-0.0665070777524463,1,0.0701912166063261
-0.054837271522146,0.018493670842320457,-0.1992356663730941,-0.12674047667119792,0,0.07249518970189617
-0.005319749200181648,0.017552267208646416,-0.14787299292912864,-0.07906810547123468,1,0.06880488745789397
-0.02982542890848712,0.019680961103294266,-0.1765509126709439,-0.09940154514603036,1,0.07714936752491353
0.00929832120557647,0.021703599903468845,-0.14139153460522247,-0.0563134229836246,1,0.08507811162159787
-0.013517445961952146,0.01858118247882441,-0.158087363620448,-0.08524912830345631,1,0.0728382353169917
-0.028241185694560314,0.032003025272922536,-0.1991179152294885,-0.07366605615963215,1,0.12545185906985634
0.01978821304262772,0.022143779680837635,-0.13176439513181404,-0.04496077878293052,1,0.08680361634888352
-0.01618660077765556,0.017583977285995873,-0.15880199625820748,-0.08987280529710365,1,0.06892919096110384
-0.022734123548998245,0.018209868630487482,-0.16657626606475373,-0.09519358103324278,1,0.07138268503151095
-0.051152426055021585,0.01724548770087341,-0.19310438194873347,-0.1255020701613097,0,0.06760231178742376
-0.029732925747850206,0.04300592568788369,-0.22217534009610224,-0.053592111399598186,1,0.16858322869650405
0.0062883270631522575,0.019179680662435118,-0.1394546470352206,-0.06427029883847492,1,0.07518434819674567
0.0007794019989814105,0.01761202600919451,-0.14189096897903983,-0.07285182702299736,1,0.06903914195604247
-0.02056633941590434,0.016472552509260496,-0.16100334233405492,-0.09643093649775378,1,0.06457240583630114
-0.027469471866017378,0.017615961381453254,-0.17014755617366575,-0.10109298755836901,1,0.06905456861529674
0.007130839466081326,0.026331277078317047,-0.1526292636074201,-0.049410657460417264,1,0.10321860614700284
-0.011636530853871507,0.01845484027209576,-0.1559588177871792,-0.08361584392056381,1,0.0723429738666154
0.0005317793404855387,0.017226471277455038,-0.14138290436332634,-0.07385513695570259,1,0.06752776740762376
0.0018180347779646333,0.024028698293341925,-0.15342901387698554,-0.0592365165670852,1,0.09419249730990034
-0.02237288053936147,0.017616875303136787,-0.1650527561335096,-0.09599460494521336,1,0.06905815118829622
0.007007441198275205,0.020831722461013374,-0.141973534825311,-0.06031318277813859,1,0.08166035204717241
-0.01530848853051786,0.016312990943579374,-0.15543275077993343,-0.0914858262811023,1,0.06394692449883113
-0.012032203597343444,0.017080229950676873,-0.15366025430067012,-0.08670575289401677,1,0.06695450140665335
-0.020708394684541512,0.017569365440118896,-0.16329515094717456,-0.09442323842190847,1,0.06887191252526609
-0.03722537614574335,0.01673151765326831,-0.17816995074614925,-0.11258240154533747,0,0.06558754920081178
0.027015704076307115,0.0207764091946527,-0.12185685794521217,-0.0404133339021736,1,0.08144352404303856
-0.02475611636102569,0.01678586666752574,-0.16580721502937615,-0.10000661769267524,1,0.0658005973367009
3.442103443228317e-05,0.018589371968488897,-0.14455154802380596,-0.07168120990732949,1,0.07287033811647647
-0.026019308092105578,0.018530282648315227,-0.1704894620828034,-0.09785075410140774,1,0.07263870798139567
-0.044457886893221873,0.016246796375226188,-0.1844524077886652,-0.12076496599777856,0,0.06368744179088665
-0.008244620674151895,0.02381002906431,-0.1630630776401995,-0.0697277637081043,1,0.09333531393209521
-0.00010709323689034322,0.017695119031245685,-0.14294032653813188,-0.0735754599356488,1,0.06936486660248307
-0.021343863989170694,0.0190529554465353,-0.16683845666437988,-0.09215087131396152,1,0.07468758535041836
-0.0318265058477087,0.020634532962704105,-0.18042099045460874,-0.09953362124080867,1,0.08088736921380008
0.010479654332308921,0.019547301615878938,-0.1359838568348138,-0.059358434500568366,1,0.07662542233424542
-0.036761563789557736,0.017898307173345215,-0.17999304584931436,-0.10983168172980112,0,0.07016136411951324
-0.03570263082749349,0.017141764601992994,-0.17745128944739977,-0.11025557220758722,0,0.06719571723981255
-0.01708477708024443,0.018136118309489257,-0.1607823689668434,-0.0896887851936455,1,0.0710935837731979
0.008159056228790665,0.019066736793538125,-0.13736254788654406,-0.06262093965587462,1,0.07474160823066944
0.003514129968678309,0.022666708465820654,-0.14906341862433017,-0.06020992143831322,1,0.08885349718601696
-0.020305266702481825,0.01796513332970466,-0.16366772802870297,-0.09324440537626069,1,0.07042332265244228
-0.030691914071894713,0.017892834933223196,-0.17391267054101217,-0.10377275760277725,1,0.07013991293823492
-0.009468783908446923,0.024709157642597335,-0.1660495328879377,-0.06918963492895616,1,0.09685989795898153
-0.0322534011340435,0.019185627410519997,-0.1780080308586627,-0.1028003714094243,1,0.0752076594492384
-0.003310375683490893,0.017953200740321546,-0.14664944913452113,-0.07627290223246067,1,0.07037654690206047
-0.04835102070786933,0.032405976179945575,-0.22001753402056268,-0.092986107395176,1,0.1270314266253867
0.013547659108042398,0.018120944515120394,-0.1301201921415936,-0.059086089642321635,1,0.07103410249927196
-0.008686890824679924,0.020842286304804773,-0.1576885719820973,-0.07598680966726257,1,0.08170176231483472
-0.027594390673567323,0.01691108359326953,-0.1688909145163756,-0.10259946683075905,1,0.06629144768561657
0.015081484216900323,0.018424458218321837,-0.12918125389101048,-0.05695737767518888,1,0.0722238762158216
-0.0007489660501611289,0.02325806189082828,-0.15448556735618457,-0.06331396474413771,1,0.09117160261204686
-0.024243429915863854,0.016779457577763758,-0.16528196676828083,-0.09950649306344689,1,0.06577547370483394
-0.017768572940041097,0.01927648730016954,-0.16370128804837342,-0.0881374578317088,1,0.07556383021666462
-0.02808960366495218,0.017933764150389636,-0.17139058139971586,-0.1010902259301885,1,0.07030035546952736
-0.01262094773137197,0.02360004631814418,-0.16702783851493458,-0.07451565694780937,1,0.0925121815671252
-0.023698854925210913,0.016603517034537697,-0.1643925483129048,-0.09930676153751702,1,0.06508578677538779
-0.03463333586389976,0.017278813973740426,-0.176650611252431,-0.10891766047536852,0,0.06773295077706248
-0.033860470201466916,0.017957476176118134,-0.17720792350665845,-0.10681461689627539,1,0.07039330661038307
-0.004399923987560783,0.02596723092936812,-0.1634464966091223,-0.06165495136599927,1,0.10179154524312303
0.01994373971501795,0.01897221951247792,-0.12539261052943879,-0.05102151004052533,1,0.07437110048891346
-0.02360034971051579,0.018204427867459513,-0.16743182833073644,-0.09607047109029515,1,0.07136135724044129
-0.06107680034948616,0.016671985439025972,-0.20190469180997708,-0.13655050888899525,0,0.06535418292098183
-0.018368171757152593,0.01683727263486607,-0.1595200261214901,-0.09351791739281509,1,0.06600210872867501
0.029327162243012808,0.022052111936691703,-0.12204577715290293,-0.03560149836107146,1,0.08644427879183147
0.010355222677022352,0.018930912156749958,-0.13490016515020758,-0.060690989495747735,1,0.07420917565445985
-0.017950988622184902,0.01974953890768783,-0.16481088488125306,-0.08739269236311675,1,0.07741819251813631
-0.023206754315301933,0.048714608247705675,-0.22683818648080506,-0.03587692214979882,1,0.19096126433100624
0.006768294502793273,0.01883785765133388,-0.13830470649382115,-0.06446030450059233,1,0.07384440199322882
-0.017702907359657835,0.028987543721507858,-0.18266929305381324,-0.06903812166550244,1,0.1136311713883108
-0.02242636795635229,0.01948172312998649,-0.16876134529112582,-0.09239299062157877,1,0.07636835466954706
-0.0021031746821766617,0.03143051627433355,-0.17185778657987041,-0.04865016278448291,1,0.1232076237953875
-0.006899173252896684,0.01759723624532063,-0.14954055629372512,-0.08055939021206826,1,0.06898116608165686
-0.043467653488195715,0.017062609941700738,-0.18506116897392916,-0.11817573800246228,0,0.06688543097146687
-8.653456934737402e-05,0.02034305082211538,-0.14810971418069352,-0.06836495495800124,1,0.07974475922269228
-0.004521550637588426,0.01717493717441671,-0.1463352274994452,-0.07900947377573167,1,0.06732575372371352
0.002166902439422566,0.01711366806783552,-0.13952668697353507,-0.07244110814761981,1,0.06708557882591526
-0.0071551166529819216,0.030019450241541647,-0.17414403912640355,-0.0564677941795603,1,0.11767624494684326
-0.03459553737872641,0.016939704386044308,-0.17594815797537325,-0.10954451678207958,0,0.06640364119329367
-0.019355483746277588,0.01892308570553674,-0.1645955317291296,-0.09041703576342558,1,0.07417849596570403
-0.06000485982440941,0.020092722380705367,-0.20753739569059193,-0.1287739239582269,0,0.07876347173236503
-0.03281728432163357,0.018712666342835714,-0.1776449103535916,-0.10429125828967557,1,0.07335365206391602
-0.040329320951914036,0.019198956647748688,-0.18611007598150148,-0.1108501659223266,0,0.07525991005917487
0.011907405045811087,0.019403621546371753,-0.13427449318507756,-0.058212296723300284,1,0.07606219646177728
0.006932069051613435,0.017951322367778737,-0.1364033227892329,-0.06603413910754025,1,0.07036918368169265
-0.01720785254293529,0.018120942680938498,-0.16087570019757474,-0.08984160488829585,1,0.0710340953092789
-0.03712178870496903,0.017433029969879922,-0.1794413274459337,-0.11110384996400438,0,0.06833747748192931
-0.020686958269943365,0.017435964162637207,-0.16301224802871228,-0.09466326851117444,1,0.06834897951753784
-0.04281907686158139,0.0220804920804275,-0.1942476413392193,-0.1076921123839435,1,0.0865555289552758
0.004379522232107164,0.01781913165373074,-0.1386967758092051,-0.0688457797265806,1,0.06985099608262449
-0.004636139930546915,0.0173952235555625,-0.1468815780994494,-0.07869230176164442,1,0.06818927633780499
-0.007440922124750657,0.020049350204082342,-0.15488844852475206,-0.07629499572474926,1,0.0785934528000028
0.007599932716660804,0.019633462090907286,-0.13903245298151748,-0.062069281585160924,1,0.07696317139635656
0.0010805084601559767,0.023139454437375414,-0.15242362223709985,-0.061716960842588216,1,0.09070666139451164
-0.009169240453301863,0.019027122729349026,-0.15461320100282597,-0.08002687990377777,1,0.0745863210990482
-0.0501305257732302,0.01607114556478635,-0.18978077108021146,-0.12678188046624894,0,0.06299889061396252
0.003696127989623807,0.017193347214755902,-0.13815363255129776,-0.07075571146945464,1,0.06739792108184312
-0.03058934903707851,0.017632396382619944,-0.1732996459470136,-0.10418065212714342,1,0.06911899381987019
-0.026663137736411144,0.017492659766581087,-0.16909955087891007,-0.10052832459391223,1,0.06857122628499784
0.0067631385723358195,0.021709884214233085,-0.14393903448756104,-0.05883628836776734,1,0.08510274611979371
-0.009560895781771897,0.020239998257766425,-0.1573820923669941,-0.0780412991965497,1,0.0793407931704444
-0.02968545109044328,0.02011753957553171,-0.17726662865848544,-0.09840587352240113,1,0.07886075513608432
-0.04740263161413573,0.019999114446331248,-0.19475169592894498,-0.11635516729932649,0,0.07839652862961849
-0.010635563951333554,0.018792824968994287,-0.15562030089056236,-0.08195242701210476,1,0.07366787387845761
-0.030072802442945537,0.017287708101350475,-0.17210751032159247,-0.10433969456429862,1,0.06776781575729385
-0.025564945101688566,0.0167042412579589,-0.16645605796728802,-0.10097543223608912,1,0.0654806257311989
-0.05895226955701778,0.016310842833946255,-0.19907232151155244,-0.13513381760248314,0,0.0639385039090693
-0.022948218013590413,0.029292880684637045,-0.18851306415547903,-0.07368497187170181,1,0.11482809228377722
-0.006011164589509108,0.017975598545569217,-0.14939413773882476,-0.07892979144019345,1,0.07046434629863131
-0.021885907247958233,0.01932786125761705,-0.16791931531288767,-0.09215409918302882,1,0.07576521612985886
-0.011940350648621617,0.017850935861655134,-0.1550789849374657,-0.08510331635977755,1,0.06997566857768814
0.0017707430874256413,0.02116559443629962,-0.14786462200772163,-0.0648954918174271,1,0.08296913019029453
-0.02742417102073251,0.02580361613542929,-0.18615005864617393,-0.0849998833952911,1,0.10115017525088282
-0.008220544551180334,0.018000605248322202,-0.15165253083789185,-0.08109015826446883,1,0.07056237257342302
-0.02099137026343105,0.016905942365332785,-0.16227781729948332,-0.09600652322737879,1,0.06627129407210453
-0.006670490278700758,0.017699700715369557,-0.1495127036808251,-0.08012987687657644,1,0.06938282680424865
-0.020600764579718447,0.01929458623076103,-0.16656895359201007,-0.09093417556742683,1,0.07563477802458324
-0.021345015649086904,0.018206935991220547,-0.16518141019187918,-0.09381022110629464,1,0.07137118908558454
-0.012053041620988178,0.01786169814334697,-0.15521276998194825,-0.08519491326002812,1,0.07001785672192012
-0.01018520800850467,0.018393810735932627,-0.15438787705093263,-0.08228413896607673,1,0.0721037380848559
-0.02985788929308901,0.018193071400260788,-0.17366710923760015,-0.10235026934857787,1,0.07131683988902228
-0.008976954739593618,0.01683457615547815,-0.1501235240043308,-0.08413198547485645,1,0.06599153852947434
-0.01639160244981447,0.01811289131989984,-0.16004366943681816,-0.08904113546281078,1,0.07100253397400738
-0.04850373619503821,0.016077522661411523,-0.1881664806114048,-0.12514259177867162,0,0.06302388883273319
0.008537538301091371,0.018514527514364436,-0.13590173562706293,-0.06332478777075434,1,0.07257694785630858
-0.005008663419901013,0.016377085682582646,-0.145258551357763,-0.08106037548203904,1,0.06419817587572396
-0.017707727333513237,0.017269721311111718,-0.1597071811032922,-0.09200987356373427,1,0.06769730753955794
-0.0022101467967127475,0.01787481803788079,-0.1453955901509591,-0.07532630344246641,1,0.07006928670849269
-0.039808441690038596,0.018491874883150388,-0.18420331646101334,-0.11171516691906384,0,0.0724881495419495
-0.010824298515532557,0.017308123970866958,-0.1528990214984318,-0.08505117553263333,1,0.06784784596579846
-0.026631046162753483,0.017703243110745944,-0.16948020265981553,-0.10008348966569144,1,0.06939671299412409
-0.024149097843551,0.018271938174459473,-0.16811289666549156,-0.09648689902161045,1,0.07162599764388111
0.02480474982022486,0.018876340681108505,-0.12034367791474782,-0.04634842244480247,1,0.07399525546994534
-0.04266984748404355,0.016908400461718293,-0.18396111238901142,-0.1176801825790757,0,0.06628092980993572
0.005470965876515424,0.01919145730600514,-0.14029509044325467,-0.06506457780371451,1,0.07523051263954016
-0.021400253086842944,0.01719517929254742,-0.1632536045002359,-0.09584850167344999,1,0.06740510282678591
-0.014337942771181167,0.018681735289107035,-0.15910494393783095,-0.0858725416045314,1,0.07323240233329956
-0.004663197654102183,0.020363809412570866,-0.1527270641027411,-0.07290093120546329,1,0.0798261328972778
0.02650566347794578,0.017890563826258095,-0.11671064162152009,-0.04657963142258836,1,0.07013101019893173
-0.02524042965458166,0.018522581148902494,-0.16969548870643056,-0.09708697060273278,1,0.07260851810369778
-0.03359308842803442,0.01766285694480137,-0.1763630880398451,-0.10712468881622375,1,0.06923839922362135
-0.008058036466821947,0.017500483023026304,-0.15050978319195352,-0.08190788974169039,1,0.06860189345026313
-0.04866488983516011,0.025200288249545465,-0.20620825480426924,-0.107423124866051,1,0.09878512993821824
0.013241796049014556,0.021021575365599662,-0.13611129166756078,-0.05370671623441011,1,0.08240457543315066
-0.04767095536103262,0.017388858464434474,-0.1899039179513242,-0.12173959277074106,0,0.06816432518058313
0.005768994764023705,0.01909460384505586,-0.1398072287722858,-0.06495638169966682,1,0.07485084707261898
-0.051098431429493815,0.01735156114230821,-0.19325829126841793,-0.12524017159056972,0,0.06801811967784821
-0.015893816822359186,0.018516053936114055,-0.16033608253714274,-0.08775315110757564,1,0.0725829314295671
-0.02667890189982737,0.01608686101846098,-0.1663599494960109,-0.10329945430364385,1,0.06306049519236706
-0.011526304803383389,0.018179863002067673,-0.15530963628743605,-0.08404457331933075,1,0.0712650629681053
-0.004473693525124639,0.017256587981445918,-0.14644740596875866,-0.07880158108149064,1,0.06764582488726802
-0.018938201137395236,0.016053686598453246,-0.1585542268703636,-0.09562377540442688,1,0.06293045146593673
-0.04039110397983424,0.01645746943964996,-0.18079854408154816,-0.11628526387812033,0,0.06451328020342784
-0.024579115391645992,0.018775030631495694,-0.16952897542937756,-0.09593085535391443,1,0.07359812007546312
0.0024926444026344835,0.020034416945525508,-0.14492561281059552,-0.06639069838413553,1,0.07853491442645999
-0.003635533524524573,0.01690229297327297,-0.1449148277521396,-0.07865783929690956,1,0.06625698845523004
0.013566879427240913,0.017455241901404434,-0.12879619469951178,-0.0603716464460064,1,0.06842454825350539
-0.015488144745969518,0.02994736821476182,-0.18233578644690268,-0.06494210304503635,1,0.11739368340186633
-0.016982152781033752,0.01798231738082345,-0.16037829484744773,-0.08988761071461979,1,0.07049068413282794
0.004739837647709827,0.02065846455260031,-0.14390155287538678,-0.06292037182919358,1,0.0809811810461932
-0.06188610479361069,0.0169037338936917,-0.2031682232252464,-0.13690558636197497,0,0.06626263686327144
-0.011538239394518271,0.01800596130892028,-0.15498072356000203,-0.08439735522903452,1,0.07058336833096751
-0.009995144026908834,0.01929409451288606,-0.1559623692721655,-0.08032951878165216,1,0.07563285049051334
0.023053005860288175,0.018517078512703553,-0.12139126802461078,-0.04880432025481287,1,0.0725869477697979
-0.02971271441146063,0.019381232270726318,-0.1758507296620842,-0.09987629916083705,1,0.07597443050124715
-0.03547241290493468,0.018399109069892495,-0.17968546668192398,-0.10756095912794539,1,0.07212450755397859
-0.016241103425774103,0.016475595600008164,-0.15668407080179012,-0.0920997360497581,1,0.06458433475203201
-0.03544996756013814,0.0204128013024044,-0.18360985811285077,-0.10359167700742553,1,0.08001818110542525
-0.04260946935352737,0.01604753204892446,-0.18221343216941932,-0.11930710653763543,0,0.06290632563178389
0.0067849976606991075,0.01739258695132379,-0.13545527276389552,-0.06727633191470628,1,0.06817894084918924
-0.02846962867536225,0.016375026445958757,-0.1687154805094414,-0.10452537684128309,1,0.06419010366815832
-0.04362677844975875,0.017286133108682294,-0.18565839934277606,-0.11789675755674145,0,0.06776164178603461
-0.01500950756284819,0.019356644305524265,-0.16109933040167576,-0.08522128472402063,1,0.07587804567765513
-0.0037685369807327063,0.016958185198597243,-0.1451573799699833,-0.07868129399148212,1,0.06647608597850117
-0.01847207239407704,0.02292448080744962,-0.1715548547766783,-0.08169089001147578,1,0.08986396476520253
-0.029863260468684413,0.01717304577126567,-0.17167323018036512,-0.1043548907570037,1,0.06731833942336142
-0.022122576512482492,0.01683173846174959,-0.1632635838975117,-0.0972831691274533,1,0.0659804147700584
-0.04722686457781798,0.01552997768641202,-0.18581642084318556,-0.12493890831245043,0,0.06087751253073513
-0.022207619157338113,0.017223153780969024,-0.1641158005680374,-0.09660103774663883,1,0.06751476282139857
-0.04297263723834287,0.017182440888438667,-0.18480102137968266,-0.11744585309700309,0,0.06735516828267957
-0.03866655821909816,0.01697151803013296,-0.18008153355815876,-0.11355318288003757,0,0.06652835067812118
-0.023677261914578793,0.016383005898042376,-0.16393875347474185,-0.09971737035441575,1,0.0642213831203261
-0.035594423417099244,0.0183379707973914,-0.1796876461799864,-0.1078028006542121,1,0.07188484552577429
-0.060276998116713484,0.015730457251195724,-0.1992594943290571,-0.13759610190436988,0,0.06166339242468721
-0.015300955065699381,0.019000426514359826,-0.16069259103384465,-0.08621091909755413,1,0.07448167193629052
-0.0276269245212047,0.01748815074439469,-0.1700544999802183,-0.10150094906219112,1,0.06855355091802717
-0.02473219761499061,0.017838477636129668,-0.16784641378180476,-0.09791958144817647,1,0.06992683233362829
-0.029742689272428083,0.01674354980266224,-0.17071084688564608,-0.10507613165921009,1,0.06563471522643599
-0.0011847241831038635,0.019015304377558485,-0.1466055207631185,-0.07206552760308924,1,0.07453999316002927
-0.022366295391030508,0.01669665435274847,-0.16324253792241752,-0.0977916528596435,1,0.06545088506277402
0.0074588552077783365,0.022024837982544062,-0.14386062723800802,-0.05752326234643531,1,0.0863373648915727
-0.00453544400161536,0.017261250204547902,-0.14651829440252925,-0.07885419360070148,1,0.06766410080182778
-0.0018422992405357497,0.017556363509339517,-0.14440357171884122,-0.07558262676223029,1,0.06882094495661092
-0.006539981653000876,0.0171227303139244,-0.1482513330682927,-0.08113023023770906,1,0.06712110283058363
-0.018736310252437202,0.016985956833427802,-0.1601795856459557,-0.09359463485891872,1,0.06658495078703697
-0.022751766386884323,0.017852067928448935,-0.16589261952664425,-0.09591251324712441,1,0.06998010627951984
0.010031888768005745,0.019002253671350448,-0.13536332842784113,-0.060874494036147385,1,0.07448883439169374
-0.01618846239841462,0.01679007003900339,-0.15724779967486127,-0.09143072512196798,1,0.06581707455289329
-0.02896958510794219,0.023995919631698486,-0.18415238758607122,-0.09008838262981317,1,0.09406400495625805
-0.04821259969538451,0.015853066359547714,-0.18743540976009804,-0.125291389630671,0,0.06214402012942705
-0.04297106383442058,0.016974936101389816,-0.18439273859314462,-0.11785098907569655,0,0.06654174951744807
-0.003626144867623776,0.020783535589534764,-0.1525126746231119,-0.07104121511213565,1,0.08147145951097626
-0.04326672130577995,0.016560105201932636,-0.18387532750156793,-0.11895971510999198,0,0.06491561239157595
-0.015558834144180439,0.016811519552087855,-0.15666021246627265,-0.09075905582208825,1,0.0659011566441844
-0.04930800354332966,0.01687619925784568,-0.1905361540887072,-0.12438145299795214,0,0.06615470109075505
0.0015234678592811052,0.019764007597583275,-0.14536478703198213,-0.06788987724945568,1,0.07747490978252645
-0.002222155195600331,0.017636166470602985,-0.1449398414779822,-0.07580606891321848,1,0.06913377256476372
-0.01887720066117092,0.017534745929231016,-0.1613961026824637,-0.09265989863987814,1,0.06873620404258557
-0.010640780632762456,0.020412242399797192,-0.15879957573636497,-0.07878358552915996,1,0.08001599020720501
-0.003524656901245829,0.019804977829826945,-0.15049321344770664,-0.07285770035478503,1,0.0776355130929216
-0.016400457376228694,0.016704977355889546,-0.1572930129937722,-0.09180950175868519,1,0.06548351123508703
-0.007298384726699525,0.019438406944680783,-0.15354846233827385,-0.0773499071151252,1,0.07619855522314865
-0.005495657900286263,0.019113726557938936,-0.15110936195384658,-0.07618355384672595,1,0.07492580810712063
-0.026607089018431854,0.016145954516831994,-0.16640395987142256,-0.10311181816544115,1,0.06329214170598141
-0.020540396561168447,0.024135428149112105,-0.17599663573342816,-0.08138575738890873,1,0.09461087834451944
-0.014671713307295747,0.01843216621832627,-0.15894955909521524,-0.08669546751937626,1,0.07225409157583898
-0.029298393839625916,0.023029213595355195,-0.1825864524865221,-0.09231193519272973,1,0.09027451729379238
-0.017931015519669122,0.017959855794756965,-0.16128313287739277,-0.09088049816194547,1,0.07040263471544729
-0.03473924088546178,0.017852984341983527,-0.1778818901957495,-0.10789819157517408,1,0.06998369862057541
-0.010106771855330779,0.0175054689539122,-0.1525682910049987,-0.08394685270566288,1,0.06862143829933581
-0.03438825721909845,0.028578681268556817,-0.19855327250546984,-0.0865248419327271,1,0.11202843057274274
-0.015767988454029463,0.018785192579834967,-0.160737765910506,-0.08709981099755293,1,0.07363795491295308
-0.03161318575594903,0.01895502481461802,-0.17691583439260034,-0.10261213711929772,1,0.07430369727330262
-0.004979719665880636,0.01732921833104097,-0.14709578759472094,-0.07916525173704034,1,0.06793053585768061
0.006371154640655338,0.017712059130761588,-0.13649528125563737,-0.06706400946305197,1,0.0694312717925854
-0.020553665104508553,0.01745838672638799,-0.16292290308822902,-0.0944860271207881,1,0.06843687596744091
-0.010990880213435222,0.018112914118834776,-0.1546429918863514,-0.08364036854051907,1,0.07100262334583232
-0.03986305290036925,0.02231248336312351,-0.19174632029209132,-0.10428138550864717,1,0.08746493478344415
-0.02869273326914633,0.018195364164801383,-0.17250644703215703,-0.10118061950613563,1,0.0713258275260214
0.0010584735923362398,0.01844332108302371,-0.14324123573039024,-0.07094341708493729,1,0.07229781864545295
-0.012791366741025129,0.017619532201237978,-0.15547644985545156,-0.0864078836265987,1,0.06906856622885287
-0.030414679536703057,0.02016622036800609,-0.178091271457995,-0.09903968761541113,1,0.07905158384258387
-0.00800043789358329,0.017958997759191138,-0.15135087350159793,-0.08095160228556866,1,0.07039927121602926
-0.04967096094512409,0.01634436740794108,-0.1898567210646886,-0.1257868008255596,0,0.064069920239129
-0.022796586487064355,0.017172439197942747,-0.16460536731503214,-0.09728940565909658,1,0.06731596165593556
0.005558459756490719,0.01775839569486341,-0.13739879580544156,-0.06778588468157701,1,0.06961291112386456
-0.016928116336289586,0.01675467736972373,-0.1579180839809481,-0.09223974869163108,1,0.065678335289317
-0.03199496046126428,0.01779623137194731,-0.175026373950281,-0.10526514697224756,1,0.06976122697803344
0.003799398881479399,0.01726489160054947,-0.13819058865559758,-0.07051221358144365,1,0.06767837507415393
-0.02232490455831275,0.016891091929285524,-0.1635822447397124,-0.09736916437691312,1,0.06621308036279927
-0.010998065820020914,0.027135367228456476,-0.17233418558779562,-0.06596354605224622,1,0.1063706395355494
0.02115489161450823,0.01815877192543065,-0.12258710135933584,-0.0514047154116477,1,0.07118238594768814
-0.010519846031679547,0.024063676419121754,-0.16583545181315817,-0.07150584025020092,1,0.09432961156295726
-0.028562049786342456,0.017530785374593915,-0.17107318912054653,-0.10235251045213839,1,0.06872067866840814
-0.04466433741573746,0.017837899856078924,-0.18777742113365214,-0.11785285369782278,0,0.06992456743582937
-0.01651167427201089,0.03462199972590713,-0.19252159373478886,-0.05680335480923293,1,0.13571823892555593
-0.01886681563232974,0.025546657879666538,-0.17708906507647615,-0.07694616618818334,1,0.10014289888829281
-0.025258922503623618,0.01812543168928605,-0.16893556861462428,-0.09788387639262297,1,0.0710516922220013
-0.03610792960044122,0.01762294544895751,-0.17879970268039796,-0.1097177565204845,0,0.06908194615991346
-0.02289137641363302,0.018475054038846524,-0.1672532823297722,-0.09483107049749384,1,0.07242221183227837
0.032407064392082935,0.020138402482733783,-0.11521500447407529,-0.03627246674175886,1,0.07894253773231644
0.01111117230610402,0.018656663111766017,-0.1336066873929574,-0.060472567994834595,1,0.0731341193981228
-0.006299840958135031,0.019166887477016097,-0.15201774041308658,-0.0768835415031835,1,0.07513419890990308
0.007400043207611021,0.01803409551757412,-0.13609758400683425,-0.06540392957794372,1,0.07069365442889053
-0.023370357770777964,0.018082881011983895,-0.1669636045542664,-0.09607871098728954,1,0.07088489356697686
0.0033480627618160536,0.017812533831298234,-0.13971530354752848,-0.06989017092883942,1,0.06982513261868906
-0.04719299763825176,0.01657319085409545,-0.18782725171227885,-0.12286034356422468,0,0.06496690814805417
0.014854345170210087,0.01917948916704865,-0.13088825359720527,-0.05570465606237456,1,0.0751835975348307
-0.024776159469684658,0.018889272411482718,-0.1699499333961908,-0.09590398554317853,1,0.07404594785301227
-0.004467742302685068,0.021313737277746856,-0.1543934673670689,-0.07084361723830124,1,0.08354985012876767
0.019251901549984254,0.018069619106848105,-0.12431535189943804,-0.053482445000593466,1,0.07083290689884458
-0.03201077648597929,0.01697155847321814,-0.17342583109348686,-0.10689732187847174,1,0.06652850921501512
0.017313339563626837,0.017586508533636587,-0.1253070171623009,-0.056367903710445456,1,0.06893911345185544
0.0034884222285967575,0.0173506779700716,-0.13866970659274358,-0.07065504895006292,1,0.06801465764268066
-0.006607260449223343,0.018810186825192244,-0.15162602662660013,-0.07789009427184655,1,0.07373593235475358
-0.030958347417915352,0.018569654528146236,-0.17550567029308198,-0.10271262454274874,1,0.07279304575033324
-0.01957674164321095,0.017748706453111118,-0.16251500629130874,-0.09294007699511317,1,0.06957492929619558
-0.033215425580851846,0.021810655775887443,-0.18411511090159124,-0.09861734026011246,1,0.08549777064147879
-0.02189111061457437,0.01900752286443819,-0.16729665542887323,-0.09278716580027552,1,0.07450948962859771
-0.029252284765228412,0.016569689026417093,-0.16987967525700592,-0.10492649427345091,1,0.06495318098355501
-0.005322188224919519,0.018238329647613485,-0.14922011433424195,-0.0777258621155971,1,0.07149425221864486
-0.03177392351540485,0.017114838712250467,-0.17346980739141576,-0.10637963963939395,1,0.06709016775202181
-0.023522078584463993,0.01607232639022906,-0.16317463830931295,-0.10017111885961505,1,0.0630035194496979
0.005729100751289254,0.020873496682560378,-0.1433337527465291,-0.06150964575089241,1,0.08182410699563669
-0.03668270749752427,0.01700395449834767,-0.1781612583142857,-0.11150575668076285,0,0.06665550163352285
-0.0540213064672042,0.016917411220603643,-0.19533023245958733,-0.12901398047482107,0,0.06631625198476626
-0.010083072269468321,0.029172459001970186,-0.1754118919133299,-0.06105585262560676,1,0.11435603928772314
-0.011662322220118732,0.017880082745753065,-0.15485808440179474,-0.08476816003844273,1,0.07008992436335201
-0.031219959578846615,0.017322451207010876,-0.17332276394458795,-0.1054187552131053,1,0.06790400873148265
-0.00660910502171759,0.017800719543944715,-0.14964931532784925,-0.07987049471558595,1,0.0697788206122633
-0.010029895052239488,0.018334680899132514,-0.15411666961453924,-0.08224472048993976,1,0.07187194912459947
-0.031862678920664925,0.021900562118454255,-0.18293858067283528,-0.09708837716849458,1,0.0858502035043407
-0.021366830808690854,0.01874910795201249,-0.16626588239463536,-0.09276937922274638,1,0.07349650317188898
-0.03426806277280377,0.018337716552207454,-0.17836078721513038,-0.10647693833047717,1,0.07188384888465321
-0.049812928685266974,0.017867166563525654,-0.19298337514977726,-0.1229440822207567,0,0.07003929292902056
-0.00014791148452687752,0.0182173894367878,-0.14400479478063097,-0.0725926281884228,1,0.07141216659220817
-0.02835161958385947,0.020345698544461097,-0.17637998873100322,-0.09662485043671573,1,0.07975513829428749
-0.026313443693497265,0.017340355229990147,-0.16845133994427797,-0.10047714744271657,1,0.06797419250156139
0.004065898655280453,0.017754345190054612,-0.13888341791722658,-0.06928638477221252,1,0.06959703314501406
-0.011112027744201738,0.01766685993789182,-0.15388987322246972,-0.08463578226593377,1,0.06925409095653595
0.021587944163623807,0.030925519770647676,-0.14717687458684564,-0.025948837085906756,1,0.12122803750093888
-0.023411686292754405,0.01746509207774605,-0.16579406676513667,-0.09733090582037215,1,0.06846316094476451
-0.030556139205614993,0.03294561248173788,-0.20328033966982123,-0.07413353874140875,1,0.12914680092841246
-0.04993696996001644,0.01883344401662657,-0.19500132023260452,-0.12117421968742836,0,0.07382710054517616
-0.024661656175112998,0.021196550371241782,-0.17435769490274688,-0.09126721744747912,1,0.08309047745526776
-0.010150729187542201,0.018168234065617968,-0.15391126795615342,-0.08269179041893099,1,0.07121947753722244
-0.027877617004051267,0.0180899601642291,-0.1714847389259403,-0.10057209508216224,1,0.07091264384377806
-0.015945312746670673,0.019216073596423185,-0.1617596169956601,-0.08643260849768124,1,0.07532700849797887
-0.006676265195064993,0.018742704854892513,-0.15156276671065433,-0.07809136367947567,1,0.07347140303117866
-0.023085265853581602,0.01843770480958663,-0.1673739672803714,-0.09509816442679181,1,0.0722758028535796
-0.030785870085891412,0.0167758611097938,-0.17181735786108726,-0.10605598231069557,1,0.06576137555039169
-0.02138671498263385,0.016869724403065472,-0.16260217481264216,-0.09647285515262553,1,0.06612931966001663
-0.03780962264919545,0.028081323625085523,-0.2009998169543631,-0.09092102834402782,1,0.11007878861033527
-0.03173270783821085,0.024211967382364724,-0.1873389639076457,-0.092428051768776,1,0.09491091213886971
-0.03940520688439687,0.01903389686455792,-0.1848624447389304,-0.11024956902986335,0,0.07461287570906705
0.0004907971406264144,0.018367354965374057,-0.14366001859150673,-0.07165998712724045,1,0.07200003146426628
-0.006594282226683734,0.02134865602654855,-0.1565884480387189,-0.07290171641464858,1,0.08368673162407032
-0.0382473421074883,0.018951261183237044,-0.1835426140266329,-0.1092536701883437,0,0.07428894383828921
0.004497639333939221,0.017352613780627812,-0.1376642836760913,-0.06964203765603028,1,0.06802224602006102
-0.013084730867873054,0.018395096166042204,-0.15728991935331577,-0.08518114238243034,1,0.07210877697088543
-0.010152486446716083,0.01708156491334766,-0.1517831536768775,-0.08482341921655467,1,0.06695973446032283
-0.011586712897294002,0.01794432090260236,-0.15490838186639463,-0.08456664392819338,1,0.07034173793820125
-0.031054142471328747,0.01857882394119146,-0.175619437396064,-0.1027904475465935,1,0.0728289898494705
-0.014686492399536899,0.033705582327207696,-0.18890023376086398,-0.056774351038209825,1,0.13212588272265416
-0.01034368307911078,0.017801122763389122,-0.15338468369535346,-0.08360428246286811,1,0.06978040123248536
-0.02288625645102503,0.017171940451667072,-0.1646940597362925,-0.09738005316575757,1,0.06731400657053493
-0.03470726941132048,0.018068127459320793,-0.17827159923158925,-0.10744453959105173,1,0.07082705964053752
-0.022231570293620204,0.029083922150551618,-0.1873868577087014,-0.07337788287853904,1,0.11400897483016235
-0.014451675558857707,0.01877179996289338,-0.15939520348612873,-0.08580974763158669,1,0.07358545585454204
-0.01032050101651373,0.020263472452474823,-0.15818770702336438,-0.07875489500966308,1,0.0794328120137013
-0.035265618570191906,0.019582119454821252,-0.18179737270164156,-0.10503546443874226,1,0.0767619082628993
-0.025819154161739535,0.017626739244151958,-0.16851836308027737,-0.09942154524320171,1,0.06909681783707566
-0.020785083316676126,0.017389929105280717,-0.16302014436302634,-0.09485162227032592,1,0.06816852209270041
-0.013089601236489903,0.018131491123317203,-0.15677812383819162,-0.0857026786347882,1,0.07107544520340342
-0.013437874086840967,0.028340860514719558,-0.17713676069569131,-0.06604058747799063,1,0.11109617321770068
-0.0015654472330889624,0.01871750029617055,-0.14640254781358325,-0.07302994665259468,1,0.07337260116098857
-0.017018798564247498,0.01735200817668139,-0.15917953459054301,-0.09115966253795198,1,0.06801987205259104
0.0014742000047070908,0.018194816131935864,-0.1423384396138872,-0.07101476037669863,1,0.07132367923718858
-0.036416167826031784,0.018166635439295226,-0.18017357328705041,-0.10896036236501315,0,0.07121321092203726
-0.0491465787356203,0.016491581528449303,-0.18962087853138093,-0.12497387893985967,0,0.06464699959152126
0.0014655294725170187,0.017961712240041627,-0.14189022651796457,-0.0714803145370014,1,0.07040991198096316
-0.021633469901337535,0.017012510542696313,-0.16312879056502233,-0.09643974923765276,1,0.06668904132736957
-0.01843392344272897,0.016965812882804937,-0.15983771669302665,-0.0933317301924313,1,0.06650598650059536
-0.011015932500515455,0.020557201666060513,-0.15945884776599406,-0.07887461723503686,1,0.0805842305309572
0.013064984743631464,0.019176747253503344,-0.1326722398732351,-0.05749939063950199,1,0.0751728492337331
-0.051231126479370295,0.016599164851988424,-0.1919162895892676,-0.126847563369473,0,0.06506872621979459
-0.004487435408672011,0.020035890449731218,-0.1519085806901452,-0.07336789012719883,1,0.07854069056294638
-0.027445828593217134,0.020901554648659292,-0.17656367570458936,-0.09462958148184493,1,0.08193409422274443
0.002969472014099292,0.02265511493036593,-0.14958535324941793,-0.06077730272238349,1,0.08880805052703444
-0.001871567263958332,0.03350969617288004,-0.1757013717628032,-0.044343362765113456,1,0.13135800899768973
0.0033037565469212493,0.017485405733635533,-0.1391184386910044,-0.07057564821515311,1,0.0685427904758513
-0.0055512923464964,0.01949695544271146,-0.15191612501421087,-0.07548805967878194,1,0.07642806533542892
-0.01494498173056702,0.030517884668003176,-0.18291083567985325,-0.0632807277812808,1,0.11963010789857245
-0.0300504466935463,0.017558614434178055,-0.1726161309845353,-0.10378636240255731,1,0.06882976858197798
-0.005436760849815772,0.017979089308136922,-0.14882657589376413,-0.07834854580586742,1,0.07047803008789671
-0.029468702885593237,0.018997414879503814,-0.17485443604942072,-0.10038456972176577,1,0.07446986632765495
-0.0013206803969920827,0.017420619573080623,-0.14361589476023012,-0.07532706603375407,1,0.06828882872647606
0.014255076849678139,0.018104019604483188,-0.12937960157510892,-0.05841184472553482,1,0.0709677568495741
-0.041496226436640346,0.01764268259886303,-0.1842266843304119,-0.11506736854286881,0,0.06915931578754309
-0.010613062935357895,0.01869880707317668,-0.1554135247987842,-0.0821142010719316,1,0.0732993237268526
-0.03384772448458902,0.017770628747174163,-0.17682895682905037,-0.10716809214012767,1,0.0696608646889227
-0.03507858109026153,0.01727714190963621,-0.1770925792331485,-0.10936618294737457,0,0.06772639628577393
-0.009087842119705036,0.019965907488691193,-0.15637182079753978,-0.0781054634418703,1,0.07826635735566947
-0.03138556522147905,0.017631200574447694,-0.17409351834739653,-0.10497921209556157,1,0.06911430625183496
-0.017089416579387687,0.018271012929003783,-0.1610514019202351,-0.08942903123854028,1,0.07162237068169482
-0.020432310754767105,0.017471604932225594,-0.16282745642192928,-0.09433876508760494,1,0.06848869133432434
-0.019521198675409704,0.017708852986468203,-0.16238135052888739,-0.09296264682193203,1,0.06941870370695535
-0.01007494124246451,0.017293464074841548,-0.15212093082915396,-0.08433055165577508,1,0.06779037917337888
-0.02293318040327451,0.015951047097768623,-0.162348032714901,-0.09981992809164801,1,0.06252810462325299
-0.004530253722890273,0.0164781636315904,-0.14497825444080747,-0.0803838530049731,1,0.06459440143583438
-0.006119218883783861,0.026267768242471366,-0.16575484463902773,-0.06278519312853999,1,0.10296965151048774
-0.006760087576886592,0.016433892590636625,-0.14712131705453438,-0.08270045809923882,1,0.06442085895529556
-0.020909193617369967,0.017690923003523856,-0.16373420270427674,-0.09438578453046322,1,0.06934841817381353
0.011506746360528064,0.01979459637296164,-0.13544146253047676,-0.05784664474846713,1,0.07759481778200963
0.00021700560230325516,0.01792486245480563,-0.14306652480911577,-0.07280106398627773,1,0.07026546082283805
-0.05419644362655428,0.016765653406210466,-0.1952079243027268,-0.12948656295038177,0,0.06572136135234502
-0.016157689886801427,0.017998538582348796,-0.15958562550820507,-0.0890313542653978,1,0.07055427124280728
-0.01915728875075144,0.017237087187477733,-0.1610927796382078,-0.09352339786329508,1,0.06756938177491273
-0.018110175793399977,0.020452474255049615,-0.16634782533329723,-0.08617412625350274,1,0.08017369907979449
-0.01461715117918952,0.018813766267521254,-0.15964293306353117,-0.08589296929484787,1,0.0737499637686833
-0.02478349221795105,0.01754249804667393,-0.16731758838943195,-0.09855099604647016,1,0.06876659234296179
0.03972813918600876,0.018160178711656455,-0.10401661108883789,-0.032828710539144594,0,0.07118790054969329
0.0008299815929276311,0.021870054616929983,-0.15018612545625515,-0.0644555113578896,1,0.08573061409836555
-0.005956355964896257,0.018540700922899986,-0.15044692977378024,-0.07776738215601228,1,0.07267954761776796
0.0060139264740416976,0.020951346700866118,-0.1432015130596559,-0.061072233992260715,1,0.08212927906739517
-0.003702737626875785,0.017845089965455013,-0.1468299139591676,-0.07687716129458397,1,0.06995275266458365
-0.05306706945557184,0.016250824270328736,-0.19306948502541615,-0.12936625388572753,0,0.06370323113968862
-0.01973142854522468,0.016637952050225824,-0.1604926145636673,-0.09527184252678207,1,0.06522077203688524
0.003311611273008469,0.017364465513809088,-0.13887354113405737,-0.07080483631992572,1,0.06806870481413164
-0.016689830060552704,0.018731194255754417,-0.16155377080183136,-0.08812748931927405,1,0.07342628148255731
-0.04148905968101564,0.016957515590762445,-0.18287659023891004,-0.11640312912312126,0,0.06647346111578878
-0.015192709906698798,0.01798135315614458,-0.15858696209274217,-0.08810005772065543,1,0.07048690437208674
0.006023322666779227,0.01728412486338158,-0.13600436206544866,-0.0682505926009929,1,0.06775376946445577
0.01648758345318821,0.018202802052143918,-0.12734070856901386,-0.05598572452460972,1,0.07135498404440414
0.00023610691304043474,0.018029965481218282,-0.1432534254301474,-0.07257596074377173,1,0.07067746468637567
-0.039918064935055966,0.020001666199637724,-0.1872721306863459,-0.10886559918376604,0,0.07840653150257987
-0.033671842235545354,0.023241984405302275,-0.18737693166993782,-0.0962683528011529,1,0.09110857886878493
-0.007452801048092275,0.034122461999741144,-0.18248362656758493,-0.04872357552859964,1,0.1337600510389853
-0.0466868222073613,0.01756363539514887,-0.1892623475818531,-0.12041289683286951,0,0.06884945074898358
-0.032957044444754294,0.016851425188662304,-0.17413663781453242,-0.10807905107497617,1,0.06605758673955625
-0.02851831914158355,0.016318317726948126,-0.16865302188640188,-0.10468521639676523,1,0.06396780548963665
-0.019817954552125358,0.018554236485943967,-0.16433505806457555,-0.09160245103967518,1,0.07273260702490036
-0.028131720883280156,0.016450918581507053,-0.168526321303034,-0.10403872046352633,1,0.06448760083950766
-0.0205227332227597,0.01640083959798016,-0.16081917883480082,-0.0965278876107186,1,0.06429129122408223
-0.017085281759367868,0.021402268396345205,-0.16718452781620446,-0.08328763570253128,1,0.08389689211367318
-0.006659726868392987,0.017382043057694533,-0.1488793312614743,-0.08074172247531171,1,0.06813760878616258
-0.05316901199404776,0.016997103307771978,-0.19463413447728084,-0.1280054895108147,0,0.06662864496646614
0.007084931256766028,0.02112965137314433,-0.14247998543459686,-0.05965175205187109,1,0.08282823338272577
-0.031123073302485774,0.01752052436378932,-0.17361410105551284,-0.10493364554945872,1,0.06868045550605412
0.009765519509993395,0.035408620690751486,-0.16778617704387952,-0.0289843839361337,1,0.13880179310774582
-0.01130290567756878,0.018777236034828945,-0.1562570883058335,-0.08265032304930406,1,0.07360676525652946
-0.026501487470647248,0.016081003735964893,-0.16617105479313843,-0.10313352014815606,1,0.06303753464498237
-0.04132833273619009,0.020998867918951336,-0.19063691385733472,-0.10832135161504547,0,0.08231556224228925
-0.01689527646873433,0.017153873998456852,-0.15866766950570976,-0.09142448343175891,1,0.06724318607395086
-0.02375042858813904,0.01777877203986793,-0.1667476217862802,-0.0970548353899979,1,0.06969278639628229
-0.013340084516390044,0.01797072701548072,-0.15671350946673226,-0.08626825956604783,1,0.07044524990068443
-0.0011588958308137304,0.018075095016572534,-0.1447368820632959,-0.07388250959833156,1,0.07085437246496434
-0.023730863015878442,0.02320480337132756,-0.17736307762368048,-0.08640024840807643,1,0.09096282921560404
-0.011821255470618935,0.017666647903567267,-0.15459868536161078,-0.0853454255796271,1,0.06925325978198368
-0.02809496350115577,0.017733611787428452,-0.17100364260451553,-0.10148788439779602,1,0.06951575820671951
-0.011243103009689434,0.01830364268596651,-0.1552690426741838,-0.08351876334519508,1,0.07175027932898871
-0.03199547378000177,0.018688615768548782,-0.17677596068635737,-0.10351658687364616,1,0.0732593738127112
-0.014508361161999425,0.016381451444215045,-0.1547668059926609,-0.09055151633133794,1,0.06421528966132296
0.006817055124853144,0.018156085124827654,-0.13691967171980907,-0.06574781803048466,1,0.07117185368932441
-0.00014075461073724538,0.024579328294516044,-0.1564670380679887,-0.06011607115348581,1,0.0963509669145029
-0.07219302712933225,0.016285163441015358,-0.21226274747372237,-0.14842490678494213,0,0.06383784068878023
-0.026918553882171584,0.01853306882833746,-0.171394168785713,-0.09874453897863017,1,0.07264962980708284
-0.036452148045846386,0.01766104937526024,-0.17921860482135646,-0.10998729127033632,0,0.06923131355102013
-0.019728341452144763,0.017490173755667474,-0.16215988201325301,-0.09359840089103652,1,0.0685614811222165
-0.0063446257780970655,0.01698946164700515,-0.14779477060622717,-0.08119608094996697,1,0.0665986896562602
-0.0006993872423269043,0.01766819703020884,-0.14347985342153624,-0.07422052106311758,1,0.06925933235841866
0.0008102369223220163,0.0191099636049384,-0.14479609174335725,-0.06988503441199873,1,0.07491105733135853
-0.0027233588688105326,0.018278447121418608,-0.14669991522679102,-0.07504840251083006,1,0.07165151271596096
-0.03315261127291304,0.01748338341333656,-0.1755708427630527,-0.10703597978277338,1,0.06853486298027933
-0.003583185675575723,0.025367895804011803,-0.16145506145143887,-0.062012909899712594,1,0.09944215155172628
-0.021376797073527423,0.017421190768087805,-0.1636731309789795,-0.09538206316807533,1,0.06829106781090417
-0.019298338740193335,0.01929356268075532,-0.16526452159447377,-0.08963375588591291,1,0.07563076570856087
-0.0391974752605687,0.01666657606930269,-0.18001476435640199,-0.11468178616473543,0,0.06533297819166656
-0.041494311567143685,0.019429198136967956,-0.1877263399156009,-0.11156388321868649,0,0.0761624566969144
-0.0057640251899760825,0.018860703289478704,-0.15088180363735434,-0.07694784674259783,1,0.07393395689475651
-0.0166642671563961,0.017665532660684304,-0.15943951117133734,-0.09019062314145487,1,0.06924888802988247
0.0021765650141427756,0.017262591015716068,-0.13980891337666074,-0.07213955659505374,1,0.067669356781607
-0.020665280423380686,0.01745628036016451,-0.16303038992930313,-0.09460177091745825,1,0.06842861901184488
-0.0012605137657414611,0.01816510327533391,-0.14501491618539591,-0.073807711346087,1,0.07120720483930891
-0.003697343812545495,0.019126442278043852,-0.14933597067751145,-0.07436031694757955,1,0.0749756537299319
-0.001099682800715901,0.01774330721507599,-0.14402736494226484,-0.07447360065916697,1,0.06955376428309787
-0.054965846985590636,0.01688178375954181,-0.1962049431542926,-0.13002835081688868,0,0.06617659233740392
-0.025849070847157832,0.01663905896552413,-0.16661242641958512,-0.10138731527473055,1,0.06522511114485458
-0.010247256834059706,0.023876937512115184,-0.16519685435780546,-0.07159925931031395,1,0.0935975950474915
-0.012969757405330143,0.018721348395966262,-0.15781440026142401,-0.08442671454923628,1,0.07338768571218773
-0.02171550713620006,0.016150796197789953,-0.16152186768386836,-0.09821074658853177,1,0.0633111210953366
-0.0018732746618665003,0.02219648217903751,-0.15352917973278002,-0.06651896959095299,1,0.08701021014182703
0.015424711728482754,0.020754816814011603,-0.13340552922697999,-0.05204664731605451,1,0.08135888191092547
-0.02317623653498148,0.01674119607973041,-0.16413978085125308,-0.09851429221870989,1,0.0656254886325432
-0.041311017334805786,0.02546166928598108,-0.1993666891353287,-0.09955694553428288,1,0.09980974360104583
-0.029819797407121165,0.027557734417437668,-0.191983756865299,-0.08395743794894334,1,0.10802631891635567
-0.04164410077849885,0.01807337294832865,-0.18521871175722301,-0.1143710897997747,0,0.07084762195744831
-0.010840466795808162,0.02566806490605186,-0.16930067401166982,-0.06868185957994652,1,0.1006188144317233
-0.0015647561673994975,0.03019364994037688,-0.1688951100505382,-0.05053600228426082,1,0.11835910776627738
-0.022146899423336433,0.017652715277092394,-0.16489702136643752,-0.09569837748023535,1,0.06919864388620217
-0.03712689855800626,0.02788654195458371,-0.19993532078899034,-0.09062007632702218,1,0.10931524446196816
-0.00996255193967982,0.020834832775386676,-0.1589496241794377,-0.07727707969992194,1,0.08167254447951576
-0.008475473548012591,0.01796417368594754,-0.15183605397246977,-0.08141649312355542,1,0.07041956084891435
-0.007492489706240751,0.018285758795773613,-0.15148337694595704,-0.07980320246652448,1,0.07168017447943256
-0.016221866561343515,0.017062568428824237,-0.15781530068183902,-0.09093003244084802,1,0.066885268240991
-0.025926779726056018,0.01668878620798468,-0.166787600693706,-0.10136755875840606,1,0.06542004193529993
-0.03907378796201878,0.016376516938148043,-0.17932256116078896,-0.11512661476324862,0,0.06419594639754034
-0.01087873739150784,0.02236691521027281,-0.16286869120364256,-0.07519038357937313,1,0.08767830762426942
-0.027573568169894133,0.017545861694675036,-0.17011425709145722,-0.10133447924833107,1,0.06877977784312615
-0.019092285389224348,0.027625660085163706,-0.18138937915614523,-0.07309679162230348,1,0.10829258753384174
-0.03684193464180151,0.016775924695726155,-0.17787354704542477,-0.11211192223817826,0,0.06576162480724651
-0.023788583277981876,0.01702344757703558,-0.1653053405289716,-0.09857342602699215,1,0.06673191450197946
-0.005269590082431136,0.017092634436086187,-0.14692195357716006,-0.07991882658770222,1,0.06700312698945785
-0.027772402001395177,0.01826464655682379,-0.1717219092527698,-0.10012449475002055,1,0.07159741450274926
-0.03732451458621684,0.017306984158769134,-0.17939700353740434,-0.11155362563502935,0,0.06784337790237499
-0.03226698950277736,0.027019389316972023,-0.19337579256404253,-0.0874597864415122,1,0.10591600612253033
-0.02935049888503781,0.02604639445332756,-0.18855223201355983,-0.0864503657565158,1,0.10210186625704404
-0.021410826234515137,0.01689559361746983,-0.162676989724756,-0.09644626274427429,1,0.06623072698048171
-0.018759065616162904,0.01976949464051444,-0.1656580751115712,-0.0881616561207546,1,0.0774964189908166
-0.011196379651851163,0.018429752447143285,-0.155469494448252,-0.08322486485545033,1,0.07224462959280167
-0.018220462687501368,0.016773086949985888,-0.15924651310947371,-0.09349601226552903,1,0.06575050084394468
-0.03136153308325999,0.016413150709223785,-0.17168210847333862,-0.10734255769318138,1,0.06433955078015724
-0.021822233710169933,0.018319010380945272,-0.16587829405682267,-0.09406777336351721,1,0.07181052069330546
-0.026044665520596436,0.01895709787794144,-0.17135137736136166,-0.09703955367983122,1,0.07431182368153044
-0.0417998087477162,0.018776326712249727,-0.18675220910372567,-0.11314900839170675,0,0.07360320071201892
-0.050960936946055316,0.016395651608306683,-0.19124721409833642,-0.12697625979377422,0,0.0642709543045622
0.012936000797487204,0.017691791387520757,-0.1298907103220535,-0.06053888808297212,1,0.06935182223908137
0.0048233700080640984,0.01713977910670246,-0.13692139704107273,-0.06973346294279908,1,0.06718793409827364
0.010416249099690508,0.019927995799851873,-0.13679342266801917,-0.05867567913259983,1,0.07811774353541934
-0.017688643214450697,0.01697486156535982,-0.15911017188255594,-0.09256871454634547,1,0.06654145733621047
-0.003877952618923583,0.01748351273899389,-0.1462964375873516,-0.07776106765049556,1,0.06853536993685605
-0.053679438501729806,0.015849151414584053,-0.19289457527431456,-0.13076590172914507,0,0.06212867354516949
-0.020346018965012605,0.017109809832164813,-0.16203204623605566,-0.09496159169396957,1,0.06707045454208609
-0.032935226706693785,0.017501045464790685,-0.17538807581768354,-0.10678397759570404,1,0.06860409822197949
-0.014355033123351901,0.016920963360931837,-0.1556709213107783,-0.0893407449359255,1,0.0663301763748528
-0.03178165292640332,0.017704775384635447,-0.1746338126802888,-0.10523109317251786,1,0.06940271950777094
0.014363646607955596,0.018916630293076744,-0.13086374876647483,-0.056710558017613995,1,0.07415319074886084
-0.021579582061887023,0.01856184549582288,-0.16611159923369986,-0.0933491648900742,1,0.07276243434362567
-0.013826801864757765,0.018071934718187396,-0.15739859391240507,-0.08655660981711047,1,0.0708419840952946
-0.03845844052887691,0.019706188335711843,-0.18523336966687212,-0.10798511139088171,1,0.07724825827599041
-0.00886346011139559,0.018719475847288718,-0.15370443277208148,-0.08032408745070971,1,0.07338034532137178
-0.05124154876235472,0.028886278853937547,-0.21600945531607232,-0.10277524220863712,1,0.1132342131074352
-0.049871472230955796,0.016867492265329926,-0.19108255707100247,-0.12496198739090915,0,0.06612056968009332
-0.03388978598423824,0.01666688241512661,-0.1747076755178864,-0.10937349645059008,0,0.06533417906729633
-0.017033751944990003,0.019627665241438826,-0.1636547758182101,-0.0867143280717699,1,0.07694044774644021
-0.02888933109949414,0.02122743696618295,-0.17864590755321272,-0.09543435464577557,1,0.08321155290743715
-0.020191570166401454,0.018181355712403445,-0.16397782736271221,-0.0927069129700907,1,0.07127091439262151
-0.020470405158588487,0.01795557959591926,-0.16381414116659024,-0.09342826915058675,1,0.07038587201600349
-0.022830110714716564,0.01736256027652175,-0.1650115288566992,-0.09695029257273394,1,0.06806123628396527
-0.015151704943560232,0.016374365722455955,-0.1553962617595739,-0.09120874812754656,1,0.06418751363202735
-0.011378131412537087,0.018804654412503258,-0.15638605406104347,-0.08267180876403071,1,0.07371424529701276
-0.026900717447338476,0.017282090110597878,-0.16892441406411032,-0.10117862083056664,1,0.06774579323354368
-0.02041575471386116,0.01943065508310592,-0.16665063867674876,-0.09048247075097357,1,0.07616816792577519
0.00549185790095498,0.018395472947577107,-0.13871406907629616,-0.06660381512179389,1,0.07211025395450227
-0.01567053630212789,0.016447487995378814,-0.15605841277307037,-0.09158425983118543,1,0.06447415294188494
-0.03975774451759213,0.017321016649222223,-0.1818577371500677,-0.11395935188511658,0,0.06789838526495112
-0.006105792690841327,0.018578569250810233,-0.1506705884224294,-0.07784259695925327,1,0.07282799146317612
-0.023262818887598194,0.016536401711354336,-0.1638249662418527,-0.0990022715333437,1,0.06482269470850899
-0.011853631339930337,0.01754616142497303,-0.15439490773287748,-0.0856139549469832,1,0.06878095278589427
-0.02615765041058736,0.018404157186966343,-0.1703805984970414,-0.09823630232413333,1,0.07214429617290807
-0.015620911614936048,0.017321615327795897,-0.15772207765741603,-0.0898213455724561,1,0.06790073208495993
0.019544341324146258,0.020494213866761174,-0.12877511785470563,-0.048437799497001846,1,0.08033731835770379
-0.038201678060835007,0.01757726540853833,-0.18080391826157013,-0.11190103786009989,0,0.06890288040147025
-0.023333381468216854,0.016454642875024787,-0.16373528150326544,-0.09923308143316828,1,0.06450220007009716
-0.01670829812047747,0.018532021400503005,-0.16118186006546337,-0.08853633617549159,1,0.07264552388997178
-0.014939885332676414,0.016815200629074024,-0.1560484785656615,-0.09013289209969133,1,0.06591558646597018
-0.03153183374827066,0.01745508904961308,-0.17389460828551231,-0.10547065921102902,1,0.06842394907448329
0.008952334632416209,0.019498206575234392,-0.1374149502550432,-0.06098198048012439,1,0.0764329697749188
-0.038085043082300055,0.01880173997896435,-0.18308725344107019,-0.10938443272352993,0,0.07370282071754025
-0.010920579838673991,0.020260355767184646,-0.15878167714235591,-0.07936108253499209,1,0.07942059460736382
0.008191712118005137,0.0171560450893383,-0.13358493625709794,-0.0663332395068918,1,0.06725169675020615
0.013627171453767156,0.017537480079958083,-0.1288970895029507,-0.060150167589515004,1,0.0687469219134357
-0.024029801198002618,0.020109699516574226,-0.1715956122504881,-0.09276559014551714,1,0.07883002210497098
-0.012056575487438256,0.01964191139219014,-0.15870552181613093,-0.0817092291587456,1,0.07699629265738533
-0.023045976655136427,0.01788024260344488,-0.1662420521578884,-0.09615150115238447,1,0.07009055100550393
-0.04157141830170623,0.017841028540816397,-0.18469063424170637,-0.1147538023617061,0,0.06993683188000027
0.008818239463302138,0.020695252178510603,-0.13989525480657866,-0.058769866266817086,1,0.08112538853976158
-0.008273919739107252,0.01747671481354789,-0.15067908077366113,-0.08217035870455339,1,0.06850872206910774
-0.005864573817953786,0.017429644627503786,-0.1481774772878612,-0.07985327034804637,1,0.06832420693981484
0.007882475468837191,0.019279929520325124,-0.13805698639100006,-0.06247966267132557,1,0.07557732371967449
-0.02259738685771344,0.018012723192289987,-0.1660531243146018,-0.09544324940082508,1,0.07060987491377674
-0.011604336131668253,0.01742244855474452,-0.1539031352989675,-0.085607136964369,1,0.06829599833459851
-0.03546203006821126,0.01800438197117495,-0.17890141873171417,-0.10832424140470837,0,0.0705771773270058
-0.0625211822002137,0.015447214873970562,-0.20094852335319602,-0.1403954410472314,0,0.06055308230596462
-0.02251550874527143,0.017886317665317272,-0.1657234913692933,-0.09560912612124958,1,0.07011436524804371
-0.05528721934238999,0.019732081826181525,-0.2021128997217058,-0.1247631389630742,0,0.07734976075863159
-0.02309123484439278,0.017352059105266705,-0.1652520706907155,-0.09723199899807004,1,0.06802007169264547
-0.03574477192342353,0.02561869518308257,-0.19410821448226537,-0.0936829293645817,1,0.10042528511768367
-0.02132551503966422,0.01759112574575864,-0.16395492150135116,-0.09499770857797729,1,0.06895721292337387
-0.024980163668358965,0.020544970552489324,-0.17339910595123803,-0.0928628213854799,1,0.08053628456575813
-0.010730988998984003,0.017412151552069082,-0.15300960604103941,-0.0847539719569286,1,0.06825563408411081
-0.014596856565506813,0.018357479952063462,-0.1587283172715512,-0.08676699585946243,1,0.07196132141208877
-0.043843522374958574,0.017737972034160474,-0.1867607475619131,-0.11722789718800405,0,0.06953285037390905
-0.04469569881548867,0.017056116337931106,-0.18627648683783365,-0.11941651079314371,0,0.06685997604468995
-0.02474071947594951,0.01758924693733432,-0.1673664434731248,-0.09841659547877424,1,0.06894984799435055
-0.031136677452738695,0.01652389284467051,-0.1716743074282929,-0.1069006474771845,1,0.0647736599511084
-0.04550146878841725,0.01784352507062355,-0.18862557792683943,-0.1186789596499951,0,0.06994661827684433
0.007476198800640987,0.02482770070027955,-0.14933689457190694,-0.0520123078268111,1,0.09732458674509584
-0.0007517804848761189,0.016949111301725342,-0.1421228386362578,-0.07568232233349445,1,0.06644051630276335
-0.03172764276308142,0.0181887591802015,-0.17552841075627634,-0.10422847476988649,1,0.07129993598638985
-0.022859451142400275,0.018345348958011078,-0.166967135100102,-0.09505336718469856,1,0.07191376791540344
-0.046868311612597344,0.01687058663812188,-0.18808546142331622,-0.12195276180187846,0,0.06613269962143777
-0.01760655202002999,0.0292203773834939,-0.18302929169167803,-0.06848541234838196,1,0.11454387934329607
0.0032554184916272627,0.03052320935619644,-0.16472087184651776,-0.04506989117022772,1,0.11965098067629004
-0.027185709284925183,0.018272943941923612,-0.17115147941109546,-0.09952153915875492,1,0.07162994025234054
-0.004076966404592264,0.01853989702675134,-0.1485659645770249,-0.07588956823215964,1,0.07267639634486525
-0.0046789906734686915,0.01820104238655451,-0.14850383375111553,-0.07715574759582186,1,0.07134808615529367
-0.025013741123479163,0.01736906467636077,-0.16720790788914627,-0.09912117435781206,1,0.06808673353133421
-0.018666567588228725,0.017333070261972255,-0.16079018530169437,-0.09284454987476311,1,0.06794563542693126
0.008422407973010346,0.02198369214677088,-0.1428164286346606,-0.056640355419318736,1,0.08617607321534186
-0.008430203580771678,0.025698190946115765,-0.16694945783515858,-0.06621254932638479,1,0.10073690850877379
-0.03893282341145858,0.01805110618250375,-0.18246379152916592,-0.11170345529375124,0,0.07076033623541468
-0.013295349586497154,0.017176501057156502,-0.1551120916585239,-0.08778020751447041,1,0.0673318841440535
-0.011856495892147823,0.024967473888456646,-0.16894354471352285,-0.0710710470707728,1,0.09787249764275005
-0.04153999157329831,0.01745328441842105,-0.18389922903340358,-0.11548235411319305,0,0.06841687492021054
-0.016546226267703065,0.021806413777064455,-0.16743759727074942,-0.08195645526465674,1,0.08548114200609268
0.011688164418294261,0.01816043280685342,-0.13205708388313844,-0.06086818728027304,1,0.0711888966028654
-0.030265313117774542,0.017368063840902195,-0.17245751824594285,-0.10437470798960624,1,0.06808281025633661
0.001514612356523351,0.02065081723645891,-0.14711178942693612,-0.06616058586001719,1,0.08095120356691893
-0.007051060432833267,0.01869332751469681,-0.151840782361639,-0.07856293850402753,1,0.07327784385761148
-0.020007460568266563,0.019148574450116657,-0.1656894664904952,-0.09062705464603793,1,0.07506241184445728
-0.030265895757147956,0.01676940932641705,-0.17128473803692537,-0.10554865347737055,1,0.06573608455955482
-0.037134305671962034,0.021519725961624554,-0.18746376855674618,-0.10310644278717791,1,0.08435732576956827
0.0035213545028259102,0.017887579709587677,-0.13968910172796595,-0.06956978926638224,1,0.0701193124615837
-0.006610870169046976,0.01812419743027228,-0.15028509713238064,-0.07923824320571331,1,0.07104685392666733
-0.03928859004207584,0.017172886817370038,-0.18109824820412113,-0.11378053188003057,0,0.06731771632409056
-0.04080427584654621,0.01650180910220633,-0.1812986216868706,-0.11661153000622182,0,0.06468709168064879
-0.039990791637514386,0.017105048296131256,-0.18166748629793167,-0.11461569697709713,0,0.06705178932083454
-0.014815497539200764,0.01723072396898351,-0.15673851651840845,-0.08919407855999309,1,0.06754443795841536
-0.02352347201271128,0.024664727041078128,-0.18001713701322442,-0.08333140701219816,1,0.09668573000102626
0.01767084209880833,0.020492003390246094,-0.13064428454607402,-0.050315631256309334,1,0.08032865328976468
0.018932486808131005,0.023437599784534628,-0.13515600876955686,-0.04328061761418113,1,0.09187539115537573
-0.020595833160095514,0.01729704790451725,-0.16264884705294932,-0.09484441926724171,1,0.06780442778570761
-0.012516496923386022,0.018303258727399546,-0.15654168402908913,-0.08479290981768292,1,0.07174877421140621
-0.042474336634785295,0.019182621694524848,-0.188223075156054,-0.11302719811351661,0,0.07519587704253738
-0.03855859910026595,0.018258377032432663,-0.18249581808383397,-0.11092298011669793,0,0.07157283796713604
-0.034338074522729536,0.017265289063278726,-0.17632884108675584,-0.10864890795870324,0,0.0676799331280526
0.014425496888153214,0.019851639793199757,-0.1326345171065183,-0.05481608911717527,1,0.07781842798934303
-0.03614892712589317,0.0174310525256614,-0.1784645900761895,-0.11013486417559684,0,0.06832972590059266
-0.013545710964095778,0.01770268659326051,-0.15639377668688637,-0.08699924524130519,1,0.06939453144558118
-0.02567922495953691,0.01908742473015771,-0.17124137743064602,-0.09641867248842781,1,0.07482270494221821
0.003839044288479393,0.03514412381185775,-0.1731942383827618,-0.03542927304027943,1,0.13776496534248237
-0.030154386191013835,0.017736292077960764,-0.17306831866381694,-0.10354205371821074,1,0.06952626494560621
-0.017909630010372393,0.019024921521570117,-0.16334927619264983,-0.08877158382809497,1,0.07457769236455486
-0.022744150925296844,0.016871558418467075,-0.1639632054254923,-0.09782669642510139,1,0.06613650900039092
-0.009337058231961196,0.017027170557607905,-0.1508611125248727,-0.08411460393904971,1,0.06674650858582298
-0.02547536215024533,0.0211244716375503,-0.17503012655984393,-0.09222219774064674,1,0.08280792881919719
-0.02556403161943789,0.019250667199364538,-0.1714461393301924,-0.0959835239086834,1,0.075462615421509
-0.01634928165673591,0.01931697689088022,-0.16236135636286114,-0.08663880695061069,1,0.07572254941225046
-0.0009873001362593475,0.020737409133163784,-0.14978342203726036,-0.06849277823525834,1,0.08129064380200202
-0.028350607089804983,0.018068030682399882,-0.17191474722730876,-0.10108806695230121,1,0.07082668027500755
-0.007121422270288752,0.017614851390487327,-0.1497973309956439,-0.0807471135449336,1,0.06905021745071031
-0.013399654564987235,0.029048558650455247,-0.1784856295198795,-0.06461527961009496,1,0.11387034990978455
0.019943771309919048,0.018342584048989807,-0.12415849342610098,-0.05225556395406093,1,0.07190292947204005
-0.012972211758801366,0.018734770876991373,-0.15784316267770446,-0.08440286083989829,1,0.07344030183780617
-0.00678411194415636,0.018193527479194175,-0.15059422580337695,-0.07927559808493578,1,0.07131862771844116
-0.023120366812519597,0.023719350013403095,-0.17776109283878966,-0.08478124078624955,1,0.09297985205254011
-0.014275422297122226,0.01718213115508494,-0.1561031993610887,-0.08874924523315575,1,0.06735395412793296
-0.007819206452303967,0.018296783290435863,-0.15183170170155827,-0.08010831120304968,1,0.0717233904985086
0.0017891792646135274,0.019064712777489973,-0.14372845777926682,-0.06899478369150613,1,0.07473367408776069
-0.03241083206123048,0.016989680414456663,-0.17386140567356556,-0.10726185844889542,1,0.06659954722467014
-0.012408513152043305,0.02173418836509896,-0.16315832234763727,-0.07796030395644934,1,0.08519801839118793
-0.0038072425695319934,0.017663155310991614,-0.14657782697907557,-0.07733825815998843,1,0.06923956881908713
-0.009952922995287355,0.017959270847656708,-0.15330389385669452,-0.0829035521338802,1,0.07040034172281431
0.0026251353652675113,0.017935507660801594,-0.14067925964990363,-0.07037206961956137,1,0.07030719003034226
-0.010887065236313165,0.01902377652010827,-0.15632446721572538,-0.08175126325690096,1,0.07457320395882441
-0.024396871048290927,0.016491144489017867,-0.16487031424676596,-0.1002250278498159,1,0.06464528639695005
-0.027516569496686613,0.019976776026096953,-0.17482185050783663,-0.0965128884855366,1,0.07830896202230003
-0.048943007009838294,0.017311200878571038,-0.19102376073183752,-0.12316385328783908,0,0.06785990744399845
-0.010722497370714054,0.02517833703284039,-0.16822283795508122,-0.0695237567863469,1,0.09869908116873433
-0.04927161564604497,0.01676644598317012,-0.19028464977305842,-0.12456018151903155,0,0.06572446825402688
-0.019283890871549955,0.025741907825674135,-0.17788883020987126,-0.07698055153322866,1,0.1009082786766426
-0.010146714368221801,0.01920960796376563,-0.15594834597720245,-0.08064668275924117,1,0.07530166321796128
0.0050944621767856635,0.019835706491960422,-0.14193432254745678,-0.06417835309897191,1,0.07775596944848487
-0.017977223895572783,0.01670268854175573,-0.158865293437414,-0.09339075435373156,1,0.06547453908368245
-0.036097139397170505,0.016603142712072128,-0.1767900991128319,-0.11170577968150913,0,0.06508431943132276
-0.013145381938600806,0.01798039877052075,-0.15653776352882148,-0.08605460034838014,1,0.07048316318044134
-0.018607922981541833,0.01795517637813092,-0.16195086868267844,-0.09156657728040524,1,0.0703842914022732
-0.06270737062809857,0.025265448829814057,-0.22037845033453413,-0.12133789092166303,0,0.0990405594128711
0.004449782004954203,0.01885871383061998,-0.14066409710306096,-0.06673793888703064,1,0.07392615821603032
-0.030576708865419452,0.018768864133697424,-0.1755144825674664,-0.10194053516337251,1,0.0735739474040939
-0.013635331991474708,0.033237081884854296,-0.18693081248578913,-0.056641451497160294,1,0.13028936098862884
-0.007853276774469425,0.01928852677687144,-0.15380958925713745,-0.07819856429180141,1,0.07561102496533603
-0.0133151986290444,0.020786117245336015,-0.162206788429903,-0.08072520882818582,1,0.08148157960171717
-0.013592556218019497,0.016943525535289175,-0.1549526662671863,-0.08853404616885271,1,0.06641862009833358
-0.019310245624583985,0.017098188335275506,-0.16097349476172398,-0.093948596487444,1,0.06702489827427999
-0.01988580476771236,0.0178060539509782,-0.16293647051162963,-0.09313673902379509,1,0.06979973148783454
-0.021967769575462634,0.01820170168813696,-0.16579390488421109,-0.0944432342667142,1,0.07135067061749689
-0.03055953911249605,0.02055357347412469,-0.17899534312178045,-0.09842533510321166,1,0.08057000801856878
-0.026819201050536104,0.01679493797681781,-0.167888079485099,-0.1020519226159732,1,0.0658361568691258
-0.010710452297490652,0.022476935326812292,-0.16291604553804276,-0.07480645905693856,1,0.0881095864811042
-0.02960922337290821,0.01578490478449582,-0.16869843675052001,-0.10682160999529641,1,0.0618768267552236
-0.010593870387587703,0.016919623098677342,-0.1519071316609953,-0.08558220911418012,1,0.06632492254681517
-0.026741729848215337,0.02067568727410326,-0.17541687690545774,-0.09436818279097295,1,0.08104869411448479
-0.03200019688613258,0.017410884651763006,-0.17427633080358806,-0.10602566296867709,1,0.06825066783491097
0.008313842634502633,0.018664033226971195,-0.1364184624903609,-0.06325545224063384,1,0.07316301024972707
-0.03558875577543104,0.01719561321938338,-0.17744295768542248,-0.1100361538654396,0,0.06740680381998287
0.012755136915728299,0.01846603666151677,-0.1315890949408446,-0.05920223122769884,1,0.07238686371314575
0.009016414844240053,0.018407465667970996,-0.1352130178649831,-0.0630557524465368,1,0.0721572654184463
-0.011047425225629237,0.018511911440837872,-0.15548157164967147,-0.08291487880158702,1,0.07256669284808445
-0.02035299595919375,0.01648310683710199,-0.16081068535991366,-0.09619690655847385,1,0.06461377880143981
-0.014227214563354393,0.01760502392440646,-0.15688386145519106,-0.08787216767151773,1,0.06901169378367333
-0.021760030229862934,0.017094308966911657,-0.1634156758050098,-0.09640598465471609,1,0.0670096911502937
-0.008594422921131578,0.01829582663572808,-0.1526050431271586,-0.08088540271510455,1,0.07171964041205406
-0.02232947197620809,0.01802800169665217,-0.16581515530164634,-0.09514538865076985,1,0.07066976665087649
-0.018766397614215072,0.01825271332371674,-0.1626925157286999,-0.09114187949973027,1,0.07155063622896962
-0.023910258184315095,0.018066231902390897,-0.16747087271300126,-0.09665124365562894,1,0.07081962905737232
-0.01786103533137741,0.018254158009040334,-0.16178998502909647,-0.09023368563365836,1,0.07155629939543812
-0.01127892223731461,0.016834135039297156,-0.15242462691433703,-0.0864348175602922,1,0.06598980935404483
-0.03301441178181115,0.022840552147968807,-0.18593269399183002,-0.0963977295717923,1,0.08953496442003772
-0.0007029302599834975,0.018117768466079955,-0.14436455645350021,-0.07334290406646679,1,0.07102165238703342
0.008334597503956445,0.017874437709241697,-0.13485010040615728,-0.06478230458592985,1,0.07006779582022743
-0.02769025406933591,0.01852142429357699,-0.1721430456847468,-0.09953906245392502,1,0.07260398323082179
0.0012655598574407706,0.019548864714098512,-0.14520101498219232,-0.06856946530292615,1,0.07663154967926616
0.0007018580808897112,0.017683036520943725,-0.14210769350016,-0.07279019033806058,1,0.06931750316209942
0.014927866947294435,0.01715487979961002,-0.1268464974599412,-0.059599368645469934,1,0.06724712881447126
-0.010838365188008,0.01853439573591221,-0.15531658083039593,-0.08266174954562008,1,0.07265483128477584
-0.027483768812871803,0.01847352131030687,-0.17184267058107328,-0.09942646704467034,1,0.07241620353640293
-0.010393304082976493,0.017075413867749595,-0.1520119152637657,-0.0850762929021873,1,0.0669356223615784
-0.056143137512484606,0.01925518306762853,-0.20203409632503652,-0.1265537786999327,0,0.07548031762510382
-0.025665550551876123,0.03607583371803847,-0.20452498463923152,-0.06310771646452072,1,0.1414172681747108
0.007701506536575017,0.021282258943620687,-0.14216252099292154,-0.058736065933928445,1,0.0834264550589931
-0.019350955198853145,0.017740640401780104,-0.16227341038634216,-0.09273010001136414,1,0.06954331037497802
-0.0306168403923308,0.017141024775041373,-0.17236404895141189,-0.10517123183324972,1,0.06719281711816216
-0.04733473005518189,0.017544946347197207,-0.18987362489568843,-0.12109743521467536,0,0.06877618968101307
-0.04052940859665645,0.019264270193949464,-0.18643817817679742,-0.1109222390165155,0,0.07551593916028192
-0.026716365004774742,0.02520293530394043,-0.184264918200498,-0.0854694118090515,1,0.0987955063914465
-0.05525862238080241,0.016813722507818173,-0.19636431849612604,-0.1304545262654788,0,0.06590979223064725
-0.004283554549959406,0.03066904684544377,-0.1725456863670292,-0.05232302273288963,1,0.12022266363413955
-0.030817419056673276,0.017652112059796696,-0.17356635869387482,-0.10437007941947175,1,0.06919627927440307
0.02483279248769403,0.017614861303236657,-0.11784313566664982,-0.04879287935796213,1,0.06905025630868769
-0.0021022236086850332,0.01881821587549106,-0.1471367267246475,-0.07336932049272256,1,0.07376740623192495
-0.022093026881580144,0.024869046686010154,-0.17898715838616006,-0.08150049537700024,1,0.09748666300915981
-0.026818161815435296,0.018076282251398047,-0.17039847502817548,-0.09953944860269512,1,0.07085902642548036
0.020142968732913685,0.02013916192959828,-0.12748058864909895,-0.04853507388507369,1,0.07894551476402525
-0.03127648732034159,0.016820491943775977,-0.17239545153014252,-0.10645912311054068,1,0.06593632841960184
-0.010510584570766729,0.018286662970352117,-0.15450324399265689,-0.08281952514887658,1,0.0716837188437803
-0.043252600502484626,0.016632367333028707,-0.1840028404752209,-0.11880396052974837,0,0.06519887994547252
0.00306289642419684,0.02003824627676468,-0.14436286627826195,-0.0658129408733444,1,0.07854992540491755
-0.02481422708566848,0.0171084738945485,-0.16649763591898353,-0.09943241825235342,1,0.06706521766663011
-0.05651188030408762,0.01829510418504272,-0.20052108450677136,-0.12880427610140388,0,0.07171680840536748
-0.023519449187017497,0.01838862895348503,-0.16771196193584817,-0.09562853643818683,1,0.07208342549766134
-0.01127363575782156,0.018264237174277585,-0.15522234061940562,-0.0836265308962375,1,0.07159580972316812
-0.05098401271098414,0.01864865239245885,-0.1956861714002035,-0.1225834540217648,0,0.0731027173784387
0.010226289595052854,0.01751056690429272,-0.13224522153736087,-0.06360379927253343,1,0.06864142226482745
0.0075904264494616736,0.02501912421310948,-0.14959785700823292,-0.05152289009284375,1,0.09807496691538917
-0.015984443056439812,0.020911439635125092,-0.165121664741285,-0.08314882137159463,1,0.08197284336969038
-0.0052311602197295665,0.01976502294236865,-0.1521214051867721,-0.07464251525268703,1,0.07747888993408508
0.007645161046190355,0.020722903093084152,-0.1411225290162546,-0.05988874889136471,1,0.0812337801248899
-0.03877004825132764,0.01713549350683589,-0.180506415524726,-0.1133352809779293,0,0.06717113454679668
-0.024858461570857818,0.01818729942832359,-0.16865636845037207,-0.09736215469134359,1,0.07129421375902849
-0.0018349691017014447,0.01941776812118297,-0.14804459461922007,-0.07192694358418283,1,0.07611765103503723
-0.009084587548100334,0.03443961853185808,-0.18473703987054219,-0.04973373522565851,1,0.1350033046448837
-0.0174416415817691,0.016621201221310822,-0.15816999597553832,-0.09301488718799988,1,0.06515510878753844
0.007427737031077755,0.018781953735736406,-0.1375356922909656,-0.0639104336468789,1,0.0736252586440867
0.010632146947231788,0.018421219104549434,-0.13362424249768512,-0.06141306360785133,1,0.07221117888983379
-0.004942826376703194,0.01904978302913954,-0.1504312011138167,-0.0757560516395897,1,0.07467514947422699
-0.036320491935411744,0.017937792776060373,-0.17962936577649008,-0.10931321809433342,0,0.07031614768215666
-0.03411333132806767,0.024592448809820498,-0.19046533099531585,-0.0940629316608195,1,0.09640239933449635
0.003995759263143425,0.02309615376746936,-0.14942350212109654,-0.05888657935261663,1,0.09053692276847991
-0.023608272075967676,0.01624705104552439,-0.16360329212519548,-0.09991485202673989,1,0.06368844009845559
-0.041615604960590705,0.016684451567554263,-0.18246793003299705,-0.11706487988818436,0,0.0654030501448127
-0.036922865662775986,0.01599779586396011,-0.17642934555613782,-0.11371798576941418,0,0.06271135978672364
-0.014768842484125716,0.01722049403481808,-0.15667181079236914,-0.08916747417588229,1,0.06750433661648685
-0.038056746715930304,0.020813357286699013,-0.18700172699786038,-0.10541336643400025,1,0.08158836056386014
-0.014243696559739838,0.017912403689870956,-0.1575028077918869,-0.08728618532759277,1,0.07021662246429414
-0.03311488201551645,0.018732113051453638,-0.17798062359636557,-0.10455074043466733,1,0.07342988316169824
-0.04206773082540115,0.028056585230959087,-0.20520943787808096,-0.09522762377272134,1,0.10998181410535962
-0.0365603272553577,0.017627388490188328,-0.17926080869612682,-0.11016144581458859,0,0.06909936288153823
-0.02058220823397809,0.01862727286010512,-0.16524246303978413,-0.09222355342817207,1,0.07301890961161206
-0.03194493665266589,0.016624972952898328,-0.1726806836403466,-0.10751078966498517,1,0.06516989397536144
-0.0334782600862865,0.017510936366199388,-0.1759504953640373,-0.1073076248085357,1,0.06864287055550161
-0.014644800697698843,0.020081926728587506,-0.16215617708573035,-0.08343502430966734,1,0.07872115277606301
-0.04700463042806148,0.016956956432102852,-0.18839106503498307,-0.1219197958211399,0,0.06647126921384316
0.020566543555655625,0.01979155236248645,-0.12637569907481783,-0.04879281381387093,1,0.0775828852609469
-0.013940713074898664,0.01772493082926043,-0.15683237750024911,-0.08735064864954822,1,0.06948172885070089
-0.0023752641943148856,0.01736965793846934,-0.14457059375371478,-0.07648153463491499,1,0.0680890591187998
-0.03709395752516147,0.016096928005079295,-0.1767947364151169,-0.11369477863520605,0,0.06309995777991084
-0.030187952576455748,0.01774571091433887,-0.17312034596855994,-0.10355715918435157,1,0.06956318678420836
-0.014755371303194917,0.021388448205942136,-0.1648275297868415,-0.08098481281954834,1,0.08384271696729317
-0.0008170393158936223,0.017790107279048367,-0.14383644958282843,-0.07409922904895883,1,0.0697372205338696
-0.03156860414339542,0.019306604540355,-0.17756034904249124,-0.10187845924429963,1,0.07568188979819161
-0.00788678996074492,0.021290733830114143,-0.15776742826776863,-0.07430775165372121,1,0.08345967661404742
-0.011570035626997766,0.018251247227579533,-0.15549328019305364,-0.08394839106094189,1,0.07154488913211175
-0.013567509590483223,0.018941720906530367,-0.15884408256728275,-0.08459253661368371,1,0.07425154595359904
-0.004475382451675572,0.02215317016041768,-0.15604639596609424,-0.06920596893725692,1,0.08684042702883732
-0.004350912657099193,0.017876681634485324,-0.14754000866069045,-0.07746341665350796,1,0.07007659200718248
-0.021351971340251616,0.018461806062345213,-0.16568791122244825,-0.093317631458055,1,0.07237027976439325
-0.023581392757616323,0.01836384506353887,-0.1677253290821525,-0.09573905643308014,1,0.07198627264907237
-0.03070586292562498,0.02000582485864787,-0.1780680796485748,-0.09964524620267516,1,0.07842283344589963
-0.008889661249158548,0.018003423564310242,-0.15232717143520663,-0.08175375106311047,1,0.07057342037209616
-0.03652487731250027,0.017364084147292652,-0.17870928224119387,-0.11064207238380669,0,0.06806720985738718
-0.0007340770322802753,0.01859143986554251,-0.14532409916874361,-0.07244565489581696,1,0.07287844427292665
-0.03131071407394613,0.019220574742515848,-0.1771338405692772,-0.10178918757861508,1,0.07534465299066212
-0.004199507483066911,0.019339384311207446,-0.1502555007330335,-0.07444511423310032,1,0.07581038649993319
-0.015369801008788514,0.026711799321056138,-0.17587572767805854,-0.07116547433951849,1,0.10471025333854005
-0.03097491156079764,0.018101069725084608,-0.17460380822196347,-0.10364761489963181,1,0.07095619332233166
-0.0032346521873239664,0.018283049306055066,-0.1472202288271919,-0.07555067554745604,1,0.07166955327973587
-0.005471577510109946,0.023835961949091534,-0.16034086293032934,-0.06690389208989055,1,0.0934369708404388
-0.05237950495060849,0.02539923443868292,-0.21031280445042702,-0.11074780545078997,0,0.09956499899963706
0.008480870614164027,0.01844283568499344,-0.13581788732842312,-0.06352197144324884,1,0.07229591588517428
-0.011904299263153895,0.021497979789673813,-0.16219113965091458,-0.07791905887539323,1,0.08427208077552135
-0.0033343695876038304,0.01879886433513173,-0.14833094368446204,-0.07463939549074564,1,0.0736915481937164
-0.029973017349188877,0.01718058460478957,-0.17179776317457646,-0.10444987152380132,1,0.06734789165077514
-0.01962503144434126,0.01778918724122333,-0.162642638437139,-0.09290902445154353,1,0.06973361398559547
-0.010767724179504001,0.01683478008407225,-0.15191469314428563,-0.0859223552147224,1,0.06599233792956323
-0.01884884197982388,0.019005898230678053,-0.16425120251195285,-0.0897480814476949,1,0.07450312106425795
-0.01241966369423142,0.017667582765629845,-0.15519892591486592,-0.08594200147359693,1,0.06925692444126899
-0.006636438204123893,0.017023157530007896,-0.14815262696293938,-0.08142184944530842,1,0.06673077751763096
-0.01906970784003502,0.017426981593972022,-0.1613773917642202,-0.09306362391584985,1,0.06831376784837034
0.029373469131427965,0.022221072363685673,-0.12233063270139596,-0.035224029035748124,1,0.08710660366564785
-0.039872545353728264,0.017738015693525944,-0.1827898561130391,-0.11325683459441742,0,0.06953302151862169
-0.051397766007575604,0.01583937817257323,-0.19059374722581915,-0.12850338478933207,0,0.06209036243648708
-0.002581246534456308,0.018773372421848532,-0.14752785648127942,-0.0739362365876332,1,0.07359161989364622
-0.013386172544929256,0.01775226479222364,-0.1563314115376876,-0.08674253355217093,1,0.06958887798551666
0.006234968868403246,0.01793093051926098,-0.13706045494934826,-0.06677120731384524,1,0.07028924763550302
0.004725759406983596,0.019046566351391406,-0.14075631064174357,-0.06609377054428925,1,0.07466254009745432
-0.02558960849189408,0.01632151175408621,-0.16573057152990306,-0.10175024545388511,1,0.06398032607601795
0.016391414725075687,0.01819710070081864,-0.12742570264852884,-0.056093067901319786,1,0.07133263474720905
-0.02490657911224768,0.02001473510277137,-0.17228625991367957,-0.0938284983108158,1,0.07845776160286377
-0.05128309577366148,0.019853865583368706,-0.19834747231706415,-0.12052031923025883,0,0.07782715308680532
0.02197943067827708,0.018294856186365165,-0.12202928744699865,-0.0503134511964472,1,0.07171583625055145
-0.0334785974324492,0.017014146810977095,-0.17497712518196432,-0.1082816696829341,0,0.06669545549903022
-0.002037063582874865,0.017016434879279407,-0.1435400759462625,-0.07683565121948724,1,0.06670442472677526
-0.02464842337867708,0.01864794759198621,-0.16934920065897005,-0.09624924609838412,1,0.07309995456058593
0.02455575371312417,0.0184270699442253,-0.11971210337755742,-0.04747798919619425,1,0.07223411418136316
0.0006138596653016831,0.019074199649353366,-0.14492237164743094,-0.07015150902196572,1,0.07477086262546521
0.003394365051082107,0.020364106616536894,-0.14467008391733022,-0.06484278598050558,1,0.07982729793682464
-0.02501723395851639,0.01793947037933264,-0.16832939590200838,-0.09800667201502442,1,0.07032272388698396
-0.042426504155632386,0.016878430300688026,-0.18365902754498092,-0.11749558076628386,0,0.06616344677869707
-0.038484851803928036,0.028408132815714218,-0.2023155921227279,-0.09095571148512818,1,0.11135988063759972
-0.020378814582228802,0.017922702445584898,-0.1636581113755752,-0.09340111778888241,1,0.0702569935866928
-0.006179235225015442,0.017703844616961593,-0.14902957067426018,-0.07963049977577072,1,0.06939907089848946
-0.003667677234266309,0.02115095214357169,-0.15327434343566682,-0.07036261103286581,1,0.082911732402801
-0.0003947200450614696,0.0191713739348514,-0.14612141295737022,-0.07096962713275273,1,0.07515178582461748
0.011105369352078523,0.018234556161906643,-0.1327851607252585,-0.06130570057058446,1,0.07147946015467405
-0.019759338384581313,0.017790086320991362,-0.1627787075737244,-0.09304156919543824,1,0.06973713837828616
-0.00738776396262944,0.017890371402416626,-0.15060369191136602,-0.08047343601389287,1,0.07013025589747315
-0.04569066989349792,0.01700304380783456,-0.18716743575685366,-0.12051550403014219,0,0.06665193172671147
-0.0029620269439691316,0.02920561321927824,-0.1683558288537545,-0.05386982503418379,1,0.1144860038195707
-0.025508538989299237,0.018675504539359546,-0.17026332788644394,-0.09705535009215453,1,0.0732079777942894
-0.06278825073113693,0.017414486346605817,-0.20507144397048432,-0.13680665749178955,0,0.06826478647869477
-0.02237783624620139,0.018040150046809676,-0.16588733033794836,-0.09516994215445443,1,0.07071738818349393
-0.022824451502845663,0.018996127037163,-0.16820766049568514,-0.0937428425100062,1,0.07446481798567894
-0.02832043844345354,0.021442433226311734,-0.17849840756702454,-0.09444406931988256,1,0.08405433824714198
-0.0212520328700488,0.01906871168134087,-0.16677750776547692,-0.09202815797462069,1,0.07474934979085623
-0.005598122733008831,0.031244231939563032,-0.17498761733455237,-0.052510228131465296,1,0.12247738920308707
-0.025557631623459684,0.017053922111825978,-0.1671341189626386,-0.10028274428428077,1,0.06685137467835783
-0.006760602438726587,0.01680229488946719,-0.14784390042208229,-0.0819789044553709,1,0.06586499596671139
-0.05321550638255958,0.018231691714131675,-0.19710042214225768,-0.1256321906228615,0,0.07146823151939619
-0.028848876366979845,0.017134858169306932,-0.17058399837882143,-0.10341535435513827,1,0.06716864402368317
-0.015486138526936963,0.016915943574967413,-0.1567921879338731,-0.09048168912000085,1,0.06631049881387224
-0.015227673292159433,0.01951519912120802,-0.16162826356972715,-0.08512868301459173,1,0.07649958055513542
-0.06050584809466873,0.01672633321845967,-0.2014402612028497,-0.13587303498648778,0,0.0655672262163619
-0.019025043870797495,0.017210863322874522,-0.16090913598363155,-0.09344255175796344,1,0.0674665842256681
-0.05502141272729526,0.020981703264874904,-0.20429635112645006,-0.12204807432814045,0,0.08224827679830961
-0.013574567588204856,0.017659003564769547,-0.15633701457515317,-0.08711372060125655,1,0.06922329397389662
-0.014966350090252142,0.018940215080606324,-0.16023997164824055,-0.08599432853226376,1,0.0742456431159768
-0.007935137383847518,0.018592010725843926,-0.15252627840650163,-0.07964559636119342,1,0.0728806820453082
-0.023220239817284424,0.017257693226234553,-0.16519611854070415,-0.09754596109386471,1,0.06765015744683944
-0.035876141404584214,0.016803434672767573,-0.17696167336320867,-0.11109220944595977,0,0.0658694639172489
-0.030774042746892563,0.021321202465559408,-0.180714399579389,-0.09713528591439613,1,0.08357911366499288
0.009247452709842965,0.019066562402834202,-0.13627380959971208,-0.061532884980602005,1,0.07474092461911008
0.011598487629214518,0.01964674869694957,-0.13505993981680664,-0.058044684924764334,1,0.0770152548920423
-0.012518137719188152,0.03265581032970198,-0.18467432596540403,-0.05666354947297228,1,0.12801077649243175
-0.040912933081147476,0.017380345145665787,-0.1831292095666524,-0.11499825659564254,0,0.06813095297100986
-0.03932362463000187,0.01671580173042269,-0.18023739602163036,-0.1147114532383734,0,0.06552594278325696
-0.007808241823496126,0.0188295256879369,-0.15286491217185244,-0.07905317147513981,1,0.07381174069671263
0.005677975547229763,0.018807563531998417,-0.13933564897548714,-0.06560999993005334,1,0.0737256490454338
-0.0076117223436370784,0.030896862695495002,-0.1763203732268073,-0.05520467146046688,1,0.12111570176634043
-0.0018447313906154172,0.018495859477615173,-0.14624741596674115,-0.0737436468144897,1,0.07250376915225146
-0.020348249544411043,0.017953246809331136,-0.16368741329070008,-0.09331068579812202,1,0.07037672749257806
-0.006186888185178319,0.017094211040025124,-0.14784234182362757,-0.08083303454672908,1,0.0670093072768985
-0.005280894980952439,0.027839572675162436,-0.16799725742427082,-0.05886613253763407,1,0.10913112488663676
-0.02639567995176216,0.016929380551483693,-0.1677280658326702,-0.10136489407085413,1,0.06636317176181607
-0.007025738396478173,0.018185218043777682,-0.15081956576228245,-0.07953351103067392,1,0.07128605473160853
-0.01386527529242812,0.01797181508181404,-0.15724083285278365,-0.0867913177320726,1,0.07044951512071104
-0.029933065401470796,0.017453738077842448,-0.172293192034042,-0.1038745387688996,1,0.0684186532651424
-0.015280960090382406,0.017519257548384324,-0.15776950488521568,-0.08909401529554914,1,0.06867548958966654
-0.02649417606579009,0.017373331611778488,-0.16869670602487594,-0.10059324610670425,1,0.06810345991817168
-0.0013813028839568947,0.02598581860468787,-0.16046430734914513,-0.05859989841876868,1,0.10186440893037646
-0.025298143074203458,0.01764829238641823,-0.1680395961515832,-0.09885828999682372,1,0.06918130615475948
-0.00031169845161237164,0.020264629985383753,-0.14818117322296454,-0.06874382368026022,1,0.07943734954270432
-0.019378464498589335,0.0319007270517944,-0.19005468952010635,-0.06500383947707232,1,0.125050850043034
0.0044904262516442806,0.027567336375109396,-0.15769235304357015,-0.04962839445314131,1,0.10806395859042885
-0.023041166618577788,0.021250196660322004,-0.17284235207280893,-0.08954158116434666,1,0.08330077090846227
-0.017397758662477544,0.018551214501673723,-0.16190893908575804,-0.08918817823919706,1,0.07272076084656098
-0.02808407975254544,0.01713466987555137,-0.16981883270862613,-0.10265092679646476,1,0.06716790591216137
-0.02218437121458984,0.01684963845283392,-0.16336046258214432,-0.09730987984703536,1,0.06605058273510896
-0.01858816274316817,0.01741111040610615,-0.16086473913913624,-0.09261318634720012,1,0.06825155279193612
-0.02280436414036681,0.018659760551115148,-0.1675282948205525,-0.09438203346018112,1,0.07314626136037139
-0.01834677560867222,0.023938112254777055,-0.17341627562803524,-0.0795788755893092,1,0.09383740003872604
-0.016801765276499167,0.016821057078775924,-0.15792183715089997,-0.09198329340209836,1,0.0659385437488016
0.00032499026820270727,0.01971735158112804,-0.14647181883080826,-0.06917980063278634,1,0.07729201819802192
-0.022552846267782603,0.017892997193979757,-0.16577392076798292,-0.09563337176758228,1,0.07014054900040063
-0.03928035743084114,0.018047460374981505,-0.1828041797658049,-0.11205813509587739,0,0.07074604466992751
-0.035808211906049534,0.017102727663306123,-0.17748035812612956,-0.11043766568596954,0,0.06704269244016002
-0.026638400650904684,0.016641256092828325,-0.1674060625928482,-0.10217233870896117,1,0.06523372388388704
-0.051133117168987344,0.01828196936044207,-0.1951165771154538,-0.1234512572225209,0,0.0716653198929329
0.009375880490605906,0.020724074429427045,-0.1393941053910711,-0.058155733627717095,1,0.08123837176335402
-0.006816180037224687,0.0173037201347148,-0.1488822715012657,-0.08105168857318368,1,0.06783058292808203
-0.03356288433987502,0.016878966238682666,-0.17479645816769304,-0.108630910512057,0,0.06616554765563604
-0.014760768259178172,0.018750827555095977,-0.1596631902671663,-0.08615994625119006,1,0.07350324401597624
0.004167990110884409,0.01901443508327542,-0.14125110265233543,-0.06671451712589577,1,0.07453658552643966
-0.025173713571791864,0.017319197905823255,-0.16727014146720545,-0.09937888567637829,1,0.06789125579082717
-0.024096643024986056,0.026965917758014803,-0.18510064183069508,-0.07939424421927704,1,0.10570639761141803
-0.0340103144472574,0.018006678242008373,-0.17745420380159382,-0.10686802509292098,1,0.07058617870867284
0.011460659623462793,0.0173059035147775,-0.1306097112655011,-0.06277056948757331,1,0.0678391417779278
0.006486170943477157,0.019897515971389636,-0.14066376036044653,-0.06266549775259916,1,0.07799826260784737
-0.0049498952976720495,0.018427218539028487,-0.14921804363416788,-0.07698334696117623,1,0.07223469667299165
-0.01928901972815482,0.018193333721455363,-0.16309875382220734,-0.0917808856341023,1,0.07131786818810504
-0.04866043080498862,0.016536074471682607,-0.18922193676948654,-0.12440052484049072,0,0.06482141192899582
-0.04196666973057454,0.016978069340012458,-0.18339448563699895,-0.11684045382415013,0,0.06655403181284882
0.0021836995851628044,0.020929385484353958,-0.14698869596417097,-0.06494550486550343,1,0.08204319109866753
-0.014606727757441068,0.02678042290929499,-0.17524715665965926,-0.07026789885522289,1,0.10497925780443637
-0.02886174965052228,0.018266401701830755,-0.17281469698611057,-0.101210402314934,1,0.07160429467117657
0.002904866869700151,0.022987679076005414,-0.15030178411927048,-0.060190082141329246,1,0.09011170197794123
-0.02590514005577653,0.019602568437311372,-0.1724769741929068,-0.09563490591864625,1,0.07684206827426056
-0.005610397774044748,0.017086469315072156,-0.14725067763158617,-0.08027171791650334,1,0.06697895971508283
-0.05868318316701769,0.015623278031461442,-0.19745560810868212,-0.13621235822535327,0,0.061243249883328854
-0.019711657816322434,0.016408023816789033,-0.16002218449722894,-0.09570273113541594,1,0.064319453361813
-0.021021716270923238,0.02887631031924301,-0.18577008449663954,-0.07257494804520695,1,0.11319513645143259
-0.013813235139877589,0.016766448810991673,-0.15482627480942127,-0.08910179547033392,1,0.06572447933908734
-0.05168209037965861,0.016968008846179928,-0.19309018771817127,-0.12657559304114596,0,0.06651459467702531
-0.009327381416775318,0.017988612252509417,-0.15273586143169376,-0.08222050140185687,1,0.0705153600298369
-0.011722912301984856,0.018518210006485868,-0.15616940391469716,-0.08357802068927256,1,0.0725913832254246
0.0006338501536869295,0.018898352241987444,-0.14455772024060848,-0.07047617945201769,1,0.07408154078859079
-0.012010974305379174,0.019738543764481985,-0.15884932008376387,-0.08147422852699449,1,0.07737509155676939
-0.032500145427740476,0.016553303223496435,-0.1730954197457935,-0.10820647110968747,0,0.06488894863610604
-0.016718564332814517,0.0171862153668616,-0.15855434645186325,-0.09118438221376579,1,0.06736996423809746
-0.03885437094340051,0.04249802816886055,-0.2303013061543672,-0.06370903573243383,1,0.16659227042193336
-0.042813534504961545,0.01610317274570594,-0.1825265530865452,-0.1194021159233779,0,0.06312443716316729
-0.0038808296627428074,0.017446579763860267,-0.14622692599990894,-0.07783633332557668,1,0.06839059267433226
-0.023511441738975944,0.018564202090368204,-0.16804807783609763,-0.09527640564185427,1,0.07277167219424335
-0.02957734430939056,0.01773803831643576,-0.17249469940960466,-0.10296158920917647,1,0.06953311020042818
-0.004659665151867637,0.018083299891895867,-0.14825373293998353,-0.07736719736375175,1,0.07088653557623179
-0.0009364525640597615,0.018228767706098405,-0.14481563726801264,-0.0733588678601069,1,0.07145676940790574
-0.04142672985259453,0.016965732810589756,-0.18283036616135045,-0.11632469354383862,0,0.06650567261751184
-0.012665260373967965,0.02425260104277966,-0.16835115841781612,-0.07328096233011984,1,0.09507019608769628
0.005981784317676292,0.017283809518055734,-0.13604528233771296,-0.06829274902693447,1,0.06775253331077849
-0.014645959301884809,0.01849112955348607,-0.15903937322671752,-0.08655414537705211,1,0.0724852278496654
0.0003689575290791586,0.018211179365934416,-0.1434757540281523,-0.0720879309136894,1,0.0713878231144629
-0.02840818708892466,0.018034491736123214,-0.17190659089172616,-0.10121138328612317,1,0.070695207605603
-0.016314613329013544,0.016846978776432472,-0.1574854917308212,-0.09144533492720591,1,0.06604015680361527
-0.03042212823003891,0.017684843759637244,-0.1732352219989279,-0.10391063446114993,1,0.06932458753777798
-0.00020321755396467134,0.01929499672540589,-0.14617221113576023,-0.07053582397216913,1,0.0756363871635911
0.007657320538268286,0.017799365424467504,-0.135380235693688,-0.06560672322977541,1,0.0697735124639126
0.012337704553013543,0.02037459471440994,-0.13574730108722993,-0.05587888980674298,1,0.07986841128048695
-0.01311527731264478,0.017333767195462,-0.1552402610157503,-0.08729189360953926,1,0.06794836740621105
-0.015043430483088663,0.016968984149781978,-0.15645343941666134,-0.08993502154951599,1,0.06651841786714535
0.0005540325892157555,0.01848139419326073,-0.14382030002957527,-0.07137323479199323,1,0.07244706523758204
-0.060991230903214386,0.017039781283198448,-0.20254000221828333,-0.13574405958814545,0,0.06679594263013788
-0.03275856853383906,0.016143747003985742,-0.17255111266165113,-0.10926762440602701,0,0.06328348825562412
-0.018855369605120062,0.01906006175739332,-0.164363890649611,-0.08964844856062916,1,0.07471544208898183
-0.0021818940145825194,0.017206280559062193,-0.14405700391034443,-0.07660838411882062,1,0.0674486197915238
-0.00646423350076801,0.02113743639682199,-0.15604440883853912,-0.07318565816299691,1,0.08285875067554221
-0.008238727897551715,0.017602854788518203,-0.1508911232830474,-0.08188793251205603,1,0.06900319077099137
-0.02194641606975846,0.02277475719685765,-0.17473574017559945,-0.08545869196391748,1,0.08927704821168198
0.03715136566942097,0.019674227441299343,-0.10956092011552575,-0.032437948545632325,1,0.07712297156989342
0.005590421033267873,0.0191230948821236,-0.14004164493569438,-0.06507911299776988,1,0.0749625319379245
-0.017152943899983855,0.01808375235210635,-0.1607478985101123,-0.08985958928985541,1,0.0708883092202569
0.0017525323953515304,0.01744697707532953,-0.14059434267229434,-0.07220219253700261,1,0.06839215013529173
0.01067704318959456,0.017938300531380357,-0.13263282585191094,-0.062314687768899944,1,0.07031813808301099
0.0037407569964382215,0.017945720091723103,-0.13958365438333906,-0.06923643162378451,1,0.07034722275955455
-9.782295692169207e-05,0.01851908805057702,-0.14454603553605266,-0.07195121037779073,1,0.07259482515826193
-0.022599609102566212,0.019482674959952564,-0.16893645202407326,-0.09256436618105919,1,0.07637208584301407
-0.0369837351662967,0.016814060598618962,-0.17809009393958988,-0.11217897639300353,0,0.06591111754658635
0.02614148959957266,0.018062547983769828,-0.11741190444861621,-0.04660671635223848,1,0.07080518809637773
-0.0014764658872514491,0.01741946235375739,-0.14376941210061595,-0.07548511967388696,1,0.06828429242672898
-0.02943849670727948,0.016830732031679507,-0.17057753148937133,-0.10460106192518764,1,0.06597646956418368
-0.025096746257299976,0.017430042352611076,-0.1674104292684177,-0.09908466324618227,1,0.06832576602223543
-0.020826944053247518,0.022898918802799786,-0.1738596249067351,-0.08409586319975995,1,0.08976376170697514
-0.009963084485407142,0.019398999905001612,-0.1561359242992103,-0.08009184467160399,1,0.07604407962760631
0.006393615820738607,0.017362970070930975,-0.13578860551828612,-0.06772576284023668,1,0.06806284267804943
-0.01368308016765915,0.019043189164531345,-0.1591585309301406,-0.08450922940517772,1,0.07464930152496288
-0.03271929063973118,0.016711085860354705,-0.1736238189260264,-0.10811636235343597,1,0.06550745657259044
-0.0015359226846003299,0.025973027720039718,-0.1605938570158782,-0.05877958835332249,1,0.1018142686625557
-0.006871553291012564,0.019728617804697944,-0.15369044418822053,-0.0763542623938046,1,0.07733618179441593
-0.02074603512605712,0.024460705029267168,-0.17683981698342077,-0.08095385326869348,1,0.0958859637147273
-0.03295070472697405,0.017724842970533783,-0.17584219694922026,-0.10636081250472784,1,0.06948138444449242
-0.00178351882748283,0.018476092415075664,-0.14614745996103112,-0.07372117769393453,1,0.07242628226709659
-0.04469878817912688,0.037715901752255795,-0.22677275561354826,-0.07892642074470553,1,0.14784633486884274
-0.0017534000370714592,0.01951171468314879,-0.1481471608160431,-0.07166123925809983,1,0.07648592155794326
-0.01993740836116599,0.016988155649646584,-0.1613849934344733,-0.0947914232878587,1,0.0665935701466146
0.03612815749823041,0.0202763108160165,-0.11176421170116194,-0.032281073302377256,1,0.07948313839878468
-0.01909007147848439,0.018387181656914286,-0.1632797475260364,-0.0912019954309324,1,0.07207775209510402
-0.0185183601045235,0.017116267844651447,-0.16021704508004034,-0.09312127512900667,1,0.06709576995103367
-0.016195611777868324,0.016320603036218535,-0.15633479372885667,-0.09235802982688,1,0.06397676390197667
-0.007624536852295055,0.0189214987785643,-0.15286147445828108,-0.07868919924630903,1,0.07417227521197205
-0.032063197321740164,0.017701720279340197,-0.17490936906924695,-0.10551862557423339,1,0.06939074349501356
-0.02479241374863818,0.017361748008256808,-0.1669722398448215,-0.09891418765245484,1,0.06805805219236667
-0.05846483881102206,0.016272469159779257,-0.19850967836418942,-0.1347215992578547,0,0.06378807910633472
-0.02521759399809033,0.017276928026639493,-0.16723117293030373,-0.09950561506587693,1,0.0677255578644268
0.0022588104893800087,0.01839358071743442,-0.14194340771679145,-0.06984057130444854,1,0.07210283641234291
-0.0004727027425598107,0.017875111490083716,-0.1436587212631239,-0.07358828422199573,1,0.07007043704112817
-0.018889991309323353,0.01727562708161121,-0.16090102038928134,-0.09318056222936538,1,0.06772045815991595
-0.0021402090389706085,0.01784921410065051,-0.1452754686762456,-0.07530654940169562,1,0.06996891927454998
-0.02701855978176991,0.017953281361368582,-0.17035779125005235,-0.0999809283134875,1,0.07037686293656485
-0.007777142233674941,0.01936941897858493,-0.1538920034317014,-0.07796388103564848,1,0.07592812239605291
-0.023878357824155413,0.01918949397908406,-0.1696405660231602,-0.09441774962515066,1,0.07522281639800953
-0.05435733723908874,0.017189981856107615,-0.19620050167705966,-0.12881577280111783,0,0.06738472887594182
-0.016350045619471107,0.01880693719750118,-0.16136244252657342,-0.0876392487123688,1,0.07372319381420461
-0.060497266411026,0.017846129323167863,-0.20362647988443502,-0.13366965293761698,0,0.06995682694681804
-0.00020066237486540683,0.01868096081628143,-0.14496614557477702,-0.0717367791749538,1,0.07322936639982322
-0.04431996105112969,0.017251669484214107,-0.18628403324018933,-0.11865748886207005,0,0.06762654437811928
-0.03858027987262651,0.017055050575136385,-0.18015897899989383,-0.1133031807453592,0,0.06685579825453464
-0.01745333228781036,0.024096566833086697,-0.1728334032806603,-0.07837486129496044,1,0.09445854198569986
-0.020680015866444093,0.017656529716110266,-0.16343761411002022,-0.09422401762286797,1,0.06921359648715225
-0.004056665056248188,0.018095863852064114,-0.14767535820629385,-0.07673957190620254,1,0.07093578630009131
-0.019565279379284747,0.017621931975981428,-0.16225506605220835,-0.09317709270636115,1,0.0690779733458472
-0.016200465438436784,0.020704773250499374,-0.16493262100941555,-0.08376990986745803,1,0.08116271114195753
-0.04269439621834127,0.017440871961208266,-0.18502930526230948,-0.11666108717437307,0,0.06836821808793642
-0.03005290133561596,0.01713509804558534,-0.17178849350496322,-0.1046189091662687,1,0.06716958433869452
0.022217542390530073,0.01885717423376622,-0.12289331910765172,-0.04897319611128814,1,0.07392012299636358
-0.03779104424856643,0.017021218968647105,-0.17930343342711474,-0.1125802550700181,0,0.06672317835709664
-0.04414466789076356,0.018261744246891257,-0.18808848661467042,-0.1165024491668567,0,0.07158603744781372
-0.011225581767324619,0.017468935612650994,-0.15361549556812057,-0.08513726796652868,1,0.06847822760159189
-0.012092827966069641,0.017209403987658283,-0.1539740597818799,-0.0865131961502594,1,0.06746086363162049
0.028167822976304144,0.03923995279553762,-0.1568932845029496,-0.0030726695444421165,1,0.15382061495850746
-0.007921828430987862,0.018447246011900353,-0.15222923061431257,-0.07991602624766317,1,0.0723132043666494
-0.0217584203067641,0.016853542132094775,-0.16294216288566987,-0.09687627772785834,1,0.06606588515781153
-0.0036932269425161285,0.018087829492715063,-0.14729617274823764,-0.07639188113679461,1,0.07090429161144303
-0.005063664928618469,0.018576869559752386,-0.14962512926573315,-0.0768038005915038,1,0.07282132867422936
-0.04587077881415853,0.021527901147261774,-0.1962162650627916,-0.11182689256552547,0,0.08438937249726614
-0.07381530294863091,0.01594909752931156,-0.21322633410608158,-0.15070587179118025,0,0.06252046231490133
0.019594240823187045,0.018616551173699643,-0.12504499947726427,-0.05206811887636166,1,0.07297688060090261
-0.016222848463607234,0.031187881857372177,-0.18550189690405672,-0.06324540002315777,1,0.12225649688089894
-0.02680638382974966,0.01945939410062108,-0.17309759626696697,-0.09681677139253235,1,0.07628082487443462
-0.022732024868411763,0.02624880248978451,-0.1823304777483894,-0.07943517198843414,1,0.10289530575995526
0.017379744399384514,0.037473063465576814,-0.16421825999314604,-0.01732385120808494,1,0.1468944087850611
-0.019760856239586552,0.017904673482772394,-0.16300481626582045,-0.09281849621335267,1,0.07018632005246778
-0.05514563892235434,0.016673244091797608,-0.19597599734227766,-0.13061688050243103,0,0.06535911683984663
0.003520286487620483,0.018462212149877977,-0.14081644932614035,-0.0684445776986187,1,0.07237187162752165
-0.027079427659713648,0.016294446247736984,-0.16716734230527813,-0.10329311301414917,1,0.06387422929112896
-0.02853262342683728,0.022102424381098825,-0.18000417521379097,-0.0933626716398836,1,0.08664150357390737
-0.04346847415285825,0.01764539966201579,-0.1862042574904092,-0.1170342908153073,0,0.06916996667510189
0.0005081070700939522,0.017859347206752058,-0.14264701345514008,-0.07263837240467202,1,0.07000864105046806
0.0015157215875201552,0.01760975340919294,-0.141150195094498,-0.07211996173046169,1,0.06903023336403631
-0.02483151763936474,0.017297766314190503,-0.1668859396151781,-0.09907869566355136,1,0.06780724395162675
-0.0039052377982004977,0.017587335607937814,-0.14652721558975862,-0.07758486000664239,1,0.06894235558311623
-0.03064404338697012,0.01766372265717322,-0.17341573979502964,-0.10417394697891061,1,0.06924179281611903
-0.0206372197656622,0.02019677874600235,-0.16837370610782681,-0.08920233342349759,1,0.07917137268432922
-0.028395551609895722,0.019385834055328934,-0.17454258635834044,-0.09855011686145101,1,0.07599246949688943
0.0013765682037545218,0.018643141649041087,-0.143314789428366,-0.07023367416412496,1,0.07308111526424105
-0.006270648931472916,0.01860538817332676,-0.15088800975119337,-0.07795488811175247,1,0.0729331216394409
-0.01027426020515887,0.01772910662934966,-0.1531741091986842,-0.08367601121163354,1,0.06949809798705067
0.010599232152028584,0.020338684662631463,-0.1374153897867291,-0.05768774590921375,1,0.07972764387751535
-0.0342735583051081,0.018200480817265215,-0.17809730070694793,-0.10675141590326828,1,0.07134588480367965
-0.0017439830891288477,0.019079879764949244,-0.14729134742842936,-0.07249821874982834,1,0.07479312867860102
-0.0219432854855363,0.01637749563314822,-0.1621939769265068,-0.0979941940445658,1,0.064199782881941
0.008404201920716226,0.01919243511411019,-0.13736377090293975,-0.062129425255627806,1,0.07523434564731193
0.007420303098322811,0.01826851061003459,-0.13653677769734499,-0.0649242161060094,1,0.07161256159133558
-0.039538426788695,0.027609517564957435,-0.20180388121601156,-0.09357457236137844,1,0.10822930885463312
-0.04317429199533489,0.01711490821834018,-0.18487031210328164,-0.11777987188738814,0,0.0670904402158935
-0.0034553887699900615,0.019183618878571226,-0.14920608177198968,-0.07400629576799046,1,0.07519978600399922
-0.031206796655606203,0.017198586616812055,-0.17306682642455784,-0.10564836688665458,1,0.06741845953790326
-0.03296574631691619,0.017182362019734353,-0.17479397587559553,-0.10743911675823686,1,0.06735485911735867
-0.04417184560911731,0.018107435087519295,-0.18781321838065512,-0.1168320728375795,0,0.07098114554307562
-0.01813753588435381,0.01899953571159855,-0.16352742587908697,-0.08904924588962065,1,0.07447817998946632
-0.00670968886772004,0.01986869021235477,-0.1538031216839354,-0.0759178560515047,1,0.0778852656324307
-0.024713654191562198,0.01711091582860976,-0.16640184921563733,-0.09932705916748708,1,0.06707479004815026
-0.028603552014773256,0.016490259405985617,-0.16907526045050508,-0.10443344357904145,1,0.06464181687146363
0.011509236670858097,0.017470570534762503,-0.13088388157727643,-0.0623992450810074,1,0.06848463649626903
-0.041530449082862006,0.016522772188272358,-0.18206588257187584,-0.11729661559384819,0,0.06476926697802765
-0.012916191474449376,0.01727801577564814,-0.15493190239471974,-0.08720208055417902,1,0.06772982184054072
-0.028646437478940343,0.016963535089329667,-0.1700457662540265,-0.1035487087038542,1,0.06649705755017231
-0.029956987022154838,0.019797962409672753,-0.17691179334511342,-0.09930378069919625,1,0.07760801264591717
-0.008999567787185844,0.019366056681166054,-0.1551078388822713,-0.07919289669210039,1,0.07591494219017092
-0.01543764718284564,0.01746371904666808,-0.1578173365143151,-0.0893595578513762,1,0.0684577786629389
0.011095368667328173,0.017556280307672367,-0.13146574073570966,-0.06264512192963399,1,0.06882061880607566
-0.025270790229088305,0.01687820286031208,-0.1665028678353,-0.10034031262287663,1,0.06616255521242337
-0.01641730836101163,0.01891395142450267,-0.16163945315303688,-0.08749676356898639,1,0.07414268958405049
-0.011782457053648693,0.017031560656412353,-0.1533151159402169,-0.08655139816708049,1,0.06676371777313642
0.018400386837640628,0.020465247570904174,-0.12986229840133157,-0.049638527923387195,1,0.08022377047794438
-0.013900081425722396,0.01725933072484426,-0.15587916964641715,-0.08822259320502765,1,0.0676565764413895
-0.03017540617105978,0.017359522244009537,-0.17235086976931846,-0.1043015425728011,1,0.06804932719651736
-0.006388416186905568,0.017022289028853867,-0.14790290268345915,-0.081175529690352,1,0.06672737299310716
-0.041159149055510894,0.017420816027502343,-0.1834547484694155,-0.1151651496416063,0,0.0682895988278092
-0.012989976502454023,0.01798159185419449,-0.15638469653667522,-0.08589685646823284,1,0.07048784006844239
-0.02464602082037827,0.017813142309214172,-0.16771057974643805,-0.0978830618943185,1,0.06982751785211955
-0.031666287221602044,0.017153763631752843,-0.1734384639398376,-0.10619571050336649,1,0.06724275343647113
-0.025952026959004434,0.019228680348239602,-0.17179104044155405,-0.09641461347645483,1,0.07537642696509922
-0.03754321764058598,0.01787383254360357,-0.18072672942604898,-0.11066130585512299,0,0.07006542357092599
-0.0302094047515873,0.022960504695791917,-0.18336279395533947,-0.09335761554783514,1,0.09000517840750433
0.0033393016188618813,0.021779807607952426,-0.14749992129272488,-0.06212307546955137,1,0.08537684582317351
-0.015884919366271566,0.018500947736246765,-0.16029757692931523,-0.08777386180322791,1,0.07252371512608732
-0.043024765504340604,0.01728225225059535,-0.1850487799155075,-0.11730235109317372,0,0.06774642882233378
-0.0069236921752379305,0.018150596633560362,-0.15064966157701626,-0.07949932277345963,1,0.07115033880355663
-0.01167390666481681,0.017652254427739766,-0.15442312534318675,-0.08522628798644688,1,0.06919683735673987
0.011072851956584792,0.02197239131280503,-0.14014383501651306,-0.054012061070317356,1,0.0861317739461957
-0.03184932997885463,0.019245098951859895,-0.17772052392450002,-0.10227973603320925,1,0.07544078789129077
-0.01800807987245852,0.018034645735957984,-0.16150678551493616,-0.09081097422998088,1,0.07069581128495528
-0.030563947207569594,0.018160768374700372,-0.17430985322198234,-0.10311964119315686,1,0.07119021202882547
-0.03305696657573694,0.01775446407335625,-0.17600651615951518,-0.1064090169919587,1,0.06959749916755648
-0.010560698010590744,0.01745994298643948,-0.15293298626401214,-0.08449000975716936,1,0.06844297650684278
-0.009332903897847938,0.019009282912177523,-0.1547418984057159,-0.08022550938998,1,0.0745163890157359
-0.05435474742306111,0.01791937335736801,-0.1976275192035024,-0.12738357564261982,0,0.0702439435608826
0.028706292138070286,0.018243080279289708,-0.11520094520933755,-0.04368807051452189,1,0.07151287469481565
-0.035912271656622544,0.017132884526326674,-0.17764352532822283,-0.11048261798502226,0,0.06716090734320057
0.005714368161429589,0.018437666907601746,-0.13857425897746983,-0.066298604699671,1,0.07227565427779883
-0.025863675946153755,0.018072292026557753,-0.16943616831820696,-0.09859278357410056,1,0.0708433847441064
-0.004964091986668057,0.01838047881522936,-0.1491406304645176,-0.07708915350881852,1,0.07205147695569906
-0.013218167477011072,0.01806374467795592,-0.15677390704580468,-0.08596402790821747,1,0.07080987913758721
-0.009509063164301779,0.017778259918979637,-0.15250525260550188,-0.08281447372310169,1,0.06969077888240019
-0.006311931590690309,0.016604551030444108,-0.14700765161036078,-0.08191781157101986,1,0.06508984003934092
-0.05061403098969107,0.018159636131780146,-0.19435771780798017,-0.12317194417140198,0,0.07118577363657819
-0.020341392522974913,0.018153812617374747,-0.1640736652530294,-0.09291071979292041,1,0.071162945460109
-0.016915832748164814,0.017220161093431746,-0.15881814849129106,-0.0913151170050386,1,0.06750303148625246
-0.018267701917681192,0.017570309985655168,-0.16085630948956534,-0.09198069434579706,1,0.06887561514376828
-0.028088840256849004,0.018407648498864105,-0.17231863131462266,-0.10016064919907536,1,0.0721579821155473
-0.01369616881437219,0.022042946750229404,-0.16505114444482183,-0.07864279318392256,1,0.08640835126089927
-0.0038544564842966644,0.01706891073749957,-0.14546032152979582,-0.07855019143879752,1,0.0669101300909983
0.013176074763282142,0.02212536407046584,-0.1383404388148309,-0.05160901165860482,1,0.08673142715622609
-0.01353972759593279,0.01783462790097077,-0.15664639828183552,-0.08673465691003009,1,0.06991174137180543
-0.02302069234362346,0.018612412339823838,-0.1676518205296782,-0.09469116415756874,1,0.07296065637210945
-0.02463071727897316,0.035330669105633226,-0.2020296287260143,-0.06353340583193204,1,0.13849622289408225
-0.009552374995636187,0.017933430144424466,-0.15285269807870816,-0.08255365191256424,1,0.07029904616614392
0.005586082168420811,0.018110054353209604,-0.13806042436387,-0.06706901129928837,1,0.07099141306458163
-0.022990901521592402,0.017474300160278768,-0.1653913298357388,-0.09689207320744603,1,0.06849925662829276
-0.021921811507245162,0.017240984131840338,-0.16386494040565222,-0.09628028260883811,1,0.06758465779681411
-0.009457324021953692,0.01722799820696444,-0.151375000507604,-0.0838412475363034,1,0.0675337529713006
-0.004446691385450355,0.01680052341740279,-0.14552651728355984,-0.07966846548734088,1,0.06585805179621895
0.01449196360925803,0.018147969988996423,-0.12922885756917496,-0.058088815212308985,1,0.07114004235686597
-0.03092182830121111,0.016438917195109516,-0.17129290600362576,-0.10685235059879647,1,0.06444055540482929
-0.02293493825750416,0.024411206694251196,-0.1789317033782365,-0.08323977313677182,1,0.09569193024146468
-0.04230173893276011,0.01615907528171469,-0.1821243264849209,-0.11878075138059932,0,0.06334357510432159
0.004544183221157724,0.019427521290842034,-0.14168455850889267,-0.0655286750487919,1,0.07615588346010077
-0.0171010098603767,0.018070493371418393,-0.16066997686835677,-0.08983364285239666,1,0.07083633401596011
0.004019233653832693,0.018262465336533622,-0.13992599840577322,-0.06833713428656141,1,0.07158886411921181
-0.06023465434332835,0.017986936788234376,-0.20363985044826774,-0.13313105823838897,0,0.07050879220987877
0.006985579554357024,0.022728910896068225,-0.1457138858019367,-0.05661655508934926,1,0.08909733071258744
-0.022978742747482447,0.032021252422225296,-0.19389119749504402,-0.06836788799992087,1,0.12552330949512314
0.009838737229096714,0.01871727540429196,-0.13499792256331553,-0.06162620297849105,1,0.07337171958482447
0.001557538961796709,0.017240629646663893,-0.14038489514566452,-0.07280162693074207,1,0.06758326821492244
-0.006427624093905404,0.017971190851069963,-0.14980195816200254,-0.07935489002580828,1,0.07044706813619425
-0.002007984495086129,0.01765126458155432,-0.14475526307493258,-0.07556230591523967,1,0.06919295715969291
-0.0629438009459423,0.016414527620552743,-0.2032670750822257,-0.13892212680965893,0,0.06434494827256676
-0.05118589803028044,0.016544450603648522,-0.19176382121343155,-0.12690957484712934,0,0.06485424636630222
-0.014487146333156148,0.017959777897497756,-0.15783911101225176,-0.08743678165406055,1,0.07040232935819121
-0.031059729695350577,0.01861925329208058,-0.17570426614782853,-0.10271679324287264,1,0.07298747290495589
-0.01505355265667814,0.02337423300703493,-0.1690178493504666,-0.07739085596288969,1,0.0916269933875769
0.030846393933455327,0.019833679916829116,-0.11617841870352974,-0.03843039342955961,1,0.07774802527397012
0.0004172116868726289,0.017599955687391096,-0.1422295014604139,-0.07323767516584083,1,0.06899182629457308
-0.012121068000163424,0.021225959038287733,-0.16187474771520738,-0.07866898828511948,1,0.0832057594300879
-0.045646746932359136,0.01628169195361015,-0.18570966316143503,-0.12188543070328325,0,0.06382423245815178
-0.015011761827695203,0.01792743234118606,-0.1583003292164199,-0.08802479443897053,1,0.07027553477744937
0.002073847353165431,0.018242964856353513,-0.14183316376528746,-0.07032074152838169,1,0.07151242223690576
-0.020265627640348935,0.02119151549256929,-0.16995179800578475,-0.08688105727491313,1,0.08307074073087162
-0.03976454080275692,0.017760879449534347,-0.18272666452384423,-0.1131040170816696,0,0.06962264744217463
-0.03912538125019606,0.018404454666547637,-0.18334891239662943,-0.1112034501037627,0,0.07214546229286672
-0.020627791901281597,0.018289972669573745,-0.16462693833364614,-0.09293024546891707,1,0.07169669286472907
-0.0031196744053986897,0.021552500985598175,-0.1535133763371711,-0.06902757247362627,1,0.08448580386354483
-0.0048370574131868516,0.01738047794942885,-0.1470535941940674,-0.0789221206323063,1,0.06813147356176111
-0.01661368666207791,0.01934383399834681,-0.16267840129883765,-0.08685057202531818,1,0.07582782927351947
-0.004384586423707801,0.03395601458288126,-0.17908917500615507,-0.045981597841260546,1,0.13310757716489452
-0.007918446320200723,0.017068610887954718,-0.14952372366059197,-0.08261476897980949,1,0.06690895468078248
-0.001145831485311527,0.018416928904850968,-0.1453938121388194,-0.07319945083180364,1,0.07219436130701577
-0.02451663114393947,0.019267231174021737,-0.17043120424502206,-0.09490365804285687,1,0.07552754620216519
-0.007223744647954791,0.018298685939639944,-0.1512399690896491,-0.0795091202062605,1,0.0717308488833886
-0.009739989024178608,0.01795721787696922,-0.15308693606303828,-0.08269464198531895,1,0.07039229407771933
0.014583493456177016,0.027281411438005047,-0.14703887296231288,-0.040095740125333096,1,0.10694313283697979
0.0046948796590789155,0.01859410466955952,-0.13990036549325774,-0.06701147518858444,1,0.0728888903046733
-0.017876956344248726,0.01949926901638229,-0.16424632361635802,-0.08780918907213944,1,0.07643713454421858
-0.04371542019332168,0.016550923108954545,-0.18430602948687258,-0.11942641089977078,0,0.0648796185871018
-0.035387884091497304,0.01743021268305102,-0.1777019009502773,-0.10937546723271732,0,0.06832643371755998
-0.04229969926386638,0.018229423861849267,-0.18618017003309095,-0.11472082849464182,0,0.07145934153844913
-0.06595566816819075,0.018135764073329425,-0.20965256575191643,-0.13856037058446508,0,0.07109219516745136
-0.04350745202793867,0.015789751069040504,-0.18260616412325806,-0.12071033993261929,0,0.06189582419063877
-0.0018738619856678296,0.01922161940539565,-0.1476990360202433,-0.07235028795109236,1,0.07534874806915096
0.009376154674211254,0.018601457639792582,-0.1352335022997822,-0.06231578835179529,1,0.0729177139479869
-0.040169079562303714,0.017408659991521497,-0.18244085314568587,-0.11419890597892159,0,0.06824194716676428
-0.028685094129439606,0.019424651378323308,-0.1749082108309533,-0.09876357742792594,1,0.07614463340302735
-0.03067938267025576,0.017847112420195058,-0.1738105230138381,-0.10384984232667345,1,0.06996068068716464
-0.04998829552835159,0.01974881614390141,-0.19684677517039836,-0.11943141588630482,0,0.07741535928409354
-0.02939204784176501,0.0180504248994378,-0.1729216806446631,-0.10216401503886693,1,0.07075766560579616
-0.020876533848653303,0.019270160091122805,-0.166796847627254,-0.09125782007005262,1,0.07553902755720138
-0.014249508757278512,0.019207326327756662,-0.16004666835968157,-0.08475394915487547,1,0.0752927192048061
-0.022210844169075608,0.019672260799959186,-0.16891927533699563,-0.09180401300115561,1,0.07711526233584003
-0.0036852361406965045,0.022718725930521252,-0.15636473896451816,-0.06730733331687486,1,0.0890574056476433
0.01296400864676954,0.018516609203249258,-0.131479345391599,-0.05889423731486192,1,0.07258510807673707
-0.0321169849946563,0.017983874673641327,-0.1755161793549933,-0.10501939063431931,1,0.070496788720674
0.009290554662056805,0.017644631667056307,-0.13344372340537355,-0.06427676727051285,1,0.06916695613486071
-0.01013663614833829,0.026096729396574526,-0.16943702576562436,-0.06713784653105223,1,0.10229917923457213
-0.0408400132004003,0.017420796314485808,-0.18313557397679248,-0.11484605242400812,0,0.06828952155278435
-0.006420435954619594,0.019425608406836693,-0.1526454284320195,-0.07649704347721968,1,0.07614838495479982
-0.021173794736650833,0.0171017701343523,-0.16284406419998135,-0.09580512527332033,1,0.06703893892666102
-0.020764716092297283,0.01825054942427144,-0.1646865929638693,-0.09314443922072527,1,0.07154215374314404
-0.03402669298380072,0.017002511633344757,-0.17550241578515646,-0.108852570182445,0,0.06664984560271146
-0.02279817870307864,0.019685745129321558,-0.16953303915654888,-0.0923649182496084,1,0.07716812090694049
0.01617129574545295,0.018908443379789273,-0.12904005327893403,-0.05491895523016008,1,0.07412109804877395
-0.03724321869451437,0.017668972999043447,-0.18002520577263953,-0.11076283161638922,0,0.0692623741562503
-0.010224698493325982,0.01865470069868578,-0.1549387118627501,-0.08181228512390186,1,0.07312642673884824
-0.007101098655313345,0.0187074548206452,-0.15191851010377794,-0.07858528720684876,1,0.07333322289692917
-0.027372592739613053,0.020035405748428523,-0.17479278800653297,-0.09625399747269316,1,0.07853879053383982
-0.006785356483649918,0.018363002654996814,-0.1509276416874437,-0.07894467127985616,1,0.07198297040758753
-0.01146092408653844,0.01815853865833754,-0.15520245985688003,-0.08402098831619687,1,0.07118147154068316
-0.029376330205020798,0.016677131414357758,-0.170214307777162,-0.1048399526328796,1,0.06537435514428241
-0.011626287752044093,0.019310777552231886,-0.1576262117544186,-0.0819279637496696,1,0.075698248004749
-0.007077188469621881,0.02079848247064239,-0.15599301411208097,-0.0744629628271628,1,0.08153005128491816
-0.060918541612934377,0.01818785837853078,-0.2047175440348547,-0.13342113919101406,0,0.07129640484384064
-0.008028120713588771,0.01857289274464996,-0.1525817904931027,-0.07977605093407486,1,0.07280573955902783
-0.013830597508106585,0.019345257451590603,-0.15989810211322417,-0.08406469290298901,1,0.07583340921023515
0.0038540656013180408,0.019313881322695164,-0.14215194179116447,-0.06644152700619944,1,0.07571041478496503
-0.011190870778432727,0.017189816951638237,-0.15303371200364368,-0.08564962955322178,1,0.0673840824504219
0.004212476934743581,0.017042154682022338,-0.1373409462420202,-0.07053569988849265,1,0.06680524635352755
-0.03143301594234214,0.01672715807604174,-0.17236904577138396,-0.10679858611330034,1,0.06557045965808361
-0.029528427549476086,0.017541757562537102,-0.17206107237204882,-0.10329738272690336,1,0.06876368964514545
-0.012549220744579467,0.01809033649064165,-0.1561570802662371,-0.08524296122292184,1,0.07091411904331525
-0.030928025320411293,0.017260324568156352,-0.17290906147399776,-0.10524858916682485,1,0.06766047230717291
-0.04622449967929708,0.01785652236728339,-0.18937408351917254,-0.11937651583942163,0,0.0699975676797509
-0.016969788343027745,0.01776751493877025,-0.15994491762301744,-0.09029625906303806,1,0.06964865855997937
-0.00788673221502767,0.018260592844003595,-0.15182829418927474,-0.08024677024078063,1,0.07158152394849411
-0.016146176968834275,0.018972001447492455,-0.1614820998059195,-0.08711185413174907,1,0.07437024567417042
-0.018709913493650324,0.017864519486982627,-0.16187517168813628,-0.09184625529916438,1,0.0700289163889719
-0.025660654754457266,0.02004097809863432,-0.17309177182778054,-0.094531137681134,1,0.07856063414664655
-0.04546858341213432,0.0176503982021837,-0.1882141638884144,-0.11902460293585426,0,0.06918956095256013
-0.05344904311022257,0.017425537632674126,-0.19575389687026384,-0.1274457893501813,0,0.06830810752008254
-0.0018809516662763176,0.01886743916403388,-0.1470119324277827,-0.07305157090476992,1,0.07396036152301279
-0.01801036194982443,0.017324923207600207,-0.16011801143672083,-0.09220431246292804,1,0.06791369897379279
-0.020272485489530298,0.017304494036981345,-0.16234009380201375,-0.09450647717704687,1,0.06783361662496688
-0.024003976362880056,0.01941904061574505,-0.17021609596974036,-0.09409345675601977,1,0.07612263921372059
-0.011580739419401881,0.018915359912390853,-0.15680564484768794,-0.08265743399111582,1,0.07414821085657212
-0.0012310967330673717,0.02277171090827502,-0.1540144501132864,-0.06474934335284833,1,0.08926510676043807
-0.03696217864592992,0.01641176850404153,-0.17728004491385133,-0.11294591237800852,0,0.0643341325358428
0.005701890548517025,0.01813357438557456,-0.13799071524720913,-0.06690710365575683,1,0.0710836115914523
-0.026619343071122112,0.017109839944471312,-0.16830542936228587,-0.10123485677995835,1,0.06707057258232753
0.009821837447051882,0.017257699179123065,-0.13215405294402932,-0.06450387216186693,1,0.0676501807821624
-0.02673213630083028,0.019310004266563353,-0.17273054466329446,-0.09703532793836611,1,0.07569521672492835
-0.007988149335755909,0.017639458798382374,-0.15071228858058536,-0.08156561009092647,1,0.06914667848965889
-0.024458198181319432,0.023390531851034083,-0.17845444060934623,-0.08676355575329264,1,0.09169088485605359
0.006319988426749856,0.017563233383866207,-0.13625474900562792,-0.06740687414087237,1,0.06884787486475555
-0.011352401653726432,0.01710255414613295,-0.15302420778014703,-0.08598219552730585,1,0.06704201225284118
0.0024704847073011987,0.019182563557762284,-0.14327813986591287,-0.06808249071948473,1,0.07519564914642814
-0.00896911825253846,0.04124242430904971,-0.19795506989827588,-0.036284766606801036,1,0.16167030329147486
-0.056965403433986,0.015450250253181913,-0.19539869393022255,-0.13483371293774946,0,0.060564980992473094
-0.02705751920771289,0.017438399254490502,-0.16938758174651428,-0.10102905666891152,1,0.06835852507760276
-0.028160031963691948,0.016909125436209566,-0.1694527178186627,-0.10316894610872121,1,0.06628377170994149
-0.026699433847979695,0.016894725400947,-0.16796389563383582,-0.10173657206212358,1,0.06622732357171224
-0.018263907599233284,0.016893169641274738,-0.15952532009613177,-0.09330409510233481,1,0.06622122499379696
-0.012164361809981719,0.018587150738303096,-0.1567459772570558,-0.08388434636290765,1,0.07286163089414815
-0.025708761715524595,0.01748613029127335,-0.16813237708642037,-0.09958674634462883,1,0.06854563074179154
0.005857151665014118,0.017474507386054786,-0.13654368281165327,-0.0680436138583185,1,0.06850006895333477
-0.022880818151745988,0.01698710845135372,-0.16432635071639928,-0.0977368855870927,1,0.06658946512930658
-0.03925833654017026,0.018846705111576153,-0.18434867855885953,-0.110469594521481,0,0.07387908403737853
-0.02727739086372906,0.02269132557611645,-0.1799031889929173,-0.09095319273454082,1,0.08894999625837648
0.021618397677416412,0.019576626277962784,-0.12490258982739065,-0.048162214817776536,1,0.07674037500961411
-0.0009563663565715086,0.03618872064053989,-0.1800370588120297,-0.03817727390111332,1,0.1418597849109164
-0.030804991244185495,0.018828268837152884,-0.17585919816500514,-0.10205238432336586,1,0.07380681384163928
0.0021989146514215657,0.017440125225182353,-0.14013453078993585,-0.07176923990722103,1,0.06836529088271481
-0.0001898901814699483,0.027678514913055657,-0.16259057941105903,-0.05409080095188087,1,0.10849977845917816
-0.03276555217755671,0.018762181207804214,-0.17769022734485296,-0.10414247701026046,1,0.0735477503345925
-0.03592064715064895,0.017083735257196572,-0.17755556825475424,-0.11058732604654367,0,0.06696824220821057
-0.031319422167620445,0.018183708306445667,-0.17511029044825396,-0.10383015388698694,1,0.07128013656126703
-0.030523153168885556,0.01683188969181862,-0.17166445696485005,-0.10568344937292107,1,0.06598100759192899
0.02063239601386152,0.019648637387714874,-0.12602973326605965,-0.04900707470621733,1,0.07702265855984232
-0.01155895102539764,0.017738883653842203,-0.15447796298692837,-0.08494153906386692,1,0.06953642392306145
-0.031235729991492697,0.018457632152347192,-0.1755634890100932,-0.10320957097289221,1,0.07235391803720098
-0.01732364253997397,0.018314316859029903,-0.16137050358367258,-0.08957838149627537,1,0.07179212208739721
-0.003416821535117326,0.018102851708362372,-0.1470492108835076,-0.07608603218672708,1,0.07096317869678051
-0.02321459921309864,0.018642204936549497,-0.16790412088873566,-0.09482667753746163,1,0.07307744335127403
-0.022178746470956287,0.016098649256321734,-0.1618828990133469,-0.0987761939285657,1,0.06310670508478121
-0.03840084161822681,0.016271913125797188,-0.1784445913447893,-0.11465869189166433,0,0.06378589945312496
-0.029412500434608232,0.01840645751022023,-0.1736399571546399,-0.10148664371457658,1,0.07215331344006332
-0.0033027902706577322,0.025978899540872413,-0.16237223337076767,-0.06053494717054781,1,0.10183728620021987
0.0007141426967788578,0.018689557091545492,-0.1440681892026503,-0.07080512540379198,1,0.07326306379885832
-0.02642653876350491,0.017447002675470558,-0.1687734640074272,-0.10038121351958262,1,0.06839225048784459
0.0029491681251314905,0.017503162758510077,-0.13950783088154828,-0.07089543286818877,1,0.06861239801335951
-0.006733137177602808,0.01797337059964872,-0.1501117435529143,-0.07965613080229132,1,0.07045561275062297
-0.033660881835754566,0.019489243466581582,-0.18001059903025446,-0.10361276464125467,1,0.07639783438899979
-0.04168785586431216,0.017484768029126144,-0.1841088012013994,-0.11556851052722492,0,0.0685402906741745
-0.0074009295732954394,0.018627048543249983,-0.1520607447180654,-0.07904271442852548,1,0.07301803028953993
-0.034586192031598115,0.016466667637421488,-0.17501166060094425,-0.110462323462252,0,0.06454933713869225
-0.009952800493690156,0.017829304528968633,-0.15304903737046868,-0.08315816361691164,1,0.06989087375355704
-0.02942385354108966,0.01888875289531101,-0.17459660921589926,-0.10055269786628009,1,0.07404391134961917
-0.037088595690749585,0.03637165807743307,-0.21652784552251841,-0.07395094585898078,1,0.14257689966353765
-0.002298643820123944,0.020737945751775063,-0.15109581749360307,-0.06980307014664483,1,0.08129274734695824
-0.006103590607795847,0.016944874414758216,-0.14746634446072196,-0.08104243675486975,1,0.06642390770585221
-0.02794547612645125,0.017146446172340925,-0.16970331062423946,-0.10248924162866305,1,0.06721406899557641
0.0019016223875768928,0.02017515168463551,-0.14579247491430872,-0.06670588031053751,1,0.07908659460377121
-0.008357611452741429,0.016807740143899432,-0.14945158213478432,-0.08356524077069855,1,0.06588634136408578
-0.011838129893875643,0.01800090946674876,-0.15527071244870322,-0.08470714733904808,1,0.07056356510965514
-0.007953467783486032,0.018787811459249314,-0.1529283782436147,-0.07928015732335739,1,0.0736482209202573
-0.006286728438358327,0.019450436328190317,-0.15256038364161134,-0.07631467323510531,1,0.07624571040650603
-0.02804243368738492,0.01739226403213962,-0.17028207119037858,-0.10210439618439127,1,0.06817767500598731
-0.03090312611206185,0.017427860649028244,-0.1732125329841572,-0.1048953192399665,1,0.0683172137441907
-0.013772908044884027,0.01803119067445477,-0.15726484176681538,-0.08658257432295269,1,0.07068226744386269
-0.015547973979613786,0.018799826187783048,-0.16054643330766857,-0.08685111465155901,1,0.07369531865610957
-0.054550209336526725,0.020401121058739816,-0.20268720661165676,-0.1227148120613967,0,0.07997239455026006
-0.006631955491336841,0.030555377147525004,-0.17467129470048587,-0.05489421628218784,1,0.11977707841829803
0.003173695973981011,0.016546141440116294,-0.13740754124864693,-0.07254666680339106,1,0.06486087444525587
-0.002062844526197885,0.01821922559306507,-0.14592332668860541,-0.07450396236379035,1,0.07141936432481506
-0.040332092107553716,0.018406471608800802,-0.1845595764608033,-0.11240620775430415,0,0.07215336870649913
-0.042531086891003725,0.016541746660874337,-0.18310371034631742,-0.11826006343569004,0,0.06484364691062738
-0.016668703454447223,0.017374873411396,-0.1588742553407834,-0.09076475156811106,1,0.06810950377267233
-0.04350673781296836,0.01573923945828731,-0.1825064471512115,-0.12080862847472525,0,0.06169781867648626
-0.028635249730108878,0.017443587903228124,-0.170975482020436,-0.10259661743978177,1,0.06837886458065423
-0.007236275391643648,0.020038465310404503,-0.15466246740003647,-0.07611168338325083,1,0.07855078401678564
0.0009023890767496517,0.016974781656755474,-0.1405189829704911,-0.07397783887600962,1,0.06654114409448147
-0.04729469799080478,0.02041053268228007,-0.19545014204807373,-0.11544085393353584,0,0.08000928811453789
-0.012771697181260144,0.018619901403423844,-0.15741750393197088,-0.08442749043054942,1,0.07299001350142145
-0.01653721667882599,0.018284950719269777,-0.16052652008859475,-0.08884951326905724,1,0.07167700681953751
-0.025789251375049685,0.01909703482176898,-0.1713702396257169,-0.09650986312438248,1,0.07486037650133442
-0.012636937241399304,0.04004551190389227,-0.19927694057302817,-0.04229853390977045,1,0.1569784066632577
-0.045071649541606154,0.023242484961710903,-0.19877772006655953,-0.10766717901665279,1,0.09111054104990673
-0.01919024697396858,0.018504978560319973,-0.16361080495219574,-0.09107128899574143,1,0.0725395159564543
-0.05759755091107406,0.016614156229426885,-0.19831209712075076,-0.13318460470139737,0,0.0651274924193534
-0.008275601893282178,0.02118295838398478,-0.15794500032589234,-0.07490780346067202,1,0.08303719686522032
-0.021011223721193337,0.016642214463450596,-0.1617807640695565,-0.09654328337283018,1,0.06523748069672632
-0.008783161134975861,0.01720504863985186,-0.15065585646908553,-0.08321206580086622,1,0.0674437906682193
-0.012750401890324614,0.018809313208762488,-0.15776745577949908,-0.08403494800115015,1,0.07373250777834893
-0.016529448608798777,0.018055334449812947,-0.16006870413043217,-0.08929179308716541,1,0.07077691104326676
-0.0483324268344137,0.01495108478332806,-0.1857873530097367,-0.12717910065909072,0,0.058608252350645984
-0.013807839728562948,0.019636335795924012,-0.16044585788857402,-0.08347142156855189,1,0.07697443632002213
0.003321632654719131,0.017496142565138886,-0.1391216067729531,-0.07053672791760865,1,0.06858487885534445
-0.018354954477410687,0.01796998294555915,-0.16172692105070663,-0.09128458790411476,1,0.07044233314659187
-0.021190014745048516,0.016709896982171124,-0.16209221283010392,-0.09658941665999313,1,0.06550279617011079
-0.030623465205730213,0.020344068324829646,-0.1786486391223963,-0.09889989128906412,1,0.07974874783333219
-0.032540693751263575,0.017066850018678546,-0.17414251978787354,-0.10724046771465362,1,0.06690205207321992
-0.0405359181830801,0.01775077132589196,-0.18347822998182833,-0.11389520638433186,0,0.06958302359749648
0.009670878944206526,0.02064627046320863,-0.1389466111636824,-0.058013230947904566,1,0.08093338021577784
-0.024378834152784898,0.01865937133126138,-0.1691020019620572,-0.09595726634351259,1,0.07314473561854462
-0.046524930296787545,0.01922352016273091,-0.19235382981574012,-0.11699763077783497,0,0.07535619903790515
-0.018135959335285376,0.01718156582726743,-0.15996262835672953,-0.09261089031384122,1,0.06735173804288831
-0.044821995767789405,0.018254367330519175,-0.188751355735607,-0.11719423579997182,0,0.07155711993563518
0.01046245887715283,0.0295770504810195,-0.1556593600656454,-0.039717322180048954,1,0.11594203788559646
-0.027482671929039373,0.016763155318520483,-0.16848925635333953,-0.10277768750473923,1,0.0657115688486003
-0.005256207211589772,0.018120704883558974,-0.14892358878336537,-0.07789042563981419,1,0.07103316314355118
-0.03170059398860027,0.020401760392002474,-0.17983884435692513,-0.09986394362027542,1,0.0799749007366497
-0.012638817247130688,0.0239732779669667,-0.16777724206238542,-0.07380199243187596,1,0.09397524963050946
-0.04749780098698288,0.01612581831424749,-0.18725520488290798,-0.1240419970910578,0,0.06321320779185018
0.0018032826082590159,0.017046020296494463,-0.13975771717287014,-0.07293731761061184,1,0.0668203995622583
-0.014677021197892312,0.017117601333010518,-0.15637831981059294,-0.08927732258519169,1,0.06710099722540125
-0.003880111560035815,0.01941069976071855,-0.1500758830910442,-0.07398594002902746,1,0.07608994306201673
-0.01489721325289188,0.016991513365565276,-0.15635137944939984,-0.08974464705638394,1,0.0666067323930159
-0.004300612687419519,0.017749529064742312,-0.14724048965431447,-0.07766233572052458,1,0.06957815393378988
-0.010682567732530554,0.017496455076070037,-0.15312641968162782,-0.0845403157834333,1,0.06858610389819453
-0.010414240679739534,0.025139202434057924,-0.16783787745049306,-0.06929220390898601,1,0.09854567354150705
-0.01153569908797808,0.01775279055967731,-0.15448196858494562,-0.08489102959101055,1,0.06959093899393506
-0.05666248002948772,0.01708961862843231,-0.19830893254121507,-0.13131762751776038,0,0.06699130502345468
-0.012343878260028335,0.017338023859694258,-0.1544772050250291,-0.0865121514950276,1,0.0679650535300015
-0.049658872841128895,0.024509044352660325,-0.20584739977234312,-0.10977194590991467,0,0.09607545386242845
-0.04439806762387179,0.018868807861928846,-0.18953173103325233,-0.11556600421449126,0,0.07396572681876107
0.013771843437819453,0.019706515438537617,-0.1330037268217143,-0.05575418630264682,1,0.07724954051906747
-0.04527720075993123,0.016806655617042667,-0.18636904576933486,-0.12048695575052762,0,0.06588209001880724
0.0009747925103406191,0.017904899663745824,-0.1422696108306012,-0.07208240414871757,1,0.07018720668188362
-0.010217246620965695,0.016776516358505886,-0.15125001868363724,-0.08548607455829416,1,0.06576394412534309
-0.015283583208410709,0.01814239459502492,-0.15899347661465957,-0.08787528980216186,1,0.07111818681249771
-0.026603188462425806,0.016812024449143016,-0.16770555638274612,-0.1018024205421055,1,0.06590313584064061
-0.003405231081528015,0.017620797598949578,-0.14609279437546918,-0.07701926778758685,1,0.06907352658788234
-0.011541608293732769,0.019966718060031946,-0.15882717569139537,-0.08055764089607016,1,0.07826953479532521
0.008963543701409782,0.01814038805961053,-0.13474241689542688,-0.06363209570175359,1,0.07111032119367329
-0.004017007541612633,0.017430227977922135,-0.14633105437834001,-0.07800456070488526,1,0.06832649367345475
-0.007558529205664979,0.019088846707271245,-0.15312346875191662,-0.07829518965941334,1,0.07482827909250328
-0.03660359296632261,0.0283301325083422,-0.20028145268267333,-0.0892273332499719,1,0.11105411943270144
0.0035608941390865984,0.01836472394026913,-0.1405847647838409,-0.0685950469379859,1,0.071989717845855
0.014415162699748574,0.023006425961228146,-0.1388282321842586,-0.048643042416244266,1,0.09018518976801435
-0.007280507229678074,0.017971852278128496,-0.15065613769480993,-0.08020647676454623,1,0.0704496609302637
-0.02617577474620479,0.02036010895499106,-0.17423238829798726,-0.09442076119442232,1,0.07981162710356494
-0.02189518804658537,0.018881737465341615,-0.16705419347865494,-0.09303778261451581,1,0.07401641086413913
-0.04652412183241174,0.017822796918740218,-0.18960760379314257,-0.11974223987168092,0,0.06986536392146164
-0.035731191844471696,0.01677392792608354,-0.17675889057959543,-0.11100509310934796,0,0.06575379747024747
-0.028605467100092277,0.017049254997856114,-0.17017280689589026,-0.1033397273042943,1,0.06683307959159596
-0.032036789786353256,0.018171810534053194,-0.1758043384330975,-0.104570841139609,1,0.0712334972934885
-0.027548311247155746,0.017387879147270302,-0.16977935437580555,-0.10161886811850596,1,0.06816048625729959
-0.017287747671199546,0.019568285927479737,-0.16379238808905983,-0.08708470725333928,1,0.07670768083572055
-0.01743468678080494,0.019256194842722528,-0.1633276286725411,-0.08784334488906878,1,0.07548428378347233
-0.004217974925872683,0.018414650667724682,-0.14846149023461308,-0.07627605961713231,1,0.07218543061748077
-0.009073117979363665,0.019085929825228685,-0.1546323404368119,-0.07981549552191544,1,0.07481684491489646
-0.017454787411886705,0.017338319831930217,-0.15958869428246994,-0.09162248054130348,1,0.06796621374116646
-0.02765009277399326,0.018126864323770624,-0.1713295468485837,-0.10027223869940284,1,0.07105730814918086
-0.018204453662368822,0.02134469018991311,-0.16819084643459853,-0.08451966089013913,1,0.0836711855444594
-0.02006103622814974,0.01677170231972389,-0.16108437277480858,-0.09533929968149092,1,0.06574507309331766
-0.015964489607981927,0.019717276604676117,-0.16276115175314712,-0.08546942746281674,1,0.07729172429033038
-0.016142455365802555,0.01829687983909716,-0.160155139850433,-0.08843137088117213,1,0.07172376896926087
-0.05180075466781696,0.015474077659408903,-0.19028074688025842,-0.1296223624553755,0,0.060658384424882916
-0.03161873513918596,0.016282106554054324,-0.17168246398513243,-0.1078566062932395,1,0.06382585769189293
-0.024676838900190387,0.017625204470123185,-0.16737303966163183,-0.09828223813874895,1,0.06909080152288288
-0.011753219209095167,0.01852482820776518,-0.15621268249631493,-0.08359535592187542,1,0.0726173265744395
-0.016167629575857018,0.017460743863755034,-0.1585414875488169,-0.09009537160289716,1,0.06844611594591973
-0.021789046219186994,0.01687890342186508,-0.16302249692604256,-0.09685719551233143,1,0.06616530141371113
-0.04388587143406687,0.01776966867303586,-0.18686522203321715,-0.1172081208349166,0,0.06965710119830056
-0.06002571490626242,0.01831678641723336,-0.2040774162840398,-0.13227561352848505,0,0.07180180275555476
-0.03051495398537364,0.017446532184077452,-0.17286095706616544,-0.10447055090458185,1,0.0683904061615836
-0.006279008684223153,0.01731285031086097,-0.14836299529351066,-0.08049662207493566,1,0.067866373218575
-0.027816056770510536,0.01991926251791114,-0.17500861130561637,-0.09692510223540471,1,0.07808350907021167
-0.013599785367423817,0.017268102331133822,-0.15559606593644612,-0.08790510479840152,1,0.0676909611380446
-0.030442379046563786,0.019573190570426315,-0.17695663256459937,-0.10022972552852821,1,0.07672690703607116
-0.01829816048529352,0.01759593604464904,-0.16093699513280565,-0.0919609258377814,1,0.06897606929502426
0.019127170504181668,0.018642647795021366,-0.12556321917406021,-0.05248403981757646,1,0.07307917935648375
-0.0170925158580799,0.019151040395757556,-0.16277935503376473,-0.0877072766823951,1,0.07507207835136963
0.034757877657624586,0.018586232598678108,-0.10982193823578451,-0.03696390644896633,1,0.07285803178681818
0.007746503750740361,0.01906727178097482,-0.13777614893997028,-0.063032443558549,1,0.07474370538142128
0.005711810040175236,0.017390162872611997,-0.13652370919014428,-0.06835427072950526,1,0.06816943846063903
0.01645747105402627,0.02497074913048645,-0.14063599724172718,-0.0427506606502203,1,0.09788533659150689
-0.028097178494435257,0.02504906970754973,-0.18534415512123273,-0.0871518018676378,1,0.09819235325359493
0.008165778415668679,0.017734082693390385,-0.13474382366337648,-0.06522621950528618,1,0.0695176041580903
-0.009068378957562337,0.016708379648714536,-0.14996760306904283,-0.08447075484608185,1,0.06549684822296098
-0.010637601321246262,0.02213603313294666,-0.16217502626182173,-0.07540177638067082,1,0.08677324988115091
-0.04344531133348491,0.026210618298118684,-0.20296892319779752,-0.1002232994691723,1,0.10274562372862522
0.029956917969995722,0.022843933733157528,-0.12296799214699303,-0.03341977191301553,1,0.08954822023397749
-0.04412121369152615,0.017208547010106053,-0.18600076583133401,-0.11854326155171829,0,0.06745750427961572
-0.02557418368228677,0.018854167238172556,-0.17067915146910498,-0.09677081589546857,1,0.07390833557363641
-0.014708402620377953,0.017752400662047665,-0.1576539079179914,-0.08806449732276453,1,0.06958941059522686
-0.015464523051093429,0.018666218141476495,-0.16020111060838738,-0.0870295354937995,1,0.07317157511458787
-0.009656238900032948,0.02059580907005833,-0.15817482467734728,-0.07743925312271863,1,0.08073557155462865
-0.018572062606591624,0.01908038907294624,-0.16412042518956627,-0.089325300023617,1,0.07479512516594927
-0.02210011624104373,0.017625725518605084,-0.1647973382575097,-0.09570449422457777,1,0.06909284403293192
-0.010188381036556435,0.02085417116333428,-0.15921335651669163,-0.07746500555642125,1,0.08174835096027039
0.001582975452759136,0.03137764255528067,-0.168068003955591,-0.04506764513889075,1,0.12300035881670024
0.018849409122022653,0.018587139435925232,-0.1257321841723908,-0.0528705975835639,1,0.0728615865888269
-0.027923562472921035,0.016943526549917494,-0.16928367451075932,-0.10286505043508276,1,0.06641862407567656
-0.016651861940922913,0.030601611401297493,-0.184781820287466,-0.06482350359437983,1,0.11995831669308618
-0.04466202797518222,0.02282589701162027,-0.19755158611795795,-0.1080740698324065,1,0.08947751628555145
-0.020914305133338626,0.017300789110955075,-0.16297465179081058,-0.09515555847586668,1,0.0678190933149439
-0.03628736307007348,0.02840799027570366,-0.20011782401045264,-0.08875850212969431,1,0.11135932188075832
-0.046002584889013834,0.021744639568640988,-0.19677287844355018,-0.1115338913344775,0,0.08523898710907268
-0.02070889109630454,0.01688350051419958,-0.16195135210413572,-0.09576803008847337,1,0.06618332201566235
-0.020360960515541163,0.0173829882858119,-0.1625824175557325,-0.09444110347534984,1,0.06814131408038265
0.002104835411909936,0.017442716271980872,-0.14023368848117257,-0.07185824069500757,1,0.068375447786165
-0.025209184396672538,0.018332363414130658,-0.16929141668836864,-0.09742855210497645,1,0.0718628645833922
0.008343229627657267,0.018188340971548672,-0.13545671867657813,-0.06415842206810735,1,0.07129829660847078
-0.038611906944859206,0.017169434412897314,-0.18041479839413793,-0.11311061549558048,0,0.06730418289855745
-0.03397225310213052,0.018408442569073966,-0.1782036005375155,-0.10604250566674556,1,0.07216109487076994
0.007858366033165726,0.017491015565019714,-0.1345748244742729,-0.06601004345939565,1,0.06856478101487726
-0.044285789461864025,0.016106257090127245,-0.18400485335851344,-0.12086832556521462,0,0.06313652779329881
-0.010696910269023974,0.019025276765780932,-0.1561372527299546,-0.08155816780809336,1,0.07457908492186124
-0.016533001731783847,0.01738912084281571,-0.15876647858370263,-0.09060112487986506,1,0.06816535370383757
-0.007845114307671638,0.018259401060885652,-0.15178434038700753,-0.08020748822833576,1,0.07157685215867177
-0.040799988175412236,0.015866201405930525,-0.18004854293103606,-0.11785303341978841,0,0.06219550951124765
-0.04412643737908305,0.019349025497590523,-0.19020132735436046,-0.11435314740380563,0,0.07584817995055483
-0.00017284646299280115,0.0194180984521322,-0.14638311942917193,-0.07026417349681369,1,0.07611894593235824
-0.013776929225652074,0.01755406754323489,-0.15633370161039245,-0.0875217568409117,1,0.06881194476948076
-0.007754310337504303,0.01895782843458157,-0.1530624540692842,-0.07874776660572443,1,0.07431468746355978
-0.018702701119369766,0.017722914779849372,-0.16159041408787456,-0.092116588150865,1,0.06947382593700956
0.0004934099968731953,0.018387389825931928,-0.14369667406195338,-0.07161810594430024,1,0.07207856811765315
-0.016240914103401186,0.0172570155686733,-0.15821546461800085,-0.09056796358880152,1,0.06764750102919932
-0.030484933461771793,0.016217082411959793,-0.17042121498921298,-0.1068502519343306,1,0.06357096305488237
-0.0032779802450872697,0.017832214405778465,-0.14637992048041307,-0.07647764000976148,1,0.06990228047065158
-0.012272426332452901,0.020251741078414064,-0.16011663884614447,-0.08072981381876135,1,0.07938682502738312
-0.03960998656460031,0.01920004354103578,-0.18539287190503045,-0.11012870122417019,0,0.07526417068086026
-0.006842992020062069,0.018602597019327063,-0.15145488217794312,-0.07853270186218103,1,0.07292218031576209
-0.026317534806483037,0.0175032635206037,-0.1687747313068663,-0.10016193830609979,1,0.0686127930007665
-0.01552735905036301,0.018333236934331556,-0.15961130344165286,-0.08774501465907317,1,0.0718662887825797
-0.04246645554449384,0.016795930793665512,-0.18353727990007823,-0.11769723118890944,0,0.06584004871116879
-0.03161121928396206,0.01954805418313137,-0.17807620548289954,-0.10144783308502459,1,0.07662837239787496
-0.04657978672902653,0.018947159082482123,-0.1918670185306915,-0.11759415492736158,0,0.07427286360332991
-0.005263511746656471,0.01985576405703086,-0.15233160929843698,-0.07449701419487599,1,0.07783459510356099
-0.04217555925790133,0.01633685144696752,-0.18234658809395768,-0.11830613042184498,0,0.0640404576721127
-0.022232168809444827,0.016579038658545223,-0.16287788458019348,-0.09788805303869619,1,0.06498983154149729
-0.0282125193638897,0.01826189936828561,-0.1721566421257295,-0.1005699966020499,1,0.0715866455236796
-0.02547747466143209,0.017565037479044185,-0.1680557481203587,-0.09920080120250549,1,0.06885494691785321
-0.006843942094845637,0.017653553836512858,-0.14959570761441085,-0.08039377657528043,1,0.06920193103913042
-0.026918386338485104,0.0176633080168386,-0.16968927005148876,-0.10044910262548146,1,0.0692401674260073
-0.0029467202696077527,0.01985029093186286,-0.15000409049605895,-0.07219095004315655,1,0.0778131404529024
-0.02706245120687821,0.03485591965447556,-0.20353085372965032,-0.06689564868410611,1,0.13663520504554422
-0.009078138015151088,0.018233620128191397,-0.15296683346640622,-0.08149104256389596,1,0.07147579090251026
0.009929944469867946,0.01843538048026558,-0.1343542012714526,-0.06208750978881153,1,0.07226669148264106
-0.009412697117976113,0.01794999293327162,-0.1527454832671885,-0.08238151096876374,1,0.07036397229842477
0.00021517948194482717,0.018231105506790846,-0.14366858731136523,-0.07220265372474512,1,0.07146593358662011
-0.019777752116077033,0.018202753094323433,-0.16360594818095098,-0.09225115605120311,1,0.07135479212974787
0.011112570654188761,0.02000616030596153,-0.13625030354549583,-0.05782615514612665,1,0.07842414839936918
-0.022411025310376156,0.01881217258148216,-0.1674336835700812,-0.09368996705067113,1,0.07374371651941007
-0.00801284288505405,0.020321218504186625,-0.15599323115325983,-0.07633405461684828,1,0.07965917653641155
-0.0031231734454016113,0.01909666995774545,-0.1487034465625827,-0.07384450032822054,1,0.07485894623436215
-0.031267568865206,0.016954508780052786,-0.17264920607410947,-0.10618753165630254,1,0.06646167441780693
-0.038614273393719076,0.016599422123647428,-0.17929994075606803,-0.11423020603137013,0,0.0650697347246979
-0.0015672473240396084,0.031490244408185306,-0.1714389263640828,-0.047997168283996416,1,0.1234417580800864
-0.03428110758809262,0.031955974723196647,-0.20506561804555806,-0.0797981971306272,1,0.12526742091493087
-0.01911781185183313,0.01610820192810594,-0.15884068763092077,-0.0956965360727455,1,0.06314415155817527
-0.024444791383873385,0.018532298093899863,-0.16891889564791712,-0.09627228711982966,1,0.07264660852808746
-0.029531940780442176,0.016825856416310857,-0.17066141935641146,-0.1047040622044729,1,0.06595735715193857
-0.030939369152327936,0.028519358862560792,-0.1949881125229471,-0.08319222578170879,1,0.1117958867412383
-0.06039126202075916,0.015117687115125185,-0.19817272876640452,-0.1389113952751138,0,0.0592613334912907
-0.031801554492194475,0.017682850462514756,-0.1746107413987234,-0.10529396758566556,1,0.06931677381305784
-0.030496112879630957,0.018374282567330546,-0.17466050671159883,-0.1026333190476631,1,0.07202718766393573
-0.03526169691320745,0.016590130275317576,-0.1759291522528299,-0.11089584157358501,0,0.0650333106792449
0.009703531257527334,0.01895898191973392,-0.13560687330515114,-0.061287664179794185,1,0.07431920912535696
0.00023108003338723204,0.017311818261057557,-0.14185088375828558,-0.07398855617493996,1,0.06786232758334562
0.010331834335960063,0.01840560956471527,-0.13389396041088186,-0.061743970917198014,1,0.07214998949368384
-0.02005786213404899,0.01990914131974864,-0.16723057912075634,-0.08918674514734166,1,0.07804383397341468
0.0029611410164362695,0.018994759310007246,-0.14241938723117795,-0.06795993073594953,1,0.07445945649522842
-0.006733964314985963,0.01827090699530634,-0.1506957420257864,-0.07907378660418554,1,0.07162195542160085
-0.003431313881763362,0.019090567949668198,-0.14899962706311304,-0.0741646007004137,1,0.07483502636269934
-0.05176890694494944,0.016065596828876885,-0.19140827672954813,-0.12843113716035076,0,0.06297713956919737
-0.06026096115168482,0.01955847960231775,-0.2067463811722276,-0.13007714113114205,0,0.07666924004108555
-0.014120772674165241,0.018871105886444098,-0.15925894021159567,-0.08528420513673482,1,0.07397473507486085
-0.011904372530706822,0.018822845890952927,-0.15694795047697457,-0.08316239458443908,1,0.07378555589253549
0.006966966614840239,0.018744161677043715,-0.13792239027216546,-0.06444527649815408,1,0.07347711377401138
-0.002647460994728318,0.017727352282896625,-0.14554387146920572,-0.07605265052025094,1,0.06949122094895478
0.00026807628939212735,0.0206603396272641,-0.1483769893800455,-0.06738845804117025,1,0.08098853133887526
-0.009494698347537786,0.01754584797915085,-0.15203536038667345,-0.08325563630840213,1,0.06877972407827132
-0.001911169372880786,0.022869720278552094,-0.15488662111884288,-0.06523731762691869,1,0.0896493034919242
-0.02594812503165285,0.019426257680356333,-0.17217439008515126,-0.09602345997815445,1,0.0761509301069968
-0.010702811186746972,0.018325476340767706,-0.1547715448146517,-0.08293567755884226,1,0.07183586725580943
-0.008661909711209614,0.01856049640251515,-0.15319128266013932,-0.08043413676227992,1,0.0727571458978594
-0.03379451900030818,0.018429436374972887,-0.17806701429525504,-0.10582362370536133,1,0.07224339058989371
0.008968901595111795,0.019619039813854575,-0.13763521644004317,-0.06072858036973324,1,0.07690663607030992
-0.017211944037300073,0.01880934165367777,-0.1622290536785085,-0.08849643439609164,1,0.07373261928241687
-0.02040628282362185,0.024188912150282536,-0.17596735063817562,-0.08114681500906809,1,0.09482053562910753
-0.03964978068696347,0.01841784338673243,-0.18389955372495903,-0.11170160764896792,0,0.07219794607599112
-0.033581779162848754,0.016806030349809147,-0.17467239864847467,-0.10879275967722284,0,0.06587963897125183
-0.005419443432555751,0.02166958801585324,-0.1560426359436281,-0.07109785092148341,1,0.0849447850221447
-0.03159768410680068,0.018646027584887825,-0.17629469817318083,-0.10320227004042054,1,0.07309242813276029
-0.008892763902598522,0.02516049435379318,-0.16635813283603315,-0.0677289949691639,1,0.09862913786686925
-0.03626699695413162,0.01869770603184752,-0.18106530077655275,-0.10777029313171049,1,0.07329500764484226
-0.024517452818304572,0.018526487943779864,-0.1689801691881131,-0.09635633644849605,1,0.07262383273961705
-0.001620033307098534,0.01898639626958773,-0.1469841699954905,-0.07255749661870659,1,0.07442667337678391
0.0344755121086794,0.03300810799875558,-0.13837117956888154,-0.008979396213759677,1,0.12939178335512186
-0.026464996697060914,0.01812811186728525,-0.17014689595694,-0.09908469743718183,1,0.07106219851975816
-0.01949265440962207,0.019138166358049217,-0.16515426047139853,-0.09013264834784561,1,0.07502161212355292
-0.02000690473352855,0.019753147878169477,-0.16687387457474073,-0.08944153489231638,1,0.07743233968242436
0.005149641722915113,0.021991975994893113,-0.1461054312270754,-0.05989688532709439,1,0.086208545899981
-0.003984872584652979,0.019272734152359933,-0.14991023152327845,-0.07436111364602752,1,0.07554911787725094
-0.037962074013114924,0.03371773964133192,-0.2121996437101255,-0.08002610431610437,1,0.13217353939402116
-0.02437836667617861,0.017325799639046197,-0.16648773396870917,-0.09857059938364807,1,0.0679171345850611
-0.064557394916247,0.01639691202954503,-0.20484614249415525,-0.14057024733833876,0,0.0642758951558165
-0.0014763218532520689,0.021094237423182668,-0.1509718272026901,-0.06828241650381404,1,0.08268941069887605
-0.003315914250222804,0.018489000620977757,-0.1477051554673392,-0.0752282730331064,1,0.0724768824342328
-0.015062714401852792,0.022929357934537143,-0.1681550559535456,-0.07827197285016,1,0.08988308310338561
-0.028598949600061666,0.017688863744044235,-0.17141992253838836,-0.10207957666173498,1,0.06934034587665339
-0.025893285271519642,0.017486569622728126,-0.16831776173206678,-0.09977040881097252,1,0.06854735292109426
-0.021788687547676697,0.0377110935235525,-0.2038532308538396,-0.0560257442415138,1,0.1478274866123258
0.011708115784094433,0.02373874846514042,-0.1429706312075808,-0.04991473722423035,1,0.09305589398335046
-0.030508196987038702,0.021454726965478482,-0.18071026183937652,-0.09660773213470089,1,0.08410252970467563
-0.03309792864811177,0.01901430799685104,-0.1785167723219398,-0.10398068497428374,1,0.07453608734765606
-0.029626335750230173,0.016819617998404538,-0.17074358702710307,-0.10481068447335729,1,0.06593290255374579
-0.01668698028382537,0.017193574125898985,-0.15853718557058738,-0.09113837499706337,1,0.06739881057352401
-0.012083765605800906,0.019619177999244484,-0.1586881544843201,-0.08178097672728173,1,0.07690717775703838
-0.027781253291914818,0.018258495869963608,-0.1717187051970435,-0.10014540138678615,1,0.07157330381025734
-0.010160850057410672,0.017325094165670366,-0.1522688346221246,-0.08435446549269676,1,0.06791436912942783
-0.02215829961928152,0.020002787902129022,-0.1695145639074544,-0.09110363533110864,1,0.07841092857634575
0.0063781103694891955,0.02039821753573924,-0.14175319600055972,-0.061792183260461896,1,0.07996101274009781
-0.0009309133308137568,0.01931143745221716,-0.14693213073715938,-0.07123129592446813,1,0.07570083481269126
-0.013450092726152316,0.01841372600564568,-0.15769179569721786,-0.08550998975508678,1,0.07218180594213108
-0.020199654229860156,0.017689104609910456,-0.16302109926528466,-0.09367980919443566,1,0.069341290070849
-0.040430068150719214,0.017684468259313208,-0.1832424259389731,-0.11391931036246533,0,0.06932311557650778
-0.013171027522895992,0.01825576602658749,-0.15710312893500747,-0.08554052611078453,1,0.07156260282422294
-0.0014675280549320546,0.017844038940598488,-0.1445926443785051,-0.07464401173135903,1,0.06994863264714608
-0.03551441450025396,0.017757104967112324,-0.17846914023579413,-0.1088612887647138,0,0.06960785147108033
-0.04808244125077747,0.01800271062006367,-0.19151855406610227,-0.12094792843545268,0,0.07057062563064959
-0.003766767087212769,0.018283458676206392,-0.1477531460925773,-0.07608198808184824,1,0.07167115801072907
-0.010735176310750758,0.016994696421515534,-0.1521955812969212,-0.08557637132458032,1,0.06661920997234089
0.007701665255380019,0.017824677284820012,-0.13538550222286722,-0.06551276726637276,1,0.06987273495649446
-0.006768800944089021,0.018348490291048156,-0.15088264191454342,-0.07895655997363464,1,0.07192608194090878
-0.020599234693729443,0.029250960492788036,-0.186081917259594,-0.0714181521278649,1,0.1146637651317291
-0.007669547403133151,0.01803418023193043,-0.1511673406577168,-0.08047335414854952,1,0.07069398650916729
-0.025824423704333535,0.01688504856287311,-0.16706991888756484,-0.10088052852110224,1,0.0661893903664626
-0.042344163112969194,0.016227613286115026,-0.18230108515375465,-0.11868884107218375,0,0.0636122440815709
-0.020028123168825004,0.01796352258990622,-0.1633874274450412,-0.09297041889260882,1,0.07041700855243238
-0.005978525909708307,0.016715057448695784,-0.14689083850915205,-0.08136781331026458,1,0.06552302519888747
-0.009356745431263205,0.017671050203723487,-0.15214280383056125,-0.08287228703196517,1,0.06927051679859608
-0.021557853305283745,0.018362154987585564,-0.16569847708095145,-0.09371882952961605,1,0.0719796475513354
-0.0029988879931753393,0.019528545766369657,-0.14942563769525988,-0.07287373829109081,1,0.07655189940416907
-0.043085324680243495,0.017338778041552375,-0.18522012964168616,-0.11725211971880084,0,0.06796800992288532
-0.012200968813392513,0.01773804223750659,-0.15511833159890542,-0.08558520602787961,1,0.06953312557102581
-0.025174441460394895,0.028424013504612187,-0.1890363079294348,-0.077614174991355,1,0.11142213293807979
-0.03557968496513654,0.01752919501546884,-0.17808770719545547,-0.10937326273481762,0,0.06871444446063785
-0.046793230486441253,0.016618196428507082,-0.18751569548631514,-0.12237236548656738,0,0.06514332999974776
-0.01259333513203463,0.017466146056711297,-0.15497778140318877,-0.0865104888608805,1,0.06846729254230827
-0.022592322330404466,0.017428724053200832,-0.1649034214746781,-0.09658282318613085,1,0.06832059828854725
-0.023173827045797138,0.018919297550701833,-0.16840645024517273,-0.09424280384642156,1,0.07416364639875117
-0.00594092489874079,0.019257632489343444,-0.15183668457785393,-0.07634676521962765,1,0.07548991935822628
-0.011133184049460731,0.019973354609725893,-0.15843175908452348,-0.080136209014398,1,0.07829555007012548
-0.015510119369807077,0.016861100154471183,-0.1567086756725706,-0.09061316306704356,1,0.06609551260552704
0.01202008871832315,0.017428765278038803,-0.1302910912266329,-0.0619703313367208,1,0.0683207598899121
-0.051594939218991095,0.0172324250176149,-0.1935212922535163,-0.1259701861844659,0,0.0675511060690504
-0.0023933471281145785,0.017011193920844783,-0.14388608721297036,-0.07720220704325881,1,0.06668388016971155
-0.033526283332660764,0.017717435311579457,-0.1764032565433565,-0.10695091012196503,1,0.06945234642139148
-0.028336387191477228,0.017490733968959237,-0.17076902577063735,-0.10220534861231713,1,0.06856367715832022
-0.04559831297257995,0.018538160701639238,-0.19008390794779287,-0.11741431799736704,0,0.07266958995042583
0.014367508248899416,0.01817979799769315,-0.12941569582657916,-0.058150887675622015,1,0.07126480815095715
-0.029106686447041466,0.01890702890262591,-0.17431526309618825,-0.10019970979789469,1,0.07411555329829356
-0.02367071010492429,0.016809394289731015,-0.16476792291279707,-0.0988750972970515,1,0.06589282561574557
-0.036489822301340555,0.017283061290634092,-0.1785154224309834,-0.11076582217169774,0,0.06774960025928566
-0.024554135017003778,0.01699832797356141,-0.16602165784518413,-0.09938821218882342,1,0.06663344565636072
-0.03151214053267749,0.017664054371341272,-0.1742844871005064,-0.1050413939648486,1,0.0692430931356578
0.007291213102360208,0.018695605720095414,-0.13750297410902682,-0.06421619968625278,1,0.07328677442277404
-0.02049842051309224,0.020562729087243742,-0.16895216952408998,-0.08834627150209451,1,0.08060589802199547
0.0029659254855502054,0.017830313077651854,-0.14013228814664744,-0.07023746088225216,1,0.06989482726439528
-0.036956399069353454,0.017792983174019707,-0.1799814460904321,-0.11023295204827484,0,0.06974849404215726
-0.02813167907455154,0.021499148648756655,-0.17842081042611457,-0.0941441477229885,1,0.08427666270312607
-0.011873931528361664,0.016918511491335442,-0.15318501405137913,-0.08686444900534421,1,0.06632056504603492
-0.007169165473459388,0.03926496587889738,-0.19227929859609827,-0.03836063235082053,1,0.15391866624527772
0.000180145422287864,0.01756606266788302,-0.14240013740676286,-0.07354117174866143,1,0.06885896565810143
-0.027950946166912946,0.017783056173730147,-0.17095653626742405,-0.10124695606640186,1,0.06970958020102219
0.00543608333451065,0.018686177995687815,-0.13933962553703746,-0.06608980779394125,1,0.07324981774309622
-0.019560223917709882,0.017457497422223554,-0.16192771886526805,-0.09349432897015172,1,0.06843338989511633
-0.022549339075944544,0.018370010935050873,-0.16670536050864426,-0.09469491764324484,1,0.07201044286539943
-0.003233269287792981,0.01720652967203931,-0.14510886744499002,-0.07765927113059594,1,0.06744959631439408
-0.02140008758509472,0.016365213344138065,-0.16162670573960533,-0.09747506943058412,1,0.06415163630902121
-0.012285705468805072,0.01814128100143872,-0.15599341623162497,-0.08487959470598519,1,0.07111382152563978
-0.027742794337762347,0.017241982857211253,-0.16968788073789642,-0.1020993079376283,1,0.06758857280026813
0.0058163665300850625,0.020980996608629374,-0.14345718682282851,-0.06121168011700137,1,0.08224550670582714
-0.012045717436666492,0.025396408905437862,-0.1699734788913247,-0.07041955598200829,1,0.0995539229093164
-0.016873257744451045,0.017646848027191634,-0.15961187987774667,-0.09043623561115545,1,0.06917564426659122
-0.051735403875280014,0.015872404595925257,-0.19099611688329352,-0.12877629086726652,0,0.06221982601602699
-0.03305671427470462,0.016756444104816273,-0.17405014472014452,-0.10836488382926474,0,0.06568526089087978
-0.03444487982019322,0.020004165711635814,-0.18180384461499943,-0.10338751502538703,1,0.07841632958961241
-0.0193063925802628,0.019821861522265283,-0.16630804116390277,-0.08860634399662284,1,0.07770169716727993
-0.022700131396758236,0.023510442944331498,-0.17693139956764797,-0.08477046322586851,1,0.09216093634177946
-0.020239977448793897,0.019523902507741737,-0.1666576263639677,-0.0901239285336201,1,0.0765336978303476
0.0011083172973408162,0.01764146398836932,-0.14161975211986305,-0.07246521328545533,1,0.06915453883440772
0.003272219387955716,0.03222952807064893,-0.16804845563051618,-0.041708705593572384,1,0.1263397500369438
-0.03561897156324838,0.01787269012239127,-0.17880024420313528,-0.10873929892336148,0,0.0700609452797738
-0.005860063472252347,0.018683689669518787,-0.15063089522450918,-0.07739083171999553,1,0.07324006350451365
-0.06109449377788982,0.020421843827165474,-0.20927210767913415,-0.1292184798766455,0,0.08005362780248865
-0.026383885788565056,0.01773500025994846,-0.16929528629806403,-0.09977408527906609,1,0.06952120101899795
0.018624582307016566,0.03538701446615564,-0.1588847660466485,-0.020167669339318378,1,0.13871709670733012
-0.0006791369207592712,0.020989279335112593,-0.14996892441757997,-0.06769094942393859,1,0.08227797499364138
0.004668322009821202,0.018878526626707415,-0.14048439017852532,-0.06648056580183227,1,0.07400382437669305
-0.015510033958308134,0.021359086291697423,-0.1655246430900351,-0.08179702482658119,1,0.0837276182634539
-0.022507061719237206,0.019152014485397034,-0.1681958101106154,-0.09311991332785902,1,0.07507589678275639
-0.010080878070350852,0.019889432104741877,-0.15721496499564494,-0.07924839114505677,1,0.07796657385058817
-0.0017459175923341536,0.018562478730562226,-0.14627917590423611,-0.0735142592804322,1,0.07276491662380391
-0.012466386210548533,0.020274989670157315,-0.16035616596405688,-0.08087820645704019,1,0.0794779595070167
-0.031288269841909425,0.017617171229144035,-0.17396872545103173,-0.10490941423278713,1,0.0690593112182446
-0.02843259855857476,0.02750249447157239,-0.19048828772285664,-0.08267850939429289,1,0.10780977832856375
-0.009228778888804676,0.01871284800966736,-0.1540567609877527,-0.08070239678985666,1,0.07335436419789604
-0.013511393535055774,0.018866453879407528,-0.15864044313869452,-0.08468394393141702,1,0.0739564992072775
-0.016537232928659856,0.0184166519093978,-0.16078467067107954,-0.08859139518624018,1,0.07219327548483936
0.0010772855666919406,0.016882292660644498,-0.14016280804817127,-0.07398422081844486,1,0.06617858722972642
-0.01840941305635853,0.01917116832249039,-0.1641357029684397,-0.08898472314427737,1,0.07515097982416234
-0.05514762661261398,0.017553073365180374,-0.1977024504083675,-0.12889440281686046,0,0.06880804759150705
-0.02389218667685554,0.019354981463715733,-0.1699787503457384,-0.09410722300797271,1,0.07587152733776568
-0.015819957868358825,0.017945626127342854,-0.15914418507795083,-0.08879733065876683,1,0.07034685441918401
0.006602429348284394,0.020094933369996855,-0.14093444005690944,-0.06216230124652178,1,0.07877213881038767
-0.014279019184191749,0.01775708604286153,-0.15723370782820034,-0.08762593054018317,1,0.06960777728801718
-0.012474912106203564,0.017803608802327092,-0.15552078535876468,-0.08573063885364246,1,0.06979014650512222
-0.032805724863637545,0.017089274339774214,-0.17445150256959502,-0.10746154715768008,1,0.06698995541191494
-0.036919632345260536,0.017456585906474132,-0.17928534072194985,-0.11085552396857123,0,0.06842981675337861
-0.015060749168158541,0.01874637594218265,-0.15995444601483655,-0.08646865232148054,1,0.073485793693356
0.008615746908743213,0.016914963422939338,-0.13268838140021788,-0.06638172478229569,1,0.06630665661792219
-0.021380521780877557,0.018327356903524588,-0.16545294131178576,-0.09360970224996937,1,0.07184323906181639
-0.02973444756483494,0.017119485855291234,-0.17143943984120577,-0.10433105528846412,1,0.06710838455274165
-0.017150325505848732,0.017601328239980316,-0.15979972885621016,-0.09080252215548731,1,0.06899720670072285
0.017780832131863253,0.018241411420777766,-0.12612313425286117,-0.05461680148341233,1,0.07150633276944884
0.005327544459865746,0.018128930349522038,-0.13835595902519746,-0.06729055205507106,1,0.0710654069701264
-0.03627754103072127,0.01637022198087545,-0.17651397611323716,-0.11234270594820539,0,0.06417127016503177
-0.0156921218522474,0.01765049523898817,-0.15843789252066423,-0.08924795118383058,1,0.06918994133683365
-0.032704357563541606,0.018544906983174785,-0.17720317525056417,-0.10450713987651904,1,0.07269603537404513
0.029329120629715752,0.02065129899973046,-0.11929822540975596,-0.038345133330812554,1,0.08095309207894341
-0.03933342148926079,0.01564853932089451,-0.17815535855821404,-0.11681308442030756,0,0.06134227413790648
-0.0175265667423425,0.01925225733379488,-0.16341179111658047,-0.08794294236810454,1,0.07546884874847593
-0.019212796536905122,0.017282163787384206,-0.16123663756017817,-0.09349055551363208,1,0.06774608204654609
0.0032697580231106638,0.017580920953502107,-0.13933964704575347,-0.07042243690802522,1,0.06891721013772825
-0.032023677581036206,0.017396953716740757,-0.1742725068658481,-0.10607644829622433,1,0.06819605856962378
-0.012295006588345092,0.018471565868340714,-0.1566500756902929,-0.08424153748639729,1,0.07240853820389562
-0.0292386599599105,0.016784266199574824,-0.17028662171107717,-0.10449229820874384,1,0.06579432350233333
-0.025235497577833152,0.027035032102003816,-0.18637496049776064,-0.08039763465790567,1,0.10597732583985497
-0.021000634096308438,0.021135584837020195,-0.17057718037686803,-0.08772568781574885,1,0.08285149256111918
-0.01058959676729948,0.016502126842519872,-0.15108456537863843,-0.08639622815596054,1,0.06468833722267789
-0.060450124352607784,0.016424543563851104,-0.20079302973775595,-0.13640881896745963,0,0.06438421077029632
-0.05610560747083164,0.02569186338882804,-0.2146124597129346,-0.11390035522872868,0,0.10071210448420592
-0.009038752476442147,0.01858788745191671,-0.1536218118821989,-0.08075729307068541,1,0.07286451881151348
-0.02715699054496752,0.01721982105827914,-0.16905863981919464,-0.10155694127074041,1,0.06750169854845423
-0.037228201665678265,0.01639733803358902,-0.17751778421151276,-0.11324021911984379,0,0.06427756509166897
-0.04844170387844525,0.02204053088587502,-0.19979194441476028,-0.11339306334213023,0,0.08639888107263005
0.0034757016517498185,0.017770221404079835,-0.13950473230024665,-0.06984546439625372,1,0.06965926790399293
-0.011678223384852082,0.029008638094278887,-0.17668595404963872,-0.06297209272006547,1,0.11371386132957324
0.006358758526332817,0.018479077496009924,-0.13801103336584664,-0.06557304958148774,1,0.0724379837843589
-0.051414444407011275,0.01603249792818089,-0.19098894034624583,-0.12814154846777673,0,0.0628473918784691
-0.001788152509780691,0.01727774576045795,-0.14380333420027827,-0.07607457081928312,1,0.06772876338099515
-0.03125282288749352,0.017167829330698714,-0.17305256837566302,-0.10575467739932405,1,0.06729789097633897
-0.02157933113727263,0.017309791708786573,-0.16365732288649432,-0.09580293938805096,1,0.06785438349844336
0.012695735055553853,0.017824248195762886,-0.1303905914081414,-0.060519538480750895,1,0.06987105292739051
-0.0090095322129813,0.024576839711701957,-0.16533093804791715,-0.06898972637804547,1,0.09634121166987168
-0.042328791565429,0.022621929195987274,-0.19481857278956405,-0.10614061034129395,1,0.0886779624482701
-0.01920892967980771,0.01832778248430723,-0.16328218334904987,-0.09143727601056555,1,0.07184490733848432
-0.02967974618661061,0.017906161269763833,-0.17292662227534772,-0.10273447009787351,1,0.07019215217747421
-0.008354176042425401,0.017867032225485052,-0.15152435920437612,-0.0814855928804747,1,0.07003876632390142
-0.045289929090113826,0.017334528893984312,-0.1874164057223231,-0.11946505245790458,0,0.06795135326441852
-0.014331670568003496,0.019433636325464777,-0.16057239776591448,-0.08439254337009254,1,0.07617985439582194
-0.018803846213380007,0.017929067798334024,-0.1620956190981147,-0.09181367332864532,1,0.07028194576946939
-0.010816323019616103,0.01855936302845416,-0.15534347455538627,-0.08259077148384594,1,0.07275270307154033
-0.038568361144678695,0.016334930799097456,-0.1787356255109097,-0.11470269677844769,0,0.06403292873246202
-0.004538333202571437,0.01680452064924387,-0.14562599367508944,-0.07975227273005345,1,0.06587372094503599
-0.036776573744135774,0.018802209371480114,-0.18177970411223682,-0.10807504337603475,1,0.07370466073620206
0.004517371731476663,0.01852162729716214,-0.13993581777096115,-0.06733103876608554,1,0.07260477900487561
-0.01804546233776029,0.02316447159232959,-0.1715986266587263,-0.08079389801679429,1,0.09080472864193201
-0.013546014550982574,0.017609299858584615,-0.15621104227380841,-0.08718258682815674,1,0.06902845544565167
-0.01348605925569582,0.020316605615595982,-0.16145740626226396,-0.08181631224912769,1,0.07964109401313627
-0.05886728388162889,0.01579821235447669,-0.1979825800964032,-0.13605358766685458,0,0.061928992429548635
0.018461189921046922,0.01974870611648148,-0.12839707406725678,-0.05098214609064938,1,0.0774149279766074
-0.027012392164248236,0.017475857385315225,-0.1694158726394661,-0.1009105116890304,1,0.06850536095043569
-0.012419457977656256,0.017475565642063772,-0.15482236663610124,-0.08631814931921128,1,0.06850421731688996
-0.01827113508948268,0.01669621690532682,-0.15914652022392325,-0.09369734995504211,1,0.06544917026888114
-0.020210251674858334,0.018115366969396272,-0.16386717093487502,-0.09285493241484165,1,0.07101223852003337
-0.02203115394739384,0.018659873460340655,-0.16675530592966153,-0.09360860196512616,1,0.07314670396453538
-0.0038107087422679375,0.017793134004417226,-0.1468360513909257,-0.07708696609361018,1,0.06974908529731552
0.019893515180116325,0.019533116784529382,-0.12654219371756126,-0.04997237592220609,1,0.07656981779535517
-0.041016746738822316,0.01655670466060655,-0.18161868787361116,-0.11671640560403349,0,0.06490228226957767
-0.022384008204594893,0.018269319698138307,-0.16634267481294598,-0.09472694159624381,1,0.07161573321670217
0.014664901466495697,0.01851499838178399,-0.12977529536180094,-0.05719650170520769,1,0.07257879365659325
-0.0002477180071027152,0.018550205197572164,-0.14475692019434416,-0.07204011581986128,1,0.07271680437448289
-0.010396004149117122,0.01795521859494936,-0.15373903259521787,-0.08335457570301638,1,0.07038445689220149
0.02520331777412914,0.02010925868508847,-0.12236162924864427,-0.04353333520309747,1,0.07882829404554681
-0.03925537876441758,0.016589641327609893,-0.17992187576653296,-0.1148904817623022,0,0.06503139400423076
-0.005528482410204913,0.029473627648717006,-0.17144759260169024,-0.05591097221871959,1,0.11553662038297065
-0.025260027208563893,0.018211167582869843,-0.16910471567098878,-0.09771693874613901,1,0.07138777692484977
-0.008715589668811502,0.018729344569848854,-0.15357590502571528,-0.08015687431190775,1,0.07341903071380752
-0.008898604119196907,0.0176430530660146,-0.15162978812858552,-0.0824690201098083,1,0.06916076801877721
-0.04538630595868802,0.016106660175534554,-0.18510615990273577,-0.1219680520146403,0,0.06313810788809547
0.008271912755639169,0.018258960474331943,-0.13566644977405146,-0.06409132471467023,1,0.07157512505938123
-0.04031054522417747,0.021403741544658628,-0.19041267865170838,-0.10651001179664657,1,0.08390266685506181
-0.024244972450173555,0.017928765181949094,-0.1675361522067938,-0.09725539269355334,1,0.07028075951324046
-0.010457483427526351,0.017420740746735268,-0.1527529352911275,-0.08446363156392522,1,0.06828930372720227
-0.03587768804982695,0.01806215405716513,-0.1794303100018706,-0.1086266660977833,0,0.07080364390408729
-0.03861049996356221,0.029715972780594128,-0.2050046066135267,-0.08851799331359772,1,0.11648661329992899
-0.002290249844710296,0.01790168003729978,-0.14552834271781787,-0.07535375697160274,1,0.07017458574621513
-0.03833093730007715,0.017803227964071102,-0.1813760641096565,-0.11158741049049781,0,0.0697886536191587
-0.02513929038844677,0.016635170029804,-0.16589502364686262,-0.10068515713003093,1,0.0652098665168317
-0.02788883779150879,0.016217605053638343,-0.16782614369663995,-0.10425313188637764,1,0.06357301181026231
-0.013286279250654232,0.029989536793672427,-0.1802165713662522,-0.06265758713505629,1,0.1175589842311959
-0.03547621649580483,0.017811548562968207,-0.17853765167922253,-0.10871638131238714,0,0.06982127036683539
-0.010265000729017246,0.0306981703168173,-0.17858421454997916,-0.058247386908055344,1,0.12033682764192383
-0.0031612782146873963,0.02051369031403944,-0.15151891123020472,-0.0711052451991701,1,0.08041366603103463
-0.027149987055471517,0.018816608200093034,-0.17218133912765388,-0.09842023498328917,1,0.07376110414436471
-0.026785037172949236,0.017333577575632562,-0.16890964922118906,-0.10096202512470942,1,0.06794762409647964
-0.02837475108693545,0.0164042432615446,-0.16867786787956288,-0.10437323429430803,1,0.06430463358525484
-0.03305855678338661,0.0169620559883865,-0.17445498652062416,-0.10796372704614907,1,0.0664912594744751
-0.01626076126399985,0.019117080343879912,-0.16188103873800447,-0.08694208378999523,1,0.07493895494800924
-0.007858472934312924,0.01807829438424689,-0.15144272992743685,-0.08057581594118902,1,0.07086691398624782
-0.008295253453722867,0.018197196549557138,-0.15211255869085485,-0.08077954821659089,1,0.07133301047426396
0.0009057031847650027,0.018215199333639166,-0.14294688750916776,-0.07154330612130225,1,0.07140358138786551
-0.0026206410844632766,0.02117235602415539,-0.15226925889180784,-0.06927362327711872,1,0.08299563561468912
-0.022653829371136705,0.01693586859628852,-0.1639989318198622,-0.09761032692241121,1,0.06638860489745098
-0.024583479074836975,0.01693552527356996,-0.1659279086110341,-0.09954064953863986,1,0.06638725907239423
0.001434363991144133,0.01791575660976856,-0.14183131896400225,-0.0716015530537095,1,0.07022976591029276
-0.027149772307324863,0.0303177647340566,-0.1947233911860758,-0.07587775342857393,1,0.11884563775750186
0.014637079029448621,0.018560214261401087,-0.12989174092289751,-0.057135701018205254,1,0.07275603990469226
-0.03373010631877059,0.016838429616032036,-0.17488422836619338,-0.1088775842713478,0,0.06600664409484558
-0.029806935708359447,0.01675867861894685,-0.1708047458014953,-0.10511072561522362,1,0.06569402018627167
-0.0438081345599025,0.022875827119763867,-0.1967955557146397,-0.10712231340516531,1,0.08967324230947438
0.000435668526117719,0.018014966449338178,-0.1430244657145851,-0.07240579723317946,1,0.07061866848140565
-0.008339844583972536,0.020211194373379836,-0.156104585555797,-0.07687670361214807,1,0.07922788194364894
-0.04698978745416889,0.02233446594394507,-0.19891614070430122,-0.11136503420403657,0,0.08755110650026465
-0.028226891525249473,0.01674642249130982,-0.16920067960821672,-0.10355470344228224,1,0.06564597616593448
